chain,date,fees_eth,tvl_usd,dex_vol_btc,dex_vol_eth,dex_vol_stable,borrow_vol_usd,stablecoin_supply,eth_open,eth_high,eth_low,total_dex_vol,dex_btc_share,dex_eth_share,eth_volatility
arbitrum,2025-01-01,4.731179362,2941745784,27141560.1,122674079.2,134341281.18,11497415.7821,3940107638.0,3345.613945,3361.268597,3323.542395,284156920.48,0.09551609742304454,0.4317124460413564,0.011276316580513382
arbitrum,2025-01-02,7.503666415,2999994766,56073892.45,257679132.7,264202771.61,14729016.5655,3907355212.0,3372.751299,3471.640783,3372.751299,577955796.76,0.09702107456028347,0.445845744855472,0.02932012331573927
arbitrum,2025-01-03,8.117290738,3053396009,49166872.99,242405357.6,240459022.14,16807139.9703,3868310631.0,3451.988792,3613.782353,3433.130554,532031252.72999996,0.09241350529261418,0.455622402549006,0.05233267252160887
arbitrum,2025-01-04,5.080064565,3137188941,34358114.7,193001046.7,167179303.88,12318775.9936,3839528121.0,3606.967894,3659.712804,3583.368377,394538465.28,0.087084321868633,0.48918182556174616,0.0211658182838264
arbitrum,2025-01-05,3.765239785,3171397240,25397296.13,136428647.0,129811241.61,4845431.3947,3858900961.0,3659.359159,3659.359159,3610.825572,291637184.74,0.0870852465286351,0.4678026470514337,0.013262865133266329
arbitrum,2025-01-06,17.82575375,3176876097,67402623.32,276215760.8,280429798.01,23213300.889,3765397557.0,3636.703526,3720.16866,3624.947376,624048182.13,0.10800868466588828,0.4426192859936246,0.026183405746229023
arbitrum,2025-01-07,33.99795148,3229514377,,,,10890557.831999999,3616411421.0,3684.077738,3691.31909,3380.530957,,0.0,0.0,0.0843598194995526
arbitrum,2025-01-08,18.62885425,3009913231,,,,24814391.739,3559180892.0,3397.120237,3397.120237,3265.798145,,0.0,0.0,0.03865688666821241
arbitrum,2025-01-09,14.2205608,2940892198,86467678.53,337880923.8,382850657.0,16088319.8992,3453908785.0,3327.607255,3347.51484,3188.91346,807199259.33,0.10712061183228885,0.41858428373739026,0.04766228940079637
arbitrum,2025-01-10,13.62762208,2867890986,94372192.0,331168812.7,375094753.9,15805200.6474,3382746023.0,3225.027671,3308.631339,3225.027671,800635758.5999999,0.11787156767144676,0.41363230300765635,0.02592339555774317
arbitrum,2025-01-11,3.36562511,2942174424,29566761.43,119613013.2,135369155.89,5079924.0169,3249836126.0,3265.213326,3310.819506,3232.426167,284548930.52,0.10390747691782962,0.4203600870381511,0.024008642368256627
arbitrum,2025-01-12,3.237279055,2953204409,25400912.43,105358654.2,113865702.83,4195532.38372,3293192729.0,3285.716103,3290.733668,3239.968973,244625269.45999998,0.10383601206069777,0.43069407519744307,0.015450116019959697
arbitrum,2025-01-13,43.80585023,2938342188,99715110.6,390629667.3,446245639.8,28471023.96,3211119760.0,3299.195098,3299.195098,3006.821846,936590417.7,0.10646608027965092,0.4170763013562273,0.08861957032405857
arbitrum,2025-01-14,8.69803865,2863174885,66348883.49,241336586.7,265029400.87,14074140.6074,3129165071.0,3133.342438,3232.170151,3133.342438,572714871.06,0.11584976546391969,0.42139046652189444,0.03154066781895726
arbitrum,2025-01-15,20.34380923,2897146307,71641158.02,311327750.5,305038486.46000004,21692526.7536,3000597746.0,3226.523937,3448.855822,3196.397636,688007394.98,0.10412847091866297,0.45250640148867893,0.07824463445163024
arbitrum,2025-01-16,17.23185085,3019648874,76226146.97,291947311.6,317990372.43,13857838.095099999,2924705281.0,3423.52042,3423.52042,3293.9557,686163831.0,0.11109030165421237,0.42547755858032105,0.03784546434807007
arbitrum,2025-01-17,12.54335571,2961944076,92758190.75,306009604.2,305372038.71,25073394.88,2818703602.0,3312.648353,3498.9653,3312.648353,704139833.66,0.13173262797512617,0.434586412487721,0.05624410657148909
arbitrum,2025-01-18,15.3046589,3089878925,78850692.47,384200588.8,446454605.4,23423036.1466,2687222955.0,3480.383683,3480.383683,3253.595453,909505886.67,0.08669618704580166,0.4224278197985993,0.065161847272113
arbitrum,2025-01-19,63.21877489,2992315907,229741824.5,910341432.9,917492100.9,66387464.42599999,2610183913.0,3308.523005,3423.065929,3157.545973,2057575358.3000002,0.11165657849334673,0.4424340664986082,0.0802533201669547
arbitrum,2025-01-20,104.4041232,2913065996,327851944.0,1083132232.0,1196222528.7,51476999.452,2581766625.0,3192.116234,3402.699166,3189.079591,2607206704.7,0.125748351064372,0.4154378055439342,0.06692098888025633
arbitrum,2025-01-21,16.12546022,2952752798,161530866.6,497050030.7,593827170.5999999,26700991.61,2623680963.0,3259.530015,3346.927923,3231.37587,1252408067.8999999,0.128976226471337,0.3968754621115133,0.03545052583293986
arbitrum,2025-01-22,6.782293686,3048430805,82375580.35,255893467.0,307361703.11,12687782.9914,2534607805.0,3332.405477,3340.716727,3240.366221,645630750.46,0.12758930749706224,0.39634646710628424,0.030113534110002838
arbitrum,2025-01-23,98.31538404,3012139496,209299922.4,541539721.7,653793249.7,22719220.119000003,2567185263.0,3247.929495,3328.658027,3200.780119,1404632893.8000002,0.14900684963583186,0.38553825991854324,0.039372131752508976
arbitrum,2025-01-24,8.445478625,3064504056,111276892.5,382198482.8,415451950.2,20703329.840000004,2614214247.0,3323.765338,3406.576042,3298.107681,908927325.5,0.12242661143319318,0.4204939955895297,0.032634181408627526
arbitrum,2025-01-25,3.860637815,3063306542,40707745.51,166910912.9,169403014.05,11844493.3659,2533096149.0,3300.129647,3345.396634,3284.609073,377021672.46000004,0.10797189786037796,0.4427090671232125,0.01841974937416757
arbitrum,2025-01-26,3.577654635,3049299510,38473307.92,142238492.5,157907581.17,6963723.488240001,2558769269.0,3321.841805,3349.753849,3259.919199,338619381.59000003,0.11361815067804784,0.4200541972290948,0.027043626781017117
arbitrum,2025-01-27,23.60904439,3018433281,131295066.3,452479475.4,537998395.4,38459919.065,2462352381.0,3232.526242,3232.526242,3059.692579,1121772937.1,0.1170424619437006,0.403361019360787,0.05346705643232946
arbitrum,2025-01-28,8.784380881,2950068615,70121789.56,261593019.0,306225103.37,15581737.7713,2437717559.0,3182.650496,3216.730627,3063.433401,637939911.9300001,0.10991911345984938,0.41005902610574413,0.04816652855620378
arbitrum,2025-01-29,10.26023421,2921799442,67143645.23,291574119.1,320126530.75,20608160.2921,2261747403.0,3094.382803,3154.335787,3091.776164,678844295.08,0.09890875671583467,0.42951545916083567,0.020217157017337554
arbitrum,2025-01-30,3.595607089,2951791930,71497794.92,255214758.7,262914315.69,18000871.0269,2160764359.0,3109.045994,3270.555419,3109.045994,589626869.31,0.12125939071207692,0.43284112713292794,0.05194822634071323
arbitrum,2025-01-31,6.583654204,3011498097,94792440.23,397260573.0,404856756.8,18000752.7805,2120560954.0,3252.122301,3410.367343,3227.87599,896909770.03,0.10568782211707803,0.44292144681032114,0.05611454186205893
arbitrum,2025-02-01,3.662650276,3032547937,55958079.56,262689762.5,271419007.94,7675876.4777,2106919900.0,3302.883699,3323.26192,3123.677309,590066850.0,0.0948334575311255,0.4451864437054886,0.06042738079467562
arbitrum,2025-02-02,92.8854625,2938702641,117978838.8,404114647.5,469678946.2,19342550.5575,2121986333.0,3139.882943,3155.898715,2836.414848,991772432.5,0.11895757023877551,0.4074671106569601,0.1017502476365406
arbitrum,2025-02-03,362.9801016,2723562942,281868533.5,742623611.4,758227150.4,55510015.8555,2133983777.0,2829.608062,2877.772457,2466.985112,1782719295.3,0.15811156262409026,0.4165678878092973,0.14517464468547311
arbitrum,2025-02-04,21.40673272,2744766612,179168922.5,539089374.4,538261321.6,21868769.364600003,2175346088.0,2872.743828,2872.743828,2652.669411,1256519618.5,0.14259142464793914,0.4290337902113702,0.07660774164928438
arbitrum,2025-02-05,5.824740884,2648892934,104627211.0,383008273.7,363224462.13,12050127.133410001,2173916470.0,2728.940978,2810.089283,2722.354915,850859946.8299999,0.12296643106753773,0.4501425588628915,0.03214960261408772
arbitrum,2025-02-06,6.822169733,2706299345,98625279.55,315486727.1,322327369.37,14995374.809999999,2146085322.0,2786.040496,2843.037704,2689.64134,736439376.02,0.13392179011802535,0.4283947020934852,0.05505891397495312
arbitrum,2025-02-07,6.954953526,2703623352,97803088.19,307913266.1,326550402.86,15127633.634,2187368093.0,2699.810468,2787.061683,2578.413295,732266757.1500001,0.1335621032021882,0.4204933012368415,0.07728260575067897
arbitrum,2025-02-08,2.743167588,2686797547,39222915.66,187838787.3,168265362.29999998,8211165.706599999,2233060146.0,2640.313472,2645.669634,2604.266264,395327065.26,0.09921636818416099,0.47514780496109366,0.01568123271690067
arbitrum,2025-02-09,5.217878094,2696538737,55360677.02,195758204.4,192780953.21,9151292.0544,2220488084.0,2634.150122,2669.817891,2587.938093,443899834.63,0.12471434477137013,0.44099634450904596,0.031083952777084714
arbitrum,2025-02-10,4.923227724,2709366105,55035904.9,213328386.5,213925192.51999998,12625207.6206,2232555270.0,2644.669354,2683.40991,2579.781303,482289483.91999996,0.11411383978906973,0.44232435832124833,0.039183955772491494
arbitrum,2025-02-11,4.532932591,2733015021,59086244.24,221793579.7,228189439.51,7306877.252660001,2264282601.0,2683.082474,2718.803083,2596.774226,509069263.45,0.11606720044256486,0.43568448465516957,0.04548084458174572
arbitrum,2025-02-12,15.46436943,2714596216,94468698.07,330599458.7,315234979.67,15148460.922699999,2285960280.0,2606.069689,2742.831786,2586.696018,740303136.44,0.1276081289136298,0.4465730893560713,0.05991235332617389
arbitrum,2025-02-13,4.884660238,2776883880,55590134.48,207306247.7,227726938.72,7098234.9337,2308992346.0,2729.589578,2741.588879,2628.894251,490623320.9,0.11330512047006937,0.4225364732351434,0.04128629040361896
arbitrum,2025-02-14,4.699938926,2739584381,51357574.91,194609145.2,202191616.2,8578451.785,2313666619.0,2672.290805,2777.416546,2672.290805,448158336.30999994,0.11459694208270836,0.4342419395840157,0.039339184494181514
arbitrum,2025-02-15,2.074995393,2762121796,21554524.54,91543503.45,89712651.08,4797990.141410001,2296072958.0,2719.643707,2733.235007,2688.258095,202810679.07,0.10627904131498157,0.45137417748304964,0.01653779569883934
arbitrum,2025-02-16,2.250095734,2768004449,21578515.64,103834048.9,106759681.22999999,2560761.03732,2314643513.0,2699.625633,2714.407037,2668.090946,232172245.76999998,0.09294183966061398,0.4472285158617218,0.017156486600896095
arbitrum,2025-02-17,7.651926486,2751895270,67154681.43,288498214.2,264391036.95,46819807.175,2310764768.0,2668.9156,2803.056792,2662.548717,620043932.5799999,0.10830632782836805,0.4652867305701392,0.05264612901209755
arbitrum,2025-02-18,7.363467062,2776141662,68142346.33,290832250.3,304305274.39,,1722571017.0,2735.303375,2735.303375,2626.049578,663279871.02,0.10273543538297017,0.438475917945097,0.03994211318515989
arbitrum,2025-02-19,3.501359089,2735327279,39888786.59,193531428.3,208944398.5,,1688603096.0,2673.316439,2729.904297,2664.800354,442364613.39,0.09017173929062229,0.4374930146805792,0.024353249787501145
arbitrum,2025-02-20,4.544088731,2772336148,41647044.75,180623306.9,198322294.10999998,59753994.4484,1662642364.0,2719.201412,2756.337526,2719.201412,420592645.76,0.09901990719486993,0.42944951301661105,0.013656992761226144
arbitrum,2025-02-21,18.51693078,2825783638,96096050.27,418677071.1,461399612.4,25325278.7438,1588188902.0,2740.742338,2825.091217,2632.475356,976172733.77,0.09844164556704528,0.42889650224408565,0.07027871913729682
arbitrum,2025-02-22,4.177598319,2775019279,36585972.38,200173655.5,189101719.81,12919913.5893,1578891377.0,2667.133387,2784.650832,2667.133387,425861347.69,0.08591052599268123,0.47004419768500266,0.04406133025547101
arbitrum,2025-02-23,2.908943376,2836230747,43598820.52,221732009.8,212148435.54999998,7547358.239,1675560846.0,2761.945981,2818.644555,2754.228412,477479265.87,0.09131039531226547,0.464380394394695,0.023322738186456922
arbitrum,2025-02-24,33.94918755,2873256689,106384699.6,429690955.1,499015062.5,18776645.5313,1673974496.0,2826.810768,2826.810768,2526.941499,1035090717.2,0.10277814092254521,0.41512395769749255,0.10608041839750054
arbitrum,2025-02-25,71.47030894,2659571909,127392797.9,542188635.5,604322614.9,20433715.382,1532629767.0,2505.51365,2512.021911,2386.724974,1273904048.3,0.10000187853237708,0.42561183177299744,0.05000848309088223
arbitrum,2025-02-26,39.87335997,2625765016,94337710.52,373124618.3,445019036.99,29846934.133,1635435924.0,2485.466382,2498.236315,2294.962488,912481365.81,0.10338590359733803,0.40891204169279805,0.08178498348323264
arbitrum,2025-02-27,9.215712786,2509190091,78613197.07,319078525.8,365697565.56,21312959.7724,1638924415.0,2335.490343,2367.059323,2260.636039,763389288.4300001,0.10297917230627808,0.4179761631922064,0.04556785444177706
arbitrum,2025-02-28,65.87036651,2501206252,132816157.3,565084373.0,648577809.9,19348543.8807,1649602764.0,2305.57916,2305.57916,2100.795721,1346478340.1999998,0.09863965378029926,0.4196757988071794,0.08882082322430424
arbitrum,2025-03-01,3.364821694,2466576332,45431022.36,268438588.1,282932713.02,5492033.5026,1599905371.0,2232.577663,2269.703741,2159.466457,596802323.48,0.07612407085664183,0.4497948106748547,0.04937668499821402
arbitrum,2025-03-02,66.54633784,2478600442,137370864.2,643732565.5,624206285.8100001,28056482.377899997,1570564731.0,2216.28492,2528.036997,2198.31778,1405309715.5100002,0.09775130897045481,0.45807166804250216,0.14877113227842578
arbitrum,2025-03-03,39.79939378,2665368818,105462161.1,501335258.7,604137310.86,14520032.8968,1516228952.0,2492.964942,2492.964942,2121.897828,1210934730.6599998,0.0870915322104269,0.41400683786380094,0.14884570085542742
arbitrum,2025-03-04,71.53470093,2438426511,129152466.6,502138059.8,532067006.31,16067974.7137,1450959625.0,2144.780939,2179.646005,2045.745013,1163357532.71,0.1110170029149542,0.43162832206044793,0.06243108075290484
arbitrum,2025-03-05,8.896784393,2457347603,76994679.84,346390713.2,348410733.80999994,9955719.375599999,1476498386.0,2166.57264,2247.092824,2166.57264,771796126.8499999,0.099760386404432,0.4488111577000978,0.03716477468302193
arbitrum,2025-03-06,8.474589137,2517917677,81504512.28,312313732.4,343376867.88,8145993.8743,1432224890.0,2244.526117,2304.887125,2197.72029,737195112.56,0.11056029929032714,0.42365138764343196,0.04774586233963612
arbitrum,2025-03-07,30.75993928,2480832798,136289892.4,495575723.0,554572077.9,8614953.1945,1459033151.0,2165.306298,2210.990476,2134.176303,1186437693.3,0.11487319828900451,0.4177005887444355,0.03547496863189734
arbitrum,2025-03-08,3.696837134,2457745645,41666959.3,194925877.2,197699880.32,3999849.6271,1437163341.0,2140.107656,2222.356098,2133.846802,434292716.82,0.09594210928770786,0.4488352432601128,0.04135740356418788
arbitrum,2025-03-09,15.27142463,2495462265,72999387.41,273655270.3,300966761.0,10114440.5042,1425700046.0,2207.493155,2207.493155,2015.852737,647621418.71,0.11271922963173114,0.42255438500643655,0.08681359557828398
arbitrum,2025-03-10,98.16400792,2350397085,121807099.1,451920865.6,524981830.88,9107294.04,1442526499.0,2020.56756,2122.160862,1853.865198,1098709795.58,0.11086376001198663,0.411319592687744,0.13278232775349527
arbitrum,2025-03-11,53.10368271,2266983666,101632139.7,408342171.7,464697267.66,,1445692376.0,1835.782696,1953.283696,1812.990214,974671579.06,0.10427321559741881,0.41895360496077705,0.07642161695155233
arbitrum,2025-03-12,15.57755323,2332860829,83984351.4,317298154.1,387576838.72,,1511602464.0,1917.929716,1921.750522,1856.028895,788859344.22,0.10646302413143266,0.4022239914185649,0.03426696320085596
arbitrum,2025-03-13,8.039227572,2363162649,60189709.74,206494939.0,280838691.28,13762432.9187,1666711950.0,1906.753027,1906.753027,1842.978881,547523340.02,0.10993085653262084,0.3771436282377609,0.033446463751175666
arbitrum,2025-03-14,6.023081169,2344809018,46660331.89,140771029.7,197930218.08,7060975.602200001,1674479022.0,1870.457048,1938.250112,1870.457048,385361579.66999996,0.12108195095618263,0.36529596391147157,0.036244116951248996
arbitrum,2025-03-15,2.989148108,2382384414,17695502.75,75771361.48,128488887.49000001,11161710.750099998,1662299332.0,1915.759043,1948.707607,1911.042849,221955751.72000003,0.07972536243315334,0.3413804818880591,0.019660488169231688
arbitrum,2025-03-16,5.143669794,2400599394,38838113.73,118672710.5,212234058.95,7248456.5254,1659385504.0,1940.303616,1940.303616,1881.952158,369744883.17999995,0.1050403007499978,0.32095835777185727,0.03007336455945659
arbitrum,2025-03-17,5.503555395,2360853172,41301604.47,133051886.9,202471676.67000002,10715314.0693,1683431671.0,1895.527716,1947.512068,1893.351412,376825168.04,0.10960415591353449,0.3530865191198602,0.028572864191240353
arbitrum,2025-03-18,4.742625477,2380675941,37966713.0,131233672.6,207235746.37,6785726.0391999995,1677136107.0,1927.296213,1928.639076,1882.035573,376436131.97,0.10085831240829386,0.3486213502227215,0.0241807682107451
arbitrum,2025-03-19,13.1878971,2413479038,77568069.91,268092818.7,328093335.78,13719787.5304,1714238874.0,1938.956729,2054.070842,1932.369884,673754224.39,0.11512813887026559,0.3979089243451118,0.0627662062694748
arbitrum,2025-03-20,5.141590658,2488604383,45304602.89,143929116.7,240406101.22,6536521.692,1681746286.0,2047.873669,2047.873669,1965.096364,429639820.80999994,0.10544786748255139,0.3349994803290124,0.04042109933491218
arbitrum,2025-03-21,3.855551264,2422421309,38229015.36,121947214.5,206185654.76,4703929.32006,1800001100.0,1986.366222,1991.237505,1948.859847,366361884.62,0.10434768725914847,0.33285999340921285,0.021334262297982284
arbitrum,2025-03-22,3.47118145,2416389952,13941042.76,71238719.3,131285844.82,3554071.13641,1836877807.0,1974.224452,2000.978793,1974.224452,216465606.88,0.06440303825137618,0.3290994829469235,0.013551823336448103
arbitrum,2025-03-23,3.429166604,2392306046,26868827.16,87245880.09,291467381.1,6898178.3087,1838760509.0,1986.286715,2018.567343,1986.286715,405582088.35,0.06624756844985065,0.2151127542267363,0.016251746415169462
arbitrum,2025-03-24,5.769205497,2420144954,51733049.43,181380225.9,224475254.78,7420172.621099999,1819136965.0,2007.909085,2094.651424,1987.593317,457588530.11,0.11305582641584976,0.3963828067464844,0.05331820439469751
arbitrum,2025-03-25,5.521317975,2465218848,66129906.47,221364222.7,319047720.36,5408650.8029000005,1539268134.0,2085.955298,2085.955298,2045.363444,606541849.53,0.10902777198513681,0.3649611694090552,0.01945959917689463
arbitrum,2025-03-26,6.698919006,2467402481,40055797.54,126883693.6,159472931.75,6132475.4107,1377389652.0,2069.792703,2074.189931,1995.37154,326412422.89,0.1227152973693611,0.38872201148655244,0.038080330888092706
arbitrum,2025-03-27,5.589529616,2430905648,34528808.47,118165041.4,170652902.2,4609068.5107,909207164.0,2013.599098,2032.734362,2003.627007,323346752.07,0.1067856975490046,0.36544372455740315,0.014455387385160555
arbitrum,2025-03-28,11.39096398,2423262539,56487432.47,168871779.7,228569831.8,7993840.4078,944863152.0,2000.92604,2010.499575,1874.041201,453929043.97,0.12444110642484738,0.372022416153571,0.06819761014255182
arbitrum,2025-03-29,8.73631461,2358920051,36276676.39,105661714.7,140468504.55,5091927.0575,1139177658.0,1905.172813,1907.818185,1818.150516,282406895.64,0.12845534917902263,0.3741470776078108,0.047065372961523654
arbitrum,2025-03-30,6.170122522,2324627826,31006985.34,92658702.34,122308100.48,3827794.5973600005,1177001986.0,1824.481196,1847.145279,1796.730805,245973788.16000003,0.12605808761960727,0.37670153000094364,0.027632224497862217
arbitrum,2025-03-31,10.42064732,2303089618,58576201.26,157165912.8,193281850.55,5558363.7162,1203681616.0,1799.996745,1844.284535,1791.445356,409023964.61,0.14320970487842144,0.3842462212448995,0.0293551525283453
arbitrum,2025-04-01,10.03804855,2319351830,59068586.93,171556428.9,203332181.42,5776845.9946,1112553393.0,1826.380427,1917.849377,1826.380427,433957197.25,0.13611615916113257,0.3953302998248637,0.050082090591742824
arbitrum,2025-04-02,32.64840478,2350475777,107463092.3,277647898.8,335925128.62,8796056.1437,1098458943.0,1901.024614,1906.557203,1794.24378,721036119.72,0.14903981834048916,0.3850679476470874,0.05908046753991164
arbitrum,2025-04-03,18.27327905,2225359954,68718442.62,167090801.0,212351079.62,8689850.470999999,1121955578.0,1809.943,1833.098673,1769.142617,448160323.24,0.15333450789038217,0.37283711282607024,0.0353359503586577
arbitrum,2025-04-04,13.3082426,2174993567,86884563.18,215618762.9,288012628.03,6312090.9847,1090962052.0,1817.902051,1828.753737,1776.229869,590515954.11,0.14713330363943958,0.3651362192660336,0.028892573156572114
arbitrum,2025-04-05,3.91936254,2145995113,23195462.98,68973060.85,91349431.66,3072359.03204,1090119609.0,1816.370431,1823.288672,1785.020054,183517955.49,0.12639342519955185,0.37583821520809374,0.02106872989499785
arbitrum,2025-04-06,122.0780518,2137229431,57379566.19,192249408.5,243864870.39999998,11113873.3345,1059076739.0,1808.394479,1810.82004,1563.812272,493493845.09,0.1162721009813922,0.3895679964659719,0.13658953888013953
arbitrum,2025-04-07,174.1900893,1976234520,139723471.4,411150421.6,459767152.0,18053637.423,1052880921.0,1572.857545,1591.819921,1449.909353,1010641045.0,0.13825232221792458,0.4068214165990062,0.09022467956562462
arbitrum,2025-04-08,15.35262372,1961478038,64971872.79,204138933.1,246481130.9,12227870.498399999,1204208049.0,1555.753483,1595.935103,1461.972771,515591936.78999996,0.12601413667270553,0.3959311977819885,0.08610768573802387
arbitrum,2025-04-09,68.28245369,1899916226,134571601.8,408368334.6,432066581.0,31357707.717,1210031938.0,1472.285361,1674.898276,1418.8038,975006517.4000001,0.1380212330876056,0.41883651782038844,0.17394350496432057
arbitrum,2025-04-10,26.93843078,2019720714,78674593.03,240159173.8,287378964.09,12835606.179000001,1189772911.0,1652.130019,1652.130019,1496.656607,606212730.9200001,0.12978050281227504,0.3961631974233366,0.09410482844086622
arbitrum,2025-04-11,8.730684547,1940763093,75639194.98,183725751.8,198453322.55,11574012.2554,1232509841.0,1522.019776,1575.271815,1522.019776,457818269.33000004,0.16521663735852032,0.4013071651091508,0.034987744469359615
arbitrum,2025-04-12,6.566318425,1984368772,49230641.57,149049461.4,158045793.37,9734302.1863,1250949250.0,1565.228223,1657.123866,1552.169189,356325896.34000003,0.13816184025823644,0.4182953384274366,0.06705391294238115
arbitrum,2025-04-13,10.02160002,2038781417,74048136.98,218011054.2,240946862.63,12656145.3612,1260497354.0,1642.986449,1642.986449,1580.017398,533006053.81,0.13892550835153525,0.40902172243941176,0.03832597100135914
arbitrum,2025-04-14,7.047988414,2014673792,78666967.24,236195031.0,255348573.48000002,7596731.7537,1283358175.0,1611.257954,1679.197706,1611.257954,570210571.72,0.13796125701897569,0.4142242229700062,0.042165658100453356
arbitrum,2025-04-15,8.543542457,2024247232,54609553.75,176605306.0,192240281.86,8258954.2239,1282655233.0,1625.07474,1644.381324,1592.771861,423455141.61,0.1289618388912966,0.41705788558508655,0.031758208856289286
arbitrum,2025-04-16,12.05548223,2009090936,68573436.1,222421659.8,229871363.16,16081368.8647,1263969914.0,1587.527354,1599.251951,1561.186556,520866459.05999994,0.1316526240214305,0.4270224275938234,0.023977788416740472
arbitrum,2025-04-17,6.524783985,2016954020,41415009.31,149099334.3,181887028.46,7379481.948000001,1221022122.0,1581.650382,1611.229949,1579.406904,372401372.07000005,0.1112106786282604,0.40037267712314956,0.020120151306611635
arbitrum,2025-04-18,4.074619124,2038019779,12965902.91,61242837.98,107937039.71000001,4108860.7517000004,1275626473.0,1582.896485,1596.538256,1579.425129,182145780.60000002,0.07118420677816129,0.33622979230296807,0.010811273612753065
arbitrum,2025-04-19,2.937159205,2021266494,19126551.31,66676439.99,111945524.12,4246894.6392,1138385220.0,1589.431968,1619.570447,1589.431968,197748515.42000002,0.0967215924194269,0.33717795477951,0.01896179239299153
arbitrum,2025-04-20,2.981010625,2042183801,22412650.31,68215878.06,126187990.7,3219560.74869,1137938887.0,1612.443589,1617.129139,1573.945346,216816519.07,0.10337150695959653,0.31462491120418856,0.026781583737004722
arbitrum,2025-04-21,7.248888288,2036284893,54982651.05,177200223.3,266317935.5,9356370.976400001,1159751594.0,1602.896378,1649.93197,1575.479478,498500809.85,0.11029601148801423,0.35546626966026384,0.0464487243354418
arbitrum,2025-04-22,45.43340676,2028137037,92732716.24,304626170.0,335501889.32,13612682.9638,1185100341.0,1569.512751,1752.739571,1569.512751,732860775.56,0.12653524288994764,0.41566717739426895,0.11674121148952685
arbitrum,2025-04-23,20.48708517,2140349937,85649545.88,287344171.3,318312625.19,9528345.002,1176211954.0,1754.102648,1811.435577,1754.102648,691306342.37,0.12389521205080853,0.4156538913195853,0.032685047859297184
arbitrum,2025-04-24,7.098014739,2164569233,45793599.03,164957908.0,190217469.57,4799913.5419,1194353430.0,1792.929961,1793.478687,1740.726322,400968976.6,0.11420733698228962,0.41139818197096895,0.029422434867772313
arbitrum,2025-04-25,11.71672312,2151860446,55731835.91,203316763.3,207196069.33,9718770.8394,1173449273.0,1769.90033,1810.73321,1751.550587,466244668.54,0.1195334545798,0.4360731114345323,0.03343839310996691
arbitrum,2025-04-26,4.730976928,2181065540,53885174.39,300842349.1,158629934.39,3660145.4052799996,1145707565.0,1792.012065,1821.415277,1790.089473,513357457.88,0.10496618596431484,0.5860289832787887,0.017480799717718452
arbitrum,2025-04-27,5.175424149,2197732314,30969924.46,130654030.4,164471480.42000002,7331560.282199999,1130963776.0,1834.509965,1834.509965,1792.713227,326095435.28000003,0.0949719655946973,0.4006619420716964,0.022783598234638103
arbitrum,2025-04-28,7.502800242,2165477692,53456855.42,192780153.2,217627624.45999998,3841497.2114999997,1106951574.0,1783.845207,1817.768989,1759.573806,463864633.08,0.11524236082637629,0.41559571360283537,0.032623448924623995
arbitrum,2025-04-29,5.87129881,2164831324,43509183.63,159074116.2,178506413.79,7560801.9214,1087433776.0,1800.987383,1833.062167,1789.848504,381089713.62,0.11417044878147714,0.4174190761774778,0.023994428505110743
arbitrum,2025-04-30,11.06053696,2157346708,47700714.31,168075911.3,202477762.78,4607571.9329,1078732402.0,1803.571697,1811.831251,1755.082789,418254388.39,0.11404713407459008,0.40185092127061717,0.03146448909926535
arbitrum,2025-05-01,7.930778738,2156125211,45722869.33,149707653.9,171010644.39,7412337.1924,1086909805.0,1796.465216,1859.862732,1796.465216,366441167.62,0.12477547112669032,0.4085448555694131,0.03529014390891496
arbitrum,2025-05-02,5.238899717,2180041845,35665899.34,135957232.2,176799420.82,7617172.3186,1082758540.0,1841.894524,1853.113817,1821.837741,348422552.36,0.10236392305383547,0.3902078992278466,0.016980383834400214
arbitrum,2025-05-03,2.831348548,2184182254,17108120.74,77393920.14,94318806.78,2190856.2592,1020106682.0,1841.8401,1841.9085,1821.346478,188820847.66,0.090605041509006,0.4098801647123164,0.011163847502288647
arbitrum,2025-05-04,3.104899851,2159571483,22321556.39,98011529.79,148909018.14,3186298.0429,1034066909.0,1836.203295,1844.901505,1815.125936,269242104.32,0.08290514756737435,0.36402749873590057,0.016215834641555925
arbitrum,2025-05-05,4.165899443,2148640807,36032294.71,135564371.6,172413212.11,5563307.8054,997016409.0,1815.307066,1829.143822,1795.976232,344009878.42,0.10474203495403217,0.39407115930110037,0.01827106312822561
arbitrum,2025-05-06,5.039653391,2142800316,45596829.4,154087055.0,196326916.57999998,6754402.5758,1064725305.0,1816.542063,1816.542063,1766.747963,396010800.98,0.11514036810905773,0.38909811201786376,0.027411476460812385
arbitrum,2025-05-07,6.036384621,2155801958,46604553.51,171688950.0,245785492.61,7445169.4713,1278739493.0,1827.260285,1843.651688,1796.715575,464078996.12,0.10042375091233206,0.36995630363673093,0.025686604905332342
arbitrum,2025-05-08,31.42124471,2109721115,123326898.7,375303480.4,375448505.59000003,32460230.741,1307351653.0,1814.140592,2186.046603,1814.140592,874078884.69,0.1410935567259916,0.4293702627687943,0.2050039631107046
arbitrum,2025-05-09,43.10316889,2287703028,138688482.9,451577053.0,463445969.3,20017498.3953,1178861997.0,2193.732794,2405.161731,2193.732794,1053711505.2,0.13161902685467614,0.4285585293237244,0.09637861893584845
arbitrum,2025-05-10,16.91408492,2341825384,96404896.2,369469774.7,366032419.78,23685740.12842,1034110346.0,2349.462195,2579.419069,2332.889716,831907090.68,0.11588421024419776,0.4441238436830678,0.10493012125270647
arbitrum,2025-05-11,13.29291816,2459422392,108272785.1,339407464.5,391843880.59000003,9011200.4385,991613832.0,2557.883618,2557.883618,2461.927336,839524130.19,0.1289692353160782,0.40428553783580434,0.03751393586664726
arbitrum,2025-05-12,26.93290035,2447260093,134927967.1,625022169.0,523404697.9,19104972.159,971126675.0,2525.612058,2565.032363,2451.272004,1283354834.0,0.10513691422305423,0.4870221021039922,0.04504268921256468
arbitrum,2025-05-13,17.56394285,2407854802,99459306.81,379474121.0,430113570.56,14826299.8564,2021720640.0,2474.885038,2689.546324,2433.684742,909046998.37,0.10941052221539607,0.4174416962824034,0.10338321904712247
arbitrum,2025-05-14,9.717671915,2494365181,91911757.95,327143199.8,374920381.16,21755661.394759998,938323527.0,2684.529269,2699.803284,2575.818937,793975338.9100001,0.1157614770204072,0.4120319407516042,0.0461847626068852
arbitrum,2025-05-15,11.97049577,2444434307,108552370.8,385501675.5,468060189.8,23977529.49802,947197788.0,2624.927107,2624.927107,2515.89325,962114236.1,0.11282690425621901,0.4006818120295767,0.0415378608835403
arbitrum,2025-05-16,10.00694951,2402704082,72841504.27,268652022.8,328467822.78999996,9967766.1385,988296197.0,2553.427787,2628.682649,2550.382022,669961349.8599999,0.10872493508054083,0.4009963005420231,0.030664907540618094
arbitrum,2025-05-17,5.315017888,2403325204,61659905.66,217893662.3,275194743.89,4564329.29197,962332970.0,2514.468585,2514.468585,2465.451895,554748311.85,0.11114933446912839,0.3927793156744511,0.01949385659157079
arbitrum,2025-05-18,14.18230516,2370738117,102144554.2,314223703.6,366310924.35,15634449.113200001,965642755.0,2479.361383,2572.548759,2393.801028,782679182.1500001,0.13050628728799388,0.40147190671002053,0.0720942627507238
arbitrum,2025-05-19,10.74427317,2385080997,120549409.2,380823833.4,415912462.53,10894018.7639,966456074.0,2470.663986,2521.565248,2375.130936,917285705.1299999,0.13141969674858878,0.415163815668564,0.059269213794254844
arbitrum,2025-05-20,6.9111939,2434319535,99182709.4,300019906.4,367721537.57,15001988.574000001,961157547.0,2536.029942,2571.267929,2459.388231,766924153.3699999,0.12932531719619692,0.3911989276666534,0.044116079288783173
arbitrum,2025-05-21,24.45530623,2448059798,107017633.9,447860195.1,557876882.3,22089118.124,977306391.0,2527.301021,2596.78523,2479.094711,1112754711.3,0.09617360664775287,0.40247881276258773,0.04656766962941047
arbitrum,2025-05-22,11.04790522,2476507264,84227995.9,341725231.3,440481954.6,17444537.858999997,858525057.0,2562.238627,2673.045229,2562.238627,866435181.8000001,0.09721211426920384,0.39440368821366806,0.04324601183994236
arbitrum,2025-05-23,26.65523101,2530318919,101181782.6,360306476.9,461840984.09999996,15555133.508600002,985861587.0,2656.999711,2710.734624,2525.71949,923329243.5999999,0.10958364343091624,0.390225349621971,0.06963310279411628
arbitrum,2025-05-24,4.472252329,2444108044,42819028.53,129416347.0,191090311.56,6156755.1369,1072134008.0,2531.410511,2570.150309,2528.670582,363325687.09000003,0.11785301742068467,0.35619927684315383,0.016386013576128313
arbitrum,2025-05-25,13.0454203,2475197195,46493822.07,163263966.8,230420560.18,5460564.3137,1122804960.0,2519.630326,2545.888865,2482.703524,440178349.05,0.10562496354112762,0.37090412818431195,0.025077226745523734
arbitrum,2025-05-26,11.98848424,2463913072,37089897.22,146775637.3,190817691.95,12469115.215,1205346172.0,2554.006626,2585.201006,2539.629881,374683226.47,0.09899001236173484,0.39173260752240263,0.017842994037713958
arbitrum,2025-05-27,24.75265556,2507256389,72712386.6,272487095.5,328872340.77,8180993.2742,1302865976.0,2563.200636,2693.812758,2534.261763,674071822.87,0.10787038433146781,0.40424044776093726,0.062246783478092135
arbitrum,2025-05-28,6.21251785,2535622096,51724682.72,226067907.8,269108985.90000004,5995610.696599999,1346271521.0,2653.269392,2671.223079,2626.841394,546901576.4200001,0.0945776807932939,0.4133612290530102,0.01672716880306884
arbitrum,2025-05-29,8.426353618,2512127811,85885033.69,299340667.2,361150310.48,9500371.7923,1419263060.0,2694.237079,2760.429671,2636.619696,746376011.37,0.1150693918101078,0.4010587996398081,0.04595363042288517
arbitrum,2025-05-30,17.67948894,2462585557,93399878.31,317998303.8,384616644.92,8211779.3935,1452290636.0,2625.802822,2639.404717,2527.984885,796014827.03,0.1173343449624965,0.3994879153023809,0.04243267280638182
arbitrum,2025-05-31,6.105865554,2402239091,45455967.61,172256572.2,222449928.66000003,3853733.3199,1546820688.0,2527.178755,2546.604428,2501.27735,440162468.47,0.10327088488031351,0.39134770576592315,0.017935841661505365
arbitrum,2025-06-01,3.489067941,2422670186,36907381.94,135017475.3,181083313.91,3468853.4819,1594631918.0,2525.591977,2543.234894,2492.573787,353008171.15,0.10455106979469135,0.3824769122486643,0.020059101969502478
arbitrum,2025-06-02,5.044750218,2445690380,52101431.19,210759465.6,254669857.55,7179692.364399999,1602246796.0,2536.57701,2598.314408,2484.958994,517530754.34000003,0.100673111217215,0.4072404660642413,0.044688339267097636
arbitrum,2025-06-03,4.9376122,2453978611,51783514.42,192293727.1,254608107.0,9555485.3355,1609248049.0,2617.100787,2640.681379,2599.71159,498685348.52,0.10384005580609755,0.3856013168838626,0.015654647006149183
arbitrum,2025-06-04,4.765047287,2448803732,43730461.2,185155207.6,233504654.54,5255390.7199,1622621654.0,2596.699755,2659.997825,2596.699755,462390323.34000003,0.09457477588224651,0.4004305415878126,0.024376353052800215
arbitrum,2025-06-05,29.76765585,2436438409,87558785.2,294811907.9,381712918.40000004,13215200.546,1639238709.0,2610.628371,2629.56896,2423.3571,764083611.5,0.11459319880989229,0.3858372349084207,0.07898935838233097
arbitrum,2025-06-06,5.553577944,2324101521,58887797.01,201461917.7,254278776.94,6677840.5946,1671197818.0,2416.344192,2516.097162,2416.344192,514628491.65,0.11442778230407369,0.39147058697444737,0.04128259969347943
arbitrum,2025-06-07,3.735429562,2380199014,22968497.96,95775928.52,152368624.26,5114292.0142,1747175099.0,2473.449525,2530.247801,2473.449525,271113050.74,0.0847192634117308,0.3532693400726401,0.022963183774692142
arbitrum,2025-06-08,3.024754132,2409176646,22175046.39,85316000.91,143276696.23000002,7123667.7663,1767377151.0,2523.039035,2537.421655,2500.652561,250767743.53000003,0.08842862354562415,0.34021919928387206,0.01457333536656924
arbitrum,2025-06-09,5.430700795,2400843329,58274372.79,217626428.7,257428773.01,21318531.969,1781762508.0,2509.194308,2669.236258,2488.232094,533329574.5,0.10926521906202671,0.4080524296895146,0.07213636800582122
arbitrum,2025-06-10,14.76463837,2512518367,101493023.5,376039608.7,383545386.34000003,20868778.107100002,1726066544.0,2698.565779,2801.119129,2668.230455,861078018.54,0.11786739565374854,0.436707941212567,0.049244185572250326
arbitrum,2025-06-11,10.22662708,2555383264,76768173.6,313359543.3,351537882.74,13904366.445700001,1586993464.0,2811.349064,2858.419671,2764.929238,741665599.64,0.1035077987131435,0.42250785725009066,0.03325465136904107
arbitrum,2025-06-12,7.249639658,2542592552,75026494.52,305202372.2,373377880.83,11584274.5697,1526970184.0,2773.005045,2773.845531,2643.981315,753606747.55,0.09955655886032545,0.4049889059409604,0.046831583027285816
arbitrum,2025-06-13,33.36550589,2408002684,114390525.0,389644205.1,417646427.65,13726981.1313,1807513919.0,2574.785829,2577.30609,2485.930898,921681157.75,0.12411073399748038,0.42275379270115065,0.03548846314549138
arbitrum,2025-06-14,3.149110182,2432357933,33278049.83,129099248.5,158175172.14000002,3765533.7851299997,1949815164.0,2571.069589,2571.069589,2506.883554,320552470.47,0.10381467277792962,0.40273983323451623,0.024964721015180647
arbitrum,2025-06-15,3.285637067,2421361241,30037633.9,124443379.5,152333998.62,4762658.89,2023792171.0,2537.529702,2550.89511,2510.13243,306815012.02,0.09790144785367272,0.4055974271946252,0.016063922313055874
arbitrum,2025-06-16,8.907283331,2400663405,75560122.82,268615230.8,301584171.7,18241141.9425,2026019110.0,2546.78858,2660.497989,2537.037649,645759525.3199999,0.11700969146766654,0.4159678955829421,0.04847687042793324
arbitrum,2025-06-17,9.544333463,2418275938,75587773.29,291018556.6,320230645.35,12708431.114,1940540269.0,2552.118103,2610.441796,2471.360059,686836975.24,0.11005198615521176,0.4237083428688591,0.05449659121829441
arbitrum,2025-06-18,7.921256357,2381127631,78033640.0,271933342.1,279985450.89,8190525.7517,1978583911.0,2516.343905,2538.929329,2483.99748,629952432.99,0.12387227338677287,0.43167281823057385,0.02183002446162066
arbitrum,2025-06-19,4.106457567,2403332775,38713265.88,127076933.4,140110279.0,4280522.861,2014496040.0,2531.768652,2539.534795,2500.229768,305900478.28,0.12655510085396002,0.4154192046855273,0.015524730890774881
arbitrum,2025-06-20,15.3713179,2410804361,71381352.4,201580346.4,242731753.72,14697099.753199998,2006145823.0,2526.008537,2556.7914,2398.140302,515693452.52,0.1384181863298558,0.39089180871882834,0.06280703159793014
arbitrum,2025-06-21,26.69884052,2348511998,63969762.32,174269654.2,197558305.33,14794059.4892,1763273617.0,2408.002962,2442.66173,2260.664699,435797721.85,0.14678773915669563,0.3998865654005942,0.07558006940690792
arbitrum,2025-06-22,40.57451179,2284217266,112021316.7,293330062.5,319586903.25,20460772.189000003,1823098851.0,2296.10974,2296.10974,2162.859305,724938282.45,0.15452531534327718,0.4046276346569287,0.05803312998445794
arbitrum,2025-06-23,24.34585037,2257817287,104028712.1,314856050.0,337429382.13,19620232.1939,1870661011.0,2236.616783,2418.542868,2221.983848,756314144.23,0.13754696099979877,0.4163032681618741,0.08788229682169928
arbitrum,2025-06-24,6.433862888,2369065418,64432164.94,232435263.6,245282859.14000002,11096646.8718,1967053167.0,2408.42621,2460.966593,2395.778157,542150287.68,0.11884557917643417,0.42872847046646434,0.02706681887505281
arbitrum,2025-06-25,7.192014292,2404796529,52968932.98,189453906.0,223856387.51999998,7902687.491600001,1849849616.0,2448.549812,2460.162544,2412.811132,466279226.5,0.11359916970266312,0.4063099860186459,0.019338553689182608
arbitrum,2025-06-26,6.835319956,2413193077,58361999.82,210996230.7,235058117.39999998,8728233.8286,1790550884.0,2424.067196,2497.834483,2416.11973,504416347.91999996,0.11570203872388404,0.418297764475833,0.03370977221045658
arbitrum,2025-06-27,3.570512488,2422216270,40606544.21,137200259.5,167054725.19,6785393.1374,1752035142.0,2418.053362,2454.892265,2401.168681,344861528.9,0.11774738788499295,0.39784159148637355,0.02221769992518463
arbitrum,2025-06-28,2.561425079,2432776589,14327977.87,54022878.33,72021621.86,2529913.7483,1775170294.0,2422.097346,2440.71504,2415.693899,140372478.06,0.1020711329458452,0.3848537767275774,0.010330361428834235
arbitrum,2025-06-29,5.985711515,2461567500,26007621.47,109419597.3,102633054.38000001,8320620.2787999995,1790384685.0,2438.000687,2502.855006,2430.274856,238060273.14999998,0.10924805355328142,0.4596298065702694,0.029770356664382585
arbitrum,2025-06-30,7.002814961,2500339909,44815015.14,188087518.6,198321966.44,6513915.6702000005,1790409651.0,2507.607258,2513.048845,2456.170925,431224500.18,0.10392502077524235,0.43617076145137684,0.022682148417995967
arbitrum,2025-07-01,5.162321853,2485810429,44736124.89,138116016.0,176048736.07,12162686.421600001,1807234671.0,2489.241675,2495.465919,2400.486018,358900876.96,0.12464757753987296,0.3848305336277939,0.038156158943466245
arbitrum,2025-07-02,17.97369761,2431083526,54220836.96,207519851.3,196029548.7,12188220.5095,2895939473.0,2408.372899,2596.98044,2403.819431,457770236.96000004,0.11844552699641286,0.4533275310297928,0.08020394561000245
arbitrum,2025-07-03,6.962246179,2493646598,53428321.55,195483893.6,208234544.92000002,12856366.156399999,2954179608.0,2572.697061,2610.771892,2566.483632,457146760.07,0.11687345556560186,0.4276173664012554,0.01721472017493795
arbitrum,2025-07-04,4.76783062,2558212050,35522288.68,136062583.2,172908839.83999997,10357998.824299999,2962411408.0,2592.91797,2593.090672,2485.552268,344493711.71999997,0.10311447632133285,0.39496390956067695,0.041473893599495514
arbitrum,2025-07-05,2.897065655,2515336680,19005028.31,70678820.77,75537455.38,4953353.1463,2973605632.0,2514.821471,2525.925814,2498.939116,165221304.45999998,0.11502771008929487,0.4277827305685709,0.010731059167102267
arbitrum,2025-07-06,3.905274741,2522448120,31054644.28,121841267.6,127307636.72,8879521.3303,2994707527.0,2517.560819,2591.880965,2511.296553,280203548.6,0.11082887577677165,0.43483127964925417,0.032008923634269396
arbitrum,2025-07-07,5.044893992,2538425962,44833985.04,154856625.1,189541810.39999998,17555394.0313,2994277686.0,2567.406537,2578.964528,2529.310715,389232420.53999996,0.11518563889873243,0.39785130150556397,0.019340066438414582
arbitrum,2025-07-08,4.868137137,2522512498,36067558.88,148411367.2,168086546.14,17374602.4137,2996463816.0,2545.762306,2617.044463,2529.923828,352565472.21999997,0.1023003150390573,0.42094696983654617,0.03422182612833463
arbitrum,2025-07-09,19.76813986,2553292150,76547618.38,254839433.3,270410757.02,20813862.167,3035798898.0,2609.723736,2774.755659,2595.755767,601797808.7,0.12719823381437312,0.4234635447585005,0.06858959418990387
arbitrum,2025-07-10,27.77094575,2535584096,91935062.84,303768993.6,320090670.62,37871109.7835,2996897047.0,2764.960111,2962.477688,2764.960111,715794727.0600001,0.1284377480923993,0.4243800381817247,0.07143595895441837
arbitrum,2025-07-11,12.17437259,2590124059,86188033.48,303873534.3,322341095.43,32881565.3111,2792441570.0,2931.538042,3012.984313,2931.538042,712402663.21,0.12098218876898519,0.42654744288964713,0.027782778129815514
arbitrum,2025-07-12,4.112104142,2604545741,34007550.62,144372099.8,179412677.27,10244391.4071,2700136547.0,2947.55171,2971.805574,2918.070076,357792327.69000006,0.09504829474561836,0.40350809289875966,0.018230553112162366
arbitrum,2025-07-13,4.293556083,2580898870,33420264.05,139512302.8,162063652.61,11623974.28036,2564701734.0,2940.135326,2996.110831,2940.135326,334996219.46000004,0.09976310808483772,0.41645933504828214,0.01903841109114985
arbitrum,2025-07-14,8.590370067,2604281717,76823919.17,272737764.2,301111850.15000004,22819973.42,2496271954.0,2974.829211,3063.938902,2969.001183,650673533.52,0.11806830186314722,0.4191622221431829,0.03191367042146474
arbitrum,2025-07-15,13.64536436,2640468274,95840950.4,361170711.4,384498206.86,23968883.6697,2442361855.0,3006.06409,3117.162553,2950.548844,841509868.66,0.1138916535258402,0.42919367300483297,0.05542586718435541
arbitrum,2025-07-16,15.88178354,2680279089,67630447.11,316241646.6,315104173.75,53083477.8719,2520580197.0,3131.869337,3391.588305,3111.599855,698976267.46,0.09675642830587271,0.4524354564271346,0.08939978647646891
arbitrum,2025-07-17,16.25267444,2751368141,97090397.78,384628282.0,399075839.22,34580264.551,2745490505.0,3378.884306,3484.720987,3329.050511,880794519.0,0.1102304745154755,0.4366833281804289,0.046071561468846646
arbitrum,2025-07-18,31.24563823,2779085150,96807748.74,409863796.7,432889982.47999996,77374588.4253,2798317215.0,3490.374125,3650.671725,3490.374125,939561527.92,0.10303502842896607,0.43622879877527115,0.045925621225489786
arbitrum,2025-07-19,5.529626838,2813608494,40391960.94,187414262.9,184771243.97,15597760.8089,2760825960.0,3548.339392,3593.512396,3530.431027,412577467.81,0.09790151933018622,0.454252298107341,0.017777715723084925
arbitrum,2025-07-20,9.551371067,2852321854,60605207.92,308071559.4,273561185.55,33430140.372,2767842987.0,3585.911216,3784.268761,3585.911216,642237952.87,0.09436565940890064,0.4796844503245341,0.0553157992632241
arbitrum,2025-07-21,8.823984145,2927135826,81005299.43,325924877.4,338888284.48,25718681.8745,2716098478.0,3729.77126,3830.716007,3725.065635,745818461.31,0.10861262308755065,0.4370029629295125,0.028326233603934214
arbitrum,2025-07-22,10.23018121,2929947961,98918470.14,387891268.5,394036362.59999996,35796636.9768,2674781160.0,3757.011377,3774.979289,3643.20882,880846101.24,0.11229937897295426,0.4403621335826439,0.035073215323936466
arbitrum,2025-07-23,18.12828287,2912831418,84417827.23,341185563.4,353343275.16999996,26954320.119900003,2653013380.0,3739.086653,3742.607211,3561.012555,778946665.8,0.10837433541525021,0.4380088886439906,0.048566581321216634
arbitrum,2025-07-24,11.80716881,2863821199,84600636.19,373887874.2,380511356.72,38006136.600099996,2780092062.0,3630.299714,3737.380432,3554.496089,838999867.11,0.10083510082237968,0.4456352007395254,0.050377202271955364
arbitrum,2025-07-25,11.07502085,2900333948,107468163.2,428957680.2,463601847.10999995,44273794.171,2925741630.0,3675.409372,3725.196757,3606.140046,1000027690.51,0.1074651874341527,0.4289458024719672,0.032392775593107506
arbitrum,2025-07-26,3.908993273,2942670590,36013478.81,156906928.1,161764123.04,16842372.3469,2953342675.0,3718.765478,3763.28031,3715.943908,354684529.95,0.10153664952648721,0.4423844708482753,0.012729063523913866
arbitrum,2025-07-27,4.629517883,2928922786,43883172.54,205417722.5,196847418.52999997,30974328.6823,2976368164.0,3740.101252,3853.618734,3740.101252,446148313.56999993,0.09836005472900841,0.4604247427414523,0.030351446218012765
arbitrum,2025-07-28,8.765851999,2994479691,68843837.22,293051537.5,322968023.65000004,29409155.9251,2890291889.0,3868.981239,3921.25096,3769.773358,684863398.3700001,0.10052199808582389,0.4278977942133765,0.03915180577074903
arbitrum,2025-07-29,7.553712767,2956269651,75233557.85,320659396.5,347321539.78,46032973.2863,2939049990.0,3789.799855,3869.906279,3747.211652,743214494.13,0.10122724791322552,0.43144933129346585,0.03237496218649252
arbitrum,2025-07-30,11.47634551,2936146245,71148416.8,316626160.6,357381797.89,44974049.0742,3069997814.0,3772.76824,3819.914473,3724.560881,745156375.29,0.09548118912934275,0.42491236886589806,0.0252741716252361
arbitrum,2025-07-31,6.409226369,2934474439,62451192.47,245034631.0,306279060.06,23447841.7189,3216294604.0,3819.831759,3865.86819,3709.021483,613764883.53,0.1017510029423954,0.3992320798653562,0.04106115580364233
arbitrum,2025-08-01,19.74618636,2870013463,125008497.3,437466898.5,502111873.29999995,41157774.347,3323609341.0,3673.125929,3713.555777,3477.244259,1064587269.0999999,0.11742437743566288,0.41092629152876653,0.06433526172742333
arbitrum,2025-08-02,6.235174606,2778268600,70665120.8,253357350.4,267385539.74,22940761.5061,3368691858.0,3491.222422,3526.664247,3395.897,591408010.94,0.1194862421421768,0.4283968862669055,0.037456005717644375
arbitrum,2025-08-03,3.373745233,2749860526,38128778.43,163372862.6,166526760.6,14902062.088599999,3531118126.0,3392.58522,3510.195689,3392.58522,368028401.63,0.10360281505755374,0.4439137356693685,0.034666916635332216
arbitrum,2025-08-04,6.289255657,2820698391,64730791.38,276520269.5,257085497.81,27633850.645,3552305164.0,3515.908283,3724.017241,3515.908283,598336558.69,0.10818458347543028,0.4621483770027597,0.05919066746030923
arbitrum,2025-08-05,7.109137591,2927042030,78107648.64,294057558.3,321834025.5,26194030.416,3619767848.0,3707.506892,3707.506892,3574.61719,693999232.44,0.11254716862637572,0.4237145295768362,0.03584341334246667
arbitrum,2025-08-06,4.22740538,2885710959,60939831.77,252413259.9,273260151.57,19126851.3286,3633851525.0,3599.2094,3685.120353,3579.463017,586613243.24,0.10388417321336846,0.43028905809535334,0.029355706839396385
arbitrum,2025-08-07,6.795180523,2955839893,59139257.02,280006274.7,314599161.74,27283532.005,3721925614.0,3675.978901,3901.44164,3659.87497,653744693.46,0.09046231290536431,0.42831135380700786,0.06571492288334006
arbitrum,2025-08-08,11.98889557,3100973584,57247723.08,307466670.6,352636768.6,29054206.854799997,3630323396.0,3900.550866,4048.40942,3887.813093,717351162.28,0.07980432191403461,0.4286138878241451,0.041172729831540605
arbitrum,2025-08-09,10.38401262,3079191870,92762230.29,325576580.5,316450188.6,38695677.6818,3585815925.0,4012.948616,4281.840555,4012.948616,734788999.3900001,0.1262433574359557,0.4430885339468663,0.06700607576381676
arbitrum,2025-08-10,5.59953056,3189341319,76956981.54,260956437.7,301451292.99,17485161.6069,3485015119.0,4272.913661,4298.78013,4182.674544,639364712.23,0.12036476218962192,0.40814957833663734,0.027172462448685944
arbitrum,2025-08-11,10.46381252,3147307467,110006132.8,386471003.0,457399594.19,34371779.617300004,3485179600.0,4257.196962,4335.284696,4182.194524,953876729.99,0.11532531336743401,0.40515822521852646,0.03596032163099156
arbitrum,2025-08-12,15.04683381,3161420065,81764333.97,328774183.1,360705355.12,45991817.158999994,3447857439.0,4236.813765,4595.829573,4236.813765,771243872.19,0.1060161862133498,0.42629082052402323,0.08473721714317554
arbitrum,2025-08-13,15.55440839,3270549081,100303766.0,356521884.0,368932792.29,44445203.1628,3368799882.0,4606.160977,4751.53737,4581.608355,825758442.29,0.12146865337741723,0.4317508192968523,0.03689167961096201
arbitrum,2025-08-14,45.06272371,3387884130,154601386.8,516136768.5,564580143.9,70731206.429,3209916599.0,4738.049109,4768.3136,4500.052149,1235318299.1999998,0.1251510537001847,0.4178168240802824,0.05661854590963049
arbitrum,2025-08-15,11.61687043,3257528423,101862907.2,366553802.4,416703593.89,46876623.04099999,3286373396.0,4561.202604,4645.781404,4401.629007,885120303.49,0.11508368613662791,0.41412879238527295,0.05352807542157598
arbitrum,2025-08-16,4.211329085,3223464494,49303759.19,174039586.1,206578537.23999998,13932417.4203,3385687005.0,4458.39703,4476.781625,4395.16883,429921882.53,0.1146807389748522,0.4048167659571399,0.018305412113555082
arbitrum,2025-08-17,5.6195634,3237550965,50452343.34,216767301.6,213243450.97,25132605.754,3385718374.0,4421.364362,4560.054703,4413.206235,480463095.90999997,0.10500773892829993,0.45116327028081404,0.03321338301410051
arbitrum,2025-08-18,11.77383069,3223845864,134851257.6,436309506.7,460832503.36,40062574.802999996,3540457262.0,4466.371978,4466.371978,4262.163266,1031993267.66,0.13067067569710933,0.42278328781089136,0.04572138482998528
arbitrum,2025-08-19,11.72360628,3184541494,102041665.2,376344220.8,482537028.5,26657599.4405,3541425767.0,4308.188575,4322.334955,4113.327148,960922914.5,0.10619131218563527,0.3916487109643174,0.04851408042183946
arbitrum,2025-08-20,10.07696259,3084568382,93364933.77,389759505.7,384115379.67,44675610.438,3483879820.0,4097.818573,4349.495649,4097.818573,867239819.14,0.10765757257615952,0.44942528825130024,0.06141733010296473
arbitrum,2025-08-21,5.888554728,3185466698,69435514.07,283148945.1,322384350.32,18541785.455599997,3483642578.0,4321.974039,4321.974039,4225.04893,674968809.49,0.10287218178639218,0.41949930295882065,0.022426120130611873
arbitrum,2025-08-22,45.36986704,3162213083,128350498.5,536635490.2,588656350.9,68421519.956,3427539009.0,4239.613269,4855.266773,4239.613269,1253642339.6,0.10238207058398557,0.4280610771100986,0.14521454315223764
arbitrum,2025-08-23,4.866919956,3383971556,53792465.61,231563269.9,278356955.87,27799383.7575,3427508167.0,4812.938218,4812.938218,4699.095927,563712691.38,0.09542532292170512,0.41078243126497693,0.023653387150127745
arbitrum,2025-08-24,19.43770582,3390578782,80663143.37,362078797.1,409954129.85,32095729.2985,3075780285.0,4788.362837,4923.985309,4739.050426,852696070.32,0.09459776604778854,0.4246281995460809,0.03862173550654844
arbitrum,2025-08-25,19.29744461,3307834732,126325337.4,463335628.9,581496469.6,40557860.6033,2929822023.0,4742.68792,4755.050053,4369.504037,1171157435.9,0.10786366847675154,0.3956219844550107,0.08129272313578673
arbitrum,2025-08-26,10.02918635,3186324647,94967393.35,414779216.2,449624353.23,33577038.777,3131096126.0,4368.777322,4602.792334,4368.777322,959370962.78,0.09898923047953206,0.43234497633541147,0.0535653329872325
arbitrum,2025-08-27,9.88016285,3227467987,79575434.02,339440554.4,390896290.51,27845553.3713,2961793521.0,4590.469098,4634.440053,4515.094744,809912278.93,0.09825191701640769,0.41910780121576297,0.025998499598221297
arbitrum,2025-08-28,6.420677223,3185840481,61808629.51,258566527.3,306177695.59,24347137.6895,2875264898.0,4497.735632,4606.944799,4461.438538,626552852.4,0.09864870820273677,0.41268111111387545,0.03235100346155684
arbitrum,2025-08-29,12.7832048,3200473155,81455765.01,341462087.0,395338656.52000004,21609129.6866,2891535836.0,4498.821588,4498.821588,4312.169222,818256508.53,0.09954795856905008,0.41730445580376446,0.041489168296397747
arbitrum,2025-08-30,4.270137787,3120168331,39416730.37,146962564.7,180996146.39,7599950.9798,3005175743.0,4352.463697,4401.367512,4299.316632,367375441.46,0.10729277442540129,0.4000337205882646,0.023446692977666845
arbitrum,2025-08-31,3.571712643,3179008574,36158410.58,155650060.4,170535509.14999998,13103069.050999999,3031435602.0,4401.289141,4482.936668,4401.289141,362343980.13,0.09979028923573467,0.4295643613125755,0.018550820994561894
arbitrum,2025-09-01,8.673150454,3137672084,67527983.85,266805144.5,347041516.7,20909023.808,3021462338.0,4387.403563,4472.506688,4268.732925,681374645.05,0.09910551315722164,0.39156893558964406,0.046445183369606555
arbitrum,2025-09-02,6.806579188,3084614739,72824062.19,277261312.2,338256376.79999995,27761140.6989,3050557692.0,4308.675604,4397.425648,4286.549317,688341751.1899999,0.10579637522219495,0.40279601189477865,0.0257332742564948
arbitrum,2025-09-03,5.504939897,3165912751,47602240.85,209495102.0,278159499.61,43376911.4996,3189458827.0,4320.765688,4474.578189,4297.350295,535256842.46000004,0.08893345600445517,0.3913917308131482,0.04101770537851939
arbitrum,2025-09-04,5.063704006,3248478323,58694329.23,219132002.9,332864810.26,31304939.6938,3210413831.0,4462.552327,4462.552327,4279.899662,610691142.39,0.09611131577951819,0.35882623422767407,0.04093008924397101
arbitrum,2025-09-05,12.12755109,3226087832,78366501.58,314999452.8,406635507.49,43691920.1444,3230063194.0,4304.60365,4462.207288,4288.765453,800001461.87,0.09795794797276824,0.3937485964884241,0.040292173008773906
arbitrum,2025-09-06,2.831935376,3283553315,23010735.79,92612417.32,147094606.09,10947521.151,3208419315.0,4317.248879,4321.620318,4267.30251,262717759.2,0.08758728705691549,0.3525167754247502,0.012581579038496703
arbitrum,2025-09-07,3.140037549,3261223409,20733183.91,82280721.91,129629191.63,16927551.15126,3195135572.0,4280.473468,4318.925446,4280.295088,232643097.45,0.08912013353181909,0.3536778989442569,0.00902478622722311
arbitrum,2025-09-08,4.656310721,3282384575,40628501.79,175971854.7,244973506.82000002,33761960.9172,3229080148.0,4306.684595,4364.067998,4291.925525,461573863.31,0.0880216689451354,0.3812431090401985,0.016751278485486767
arbitrum,2025-09-09,5.135224884,3301016615,39409545.45,180433848.8,279388438.38,45760032.232,3077652660.0,4304.015456,4367.717929,4285.862523,499231832.63,0.07894036973240835,0.36142296425582005,0.019018381052951446
arbitrum,2025-09-10,5.81128238,3309798447,49566249.75,203706473.3,264714563.57999998,33976759.9492,3065645016.0,4305.040717,4425.790883,4299.166125,517987286.63,0.09569008936971331,0.3932653919467877,0.029413138300870556
arbitrum,2025-09-11,8.150355897,3358648390,51615704.07,242934888.6,310868756.23,39742011.72318,3052706831.0,4347.802803,4458.823143,4347.802803,605419348.9000001,0.08525611902523718,0.4012671366407331,0.025534814946849844
arbitrum,2025-09-12,5.26646943,3435136125,66704393.26,260094069.5,355167571.3,43602530.8597,3025449008.0,4479.482579,4691.23028,4479.482579,681966034.06,0.09781189960867068,0.38138859783318285,0.04727057138087361
arbitrum,2025-09-13,4.057294489,3520868232,45741150.37,163123571.4,233441533.38,23945105.994,2982876468.0,4702.578211,4742.603794,4622.431866,442306255.15,0.1034151107686409,0.3688023162699331,0.025554477269277627
arbitrum,2025-09-14,3.627216285,3527096402,34898057.07,152382293.2,229795354.98,31519755.6031,2917890367.0,4667.393198,4676.287378,4590.608736,417075705.25,0.08367319561105029,0.36535883361669386,0.018356851108390346
arbitrum,2025-09-15,5.488230278,3520109199,56009383.34,215609718.6,315107906.99,39990161.149799995,2930476802.0,4606.68321,4655.167311,4496.432989,586727008.9300001,0.09546072106369019,0.36747876835123416,0.03445739912295819
arbitrum,2025-09-16,5.070164382,3472554923,43229606.35,176436594.3,247083982.97000003,34733121.256,2960894751.0,4517.993804,4526.878265,4448.340963,466750183.62,0.09261829532603881,0.37801076569826075,0.017383224813293845
arbitrum,2025-09-17,16.63011736,3521787493,71598369.76,323721713.0,418117849.04,46365312.3423,3198130080.0,4509.294945,4599.525062,4485.093973,813437931.8,0.08801946277765162,0.39796731913356787,0.02537671418607986
arbitrum,2025-09-18,5.105053161,3561797369,41563948.24,186521638.0,359217895.8,47290268.4788,3208839007.0,4599.4698,4627.348042,4574.229048,587303482.04,0.07077081868411121,0.31758987253424187,0.011548938532001988
arbitrum,2025-09-19,4.63460141,3552958481,33298650.19,161808539.5,306409046.78,63321158.300129995,3083436683.0,4599.250833,4607.75728,4457.342216,501516236.46999997,0.06639595643877401,0.32263868591556394,0.032704253249411716
arbitrum,2025-09-20,3.463786839,3498030881,14220886.96,79519549.06,208951881.91,29980469.716000002,3042372235.0,4471.273372,4501.837153,4465.20238,302692317.93,0.046981327630814515,0.2627075229520345,0.00819336460826012
arbitrum,2025-09-21,3.161540063,3504342468,15969725.6,85628923.09,223140715.87,36514122.817999996,3033117665.0,4484.775127,4491.791058,4457.084412,324739364.56,0.04917705502576783,0.2636850731232459,0.007738770622199725
arbitrum,2025-09-22,144.7362143,3474650501,84742824.71,293054114.9,489440547.5,45185618.604,3036217553.0,4411.304173,4411.304173,4152.8647,867237487.1099999,0.09771582290843853,0.3379167981732196,0.058585729495103746
arbitrum,2025-09-23,26.1696465,3356665014,50996633.28,185578641.8,347879984.3,47474816.114300005,3167549084.0,4204.834903,4210.569639,4156.125298,584455259.38,0.08725498224465991,0.3175241198049359,0.012948032980119208
arbitrum,2025-09-24,9.001303213,3347415759,43743023.83,148093000.1,356436876.5,30237071.8014,3170424407.0,4176.598408,4192.243376,4130.049388,548272900.4300001,0.07978330462018672,0.2701081887940357,0.014891062516537738
arbitrum,2025-09-25,39.02411969,3360737209,126610799.7,374618864.1,783922086.1,63361512.0767,3208433377.0,4148.946294,4148.946294,3874.431775,1285151749.9,0.09851817087737055,0.29149776602580185,0.06616487646441448
arbitrum,2025-09-26,11.6253469,3183977258,70644346.45,291027964.3,486525985.7,54826565.4745,2948473550.0,3891.543571,4052.090767,3891.543571,848198296.45,0.08328753635284432,0.34311312050266024,0.041255402405463645
arbitrum,2025-09-27,18.22026493,3287957803,22876762.08,124795701.3,249984775.97,32330283.446900003,3167005113.0,4029.026458,4029.026458,3987.330543,397657239.35,0.05752884599157241,0.3138273089256158,0.01034888091072441
arbitrum,2025-09-28,5.243124083,3240840459,33678272.23,133272884.0,289891491.5,37665128.369500004,3109081071.0,4023.026906,4134.043868,3989.767645,456842647.73,0.0737196327824111,0.2917260125827088,0.035862604544062135
arbitrum,2025-09-29,6.624779277,3364240625,51601199.96,179051979.2,302406819.2,28815009.879699998,3059657816.0,4137.282345,4224.861141,4103.472286,533059998.36,0.09680186117651869,0.3358946080194859,0.029340239528660973
arbitrum,2025-09-30,6.963765903,3466883976,56091218.27,210532611.2,417731476.29999995,33149076.8415,3215275752.0,4213.961924,4213.961924,4105.597371,684355305.77,0.0819621296088136,0.30763641258413266,0.025715598516167403
arbitrum,2025-10-01,10.30184578,3446228969,84025071.67,260864076.0,424482534.6,55051035.658999994,3208467872.0,4138.220399,4335.771697,4137.481529,769371682.27,0.10921258685020409,0.3390611872149117,0.047916773124968705
arbitrum,2025-10-02,6.735625977,3629249584,82415839.75,273548897.6,430413542.0,42366663.8463,3285237435.0,4356.395071,4502.028625,4356.395071,786378279.35,0.10480431862655566,0.3478591725932569,0.033429831690304015
arbitrum,2025-10-03,8.32023682,3688426113,78780944.52,312677269.2,450153278.6,30682120.377499998,3302732840.0,4474.714687,4551.929764,4453.785419,841611492.3199999,0.09360725850217559,0.3715221002247352,0.02193309559716307
arbitrum,2025-10-04,3.954570748,3746023849,31134861.49,126752852.3,233718370.58,21516498.827,3331056655.0,4509.237133,4511.344356,4458.848018,391606084.37,0.07950556115615134,0.323674369114859,0.01164195549083356
arbitrum,2025-10-05,6.733906449,3736616669,68916366.93,245123141.6,361738616.4,30492616.3841,3334847614.0,4487.094812,4599.716274,4481.416784,675778124.93,0.10198076023419471,0.36272725108613263,0.026364383851134085
arbitrum,2025-10-06,9.390868969,4108277820,63048240.92,289323249.3,433647909.2,36927577.574099995,3280564723.0,4517.218526,4708.794098,4517.218526,786019399.4200001,0.08021206724226272,0.36808665220411896,0.04241007400844983
arbitrum,2025-10-07,14.34569481,4190908638,92967221.71,336954488.0,557096902.3,41774193.0378,3183120101.0,4684.445736,4725.857953,4472.635444,987018612.01,0.09418993783782681,0.34138615412105944,0.054056023544895256
arbitrum,2025-10-08,9.788215907,4071497299,80465651.91,318881523.1,589997448.4,34684026.0275,3401781015.0,4461.988712,4533.372916,4443.880969,989344623.41,0.08133227796059267,0.32231592061510655,0.020056515777218852
arbitrum,2025-10-09,16.87365152,4129873035,106901000.1,346583931.6,716286328.6,31373061.0763,3433976596.0,4522.2743,4522.2743,4307.228067,1169771260.3000002,0.09138624253136815,0.29628350717995494,0.04755267344132576
arbitrum,2025-10-10,465.1126711,4093183470,377997331.7,881207742.6,1157261590.1,43297958.044999994,3379230908.0,4375.30227,4385.127083,3748.754457,2416466664.3999996,0.15642563469579476,0.36466786634476533,0.14544655128478706
arbitrum,2025-10-11,27.64872541,3736872767,127528126.3,375771812.2,522897049.7,41823847.601,4005370111.0,3850.782945,3850.782945,3702.530313,1026196988.2,0.12427255952455152,0.3661790246131225,0.0384993478254848
arbitrum,2025-10-12,27.40311305,3709670361,149532853.9,491500454.2,594877742.5,35657587.923,4277702780.0,3737.067196,4148.555174,3724.402709,1235911050.6,0.12098998049042933,0.39768270860705585,0.11349875256564697
arbitrum,2025-10-13,20.15694936,3901852373,119254805.2,435987909.5,557008495.8,31892387.968,4424340501.0,4148.60635,4276.173704,4101.971961,1112251210.5,0.10721930807914369,0.3919869049223211,0.04199042480856243
arbitrum,2025-10-14,23.19528735,3963173352,150577764.1,550142274.9,705515503.9,30923641.139000002,4358429817.0,4250.40298,4250.40298,3943.002193,1406235542.9,0.1070786219707347,0.39121630631343074,0.07232273938411365
arbitrum,2025-10-15,14.23165405,3912943638,102281115.8,381264890.3,587861578.0999999,47393700.5,4363356338.0,4116.835185,4167.561868,3963.996138,1071407584.1999999,0.09546424470792915,0.355854201447233,0.04944714103243844
arbitrum,2025-10-16,15.80541176,3862602207,101648752.0,371534296.6,504379749.4,36207602.870000005,4255152860.0,3988.235087,4056.429836,3859.08788,977562798.0,0.10398181294128994,0.38006182043764725,0.04948102398558527
arbitrum,2025-10-17,23.10536134,3809408948,92666803.67,346746768.6,509179831.9,37817249.379999995,4066402270.0,3907.983396,3929.67214,3708.894361,948593404.1700001,0.09768864432604986,0.3655378237669662,0.0564940422280136
arbitrum,2025-10-18,4.188482141,3795997314,26575143.94,110535626.2,164879832.94,19457573.52,3988873327.0,3836.736642,3897.580208,3836.736642,301990603.08000004,0.08799990353660112,0.3660233963330247,0.015858155426660636
arbitrum,2025-10-19,6.39104193,3844698160,56345228.74,189849345.2,216569193.45999998,22865900.2685,3941416089.0,3884.844859,4010.180505,3870.551045,462763767.4,0.12175808200493098,0.41025110126199565,0.035942094232288536
arbitrum,2025-10-20,5.889751765,3904762321,87787163.88,206265063.5,284675544.3,13973148.7587,3876043369.0,3946.244505,4074.584838,3943.68747,578727771.6800001,0.1516899104827144,0.35641120677728866,0.03317011093310356
arbitrum,2025-10-21,11.84989935,3907817246,129722467.1,349070272.2,426739534.7,27506624.609,3895049057.0,3977.983411,4090.470155,3861.282955,905532274.0,0.14325548721414208,0.3854862849427275,0.05761391547442022
arbitrum,2025-10-22,11.33675081,3845074885,113983344.4,309189357.2,404066277.5,23285315.0,3881072187.0,3864.338696,3871.345866,3749.770003,827238979.1,0.13778768563832536,0.37376062421089556,0.03146097497246914
arbitrum,2025-10-23,6.494756623,3822585328,57120383.17,181078124.2,299820652.86,32666164.018,3909275959.0,3809.438049,3902.761026,3809.438049,538019160.23,0.10616793488466354,0.3365644526908487,0.024497832961084143
arbitrum,2025-10-24,7.846539815,3852961702,57261840.29,206576648.5,314398579.01,45184711.74,3868917893.0,3858.938081,3974.580772,3858.938081,578237067.8,0.09902831118707468,0.35725251804758135,0.029967490685943458
arbitrum,2025-10-25,3.709121993,3893290803,17665866.87,63335658.85,119257318.63999999,6374546.7445,3846240483.0,3926.167562,3958.87189,3924.390902,200258844.35999998,0.08821516436119317,0.3162689720517071,0.008782352626446511
arbitrum,2025-10-26,6.816864634,3538304749,48566233.66,177670087.9,217865694.54,15963923.105700001,3803257709.0,3954.8228,4161.805978,3931.310161,444102016.1,0.1093582823300315,0.4000659340848239,0.05828221102599096
arbitrum,2025-10-27,8.023169865,3635398619,66604561.23,244224034.2,329658921.5,34005365.225,3741494377.0,4166.962939,4231.765969,4119.252313,640487516.9300001,0.10399041272381163,0.3813095926843671,0.027001357498754583
arbitrum,2025-10-28,11.75387977,3628130994,75459558.58,246959363.4,352897164.64,29979092.496899996,3106680646.0,4121.475339,4140.872419,3973.458116,675316086.62,0.1117396136047638,0.3656944774350739,0.04061999386865687
arbitrum,2025-10-29,19.91238714,3550472035,82459543.99,268506922.9,379717654.4,36555988.846,3033980633.0,3984.94687,4028.402092,3913.947668,730684121.29,0.11285251942305828,0.3674733240760171,0.02872169384782789
arbitrum,2025-10-30,15.59443038,3495607702,87133016.19,274338504.4,395146815.5,43622373.197000004,2933635160.0,3909.749694,3941.696921,3717.54374,756618336.0899999,0.11516112157720099,0.3625850594868049,0.05733184949000475
arbitrum,2025-10-31,5.912613512,3428017666,65967298.94,203504011.4,295151806.26,35098477.6894,2896332609.0,3813.146798,3883.395708,3813.146798,564623116.6,0.11683421560427126,0.36042451224002897,0.018422818139822317
arbitrum,2025-11-01,4.595115652,3434348238,18579905.82,68198103.52,122313414.12,13148920.5043,2936967292.0,3844.945558,3894.997066,3844.945558,209091423.46,0.08886020054071901,0.3261640405496907,0.013017481585886219
arbitrum,2025-11-02,4.750994475,3457105376,28606720.03,104531289.2,150142552.94,5674458.907,2965841982.0,3872.194945,3902.354637,3855.016959,283280562.17,0.10098370255574673,0.3690026890629705,0.012225024481560513
arbitrum,2025-11-03,31.52084009,3486928227,101901129.9,282264034.6,410834544.79999995,23735540.8653,2950360183.0,3897.794407,3897.794407,3589.753587,794999709.3,0.12817756875625064,0.35504922995322163,0.07902951973218318
arbitrum,2025-11-04,90.73094956,3280319818,167529004.1,439402116.5,577498399.3,48918469.453999996,3035309974.0,3601.896866,3638.959009,3146.077361,1184429519.9,0.1414427800770655,0.37098207121441734,0.1368394671853439
arbitrum,2025-11-05,10.60803957,2997327729,91420334.42,253206269.6,312824895.11,48214735.705000006,3070525298.0,3266.872471,3462.011636,3201.865191,657451499.13,0.13905259101390102,0.38513300210747975,0.07963164993715492
arbitrum,2025-11-06,12.77760143,3058797584,75472891.92,195437644.5,284495565.63,25888309.170900002,3043789879.0,3407.472133,3440.298441,3289.420408,555406102.05,0.13588776148016757,0.35188242221077703,0.044278581632057015
arbitrum,2025-11-07,14.58967745,2953542950,86968060.07,244542388.9,354973788.4,35937993.855000004,3130651735.0,3316.19626,3460.262886,3228.448234,686484237.37,0.1266861718532455,0.35622433202089243,0.06990377945845702
arbitrum,2025-11-08,5.70566366,2976428258,47068018.83,133668204.4,179458051.71,17410644.538599998,3120930948.0,3429.498348,3460.90772,3374.417702,360194274.94000006,0.13067397819646198,0.371100302530533,0.025219437137340754
arbitrum,2025-11-09,6.757642127,2963160760,58781948.45,176262640.4,209226358.17000002,23036011.2748,3144765674.0,3389.18995,3584.173936,3371.027755,444270947.02000004,0.13231103416572,0.39674581824965716,0.06289000738952388
arbitrum,2025-11-10,9.114635383,3062439342,71202459.91,192739836.6,253745523.89999998,52818270.0023,3116289231.0,3600.372303,3637.231187,3524.213222,517687820.40999997,0.13753937624726975,0.3723090036140957,0.031390632825896395
arbitrum,2025-11-11,9.74948982,3068058445,80447823.74,230270057.7,292462086.86,37523132.480000004,3120551125.0,3566.283931,3618.906538,3423.7603,603179968.3,0.13337283724247975,0.3817601210282102,0.05471977043209807
arbitrum,2025-11-12,10.79721065,3010683388,83428671.57,241610857.2,285622481.33000004,30563094.524,3155802131.0,,,,610662010.1,0.13662004544271222,0.3956539840433738,0.0
arbitrum,2025-11-13,16.7004096,2994919807,147656801.7,336829164.4,415350920.45,28266968.067,3163590282.0,,,,899836886.55,0.1640928527236979,0.37432246825467724,0.0
arbitrum,2025-11-14,26.88093473,2907178496,160586616.8,400229618.5,449359049.13,62674220.891,3121826163.0,,,,1010175284.43,0.15896906138483916,0.39619818923389416,0.0
arbitrum,2025-11-15,4.071605706,2847096607,40676561.39,106459083.9,178866889.55,15739357.3062,3159115223.0,,,,326002534.84000003,0.12477375800149468,0.3265590678681362,0.0
arbitrum,2025-11-16,14.11477127,2866836478,89392469.39,229229689.4,244890788.71,23378839.674,3178329318.0,,,,563512947.5,0.15863427768001728,0.4067869077666578,0.0
arbitrum,2025-11-17,24.52287275,2831013696,106736500.1,293048794.2,321291436.48,42206655.295,3139206549.0,,,,721076730.78,0.14802377547884737,0.4064044528007505,0.0
arbitrum,2025-11-18,15.10184134,2772652713,109178709.0,300783878.1,332448701.58,55741459.323,3190474924.0,,,,742411288.6800001,0.14705960249354325,0.4051445373827636,0.0
arbitrum,2025-11-19,15.51255966,2825044563,108764365.4,272507884.5,337478286.92,57660012.0713,3239795124.0,,,,718750536.8199999,0.15132422144853072,0.37914112134881844,0.0
arbitrum,2025-11-20,27.8860668,2781606435,108936871.1,274144519.5,407793475.6,31020195.4815,3357213565.0,,,,790874866.2,0.1377422342720543,0.34663450719734096,0.0
arbitrum,2025-11-21,79.96090832,2698204836,150226287.9,371703527.1,487193272.3,65146485.7087,3378114701.0,,,,1009123087.3,0.14886815076438695,0.3683431008347321,0.0
arbitrum,2025-11-22,4.632214864,2667633177,41162685.55,97760903.76,171608878.59,16293222.4315,3534675413.0,,,,310532467.9,0.13255517475633344,0.3148170122793141,0.0
arbitrum,2025-11-23,4.399734131,2641329853,51082079.21,107340437.4,157156340.05,19899574.570299998,3592039064.0,,,,315578856.66,0.1618678759110756,0.3401382416301958,0.0
arbitrum,2025-11-24,10.26254907,2660386794,84652254.37,211338307.2,290569368.88,21847473.1556,3593163158.0,,,,586559930.45,0.14431987248951025,0.360301302951029,0.0
arbitrum,2025-11-25,8.265172893,2729579979,68244343.63,163655715.4,232544925.85,40468289.0435,3532481700.0,,,,464444984.88,0.14693741099956648,0.3523683551934234,0.0
arbitrum,2025-11-26,6.656790114,2696405988,60387616.23,164267072.9,228802968.79,34383959.4383,3515387472.0,,,,453457657.91999996,0.13317145531734237,0.36225449064746057,0.0
arbitrum,2025-11-27,5.208259691,2773068001,44890707.08,116387540.2,202960045.16,49885629.5608,3467440252.0,,,,364238292.44,0.12324543578128795,0.31953680493154685,0.0
arbitrum,2025-11-28,11.19900887,2812675655,49990606.84,168637359.9,227574918.13,46160521.4456,3479071453.0,,,,446202884.87,0.1120355975613305,0.3779387485339366,0.0
arbitrum,2025-11-29,4.025766371,2846953035,25773811.29,69234960.68,122942174.78,10813893.8279,3339882867.0,,,,217950946.75,0.118255101316737,0.31766304167247217,0.0
arbitrum,2025-11-30,4.745857146,2822189658,24954056.12,82151083.49,127333313.33000001,11332320.3399,3348958341.0,,,,234438452.94,0.10644182218002654,0.35041642042837134,0.0
arbitrum,2025-12-01,23.81594815,2803143870,119000537.5,237114583.7,316636196.5,30257130.130999997,3358119818.0,,,,672751317.7,0.17688636851257108,0.3524550267855982,0.0
arbitrum,2025-12-02,14.15868705,2698328924,94288113.11,204970096.8,252184146.91,39405290.5519,3448366264.0,,,,551442356.82,0.17098453164485006,0.3716981371942483,0.0
arbitrum,2025-12-03,10.91932976,2916988601,103672345.3,271022405.4,303358882.13,45558394.797000006,3446758021.0,,,,678053632.8299999,0.15289696903075586,0.39970644249604675,0.0
arbitrum,2025-12-04,26.73260533,3033395095,87424118.21,218505041.9,243584308.14,53402502.0238,3424242896.0,,,,549513468.25,0.15909367697285734,0.3976336423488561,0.0
arbitrum,2025-12-05,18.26517375,3005053284,96966908.33,227547624.9,262853346.86,18313540.2623,3393933030.0,,,,587367880.09,0.16508718235519135,0.38740222714448364,0.0
arbitrum,2025-12-06,4.74861853,2933665614,29244514.66,79097153.53,103679314.69,7968478.562000001,3409798151.0,,,,212020982.88,0.13793217191409712,0.3730628565889044,0.0
arbitrum,2025-12-07,9.264176611,2947785902,97668114.91,208603965.2,207265498.16,31028909.811,3407022031.0,3042.350251,3139.404682,2970.117046,513537578.27,0.1901868900013575,0.4062097381514764,0.055643703726865876
arbitrum,2025-12-08,6.204569393,2954521348,91643677.44,238092073.6,262811545.8,24305845.389,3302018255.0,3060.182715,3159.032491,3060.182715,592547296.8399999,0.1546605274021623,0.4018110872663213,0.032301919593059336
arbitrum,2025-12-09,9.766318468,3003303812,91257365.58,256279646.8,295780786.98,29134710.77,3319288053.0,3127.885277,3375.241034,3106.647576,643317799.36,0.14185425254949688,0.3983717643984947,0.08587062318909988
arbitrum,2025-12-10,19.62975501,3052923197,87573664.82,271398305.6,323579068.66,28724728.1663,3234351259.0,3318.305412,3400.925866,3303.0369,682551039.08,0.12830346714882915,0.3976234597281012,0.02949968548585183
arbitrum,2025-12-11,7.909638306,3030449174,115146626.7,236682250.9,328301392.08000004,17759253.275,3218084841.0,3299.065417,3299.065417,3172.632617,680130269.6800001,0.16930084107883664,0.3479954671203776,0.03832382327082531
arbitrum,2025-12-12,9.099304603,3005930469,83153377.18,186326577.1,265890272.7,17444231.9101,3143873273.0,3233.52778,3255.734928,3068.612809,535370226.97999996,0.15531939018922394,0.3480331324195222,0.057869340154547755
arbitrum,2025-12-13,3.223013295,2939039066,21943535.0,60987642.54,93221483.52,9659902.612399999,3127074816.0,3088.823071,3125.998085,3087.69303,176152661.06,0.12457112409176568,0.346220387322033,0.012401181330078283
arbitrum,2025-12-14,3.257461971,2950539364,57866892.77,138820637.3,170244776.27,12082330.3977,3132715206.0,3115.327195,3123.574687,3064.821126,366932306.34000003,0.15770454596162065,0.37832765036330324,0.01885951533254599
arbitrum,2025-12-15,15.91434475,2914525643,98372838.12,253632915.5,344640214.52,32321492.8791,3133561230.0,3066.800666,3158.204052,2929.058057,696645968.14,0.1412092262338777,0.36407720291152135,0.07471825526204573
arbitrum,2025-12-16,6.607860979,2843798200,72380875.22,204952307.4,256114382.39,30674528.4735,3159884972.0,2965.888256,2965.888256,2919.786971,533447565.01,0.13568507941102542,0.3842032860271055,0.015543837468163934
arbitrum,2025-12-17,17.02097994,2850462028,78350760.22,209776778.8,313030347.62,26939321.972,3172295302.0,2952.996366,2979.321524,2808.862241,601157886.64,0.1303330821423955,0.3489545483175598,0.05772417635274535
arbitrum,2025-12-18,13.49879617,2756548899,88395162.62,253046603.6,332531527.98,34039176.8051,3057196864.0,2832.22954,2958.60644,2795.072747,673973294.2,0.13115528965420542,0.37545494128274615,0.05774026811400317
arbitrum,2025-12-19,6.624986299,2755588601,81028505.51,230510659.6,292344933.47,33706425.546,3071126720.0,2826.365817,2988.871149,2823.870075,603884098.58,0.1341789023763567,0.38171341179877566,0.05837923491982293
arbitrum,2025-12-20,2.769630944,2845678563,11794706.9,34408264.04,96748296.22,10619999.59527,3079552162.0,2976.862798,2988.066012,2976.06151,142951267.16,0.08250858585813463,0.2406992587305163,0.004032601706758195
arbitrum,2025-12-21,3.827315215,2834032814,22947186.39,79629636.45,144354534.48,10968893.08954,3071094978.0,2979.070328,3002.376862,2961.77263,246931357.32,0.09292941422689621,0.3224768102125135,0.013629833313555845
arbitrum,2025-12-22,7.660749378,2849969097,59414925.52,198144269.1,325720871.6,25174186.9116,3092615821.0,3019.817909,3055.423573,2976.538166,583280066.22,0.10186345970134704,0.33970691023969346,0.026122570756633066
arbitrum,2025-12-23,10.29176546,2873201467,47838038.02,157591042.1,337141966.4,12476926.477400001,3086699304.0,3014.996388,3023.525403,2919.927344,542571046.52,0.08816916849291666,0.2904523621574985,0.03436092308844249
arbitrum,2025-12-24,32.84991533,2846068762,26840704.51,106627764.9,566437593.7,9638926.5363,3066224215.0,2962.884309,2968.489846,2916.033237,699906063.11,0.038349009852457316,0.1523458225611084,0.017704575518071586
arbitrum,2025-12-25,79.02833707,2844520995,20225272.86,80238709.5,676997209.7,6211111.89622,3049007448.0,2944.832916,2958.962688,2911.769144,777461192.0600001,0.026014511163457696,0.10320606394178403,0.016025881721026036
arbitrum,2025-12-26,7.066773621,2822782180,41113059.88,122537704.1,212764452.66,14425912.741622001,3021044701.0,2902.633856,2976.662466,2902.633856,376415216.64,0.10922262985802764,0.32553865700172774,0.025503943546643554
arbitrum,2025-12-27,2.696225375,2820701601,9026595.875,38299869.88,91209828.39,11311981.222800002,2993484594.0,2927.249068,2940.6791,2923.334952,138536294.145,0.0651569029669023,0.27646090951381425,0.005925067391634635
arbitrum,2025-12-28,2.436006832,2832898510,10928042.61,46229977.09,106596912.32,2783110.0683899997,2990538945.0,2948.359611,2952.048119,2932.345169,163754932.01999998,0.06673412809737736,0.2823119677662824,0.006682682101087795
arbitrum,2025-12-29,4.672360572,2835630356,49878894.59,163647518.8,270625753.96,23550553.887199998,2985301807.0,2957.186178,3041.20248,2924.500326,484152167.35,0.1030231773266893,0.3380084399822526,0.03946391839249293
arbitrum,2025-12-30,3.984594587,2819172968,43273075.74,118503536.8,211995887.43,18348516.676799998,2954677733.0,2934.381437,2983.851283,2930.093729,373772499.97,0.11577383500250343,0.3170472327672887,0.018319893018052716
arbitrum,2025-12-31,3.373447224,2895623982,25328960.05,84308504.06,182908788.25,23518140.18674,3036203500.0,2965.56034,2999.061878,2965.56034,292546252.36,0.08658104434997453,0.2881886313014603,0.011296866075569375
base,2025-01-01,96.89740498,3214750756,99297846.12,569380747.0,305845680.77,507681036.93,3415496809.0,3345.613945,3361.268597,3323.542395,974524273.89,0.10189366112311771,0.5842653305363117,0.011276316580513382
base,2025-01-02,203.9383512,3297383734,195396625.5,947738272.2,525513714.672,612462870.4,3400719368.0,3372.751299,3471.640783,3372.751299,1668648612.372,0.11709872531056244,0.5679675548063897,0.02932012331573927
base,2025-01-03,196.3198826,3395996614,140574794.9,791158265.0,372017786.864,418826342.1,3421720697.0,3451.988792,3613.782353,3433.130554,1303750846.764,0.10782335846524388,0.6068324074064533,0.05233267252160887
base,2025-01-04,136.348499,3497721514,127961701.0,664594357.6,292742585.795,312583461.695,3448383004.0,3606.967894,3659.712804,3583.368377,1085298644.395,0.11790459857372464,0.6123608105771461,0.0211658182838264
base,2025-01-05,108.6113356,3573307359,85534009.11,569053636.5,249249201.479,342968607.744,3465091160.0,3659.359159,3659.359159,3610.825572,903836847.089,0.09463434621578062,0.6295977402700045,0.013262865133266329
base,2025-01-06,214.8706108,3503311506,205394324.8,779099585.6,435533386.90599996,673223344.76,3468114764.0,3636.703526,3720.16866,3624.947376,1420027297.306,0.14464111020236242,0.5486511330296722,0.026183405746229023
base,2025-01-07,182.5342737,3546016354,,,,480129564.54,3458938417.0,3684.077738,3691.31909,3380.530957,,0.0,0.0,0.0843598194995526
base,2025-01-08,180.0213702,3302009477,,,,667874870.2,3462468526.0,3397.120237,3397.120237,3265.798145,,0.0,0.0,0.03865688666821241
base,2025-01-09,163.8447397,3254910568,212089802.2,848854339.9,576637184.544,786046844.85,3446879901.0,3327.607255,3347.51484,3188.91346,1637581326.644,0.12951405756112838,0.5183585853654129,0.04766228940079637
base,2025-01-10,154.1783374,3154867469,223515085.2,881956665.3,529290580.246,449939613.44,3476243833.0,3225.027671,3308.631339,3225.027671,1634762330.746,0.13672634914336576,0.5395014606787103,0.02592339555774317
base,2025-01-11,70.34544631,3230364477,76004825.95,502242293.0,246241997.216,343635808.47,3475643210.0,3265.213326,3310.819506,3232.426167,824489116.166,0.09218414707938659,0.609155758581148,0.024008642368256627
base,2025-01-12,64.66374311,3191874189,74997522.85,415176394.4,229528923.89299998,256080889.34,3477247959.0,3285.716103,3290.733668,3239.968973,719702841.143,0.10420623424369461,0.5768719680759288,0.015450116019959697
base,2025-01-13,174.7641027,3126014150,243444451.8,839657345.5,600324245.94,506910983.68,3481766914.0,3299.195098,3299.195098,3006.821846,1683426043.24,0.1446125018545249,0.49877887351912203,0.08861957032405857
base,2025-01-14,157.7282485,3072619247,143969747.2,679637660.9,395959563.906,120913085.01,3461365341.0,3133.342438,3232.170151,3133.342438,1219566972.006,0.11804989025177674,0.5572778506637488,0.03154066781895726
base,2025-01-15,225.2246701,3215211863,181581449.8,863545116.1,490750844.351,710119894.73,3512694575.0,3226.523937,3448.855822,3196.397636,1535877410.2510002,0.11822652549484736,0.5622487252800179,0.07824463445163024
base,2025-01-16,184.6294107,3421679320,195032750.6,785522261.3,543964973.872,1049110066.3199999,3526919652.0,3423.52042,3423.52042,3293.9557,1524519985.7719998,0.12793059613530589,0.5152587493972539,0.03784546434807007
base,2025-01-17,150.9517874,3353383073,206724135.9,853995487.1,489029664.871,692303753.9000001,3530866033.0,3312.648353,3498.9653,3312.648353,1549749287.871,0.13339198637993346,0.5510539632337524,0.05624410657148909
base,2025-01-18,160.6656273,3374456062,250495574.9,930036211.1,623991217.9499999,888764624.0,3544122590.0,3480.383683,3480.383683,3253.595453,1804523003.9499998,0.13881539573154747,0.5153917179577112,0.065161847272113
base,2025-01-19,225.1308745,3290202142,325511313.2,1224240979.0,825697879.27,680755940.0,3468647411.0,3308.523005,3423.065929,3157.545973,2375450171.4700003,0.13703142128995438,0.5153721992166237,0.0802533201669547
base,2025-01-20,241.9181365,3216299637,365801764.5,1202555304.0,922074395.75,496946113.47999996,3391404398.0,3192.116234,3402.699166,3189.079591,2490431464.25,0.14688288746390463,0.48287026616175227,0.06692098888025633
base,2025-01-21,139.4902361,3265340135,220588039.9,794959367.0,538015765.21,432694933.20000005,3458142008.0,3259.530015,3346.927923,3231.37587,1553563172.1100001,0.14198845844189545,0.5117007027917065,0.03545052583293986
base,2025-01-22,97.96465873,3301571021,138679274.2,662939319.0,408539657.67800003,309138783.45,3484703483.0,3332.405477,3340.716727,3240.366221,1210158250.878,0.1145959828802429,0.5478120886413169,0.030113534110002838
base,2025-01-23,181.8265917,3280446914,245666382.9,1021761916.0,601251702.0109999,394736271.67,3497723369.0,3247.929495,3328.658027,3200.780119,1868680000.911,0.13146519617068478,0.5467827105239426,0.039372131752508976
base,2025-01-24,103.9227298,3330566113,172511940.8,712022034.5,465747333.541,457854417.4,3528581932.0,3323.765338,3406.576042,3298.107681,1350281308.841,0.1277600005794895,0.5273138492238753,0.032634181408627526
base,2025-01-25,61.61795705,3359131204,81680754.97,501665261.4,287373526.916,341056979.5,3558612824.0,3300.129647,3345.396634,3284.609073,870719543.286,0.09380834001008613,0.5761502257165038,0.01841974937416757
base,2025-01-26,110.483555,3338154212,73486838.02,618989407.0,315306563.133,284518621.72,3561413510.0,3321.841805,3349.753849,3259.919199,1007782808.153,0.0729193209345196,0.614209135135421,0.027043626781017117
base,2025-01-27,219.004686,3303471099,223811917.6,973021826.2,651404612.0200001,311962851.57,3584460341.0,3232.526242,3232.526242,3059.692579,1848238355.8200002,0.12109472617275184,0.5264590593177596,0.05346705643232946
base,2025-01-28,158.4307689,3174678809,147698383.7,792730566.0,495756737.82199997,235660209.29,3603940661.0,3182.650496,3216.730627,3063.433401,1436185687.522,0.10284072942882429,0.5519694095878229,0.04816652855620378
base,2025-01-29,87.25305672,3116366951,125373925.2,589188679.3,400120189.264,158567432.15,3599154883.0,3094.382803,3154.335787,3091.776164,1114682793.764,0.11247498023778063,0.5285707132075304,0.020217157017337554
base,2025-01-30,86.63841007,3182060670,113107239.6,563597379.0,347383703.986,184298390.55,3602945376.0,3109.045994,3270.555419,3109.045994,1024088322.586,0.11044676235970026,0.5503405971633571,0.05194822634071323
base,2025-01-31,134.4576224,3249394826,149852993.7,739901084.0,474941344.554,243903097.28,3614967322.0,3252.122301,3410.367343,3227.87599,1364695422.2540002,0.1098069146099246,0.542173053367426,0.05611454186205893
base,2025-02-01,83.15889852,3243525394,119315111.1,571854758.2,392512990.02099997,198893298.66,3671539535.0,3302.883699,3323.26192,3123.677309,1083682859.321,0.11010150255099439,0.5276956752442364,0.06042738079467562
base,2025-02-02,146.1692272,3070129979,193282459.0,713617349.7,572292550.777,208936321.18,3666061175.0,3139.882943,3155.898715,2836.414848,1479192359.477,0.130667561768869,0.48243715236084284,0.1017502476365406
base,2025-02-03,354.6815232,2820765025,272083202.9,845002972.8,679314226.525,126307227.21000001,3656457122.0,2829.608062,2877.772457,2466.985112,1796400402.225,0.15146022154248073,0.47038676441699157,0.14517464468547311
base,2025-02-04,124.9427951,2881561428,192468624.5,683601535.3,542597314.7129999,113316855.84,3657170944.0,2872.743828,2872.743828,2652.669411,1418667474.513,0.13566859602957387,0.48186171007738554,0.07660774164928438
base,2025-02-05,75.82210041,2820913159,151023446.7,546311622.5,420963246.51100004,133671545.22,3684201536.0,2728.940978,2810.089283,2722.354915,1118298315.711,0.13504754910051098,0.48852047331633686,0.03214960261408772
base,2025-02-06,90.10732664,2832231267,154858362.9,534846206.8,403268381.353,274925796.34999996,3675142039.0,2786.040496,2843.037704,2689.64134,1092972951.053,0.1416854486204853,0.4893499022868906,0.05505891397495312
base,2025-02-07,78.90600724,2780150336,151135308.1,496220362.5,407495612.378,319194504.4,3663503697.0,2699.810468,2787.061683,2578.413295,1054851282.978,0.1432764130250881,0.470417366416901,0.07728260575067897
base,2025-02-08,47.4311871,2786548844,70024232.79,350977471.0,228872842.26,255652504.10999998,3708374992.0,2640.313472,2645.669634,2604.266264,649874546.05,0.1077503853868628,0.5400695767102663,0.01568123271690067
base,2025-02-09,50.9266547,2775173511,85271880.21,400649736.3,274733063.674,502320298.69,3691616531.0,2634.150122,2669.817891,2587.938093,760654680.184,0.11210327423394409,0.5267169804346489,0.031083952777084714
base,2025-02-10,66.3967482,2787086684,109044962.6,457418807.5,310135708.96,616231904.38,3690115981.0,2644.669354,2683.40991,2579.781303,876599479.06,0.12439542254454873,0.5218104943326021,0.039183955772491494
base,2025-02-11,90.56545656,2829045855,128597443.6,461877767.1,315503609.462,592935049.81,3690988874.0,2683.082474,2718.803083,2596.774226,905978820.1620001,0.14194310147008204,0.5098107779356372,0.04548084458174572
base,2025-02-12,90.70035718,2726406703,145506577.8,511292899.8,378918498.728,743996669.3100001,3681194352.0,2606.069689,2742.831786,2586.696018,1035717976.3280001,0.14048860898975044,0.4936603510665334,0.05991235332617389
base,2025-02-13,79.8342029,2775073581,116248688.8,414390638.6,354881944.381,636899949.3299999,3677869918.0,2729.589578,2741.588879,2628.894251,885521271.781,0.131277127387573,0.46796237629228155,0.04128629040361896
base,2025-02-14,63.41963668,2864904179,108300409.8,409816550.4,317113955.072,672212800.12,3649542636.0,2672.290805,2777.416546,2672.290805,835230915.2720001,0.12966523127886262,0.49066257355493087,0.039339184494181514
base,2025-02-15,28.46071036,2918634000,49707674.94,261997888.4,191054594.644,487305878.07,3648385907.0,2719.643707,2733.235007,2688.258095,502760157.984,0.09886955867648906,0.5211190350694772,0.01653779569883934
base,2025-02-16,33.61655191,2888518726,59474959.87,268823447.0,216178440.093,401868109.32000005,3655659137.0,2699.625633,2714.407037,2668.090946,544476846.963,0.10923322121361319,0.4937279674966012,0.017156486600896095
base,2025-02-17,58.28486285,2872730805,113899717.0,472624709.4,362813197.857,462114907.1,3651338980.0,2668.9156,2803.056792,2662.548717,949337624.257,0.11997809218732243,0.4978468116334272,0.05264612901209755
base,2025-02-18,84.51522665,2851610607,123370092.7,447817218.9,376834877.79499996,,3652499259.0,2735.303375,2735.303375,2626.049578,948022189.395,0.13013418259622297,0.472369976050649,0.03994211318515989
base,2025-02-19,57.25127121,2840726813,90223235.6,373848233.5,296053638.46699995,,3644950745.0,2673.316439,2729.904297,2664.800354,760125107.5669999,0.11869524464043232,0.49182460857872373,0.024353249787501145
base,2025-02-20,69.70139267,2860278568,105053119.1,399869674.0,307338880.4,535681505.90000004,3646745312.0,2719.201412,2756.337526,2719.201412,812261673.5,0.12933408349470768,0.49229169249975696,0.013656992761226144
base,2025-02-21,136.4313637,2880686487,173728597.4,610090110.0,497949783.382,491574863.91999996,3684693183.0,2740.742338,2825.091217,2632.475356,1281768490.782,0.1355382026078743,0.4759752750887076,0.07027871913729682
base,2025-02-22,49.25182362,2870658501,84606662.18,406098168.7,229792324.218,417684647.93,3748964266.0,2667.133387,2784.650832,2667.133387,720497155.098,0.11742816967610654,0.5636360474522119,0.04406133025547101
base,2025-02-23,43.51504484,2960969080,95920889.01,426360295.2,280710920.987,445056431.14,3753320223.0,2761.945981,2818.644555,2754.228412,802992105.197,0.11945433633680308,0.5309644919801546,0.023322738186456922
base,2025-02-24,145.8509908,2943826297,163757750.3,592481262.4,518567197.981,535302935.14,3766249749.0,2826.810768,2826.810768,2526.941499,1274806210.681,0.12845697559986063,0.4647618261002174,0.10608041839750054
base,2025-02-25,140.9495298,2751172122,179443447.9,562101268.3,428902291.821,223830166.54,3760272238.0,2505.51365,2512.021911,2386.724974,1170447008.021,0.15331189423381436,0.4802449529521245,0.05000848309088223
base,2025-02-26,103.4032038,2705307675,136743112.2,441034765.7,353634519.339,408070536.52,3728433345.0,2485.466382,2498.236315,2294.962488,931412397.239,0.14681263917610468,0.47351180530489617,0.08178498348323264
base,2025-02-27,61.23607324,2595470673,127756657.2,367433514.0,278520824.811,108772202.93,3679256233.0,2335.490343,2367.059323,2260.636039,773710996.0109999,0.16512193552718188,0.47489762442871647,0.04556785444177706
base,2025-02-28,126.2382574,2594959534,168104116.9,501327366.1,341153904.388,63602669.649000004,3671568172.0,2305.57916,2305.57916,2100.795721,1010585387.388,0.1663433085397056,0.49607620727205554,0.08882082322430424
base,2025-03-01,41.90369275,2567638086,101191083.3,277532459.2,193713685.211,53587535.31,3680352159.0,2232.577663,2269.703741,2159.466457,572437227.711,0.17677236629880266,0.48482601369195844,0.04937668499821402
base,2025-03-02,123.9278282,2593324741,177240825.9,563232387.0,408471463.62,53489846.419999994,3685982480.0,2216.28492,2528.036997,2198.31778,1148944676.52,0.15426402116839846,0.49021715188755277,0.14877113227842578
base,2025-03-03,107.8256748,2791423992,181270020.4,429712127.8,420028627.561,163266165.53,3673620751.0,2492.964942,2492.964942,2121.897828,1031010775.761,0.17581777481055197,0.41678723239611626,0.14884570085542742
base,2025-03-04,123.0795594,2552199742,180152017.1,453075955.0,386812445.311,140498758.41799998,3672724686.0,2144.780939,2179.646005,2045.745013,1020040417.411,0.1766126263479344,0.44417451236880184,0.06243108075290484
base,2025-03-05,67.08729494,2573475446,129716359.3,335263459.3,270190720.605,255498175.56,3669512133.0,2166.57264,2247.092824,2166.57264,735170539.205,0.17644390298919335,0.4560349489283776,0.03716477468302193
base,2025-03-06,62.32120949,2635251431,136499643.7,335147192.8,306162698.901,316781705.369,3663911497.0,2244.526117,2304.887125,2197.72029,777809535.401,0.17549237633044384,0.43088593999714175,0.04774586233963612
base,2025-03-07,104.845423,2562947171,179915524.2,453456275.6,405588156.511,163366961.954,3662295662.0,2165.306298,2210.990476,2134.176303,1038959956.3109999,0.1731688724932383,0.43645212007022094,0.03547496863189734
base,2025-03-08,61.20278542,2523753131,74406239.48,399536805.3,208254793.222,127172182.25999999,3678927431.0,2140.107656,2222.356098,2133.846802,682197838.0020001,0.10906841877118623,0.5856612012582025,0.04135740356418788
base,2025-03-09,73.01084188,2528274907,92920129.4,335775950.5,353636253.787,54718416.55,3698711498.0,2207.493155,2207.493155,2015.852737,782332333.687,0.11877321874462626,0.42919861041348595,0.08681359557828398
base,2025-03-10,166.4127771,2373010889,155405755.6,490668324.1,363023123.026,,3698179703.0,2020.56756,2122.160862,1853.865198,1009097202.7260001,0.15400474323007046,0.4862448560698578,0.13278232775349527
base,2025-03-11,143.7194143,2249209319,153768502.0,443606537.1,331953932.275,,3666059014.0,1835.782696,1953.283696,1812.990214,929328971.375,0.16546186198466398,0.47734069502176024,0.07642161695155233
base,2025-03-12,126.0072287,2346099466,121228477.9,428086071.2,279293287.382,34057678.76,3668220318.0,1917.929716,1921.750522,1856.028895,828607836.4820001,0.14630380327405154,0.5166329020221611,0.03426696320085596
base,2025-03-13,89.21001592,2373317909,95720103.58,348925848.6,235318489.593,51268498.86,3654537535.0,1906.753027,1906.753027,1842.978881,679964441.773,0.14077221939784212,0.5131530814908197,0.033446463751175666
base,2025-03-14,87.23576235,2352481235,92479401.72,288656158.5,181189317.374,46053637.267,3672756389.0,1870.457048,1938.250112,1870.457048,562324877.5940001,0.16445902609838,0.5133263172261968,0.036244116951248996
base,2025-03-15,55.29779739,2432323989,46684681.91,255084042.7,107974260.328,26002878.487999998,3791854936.0,1915.759043,1948.707607,1911.042849,409742984.938,0.11393650074830215,0.6225464549163614,0.019660488169231688
base,2025-03-16,55.45576582,2704546345,71913276.67,260113469.6,164605328.005,36687978.606,3797995914.0,1940.303616,1940.303616,1881.952158,496632074.275,0.1448019175462668,0.5237548742290201,0.03007336455945659
base,2025-03-17,76.54183192,2660739855,80312238.13,290540886.6,177325781.871,35840301.55,3803889034.0,1895.527716,1947.512068,1893.351412,548178906.6010001,0.14650734853695568,0.5300110659155194,0.028572864191240353
base,2025-03-18,75.22876353,2707049234,86492355.35,271007966.8,197427066.74199998,41641449.595,3754923200.0,1927.296213,1928.639076,1882.035573,554927388.892,0.15586247332771883,0.48836653627983684,0.0241807682107451
base,2025-03-19,95.74629451,2677171403,133718487.8,347448521.3,260474974.168,39403360.97,3767081152.0,1938.956729,2054.070842,1932.369884,741641983.268,0.18030059087374972,0.4684855080196369,0.0627662062694748
base,2025-03-20,62.17299008,2813936076,94821158.3,292564152.6,229500710.436,53592057.889,3758581700.0,2047.873669,2047.873669,1965.096364,616886021.336,0.15370936448623734,0.4742596565349125,0.04042109933491218
base,2025-03-21,44.94528461,2635770097,74047876.81,232678184.2,180414578.206,36885307.689,3757020322.0,1986.366222,1991.237505,1948.859847,487140639.21599996,0.1520051312679887,0.4776406759544231,0.021334262297982284
base,2025-03-22,28.04941755,2704561731,29605817.63,170810656.3,88601830.23300001,17332574.8185,3811408124.0,1974.224452,2000.978793,1974.224452,289018304.163,0.10243578764237357,0.5910029013375795,0.013551823336448103
base,2025-03-23,38.02276341,2721095355,56752963.02,219602826.5,119501259.715,27705769.427,3809590295.0,1986.286715,2018.567343,1986.286715,395857049.235,0.14336731688794224,0.5547528506171253,0.016251746415169462
base,2025-03-24,69.30690346,2751286811,122721199.1,307415735.6,212176788.558,51257526.632,3795752395.0,2007.909085,2094.651424,1987.593317,642313723.258,0.1910611507372484,0.4786068310057256,0.05331820439469751
base,2025-03-25,62.86938792,2816466601,100751324.3,278689659.6,209279314.895,45044160.805,3731541808.0,2085.955298,2085.955298,2045.363444,588720298.7950001,0.1711361481950241,0.4733821140029067,0.01945959917689463
base,2025-03-26,53.5984017,2805105147,89158547.15,262565136.1,199904885.90800002,52736671.598,3730814868.0,2069.792703,2074.189931,1995.37154,551628569.158,0.16162786362949016,0.47598175798033204,0.038080330888092706
base,2025-03-27,46.67249019,2802693614,76722482.03,242278381.1,175258119.97800002,41949878.878000006,3740273937.0,2013.599098,2032.734362,2003.627007,494258983.10800004,0.15522728903692065,0.49018508389368004,0.014455387385160555
base,2025-03-28,67.05307613,2779004782,97794610.31,284885004.1,239603131.65899998,49229945.76,3744963859.0,2000.92604,2010.499575,1874.041201,622282746.069,0.15715462292306,0.45780636840670397,0.06819761014255182
base,2025-03-29,43.63975801,2693641946,73639907.85,236968606.8,177196625.11299998,44560308.14,3815676187.0,1905.172813,1907.818185,1818.150516,487805139.76299995,0.1509617300993957,0.48578538330926807,0.047065372961523654
base,2025-03-30,49.52841122,2617488553,63028862.16,196297611.3,155357279.942,31320468.89,3816602939.0,1824.481196,1847.145279,1796.730805,414683753.402,0.15199260072988433,0.47336701688842503,0.027632224497862217
base,2025-03-31,63.49138064,2620430102,102341043.8,267574979.0,234045300.863,60599743.45,3828307841.0,1799.996745,1844.284535,1791.445356,603961323.663,0.16944966472241282,0.443033301167646,0.0293551525283453
base,2025-04-01,60.15690549,2643070682,108623874.3,278398866.8,210263498.488,54403834.38,3731245480.0,1826.380427,1917.849377,1826.380427,597286239.588,0.1818623418730143,0.4661062792808282,0.050082090591742824
base,2025-04-02,114.3867924,2627520209,168593041.7,376456464.9,355446255.92300004,54143268.08,3880573826.0,1901.024614,1906.557203,1794.24378,900495762.523,0.1872224709060681,0.41805467673190155,0.05908046753991164
base,2025-04-03,54.16197089,2651266071,104358958.2,251762469.5,226047555.067,58541715.43,3898890142.0,1809.943,1833.098673,1769.142617,582168982.767,0.1792588772146374,0.43245599980849936,0.0353359503586577
base,2025-04-04,54.90559693,2667196673,124363326.8,242244972.4,263202234.359,51147886.384,3901795497.0,1817.902051,1828.753737,1776.229869,629810533.559,0.19746149067598878,0.3846315034318281,0.028892573156572114
base,2025-04-05,25.20430048,2812855742,47831155.77,125179167.0,94393839.783,27918193.949,3917056849.0,1816.370431,1823.288672,1785.020054,267404162.55300003,0.17887214362461457,0.46812721913103816,0.02106872989499785
base,2025-04-06,135.9663599,2779274263,102347393.8,213259785.4,210447776.519,43565228.67,3910025196.0,1808.394479,1810.82004,1563.812272,526054955.719,0.1945564673183506,0.4053944993418442,0.13658953888013953
base,2025-04-07,232.3857023,2560070953,198048932.1,347931762.1,358480199.996,52940232.85,3891178828.0,1572.857545,1591.819921,1449.909353,904460894.1960001,0.21896903820927613,0.3846841409426397,0.09022467956562462
base,2025-04-08,67.86750005,2385169832,128104951.6,212555558.2,220546108.067,58014580.86,3842072220.0,1555.753483,1595.935103,1461.972771,561206617.867,0.228267000996698,0.3787474192800296,0.08610768573802387
base,2025-04-09,130.9104091,2300736543,201095145.4,332959730.3,322561521.24399996,64017225.107999995,3764665226.0,1472.285361,1674.898276,1418.8038,856616396.944,0.2347551904416164,0.38869175454479044,0.17394350496432057
base,2025-04-10,88.0925367,2477099063,126390479.9,225959994.5,224559349.938,55871234.747,3747520936.0,1652.130019,1652.130019,1496.656607,576909824.3379999,0.21908186438848085,0.3916729876446246,0.09410482844086622
base,2025-04-11,77.76515041,2333393160,121359649.8,219566407.8,212573510.28800002,54090416.569000006,3783494716.0,1522.019776,1575.271815,1522.019776,553499567.888,0.21925879773145004,0.3966875866548626,0.034987744469359615
base,2025-04-12,51.7314465,2423708794,91555060.74,227671811.8,157899876.07,40978220.35,3788612170.0,1565.228223,1657.123866,1552.169189,477126748.61,0.19188834205318564,0.4771726013334401,0.06705391294238115
base,2025-04-13,66.25072061,2497071178,110844608.0,254873891.6,222316056.306,45039649.12,3791586076.0,1642.986449,1642.986449,1580.017398,588034555.906,0.1885001602145963,0.4334335270608531,0.03832597100135914
base,2025-04-14,63.29709145,2449944261,138667664.9,267205473.9,249128749.614,43897091.703,3773350963.0,1611.257954,1679.197706,1611.257954,655001888.414,0.21170574826244443,0.4079461122577868,0.042165658100453356
base,2025-04-15,55.26670641,2433988582,100340070.6,227725350.9,198224464.942,27783791.014,3756095049.0,1625.07474,1644.381324,1592.771861,526289886.44200003,0.19065551739622497,0.43269946234297735,0.031758208856289286
base,2025-04-16,110.5065022,2433603508,115729598.7,262301055.8,216611589.928,37009666.308,3754038014.0,1587.527354,1599.251951,1561.186556,594642244.428,0.1946205466974903,0.4411073351378078,0.023977788416740472
base,2025-04-17,99.54500496,2424921540,95826781.75,229862197.5,157515710.097,25628854.634999998,3736000515.0,1581.650382,1611.229949,1579.406904,483204689.347,0.19831509060787417,0.4757035735945246,0.020120151306611635
base,2025-04-18,56.96063952,2435370461,30750050.19,141979985.2,77080629.154,13844210.286,3754016676.0,1582.896485,1596.538256,1579.425129,249810664.54399997,0.1230934245586777,0.5683503763106662,0.010811273612753065
base,2025-04-19,32.27959859,2448667915,39351942.04,122357936.6,70225708.365,9181608.7697,3753169782.0,1589.431968,1619.570447,1589.431968,231935587.005,0.16966754670188522,0.5275513696712797,0.01896179239299153
base,2025-04-20,34.79973421,2484208315,43266953.98,117714636.3,82003868.256,12813436.5,3756962456.0,1612.443589,1617.129139,1573.945346,242985458.536,0.17806396415936016,0.4844513618602396,0.026781583737004722
base,2025-04-21,58.15609847,2480606303,109612337.2,218189261.8,185965584.381,32725090.314999998,3756621950.0,1602.896378,1649.93197,1575.479478,513767183.38100004,0.2133502114297432,0.4246850886118099,0.0464487243354418
base,2025-04-22,129.7237422,2484787253,155596181.4,328607904.2,248354429.607,237212200182.062,3761493294.0,1569.512751,1752.739571,1569.512751,732558515.207,0.212401027590312,0.44857563918582644,0.11674121148952685
base,2025-04-23,168.3172976,2425197397,146961809.0,350298759.5,301066424.034,43462583.986,3766510356.0,1754.102648,1811.435577,1754.102648,798326992.5339999,0.18408723539902236,0.43879107530625194,0.032685047859297184
base,2025-04-24,72.65217958,2320872935,102526691.9,250005007.8,249021427.88,43623443.17,3768352384.0,1792.929961,1793.478687,1740.726322,601553127.58,0.17043663676466392,0.4155992153274144,0.029422434867772313
base,2025-04-25,90.08318613,2472117227,130566726.9,298322504.4,282085295.52,46707778.94,3741079927.0,1769.90033,1810.73321,1751.550587,710974526.8199999,0.1836447326516609,0.4195966144305018,0.03343839310996691
base,2025-04-26,53.592774,2393485767,114290939.8,273547678.6,13797422409.14,44449647.328999996,3739037698.0,1792.012065,1821.415277,1790.089473,14185261027.539999,0.008057020563675892,0.01928393690245956,0.017480799717718452
base,2025-04-27,47.27378904,2425136271,55287596.3,217281608.2,170893794.31,36201943.099,3741834309.0,1834.509965,1834.509965,1792.713227,443462998.81,0.12467239983574763,0.4899655862677586,0.022783598234638103
base,2025-04-28,85.65397635,2406443352,105707693.6,323912076.4,295711342.86,94485136.68,3746815323.0,1783.845207,1817.768989,1759.573806,725331112.86,0.14573715607371607,0.4465713253672602,0.032623448924623995
base,2025-04-29,71.43598417,2452895805,88025948.64,313503129.0,272478694.35,63962203.91,3754159731.0,1800.987383,1833.062167,1789.848504,674007771.99,0.13060079170912886,0.4651328100778211,0.023994428505110743
base,2025-04-30,73.86017786,2436901173,87408076.77,277500068.1,8963043034.608,71618465.00999999,3741130980.0,1803.571697,1811.831251,1755.082789,9327951179.478,0.009370554700404363,0.029749305368419514,0.03146448909926535
base,2025-05-01,88.0659495,2451604912,96294899.74,282391477.8,226037409.79,63590323.094,3708856638.0,1796.465216,1859.862732,1796.465216,604723787.33,0.15923782354447305,0.46697597104097033,0.03529014390891496
base,2025-05-02,60.11759187,2518176285,77098575.59,242339520.0,227940823.91,47809674.538,3707655504.0,1841.894524,1853.113817,1821.837741,547378919.5,0.14085046545165686,0.44272717009519397,0.016980383834400214
base,2025-05-03,35.55200009,2561320480,33298787.98,176154846.4,130684750.24000001,30089723.865999997,3731590433.0,1841.8401,1841.9085,1821.346478,340138384.62,0.09789776598486863,0.5178917004524463,0.011163847502288647
base,2025-05-04,34.39949256,2546719559,46683098.97,203394785.6,154539560.801,53129611.982999995,3737359892.0,1836.203295,1844.901505,1815.125936,404617445.371,0.11537589272058091,0.5026841722395439,0.016215834641555925
base,2025-05-05,50.21324098,2511909410,64615195.12,240047253.7,180047283.457,64430894.742,3739078176.0,1815.307066,1829.143822,1795.976232,484709732.27699995,0.13330698935311242,0.4952391869095353,0.01827106312822561
base,2025-05-06,55.45563655,2538092889,79772155.43,265457077.4,207106466.64,32868047.66,3763444915.0,1816.542063,1816.542063,1766.747963,552335699.47,0.14442694091029473,0.4806082200638531,0.027411476460812385
base,2025-05-07,51.50808463,2550151690,93919690.46,298109046.1,235845288.76000002,47607022.95,3754016169.0,1827.260285,1843.651688,1796.715575,627874025.32,0.14958365320516837,0.47479117478711885,0.025686604905332342
base,2025-05-08,122.2860389,2473991644,11933252908.0,14412387293.0,17612732750.64,85186715.66,3766725176.0,1814.140592,2186.046603,1814.140592,43958372951.64,0.27146712006670837,0.32786443913325736,0.2050039631107046
base,2025-05-09,130.1770636,2799269290,180866823.8,622956033.9,436962588.96,72656586.12,3762537261.0,2193.732794,2405.161731,2193.732794,1240785446.66,0.145768008713243,0.5020658773657444,0.09637861893584845
base,2025-05-10,91.75000592,2851681367,143873753.2,544273554.7,317396578.26,78944845.4,3751786347.0,2349.462195,2579.419069,2332.889716,1005543886.1600001,0.14308053102428897,0.5412727999157626,0.10493012125270647
base,2025-05-11,76.45274371,2992290062,149394741.7,463017064.8,332669820.907,72738174.47,3761382869.0,2557.883618,2557.883618,2461.927336,945081627.4070001,0.15807601943325372,0.4899228292802283,0.03751393586664726
base,2025-05-12,110.3128713,2958885151,190797690.0,615150486.7,471404137.31,69916346.19999999,3753882696.0,2525.612058,2565.032363,2451.272004,1277352314.01,0.14936966716804045,0.48158247333412213,0.04504268921256468
base,2025-05-13,107.8863705,2935031906,169866240.3,642971148.6,459136395.84000003,63696520.3,3737768877.0,2474.885038,2689.546324,2433.684742,1271973784.7400002,0.13354539404656188,0.505490880640616,0.10338321904712247
base,2025-05-14,114.875555,3063244338,139915385.5,513120130.5,390733196.95,39198072.509,3717868220.0,2684.529269,2699.803284,2575.818937,1043768712.95,0.13404826544815432,0.4916032873315107,0.0461847626068852
base,2025-05-15,79.58495575,3032521531,155252859.0,476024667.7,357575394.04999995,43229855.05,3717807774.0,2624.927107,2624.927107,2515.89325,988852920.75,0.15700298370181054,0.48139076874946873,0.0415378608835403
base,2025-05-16,54.70595486,3011972250,116853106.5,398014692.3,306464367.45,34107776.956,3724459135.0,2553.427787,2628.682649,2550.382022,821332166.25,0.14227265325979188,0.4845964990233329,0.030664907540618094
base,2025-05-17,46.89747025,3006020945,106402643.7,323957510.4,265039997.66,31031415.059,3719944688.0,2514.468585,2514.468585,2465.451895,695400151.76,0.15300923278590572,0.46585769298452184,0.01949385659157079
base,2025-05-18,92.23390996,2942527850,146077826.6,439965094.8,323281163.3,43103727.12,3714608051.0,2479.361383,2572.548759,2393.801028,909324084.7,0.16064440506730152,0.4838375032650227,0.0720942627507238
base,2025-05-19,86.08688574,3036497356,179010971.6,481444497.9,421083461.67,56522826.62,3693552483.0,2470.663986,2521.565248,2375.130936,1081538931.17,0.16551505123014607,0.44514763548934594,0.059269213794254844
base,2025-05-20,71.77908494,3076192366,163665278.7,706960847.3,416494514.77,73578097.118,3721918855.0,2536.029942,2571.267929,2459.388231,1287120640.77,0.12715612936025156,0.5492576413638053,0.044116079288783173
base,2025-05-21,133.3249847,3110662841,197843308.8,513950562.6,560071984.12,46689361.067,3726562048.0,2527.301021,2596.78523,2479.094711,1271865855.52,0.15555359705690985,0.4040917997518475,0.04656766962941047
base,2025-05-22,71.26193576,3177299640,146723145.3,497711349.8,448137548.52,44637600.688,3716996384.0,2562.238627,2673.045229,2562.238627,1092572043.62,0.13429150613616725,0.45554098945360316,0.04324601183994236
base,2025-05-23,90.7940308,3223388735,159768344.6,568978647.5,432542371.07500005,58697898.157,3749589331.0,2656.999711,2710.734624,2525.71949,1161289363.1750002,0.1375784103999614,0.48995424012529937,0.06963310279411628
base,2025-05-24,34.01646009,3121627417,66564676.28,263934468.2,174190401.771,20276924.674,3743234144.0,2531.410511,2570.150309,2528.670582,504689546.25100005,0.1318923222691342,0.5229640085882341,0.016386013576128313
base,2025-05-25,45.37040941,3134973451,80305251.16,290542001.3,208353925.331,32507145.325000003,3747787040.0,2519.630326,2545.888865,2482.703524,579201177.791,0.1386482870533414,0.5016253634153343,0.025077226745523734
base,2025-05-26,57.87656265,3188034418,82293303.34,308657695.2,216268749.476,37499853.618,3753890816.0,2554.006626,2585.201006,2539.629881,607219748.016,0.13552474801565842,0.5083130056433326,0.017842994037713958
base,2025-05-27,61.41439171,3189364446,123632796.2,431091476.1,289040589.462,40166998.253000006,3723678422.0,2563.200636,2693.812758,2534.261763,843764861.7620001,0.14652517757355127,0.510914231720635,0.062246783478092135
base,2025-05-28,95.17464787,3286454554,94253208.33,343082867.6,245337766.701,22718914.597999997,3717487197.0,2653.269392,2671.223079,2626.841394,682673842.631,0.1380647718488108,0.5025575116189763,0.01672716880306884
base,2025-05-29,144.8202419,3262399336,143053639.9,429658770.5,342258778.24899995,45869547.79,3702358663.0,2694.237079,2760.429671,2636.619696,914971188.6489999,0.15634769889446,0.4695872130513884,0.04595363042288517
base,2025-05-30,86.51432443,3180261626,141314732.6,430234623.4,341979621.74700004,33950996.55,3707870706.0,2625.802822,2639.404717,2527.984885,913528977.747,0.1546910235387594,0.4709589229025558,0.04243267280638182
base,2025-05-31,43.2399129,3110863097,84015695.92,283363253.3,190313035.00100002,22243833.127,3698750461.0,2527.178755,2546.604428,2501.27735,557691984.2210001,0.15064892144246164,0.5080999213137514,0.017935841661505365
base,2025-06-01,43.89771782,3125042418,79764284.48,263509099.2,169066669.53,18608289.212,3700714861.0,2525.591977,2543.234894,2492.573787,512340053.21000004,0.1556862165669993,0.5143246122356001,0.020059101969502478
base,2025-06-02,51.15284624,3169745470,98101426.0,348632319.3,239752407.679,45320965.908,3703001048.0,2536.57701,2598.314408,2484.958994,686486152.979,0.14290372147244312,0.5078504756244732,0.044688339267097636
base,2025-06-03,61.06435051,3205364177,99086711.58,364042184.0,231297900.628,42834272.318,3701581714.0,2617.100787,2640.681379,2599.71159,694426796.208,0.14268849088352403,0.5242340675617583,0.015654647006149183
base,2025-06-04,67.19411768,3222263895,81431651.82,338253206.4,219654629.67700002,36095314.508,3708929058.0,2596.699755,2659.997825,2596.699755,639339487.897,0.12736840655323162,0.529066658329876,0.024376353052800215
base,2025-06-05,97.15532122,3197670321,136757027.2,426957757.7,321023270.874,46543758.758,3704883697.0,2610.628371,2629.56896,2423.3571,884738055.7739999,0.15457346534094787,0.4825809796623729,0.07898935838233097
base,2025-06-06,47.99621377,3096268897,105556662.7,343864507.6,213932200.02899998,37779463.563999996,3704782800.0,2416.344192,2516.097162,2416.344192,663353370.329,0.15912584064756857,0.5183730466756433,0.04128259969347943
base,2025-06-07,39.11848156,3211823324,58718014.75,240699085.4,121480337.707,26447806.025,3681208878.0,2473.449525,2530.247801,2473.449525,420897437.857,0.13950670512266092,0.5718711109896981,0.022963183774692142
base,2025-06-08,43.64902904,3246671322,57078999.17,245162174.8,139689268.268,27398653.212899998,3682907876.0,2523.039035,2537.421655,2500.652561,441930442.23800004,0.129158332883663,0.5547528555816682,0.01457333536656924
base,2025-06-09,79.00865046,3250350316,122522011.7,456218217.3,264573571.02199998,38123126.674,3671281694.0,2509.194308,2669.236258,2488.232094,843313800.022,0.14528638295353843,0.5409827484005342,0.07213636800582122
base,2025-06-10,89.71420702,3403794919,152216895.9,561259602.9,369405839.81,40844222.757,3695920301.0,2698.565779,2801.119129,2668.230455,1082882338.61,0.14056642210582854,0.5183015576931832,0.049244185572250326
base,2025-06-11,83.59997446,3462567641,141387360.6,517496487.7,382507123.355,36463140.463,3677677690.0,2811.349064,2858.419671,2764.929238,1041390971.655,0.13576779946085407,0.4969281487793042,0.03325465136904107
base,2025-06-12,88.56767676,3409223228,143316049.0,501262177.8,404857660.75399995,33339780.438,3673244952.0,2773.005045,2773.845531,2643.981315,1049435887.5539999,0.1365648446938837,0.4776491672762687,0.046831583027285816
base,2025-06-13,120.5498901,3291468674,201314023.4,575675359.6,492115501.386,39406404.163,3673655496.0,2574.785829,2577.30609,2485.930898,1269104884.386,0.1586267816606796,0.4536073942214122,0.03548846314549138
base,2025-06-14,37.63197604,3306628143,77626210.4,301430572.2,206743988.49499997,24471323.427,3666222756.0,2571.069589,2571.069589,2506.883554,585800771.095,0.13251298774308248,0.5145615831753773,0.024964721015180647
base,2025-06-15,27.72857373,3273867487,69569893.1,290790510.3,174244333.264,14784889.498,3669412951.0,2537.529702,2550.89511,2510.13243,534604736.664,0.13013332716452303,0.5439355291061747,0.016063922313055874
base,2025-06-16,82.50777773,3280231358,145502464.3,471041218.3,349996673.12100005,18360336.778,3668380498.0,2546.78858,2660.497989,2537.037649,966540355.7210001,0.15053946111899388,0.48734769894695423,0.04847687042793324
base,2025-06-17,73.06040514,3347636459,144678960.0,446071355.8,353244776.574,29164837.661,3690886850.0,2552.118103,2610.441796,2471.360059,943995092.374,0.15326240694340376,0.4725356724876613,0.05449659121829441
base,2025-06-18,77.38829208,3284991970,129694029.7,394753571.1,315585501.844,21982716.974,3694064869.0,2516.343905,2538.929329,2483.99748,840033102.644,0.15439157015573396,0.46992620869048507,0.02183002446162066
base,2025-06-19,55.03750338,3322359522,72939893.32,287531586.0,201153455.069,12858343.717,3696823873.0,2531.768652,2539.534795,2500.229768,561624934.3889999,0.12987296121272177,0.5119637117123546,0.015524730890774881
base,2025-06-20,81.1999972,3342087699,114721070.7,352554448.5,274688767.317,19004055.865000002,3700452454.0,2526.008537,2556.7914,2398.140302,741964286.517,0.15461804939228904,0.47516363645344034,0.06280703159793014
base,2025-06-21,85.31055842,3210420989,99829093.46,315098675.2,220934265.558,18462639.961,3698785957.0,2408.002962,2442.66173,2260.664699,635862034.2179999,0.15699804059346376,0.49554566595176064,0.07558006940690792
base,2025-06-22,108.3301653,3171438232,184061211.4,401084673.0,334824431.283,82597482.536,3704426550.0,2296.10974,2296.10974,2162.859305,919970315.683,0.2000729895978765,0.4359756680868867,0.05803312998445794
base,2025-06-23,82.26732364,3117654720,175768092.7,432464787.2,331967063.37700003,33302959.137000002,3716413027.0,2236.616783,2418.542868,2221.983848,940199943.277,0.1869475678623983,0.45997108412139953,0.08788229682169928
base,2025-06-24,63.00566212,3311776418,140917268.9,393484596.1,310599158.13699996,22973701.751000002,3717354569.0,2408.42621,2460.966593,2395.778157,845001023.137,0.1667657967760272,0.46566168007610137,0.02706681887505281
base,2025-06-25,58.30191309,3364017606,114097513.8,317589651.9,252456917.282,18103285.444,3735822504.0,2448.549812,2460.162544,2412.811132,684144082.982,0.1667741001320652,0.46421457087769014,0.019338553689182608
base,2025-06-26,56.40671346,3325830226,107635832.4,332219097.9,260257765.21199998,35923950.409,3734080079.0,2424.067196,2497.834483,2416.11973,700112695.512,0.15374072358634314,0.47452231623516633,0.03370977221045658
base,2025-06-27,35.42822603,3345249427,85617293.39,254580214.5,194893012.526,57774748.067999996,3709332305.0,2418.053362,2454.892265,2401.168681,535090520.416,0.1600052516786091,0.4757703692864518,0.02221769992518463
base,2025-06-28,18.23571527,3294014344,29195052.17,147419972.4,74978084.1496,37087458.1877,3729703992.0,2422.097346,2440.71504,2415.693899,251593108.7196,0.11604074657918324,0.585945986955864,0.010330361428834235
base,2025-06-29,39.83528908,3316828324,53920152.41,205710451.2,122069695.02,41561555.4056,3729946471.0,2438.000687,2502.855006,2430.274856,381700298.63,0.1412630605832125,0.538931858157661,0.029770356664382585
base,2025-06-30,44.17373986,3376164341,83118871.59,324619335.0,234235049.35500002,42734131.725,3731832516.0,2507.607258,2513.048845,2456.170925,641973255.945,0.12947404088920655,0.505658657886227,0.022682148417995967
base,2025-07-01,39.85771371,3361538090,84383447.23,280494550.4,217119239.94500002,47496991.943,3717749530.0,2489.241675,2495.465919,2400.486018,581997237.575,0.14498942912787588,0.4819516868649288,0.038156158943466245
base,2025-07-02,60.67853073,3286090121,123163813.3,390273143.8,239508529.856,52359164.896,3744627420.0,2408.372899,2596.98044,2403.819431,752945486.9560001,0.16357600308878315,0.5183285517492005,0.08020394561000245
base,2025-07-03,63.25219274,3427719517,116768007.7,372196435.6,248845219.375,44871318.51,3784566726.0,2572.697061,2610.771892,2566.483632,737809662.675,0.15826305022442558,0.5044613189946118,0.01721472017493795
base,2025-07-04,42.42124532,3474274322,90338830.57,292300066.8,218096994.842,41165886.578999996,3768101982.0,2592.91797,2593.090672,2485.552268,600735892.212,0.15038027815744257,0.4865700062030706,0.041473893599495514
base,2025-07-05,24.62305147,3407123797,42813618.92,213613309.1,102371071.511,26522411.4899,3753151970.0,2514.821471,2525.925814,2498.939116,358797999.531,0.11932513273753892,0.595358138504738,0.010731059167102267
base,2025-07-06,34.5202054,3423024480,75619252.33,261613375.4,149446143.44799998,37315079.1294,3750681456.0,2517.560819,2591.880965,2511.296553,486678771.178,0.15537816072594357,0.5375483602187292,0.032008923634269396
base,2025-07-07,41.00577494,3459713276,101124413.2,332997321.8,249767768.20799997,30254541.593,3755393969.0,2567.406537,2578.964528,2529.310715,683889503.208,0.14786659646864583,0.4869168487569568,0.019340066438414582
base,2025-07-08,30.973024,3419789429,80283459.29,347369285.8,209323851.918,35830979.352,3741959666.0,2545.762306,2617.044463,2529.923828,636976597.008,0.12603831862443088,0.5453407353294603,0.03422182612833463
base,2025-07-09,39.80583663,3471109586,116568288.6,438245350.3,265595605.654,35846665.859,3728990397.0,2609.723736,2774.755659,2595.755767,820409244.554,0.14208553764331378,0.5341789517964828,0.06858959418990387
base,2025-07-10,83.54427691,3600067599,174280136.7,601716998.0,372550702.842,58439446.594,3725014184.0,2764.960111,2962.477688,2764.960111,1148547837.542,0.15173955407288547,0.5238937189483815,0.07143595895441837
base,2025-07-11,60.30419397,3738061656,207255451.3,677707958.1,453445198.429,86402516.839,3734791415.0,2931.538042,3012.984313,2931.538042,1338408607.829,0.15485215059710652,0.5063535561081706,0.027782778129815514
base,2025-07-12,17.82635432,3777512473,104165126.8,376011596.4,221994144.596,26644460.133,3705428739.0,2947.55171,2971.805574,2918.070076,702170867.796,0.14834726357554162,0.5354987135542082,0.018230553112162366
base,2025-07-13,18.91577467,3801323586,115988944.9,397699824.0,245152121.61200002,27658542.397,3713246870.0,2940.135326,2996.110831,2940.135326,758840890.512,0.15285015126391086,0.5240885526499062,0.01903841109114985
base,2025-07-14,36.86152365,3850516981,224931827.7,671419837.4,455820698.123,62351107.892000005,3714690875.0,2974.829211,3063.938902,2969.001183,1352172363.223,0.16634848767642227,0.4965490019331726,0.03191367042146474
base,2025-07-15,49.46813692,3852606072,218491150.9,708167442.7,521013557.254,108060030.59,3706809717.0,3006.06409,3117.162553,2950.548844,1447672150.854,0.15092585069838452,0.4891766704790467,0.05542586718435541
base,2025-07-16,81.36501159,3879716294,187083582.2,674002063.7,416368439.641,95094696.87,3683735965.0,3131.869337,3391.588305,3111.599855,1277454085.5410001,0.14645033768142857,0.5276135332993679,0.08939978647646891
base,2025-07-17,79.72205401,4013822246,229211796.4,763071083.2,512576652.177,69229601.81,3718884302.0,3378.884306,3484.720987,3329.050511,1504859531.777,0.15231441311292176,0.5070713027274608,0.046071561468846646
base,2025-07-18,55.81842061,4051952165,219791911.3,760455691.9,526139319.926,88322278.45,3815987756.0,3490.374125,3650.671725,3490.374125,1506386923.126,0.14590667771059493,0.5048209594928836,0.045925621225489786
base,2025-07-19,30.02184563,4081765222,102036176.3,424083056.2,217313378.017,36019828.989,3758716472.0,3548.339392,3593.512396,3530.431027,743432610.517,0.13725006793694686,0.5704391362454264,0.017777715723084925
base,2025-07-20,49.22236015,4113548734,156035471.2,601501023.9,336417082.53000003,39002314.730000004,3734416296.0,3585.911216,3784.268761,3585.911216,1093953577.6299999,0.1426344539574007,0.5498414523248092,0.0553157992632241
base,2025-07-21,41.76439822,4194507575,191014903.9,651723335.1,415334359.94799995,131831712.34,3733807094.0,3729.77126,3830.716007,3725.065635,1258072598.948,0.15183138402324844,0.5180331688687687,0.028326233603934214
base,2025-07-22,63.80373814,4276579820,212700764.1,672506175.0,458809511.982,85953870.00999999,3725412960.0,3757.011377,3774.979289,3643.20882,1344016451.082,0.1582575599642142,0.5003704935743898,0.035073215323936466
base,2025-07-23,78.41581532,4299994268,238739287.1,612449633.2,479073471.78499997,90891277.71000001,3697664489.0,3739.086653,3742.607211,3561.012555,1330262392.085,0.1794678166657103,0.4603976154208727,0.048566581321216634
base,2025-07-24,52.58167876,4154628391,248681532.4,717356284.8,495376344.721,237877214.97,3701503321.0,3630.299714,3737.380432,3554.496089,1461414161.921,0.17016499420883746,0.4908644677817062,0.050377202271955364
base,2025-07-25,35.22902683,4127262017,231060113.9,712090170.1,528763264.065,316008166.26,3713004197.0,3675.409372,3725.196757,3606.140046,1471913548.065,0.15697940562049664,0.4837853221992043,0.032392775593107506
base,2025-07-26,41.35997719,4243250552,111200857.4,458617608.6,243120995.299,72678649.477,3686149674.0,3718.765478,3763.28031,3715.943908,812939461.299,0.13678860812379756,0.5641473079276687,0.012729063523913866
base,2025-07-27,91.78678975,4232396566,124577863.7,542333416.1,334501531.556,97940704.237,3708069935.0,3740.101252,3853.618734,3740.101252,1001412811.3560001,0.12440210699053345,0.5415682822807444,0.030351446218012765
base,2025-07-28,70.8574173,4318175644,187920206.5,651760188.0,456444994.381,171696774.49,3714722083.0,3868.981239,3921.25096,3769.773358,1296125388.881,0.14498613182960599,0.5028527282863366,0.03915180577074903
base,2025-07-29,62.03704532,4193679879,202800774.2,702043240.5,467617957.56200004,306246473.21,3681224340.0,3789.799855,3869.906279,3747.211652,1372461972.262,0.1477642210120819,0.5115210874243308,0.03237496218649252
base,2025-07-30,50.71586955,4222154248,191306290.6,708715578.5,474837352.461,396883214.33,3693710120.0,3772.76824,3819.914473,3724.560881,1374859221.561,0.13914609408721348,0.5154822889396138,0.0252741716252361
base,2025-07-31,86.20096288,4193858642,164728205.9,640416313.1,429350338.612,316573149.48,3688184861.0,3819.831759,3865.86819,3709.021483,1234494857.612,0.13343774166759134,0.518767906687613,0.04106115580364233
base,2025-08-01,60.63059554,4108258417,255613379.6,757020314.2,578345575.669,495006051.08,3648938134.0,3673.125929,3713.555777,3477.244259,1590979269.469,0.16066417992065518,0.47582035085388674,0.06433526172742333
base,2025-08-02,36.71376806,3990059516,178706414.5,526106880.2,341381089.924,396183843.11,3634607079.0,3491.222422,3526.664247,3395.897,1046194384.6240001,0.17081568886859078,0.5028767960641288,0.037456005717644375
base,2025-08-03,23.56573544,3922035416,104535305.8,442487237.1,218843779.87199998,319456352.88699996,3645018428.0,3392.58522,3510.195689,3392.58522,765866322.772,0.13649288745540047,0.5777604053648008,0.034666916635332216
base,2025-08-04,37.01360794,4022599511,143583481.9,601679217.0,368050765.124,341498853.28999996,3626334218.0,3515.908283,3724.017241,3515.908283,1113313464.024,0.12896950098943988,0.540440079495014,0.05919066746030923
base,2025-08-05,41.32128492,4136141272,149035215.3,585163473.7,439500185.53999996,360448112.89,3817641663.0,3707.506892,3707.506892,3574.61719,1173698874.54,0.12697909023590945,0.4985635467439119,0.03584341334246667
base,2025-08-06,39.88868818,4081869465,141326798.3,573153347.2,385558778.27000004,412781367.78999996,3789300544.0,3599.2094,3685.120353,3579.463017,1100038923.77,0.12847436144864008,0.5210300606779592,0.029355706839396385
base,2025-08-07,59.67596086,4164566538,154088093.5,626773022.0,399837713.08,310320218.69,3787514417.0,3675.978901,3901.44164,3659.87497,1180698828.58,0.1305058409224631,0.5308491944163322,0.06571492288334006
base,2025-08-08,62.0370087,4354459120,162155729.3,645955132.4,443581320.845,236524368.82999998,3834413356.0,3900.550866,4048.40942,3887.813093,1251692182.545,0.12954920671494272,0.5160654843162904,0.041172729831540605
base,2025-08-09,57.32874282,4453178640,150955429.1,694612176.4,400822054.949,224298444.56,3818292981.0,4012.948616,4281.840555,4012.948616,1246389660.449,0.12111415385588144,0.5572993730947452,0.06700607576381676
base,2025-08-10,39.82662507,4582286774,173816207.9,629305792.1,421707633.348,435428874.18799996,3830267666.0,4272.913661,4298.78013,4182.674544,1224829633.348,0.1419105181386603,0.5137904692751672,0.027172462448685944
base,2025-08-11,80.21959759,4632175977,253405721.9,829636980.3,639286965.2,764318784.56,3823676200.0,4257.196962,4335.284696,4182.194524,1722329667.4,0.14712962721157619,0.4816946465030739,0.03596032163099156
base,2025-08-12,68.79118242,4566379390,199485215.4,767439652.3,500508685.05799997,578375866.61,3868368201.0,4236.813765,4595.829573,4236.813765,1467433552.758,0.1359415661615977,0.522980853788997,0.08473721714317554
base,2025-08-13,69.23477919,4743357082,250951095.3,792498103.4,557231244.669,444899206.83000004,3866267925.0,4606.160977,4751.53737,4581.608355,1600680443.369,0.15677776057025833,0.4951007596069616,0.03689167961096201
base,2025-08-14,84.39116785,4856984642,312081343.6,952364164.0,763327297.463,686598635.04,3891099079.0,4738.049109,4768.3136,4500.052149,2027772805.063,0.15390350576789796,0.46966019152742877,0.05661854590963049
base,2025-08-15,44.76998175,4812670189,226557769.8,757932983.9,569110362.7590001,761043538.62,3831850858.0,4561.202604,4645.781404,4401.629007,1553601116.459,0.14582750192428748,0.48785558652757444,0.05352807542157598
base,2025-08-16,24.79982729,4728344106,113191341.8,486206584.1,298097127.655,384353146.76,3817722556.0,4458.39703,4476.781625,4395.16883,897495053.555,0.12611918177336612,0.5417373412523264,0.018305412113555082
base,2025-08-17,31.16675886,4768669321,132797973.7,549737401.8,350349243.789,267114189.722,3817776011.0,4421.364362,4560.054703,4413.206235,1032884619.289,0.1285699982553843,0.5322350546553971,0.03321338301410051
base,2025-08-18,42.96560476,4801666188,267710597.3,834934128.8,631679373.446,343337418.35,3760571253.0,4466.371978,4466.371978,4262.163266,1734324099.546,0.1543601898688253,0.4814175902984705,0.04572138482998528
base,2025-08-19,50.38817408,4723724539,216499269.9,702203589.2,565310311.643,231041856.73,3775023451.0,4308.188575,4322.334955,4113.327148,1484013170.743,0.14588770111225188,0.47317881205085816,0.04851408042183946
base,2025-08-20,60.83220914,4606672398,193769229.4,766084356.2,527092900.031,161372043.39,3791148695.0,4097.818573,4349.495649,4097.818573,1486946485.631,0.13031351919687423,0.5152064069574802,0.06141733010296473
base,2025-08-21,37.5885997,4682171127,152097254.6,681200388.2,496948557.86899996,116624608.685,3791152487.0,4321.974039,4321.974039,4225.04893,1330246200.6690001,0.11433767262293858,0.5120859490952987,0.022426120130611873
base,2025-08-22,71.54050861,4607030202,243904752.6,1028453519.0,760235164.757,107705223.66,3780177381.0,4239.613269,4855.266773,4239.613269,2032593436.3569999,0.11999682191100076,0.5059809308659821,0.14521454315223764
base,2025-08-23,28.8341216,4990922641,115876681.2,494872417.6,411533118.54,70231321.382,3780192505.0,4812.938218,4812.938218,4699.095927,1022282217.3400002,0.11335097024529446,0.48408591013904995,0.023653387150127745
base,2025-08-24,37.74173878,4951101478,184709362.9,761355298.8,641975653.0819999,144402415.132,3858715370.0,4788.362837,4923.985309,4739.050426,1588040314.7819998,0.11631276686156183,0.479430711999598,0.03862173550654844
base,2025-08-25,63.69589922,4904312647,241531096.3,971837400.0,772567107.394,332107839.259,3858409115.0,4742.68792,4755.050053,4369.504037,1985935603.694,0.12162080978392892,0.4893599763216412,0.08129272313578673
base,2025-08-26,41.23995964,4658601853,198773069.9,854469292.0,610298267.0519999,311518328.14,3957829276.0,4368.777322,4602.792334,4368.777322,1663540628.952,0.11948795625462023,0.5136449793464317,0.0535653329872325
base,2025-08-27,63.62972745,4772265617,177173383.4,850585219.1,636461481.2509999,196587014.45999998,3990869074.0,4590.469098,4634.440053,4515.094744,1664220083.751,0.10646030842307071,0.5111014026359174,0.025998499598221297
base,2025-08-28,31.49589006,4705257183,137867902.9,637872706.0,441522678.50699997,96376212.205,3948126460.0,4497.735632,4606.944799,4461.438538,1217263287.407,0.11326054463836216,0.5240219701021206,0.03235100346155684
base,2025-08-29,33.32054573,4783990342,164134691.6,701285177.1,536478056.708,100673670.03600001,3941432246.0,4498.821588,4498.821588,4312.169222,1401897925.408,0.1170803441714426,0.5002398280145127,0.041489168296397747
base,2025-08-30,16.05771579,4674809909,82153627.48,453433575.6,258493753.349,44596794.94,3909888088.0,4352.463697,4401.367512,4299.316632,794080956.429,0.10345749613420617,0.5710168112318182,0.023446692977666845
base,2025-08-31,16.01365265,4723819426,80333734.4,451650955.3,263331692.084,48900298.154,3881310992.0,4401.289141,4482.936668,4401.289141,795316381.784,0.10100852470786631,0.5678884097507045,0.018550820994561894
base,2025-09-01,26.06942591,4713481647,151713897.8,640987563.0,472972311.146,116363749.135,3866933082.0,4387.403563,4472.506688,4268.732925,1265673771.946,0.11986809015307057,0.5064397929448029,0.046445183369606555
base,2025-09-02,27.19308462,4675829028,146793078.4,634636270.6,484340608.547,177892248.29000002,3868088477.0,4308.675604,4397.425648,4286.549317,1265769957.547,0.11597137183163818,0.5013835782845518,0.0257332742564948
base,2025-09-03,29.4177478,4747208065,105921057.6,533118326.6,368305114.53400004,140863524.34,3883986096.0,4320.765688,4474.578189,4297.350295,1007344498.7340001,0.10514879242713725,0.5292313873456468,0.04101770537851939
base,2025-09-04,26.07090922,4811578981,125727805.3,573794264.0,410816428.253,163589937.59,3953704079.0,4462.552327,4462.552327,4279.899662,1110338497.553,0.11323376211586197,0.5167741776625294,0.04093008924397101
base,2025-09-05,61.07121178,4738841891,170436251.4,711874374.0,482680342.463,127562901.28,3885539709.0,4304.60365,4462.207288,4288.765453,1364990967.863,0.1248625488466281,0.5215231388047168,0.040292173008773906
base,2025-09-06,25.27232182,4759349242,67592426.92,415798937.9,195548976.17700002,46614195.768,3890390862.0,4317.248879,4321.620318,4267.30251,678940340.997,0.09955576777297237,0.6124233791873581,0.012581579038496703
base,2025-09-07,15.7956636,4786941395,65661256.62,391529616.3,179333773.373,29792652.579,3878852286.0,4280.473468,4318.925446,4280.295088,636524646.293,0.10315587464271624,0.6151051944024398,0.00902478622722311
base,2025-09-08,46.65572071,4753810209,131141227.0,557278196.4,347408352.45100003,116356605.08000001,3874712423.0,4306.684595,4364.067998,4291.925525,1035827775.8510001,0.12660524274149623,0.5380027543113136,0.016751278485486767
base,2025-09-09,50.39865459,4804966088,133970735.9,574871124.5,409230669.664,350146156.956,3885754916.0,4304.015456,4367.717929,4285.862523,1118072530.064,0.11982293840304918,0.5141626406536378,0.019018381052951446
base,2025-09-10,41.84010138,4791404400,160560372.0,594251904.0,404636891.728,399586778.61,3896149820.0,4305.040717,4425.790883,4299.166125,1159449167.728,0.13847987170893078,0.5125295015429328,0.029413138300870556
base,2025-09-11,33.23829199,4875733253,175737898.5,648252965.7,419709157.4,368329998.22,3901672713.0,4347.802803,4458.823143,4347.802803,1243700021.6,0.1413024808618368,0.5212293595251636,0.025534814946849844
base,2025-09-12,35.96567807,4985994470,150599860.8,691202216.0,435614303.831,475740624.37899995,3932588030.0,4479.482579,4691.23028,4479.482579,1277416380.631,0.11789410491636942,0.5410939036640267,0.04727057138087361
base,2025-09-13,22.49845446,5088189721,122988679.0,568767965.3,342954139.396,225354084.46899998,3909249253.0,4702.578211,4742.603794,4622.431866,1034710783.696,0.11886285611200735,0.5496878685929546,0.025554477269277627
base,2025-09-14,24.99853415,5057876152,113974250.9,552588981.6,358188095.319,237492602.49,3896774270.0,4667.393198,4676.287378,4590.608736,1024751327.819,0.1112213742065344,0.5392420254542015,0.018356851108390346
base,2025-09-15,60.95429708,5047831616,161818997.8,704746432.7,548023444.271,510742857.9,3878631613.0,4606.68321,4655.167311,4496.432989,1414588874.771,0.11439295238780668,0.4981987666304018,0.03445739912295819
base,2025-09-16,33.1424871,5013031767,139203379.8,602793294.7,401847866.251,417255081.45000005,4077404509.0,4517.993804,4526.878265,4448.340963,1143844540.751,0.1216978136806991,0.5269888286604327,0.017383224813293845
base,2025-09-17,50.9311734,5000549264,191138183.8,880287460.0,584641570.198,496584347.55,4014146368.0,4509.294945,4599.525062,4485.093973,1656067213.998,0.11541692401394939,0.5315529783811439,0.02537671418607986
base,2025-09-18,55.00134451,5092086786,141706872.6,716359447.5,418068304.259,433744629.47,4018748532.0,4599.4698,4627.348042,4574.229048,1276134624.359,0.11104382711281664,0.5613509999854647,0.011548938532001988
base,2025-09-19,39.96521473,5106969610,110881294.5,596540325.8,353649126.56,471562542.06,4012380204.0,4599.250833,4607.75728,4457.342216,1061070746.8599999,0.10449943590295768,0.5622059863259136,0.032704253249411716
base,2025-09-20,23.92927533,5036380657,54971077.64,471252665.5,211388862.713,147862069.93,3995829680.0,4471.273372,4501.837153,4465.20238,737612605.8529999,0.07452567540711917,0.6388891157235954,0.00819336460826012
base,2025-09-21,35.39194228,5065515466,63244866.04,457070775.0,307932593.95900005,182696867.27,3999589887.0,4484.775127,4491.791058,4457.084412,828248234.9990001,0.07635979573210483,0.5518523984546152,0.007738770622199725
base,2025-09-22,71.9472201,4965220007,193861230.4,748445906.4,614505087.885,578286183.4,3980636429.0,4411.304173,4411.304173,4152.8647,1556812224.685,0.12452447849914926,0.48075541451470677,0.058585729495103746
base,2025-09-23,45.40886754,4874390464,137698821.9,586149288.4,465088583.287,537978620.2,3955325986.0,4204.834903,4210.569639,4156.125298,1188936693.587,0.11581678203955942,0.4930029425129428,0.012948032980119208
base,2025-09-24,43.61817897,4844128161,125026852.0,545148465.4,425989449.32500005,461410816.37,3998569872.0,4176.598408,4192.243376,4130.049388,1096164766.725,0.11405844795900659,0.49732346992754967,0.014891062516537738
base,2025-09-25,73.51617511,4865698762,224397128.4,795603075.5,719216943.8399999,588684921.64,3992164262.0,4148.946294,4148.946294,3874.431775,1739217147.7399998,0.12902191580366462,0.4574489600299967,0.06616487646441448
base,2025-09-26,41.21668242,4669821791,165203464.7,597404966.1,477866146.24,683778045.88,3989752061.0,3891.543571,4052.090767,3891.543571,1240474577.04,0.1331776303664407,0.4815938812107846,0.041255402405463645
base,2025-09-27,23.76854299,4786015465,63624158.13,356037473.5,223936894.178,342391860.03999996,4025916705.0,4029.026458,4029.026458,3987.330543,643598525.808,0.09885690469866075,0.5531980873526955,0.01034888091072441
base,2025-09-28,22.53104474,4793750989,96380144.91,431355391.3,260806885.887,324851835.85,4018824351.0,4023.026906,4134.043868,3989.767645,788542422.097,0.12222569415313474,0.5470287700601836,0.035862604544062135
base,2025-09-29,27.72317713,4898855098,129793382.5,505145499.8,375256669.403,492949705.47,3992213957.0,4137.282345,4224.861141,4103.472286,1010195551.703,0.1284834231166359,0.5000472422873171,0.029340239528660973
base,2025-09-30,47.05544856,4953115064,144040872.1,534675897.2,481313357.346,497514244.15999997,4000073639.0,4213.961924,4213.961924,4105.597371,1160030126.646,0.1241699407553026,0.4609155270354148,0.025715598516167403
base,2025-10-01,35.68806886,4947327434,203289694.2,626887094.8,468808161.344,529716531.92,3979268415.0,4138.220399,4335.771697,4137.481529,1298984950.3439999,0.15649888333668868,0.4825976579897915,0.047916773124968705
base,2025-10-02,32.99651897,5137025734,188739656.4,668868284.9,473606698.92,681774640.22,4071866989.0,4356.395071,4502.028625,4356.395071,1331214640.22,0.14178003358557445,0.5024496160810409,0.033429831690304015
base,2025-10-03,34.19783176,5280308388,210534868.3,751161668.0,545191267.28,535717997.68,4049318249.0,4474.714687,4551.929764,4453.785419,1506887803.58,0.13971502576357725,0.49848546535144955,0.02193309559716307
base,2025-10-04,22.10446254,5347963349,123466090.4,506356859.6,316189690.34,405426581.38,4207205310.0,4509.237133,4511.344356,4458.848018,946012640.3399999,0.13051209374499045,0.5352537989534831,0.01164195549083356
base,2025-10-05,50.7960052,5343924818,246831836.6,723196839.3,545433331.45,576057058.75,4280869807.0,4487.094812,4599.716274,4481.416784,1515462007.35,0.1628756348907885,0.4772121213151441,0.026364383851134085
base,2025-10-06,51.01894769,5390076915,203812197.7,748720814.6,558829016.06,647131640.65,4331471034.0,4517.218526,4708.794098,4517.218526,1511362028.36,0.13485332691675433,0.49539475026539304,0.04241007400844983
base,2025-10-07,47.78582644,5583830380,219785565.9,765661209.8,651534082.49,681903183.4200001,4406518087.0,4684.445736,4725.857953,4472.635444,1636980858.19,0.13426275866354087,0.46772764994123817,0.054056023544895256
base,2025-10-08,39.95253651,5402368187,190297737.7,721551238.8,563413120.06,738160188.4,4202375914.0,4461.988712,4533.372916,4443.880969,1475262096.56,0.1289924943803099,0.4891003710340727,0.020056515777218852
base,2025-10-09,57.29635687,5439021318,214264969.9,711425769.4,614102549.41,740366204.97,4192438395.0,4522.2743,4522.2743,4307.228067,1539793288.71,0.13915177541753398,0.46202680230929866,0.04755267344132576
base,2025-10-10,462.7572606,5330535279,466155194.0,1194527304.0,1140744224.58,594334824.0,4160426502.0,4375.30227,4385.127083,3748.754457,2801426722.58,0.16639921017483908,0.4263996250096055,0.14544655128478706
base,2025-10-11,60.80861024,4751234248,303663912.9,738403301.5,676492462.1500001,649247724.36,4129080462.0,3850.782945,3850.782945,3702.530313,1718559676.5500002,0.1766967519624362,0.42966404459246993,0.0384993478254848
base,2025-10-12,68.10234552,4683847195,331452813.2,862803102.4,722378154.37,715833541.89,4174774411.0,3737.067196,4148.555174,3724.402709,1916634069.9699998,0.17293484363720407,0.4501657963397807,0.11349875256564697
base,2025-10-13,59.80667531,5007290713,291488755.6,890748580.9,760577194.65,926300006.87,4164615368.0,4148.60635,4276.173704,4101.971961,1942814531.15,0.15003426777308518,0.45848358997641625,0.04199042480856243
base,2025-10-14,73.40492691,5114339101,355472900.4,984311699.3,938350905.53,844722562.65,4183229256.0,4250.40298,4250.40298,3943.002193,2278135505.2299995,0.15603676760400237,0.43206898669560234,0.07232273938411365
base,2025-10-15,105.3591015,5009565842,233315436.7,765952927.8,839217336.8000001,799964641.02,4160125821.0,4116.835185,4167.561868,3963.996138,1838485701.3000002,0.1269063101959519,0.41662163989548123,0.04944714103243844
base,2025-10-16,62.96732654,4926262183,269130279.6,729191231.1,631200713.052,776087117.0799999,4163735343.0,3988.235087,4056.429836,3859.08788,1629522223.752,0.16515901144344225,0.44748774853835743,0.04948102398558527
base,2025-10-17,81.40866543,4879369261,229074930.7,640772045.5,520969045.843,599513514.9399999,4118770584.0,3907.983396,3929.67214,3708.894361,1390816022.043,0.1647054154319468,0.4607166119345936,0.0564940422280136
base,2025-10-18,22.67922062,4830712544,95692988.81,373850242.2,246510741.154,663586363.5699999,4125138701.0,3836.736642,3897.580208,3836.736642,716053972.164,0.13363935196226123,0.5220978539790516,0.015858155426660636
base,2025-10-19,28.83875357,4889335955,168400999.2,519781407.4,357324750.182,810114069.51,4119482886.0,3884.844859,4010.180505,3870.551045,1045507156.7819998,0.16107111090308254,0.4971571968955735,0.035942094232288536
base,2025-10-20,57.2897841,4967504425,181825430.3,542936415.4,426203623.071,849881767.24,4103499948.0,3946.244505,4074.584838,3943.68747,1150965468.771,0.1579764425896748,0.4717225930155377,0.03317011093310356
base,2025-10-21,109.0051642,5009996547,266265796.2,740824092.3,605051119.82,734692982.45,4116894536.0,3977.983411,4090.470155,3861.282955,1612141008.3200002,0.1651628454495265,0.45952809864442756,0.05761391547442022
base,2025-10-22,86.0289302,4903810243,234044525.0,723998402.6,595162432.43,650187200.05,4139174962.0,3864.338696,3871.345866,3749.770003,1553205360.03,0.15068485534680323,0.4661317950808617,0.03146097497246914
base,2025-10-23,50.50491014,4900136582,159498818.2,575839152.3,453238089.93,744286034.9000001,4115847727.0,3809.438049,3902.761026,3809.438049,1188576060.43,0.13419319428518264,0.4844781680119607,0.024497832961084143
base,2025-10-24,125.0801958,4963995832,145658573.5,625219549.5,452797618.39100003,616078794.8100001,4124162090.0,3858.938081,3974.580772,3858.938081,1223675741.391,0.11903363658613042,0.5109356411603686,0.029967490685943458
base,2025-10-25,117.4909238,5062020464,67293555.16,511520553.6,289300141.66800004,448112578.61,4163805015.0,3926.167562,3958.87189,3924.390902,868114250.428,0.07751693412108228,0.5892318359568557,0.008782352626446511
base,2025-10-26,113.958557,5160967266,129544067.7,637506121.6,393086907.34499997,599451497.93,4160751754.0,3954.8228,4161.805978,3931.310161,1160137096.645,0.11166272337521871,0.5495092980334856,0.05828221102599096
base,2025-10-27,96.2317159,5317909472,158794023.2,780942948.8,491192462.93,601507236.99,4160242309.0,4166.962939,4231.765969,4119.252313,1430929434.93,0.1109726442993802,0.5457592315432404,0.027001357498754583
base,2025-10-28,98.41712371,5302001008,167156753.6,723823478.5,488266253.953,455562070.39000005,4173649889.0,4121.475339,4140.872419,3973.458116,1379246486.053,0.12119425736465259,0.5247963187286205,0.04061999386865687
base,2025-10-29,81.78523346,5223315904,192780116.9,721214945.5,521235429.961,446922807.97,4174732553.0,3984.94687,4028.402092,3913.947668,1435230492.361,0.13431997015536545,0.5025080984125263,0.02872169384782789
base,2025-10-30,81.78744892,5150400880,209608113.7,717688102.9,523597416.63500005,519905462.26,4167146644.0,3909.749694,3941.696921,3717.54374,1450893633.235,0.14446828416542506,0.4946524586366813,0.05733184949000475
base,2025-10-31,63.89286855,5087811144,164855193.8,617686072.7,441471379.807,459630889.57,4193941266.0,3813.146798,3883.395708,3813.146798,1224012646.307,0.13468422429897997,0.5046402703139029,0.018422818139822317
base,2025-11-01,43.91500303,5179897700,67302475.99,438306599.7,223476786.831,185922042.8,4226503714.0,3844.945558,3894.997066,3844.945558,729085862.521,0.09231076811349015,0.601172814110595,0.013017481585886219
base,2025-11-02,36.48300778,5223011215,93923460.32,421034397.6,265225876.26700002,277590808.3,4235881275.0,3872.194945,3902.354637,3855.016959,780183734.187,0.12038633491619007,0.5396605685950939,0.012225024481560513
base,2025-11-03,69.31827409,5221161511,210129984.2,603139562.5,524340778.468,539361503.9,4229606842.0,3897.794407,3897.794407,3589.753587,1337610325.168,0.1570935722057979,0.4509082736216524,0.07902951973218318
base,2025-11-04,168.4789567,4973453701,279761272.2,689669231.7,549046787.088,457344682.72999996,4238712490.0,3601.896866,3638.959009,3146.077361,1518477290.9880002,0.1842380349448445,0.4541847519176697,0.1368394671853439
base,2025-11-05,140.5189698,4575540009,169714726.9,480884766.4,379617649.862,436141964.74,4325658335.0,3266.872471,3462.011636,3201.865191,1030217143.162,0.16473684992185444,0.46678000807096026,0.07963164993715492
base,2025-11-06,66.30608555,4736247321,154976420.6,469748614.3,369134133.488,312937987.23,4435559012.0,3407.472133,3440.298441,3289.420408,993859168.388,0.15593398494413005,0.4726510850243637,0.044278581632057015
base,2025-11-07,48.16771064,4602963966,190536176.3,570605853.2,396004562.44500005,41231940.61,4356792614.0,3316.19626,3460.262886,3228.448234,1157146591.9450002,0.1646603616398641,0.49311457785213897,0.06990377945845702
base,2025-11-08,25.6118865,4749806967,140111746.3,425044634.6,266071893.19799998,18395289.677,4376987573.0,3429.498348,3460.90772,3374.417702,831228274.098,0.16855988982333525,0.5113452559842643,0.025219437137340754
base,2025-11-09,35.51815999,4707993630,152384043.3,445944416.9,299672178.69600004,27791636.343,4354472413.0,3389.18995,3584.173936,3371.027755,898000638.8960001,0.16969257782192737,0.496596992902191,0.06289000738952388
base,2025-11-10,37.05148222,4904257926,186379422.9,505024236.5,381466721.31,45373654.566,4347787412.0,3600.372303,3637.231187,3524.213222,1072870380.71,0.17372035452843665,0.47072250812422184,0.031390632825896395
base,2025-11-11,60.2945873,4915574700,219097261.4,580210343.6,531895857.18,21813455.046,4409176970.0,3566.283931,3618.906538,3423.7603,1331203462.18,0.16458585605028614,0.435853992334003,0.05471977043209807
base,2025-11-12,69.37498342,4781709221,215992705.2,679280634.8,484816723.28000003,32897854.756,4399353796.0,,,,1380090063.28,0.15650623893824692,0.4922002214736502,0.0
base,2025-11-13,91.14517765,4740252408,305961733.2,743757464.7,594562574.696,165494644.43400002,4359173209.0,,,,1644281772.5960002,0.18607621777436972,0.452329690139271,0.0
base,2025-11-14,110.4605449,4574037537,346491002.1,741264669.4,588925519.87,250532656.62400004,4392644482.0,,,,1676681191.37,0.20665288301879595,0.44210233478811783,0.0
base,2025-11-15,22.97396717,4405125970,132823089.1,380217216.6,280168591.82,192783853.496,4350733821.0,,,,793208897.52,0.16745032678689914,0.4793405845405475,0.0
base,2025-11-16,55.8018915,4483563662,208576016.2,508386523.9,360093743.142,102870774.66,4326778516.0,,,,1077056283.2419999,0.19365377598668704,0.47201481650497223,0.0
base,2025-11-17,76.52232912,4379617360,255587931.4,607087872.1,448636263.85400003,16135003.1645,4303091638.0,,,,1311312067.354,0.19491007347757583,0.462962163785313,0.0
base,2025-11-18,75.76456237,4281008241,259199869.9,576712462.2,429796186.46999997,30823517.992,4283492460.0,,,,1265708518.57,0.20478638335534358,0.4556439762699638,0.0
base,2025-11-19,63.94491618,4345017946,253763399.8,560921737.6,398587590.187,29523199.903,4325112935.0,,,,1213272727.5870001,0.2091561064796154,0.46232122823331,0.0
base,2025-11-20,263.4628016,4309065600,286277519.0,574903926.4,437674873.348,30611462.6303,4301719643.0,,,,1298856318.748,0.22040738060692508,0.44262318941802914,0.0
base,2025-11-21,213.148616,4134194158,405223156.8,680684845.1,494017413.55,26917483.570100002,4298790320.0,,,,1579925415.45,0.25648245976509143,0.4308335307753277,0.0
base,2025-11-22,30.55945809,4027460692,131513688.1,309675092.1,214244152.911,25414205.129,4364135612.0,,,,655432933.1110001,0.20065163261750177,0.47247411055488625,0.0
base,2025-11-23,23.7455996,4050096157,151742397.1,323125019.1,213730490.445,44928782.83,4363925033.0,,,,688597906.645,0.22036430206319133,0.4692506555448825,0.0
base,2025-11-24,36.785,4126110949,222969798.5,469947094.3,305340227.98300004,35177832.128,4385338976.0,,,,998257120.783,0.22335908640963145,0.4707675853405273,0.0
base,2025-11-25,30.97431357,4219326473,183455378.3,406785045.5,263623294.27,46804930.35,4378806378.0,,,,853863718.0699999,0.2148532305772012,0.47640511816038034,0.0
base,2025-11-26,30.51349572,4179697766,182064486.8,379356477.7,260478989.178,42487510.407000005,4381486952.0,,,,821899953.678,0.2215166042840883,0.4615604076899881,0.0
base,2025-11-27,28.8847644,4286060160,139480755.8,290904451.1,202039984.36200002,46123178.627000004,4365473123.0,,,,632425191.2620001,0.22054901943685565,0.45998239020096937,0.0
base,2025-11-28,24.63425566,4317414459,170886251.9,353998216.7,268867180.75,41077818.897,4344200646.0,,,,793751649.35,0.21528931881897576,0.4459810785777739,0.0
base,2025-11-29,14.97493173,4299674126,102721877.0,221744583.0,165484611.99,16033633.655,4328564035.0,,,,489951071.99,0.209657418612805,0.4525851573287829,0.0
base,2025-11-30,13.61798152,4400617887,96463528.51,223335741.8,185533197.06,23664968.88,4409658672.0,,,,505332467.37,0.19089121467307235,0.4419580300516799,0.0
base,2025-12-01,44.86734237,4362108727,265880536.0,480063280.5,412867703.42,113494113.32000001,4410236209.0,,,,1158811519.92,0.22944243427814334,0.4142720988251323,0.0
base,2025-12-02,32.54142066,4170447092,220020634.1,437194019.5,356588208.83,87060437.003,4421165042.0,,,,1013802862.4300001,0.2170250669569319,0.4312416503264577,0.0
base,2025-12-03,40.81856994,4412816542,232585610.2,549948114.4,395632467.522,78644942.45799999,4431885306.0,,,,1178166192.122,0.1974132442054623,0.4667831398297775,0.0
base,2025-12-04,38.13942389,4560715540,191921822.4,444301815.3,352646582.222,73897073.15,4420684179.0,,,,988870219.922,0.1940819113908986,0.4493024527880368,0.0
base,2025-12-05,33.4179885,4531681006,211355948.6,462932631.2,358847979.691,91443010.0,4418550797.0,,,,1033136559.4909999,0.20457697160976443,0.448084647617228,0.0
base,2025-12-06,13.66011642,4411251522,74750787.22,210795693.2,146435071.025,66245275.727,4394814191.0,,,,431981551.44499993,0.17304161941628032,0.4879738324353849,0.0
base,2025-12-07,33.06053252,4406830204,187465699.4,399424570.8,288940723.43200004,71164199.42,4390778155.0,3042.350251,3139.404682,2970.117046,875830993.6320001,0.21404323523947805,0.4560521078885536,0.055643703726865876
base,2025-12-08,32.50820133,4463805184,191953985.3,453688222.2,349229463.024,117723068.36,4382622693.0,3060.182715,3159.032491,3060.182715,994871670.5239999,0.192943462948239,0.45602687828174054,0.032301919593059336
base,2025-12-09,32.53109692,4480384437,203425851.9,466794999.3,345353997.934,111101496.36000001,4385348490.0,3127.885277,3375.241034,3106.647576,1015574849.1340001,0.2003061143877924,0.4596362342943457,0.08587062318909988
base,2025-12-10,41.10148352,4590813341,205804072.5,517294328.0,432580333.907,106556794.36,4396440897.0,3318.305412,3400.925866,3303.0369,1155678734.407,0.17808069524235196,0.4476108390671679,0.02949968548585183
base,2025-12-11,32.90224288,4572139269,219118703.9,456636417.4,378793716.98800004,114382097.87,4416523075.0,3299.065417,3299.065417,3172.632617,1054548838.288,0.20778431111424556,0.4330159029346836,0.03832382327082531
base,2025-12-12,30.10826387,4574664229,165299657.6,356555471.8,306016284.521,79223998.41999999,4409843310.0,3233.52778,3255.734928,3068.612809,827871413.921,0.19966827555634598,0.43068943534511805,0.057869340154547755
base,2025-12-13,11.22599253,4498544877,58447983.83,178045256.3,118565079.55,32306230.871,4431443940.0,3088.823071,3125.998085,3087.69303,355058319.68,0.16461516486271002,0.501453554054064,0.012401181330078283
base,2025-12-14,21.43451171,4483737251,106853676.8,266964456.8,242212351.58,86212901.98,4418657216.0,3115.327195,3123.574687,3064.821126,616030485.1800001,0.17345517692809967,0.4333624118001153,0.01885951533254599
base,2025-12-15,35.4555322,4410234854,179599487.4,430109175.9,392161783.8,128818633.14,4414309449.0,3066.800666,3158.204052,2929.058057,1001870447.0999999,0.1792641832283467,0.4293061813979921,0.07471825526204573
base,2025-12-16,36.06112612,4301284209,190648354.7,386165409.6,337861104.724,143057634.52,4410905217.0,2965.888256,2965.888256,2919.786971,914674869.0239999,0.208432920982546,0.4221887171909033,0.015543837468163934
base,2025-12-17,50.18318052,4330682996,193102073.7,391192361.3,377537825.857,149474382.74,4382014631.0,2952.996366,2979.321524,2808.862241,961832260.857,0.20076481270023586,0.4067157832192534,0.05772417635274535
base,2025-12-18,60.96815843,4250282929,204360861.6,420782485.1,371843710.221,106766327.86000001,4377943296.0,2832.22954,2958.60644,2795.072747,996987056.921,0.20497845000227852,0.42205411011001953,0.05774026811400317
base,2025-12-19,44.26457888,4230679121,203406206.5,433247535.5,345726226.8,150960353.51999998,4306036364.0,2826.365817,2988.871149,2823.870075,982379968.8,0.20705451348775508,0.44101829155700517,0.05837923491982293
base,2025-12-20,17.47124035,4397861760,61282176.56,143676651.9,91352409.137,51511404.581,4244724246.0,2976.862798,2988.066012,2976.06151,296311237.597,0.20681691675611447,0.4848842489578757,0.004032601706758195
base,2025-12-21,19.48321795,4400417879,106539062.3,232178804.9,152036877.17,106696830.77000001,4231500292.0,2979.070328,3002.376862,2961.77263,490754744.37,0.21709227169422096,0.47310557373837825,0.013629833313555845
base,2025-12-22,34.63543498,4433211001,210584182.1,427934754.7,318900476.745,165297495.42000002,4222720001.0,3019.817909,3055.423573,2976.538166,957419413.545,0.2199497723994107,0.4469668659793543,0.026122570756633066
base,2025-12-23,26.34469007,4420733307,139991586.3,345210436.8,288548529.215,159587057.04,4230613359.0,3014.996388,3023.525403,2919.927344,773750552.315,0.1809259920799492,0.44615210388820775,0.03436092308844249
base,2025-12-24,19.24861045,4373081050,93463018.66,250371680.1,204834992.487,104690887.69,4200855037.0,2962.884309,2968.489846,2916.033237,548669691.247,0.17034478147969145,0.4563249694565099,0.017704575518071586
base,2025-12-25,19.15110666,4378579012,69052469.79,192583442.5,149063372.161,72680677.34300001,4197174226.0,2944.832916,2958.962688,2911.769144,410699284.45100003,0.16813389359152525,0.46891594358980887,0.016025881721026036
base,2025-12-26,19.24828888,4419890140,101921022.6,270653597.0,219826468.37,135907764.15,4197013130.0,2902.633856,2976.662466,2902.633856,592401087.97,0.172047325147994,0.45687559070402356,0.025503943546643554
base,2025-12-27,12.1404049,4377976807,35767330.89,120771173.1,79964129.20899999,85356229.641,4200345670.0,2927.249068,2940.6791,2923.334952,236502633.199,0.15123438756770355,0.5106546657278852,0.005925067391634635
base,2025-12-28,21.08278222,4425904247,42160863.82,149814603.0,113063212.776,108294414.75600001,4177623257.0,2948.359611,2952.048119,2932.345169,305038679.59599996,0.1382148122193513,0.4911331349795305,0.006682682101087795
base,2025-12-29,39.89078986,4441387305,145481097.0,373849557.4,295774388.59800005,205115978.65,4160336766.0,2957.186178,3041.20248,2924.500326,815105042.998,0.17848140954313413,0.4586519990416956,0.03946391839249293
base,2025-12-30,28.2225363,4459358349,107247317.0,282375683.8,229065054.409,230221330.95,4151195633.0,2934.381437,2983.851283,2930.093729,618688055.209,0.1733463513592009,0.4564104340184978,0.018319893018052716
base,2025-12-31,19.99916292,4502948136,70608317.85,233541508.1,190869853.232,220566072.68,4143514644.0,2965.56034,2999.061878,2965.56034,495019679.182,0.14263739568228356,0.47178227032492503,0.011296866075569375
optimism,2025-01-01,3.096521421,785632906,898879.3154,24053590.0,25218100.81,10370571.012955999,1281211438.0,3345.613945,3361.268597,3323.542395,50170570.1254,0.01791646603084787,0.4794362499744112,0.011276316580513382
optimism,2025-01-02,3.872323757,802227777,1406737.446,40891885.65,42045428.360999994,12493041.85216,1261176212.0,3372.751299,3471.640783,3372.751299,84344051.45699999,0.016678561459869855,0.48482240233441204,0.02932012331573927
optimism,2025-01-03,4.388835386,802998436,1756066.487,42214533.91,35182742.910000004,10406805.24956,1258117242.0,3451.988792,3613.782353,3433.130554,79153343.30700001,0.022185626198870875,0.5333259739423629,0.05233267252160887
optimism,2025-01-04,3.176839604,840708026,1469428.608,38757981.13,31822576.502,6865455.7668200005,1260433800.0,3606.967894,3659.712804,3583.368377,72049986.24000001,0.020394571667304733,0.5379318325043999,0.0211658182838264
optimism,2025-01-05,2.195758153,850719797,790215.4153,31041815.84,27759285.448000003,8498388.0471345,1261214676.0,3659.359159,3659.359159,3610.825572,59591316.7033,0.013260579880025375,0.5209117293808846,0.013262865133266329
optimism,2025-01-06,8.714956331,853903508,0.0,0.0,43455017.08,14778500.714780001,1261128191.0,3636.703526,3720.16866,3624.947376,43455017.08,0.0,0.0,0.026183405746229023
optimism,2025-01-07,8.792353896,857270417,,,,19743980.536799997,1244811037.0,3684.077738,3691.31909,3380.530957,,0.0,0.0,0.0843598194995526
optimism,2025-01-08,9.806410724,798140625,5608733.452,68678171.64,67668514.014,36164966.196276,1252732120.0,3397.120237,3397.120237,3265.798145,141955419.106,0.03951052722976277,0.483800985355248,0.03865688666821241
optimism,2025-01-09,6.908560231,771612716,3901300.585,55188434.28,55353431.7,36744120.11167,1254802794.0,3327.607255,3347.51484,3188.91346,114443166.565,0.03408941487811933,0.48223442199718203,0.04766228940079637
optimism,2025-01-10,5.980347221,750689595,2650264.768,50587661.83,45716756.771000005,27790759.70815,1262474729.0,3225.027671,3308.631339,3225.027671,98954683.369,0.02678261076453771,0.5112204911147018,0.02592339555774317
optimism,2025-01-11,2.05429169,763340083,1327691.686,22694523.63,20722798.899,15988535.40717,1256618757.0,3265.213326,3310.819506,3232.426167,44745014.215,0.02967239388103522,0.5071967017588307,0.024008642368256627
optimism,2025-01-12,2.106725061,769574588,1115495.269,20857202.12,22647850.744000003,10938838.4512087,1258702059.0,3285.716103,3290.733668,3239.968973,44620548.133,0.024999586864667262,0.4674349149147867,0.015450116019959697
optimism,2025-01-13,10.44801626,755328353,3876134.781,68997162.53,68205545.356,31901327.890047,1259291769.0,3299.195098,3299.195098,3006.821846,141078842.667,0.027474954484487515,0.48906810706449927,0.08861957032405857
optimism,2025-01-14,6.278391746,738372084,1395647.799,46268043.46,37513914.154,40402967.880899996,1257918775.0,3133.342438,3232.170151,3133.342438,85177605.413,0.01638514950300532,0.5431949305883923,0.03154066781895726
optimism,2025-01-15,12.37360733,757529721,2397209.995,49560018.32,43476576.065,49323474.405600004,1261450941.0,3226.523937,3448.855822,3196.397636,95433804.38,0.025119086581257385,0.5193130321270758,0.07824463445163024
optimism,2025-01-16,8.762763964,797448622,2922069.504,50831534.13,45363730.558,49063576.157875,1263941037.0,3423.52042,3423.52042,3293.9557,99117334.192,0.02948091297874966,0.5128420224814999,0.03784546434807007
optimism,2025-01-17,7.515221498,772276069,5279971.318,51255879.67,49942461.767000005,40063440.4002,1260267229.0,3312.648353,3498.9653,3312.648353,106478312.75500001,0.04958729323734577,0.48137389054930463,0.05624410657148909
optimism,2025-01-18,7.360496795,801653062,3680066.332,59547388.71,59557416.704,44356110.668189995,1161769757.0,3480.383683,3480.383683,3253.595453,122784871.746,0.029971659209066092,0.48497333477029014,0.065161847272113
optimism,2025-01-19,12.75698831,762080267,8327724.556,115121049.1,98307378.03,42791795.68636,1154839295.0,3308.523005,3423.065929,3157.545973,221756151.686,0.03755352215794133,0.519133508697463,0.0802533201669547
optimism,2025-01-20,17.93570757,726090756,8140284.799,111752201.3,105057962.69,22992738.9375,1139391568.0,3192.116234,3402.699166,3189.079591,224950448.78899997,0.03618701293028075,0.49678585618125093,0.06692098888025633
optimism,2025-01-21,8.196550885,730341351,4199547.73,57940070.9,52269643.986,23259674.113920998,1102181152.0,3259.530015,3346.927923,3231.37587,114409262.616,0.03670636130306375,0.5064281472949302,0.03545052583293986
optimism,2025-01-22,3.581284521,747026053,1873926.558,30637040.84,33403095.607,26463585.884058,1102980493.0,3332.405477,3340.716727,3240.366221,65914063.004999995,0.028429844445453937,0.4648027969035377,0.030113534110002838
optimism,2025-01-23,9.700347405,731455294,5757686.508,56870458.75,53493670.348,15732453.460910002,1108113669.0,3247.929495,3328.658027,3200.780119,116121815.606,0.04958315952909111,0.4897482738554555,0.039372131752508976
optimism,2025-01-24,4.954390089,740061204,1985990.413,42818356.44,43879580.06,39218353.82026,1120844541.0,3323.765338,3406.576042,3298.107681,88683926.913,0.02239402879563825,0.48281980659252177,0.032634181408627526
optimism,2025-01-25,2.522696105,727665165,1431769.004,22098262.06,20889531.698,23436465.941120002,1119254342.0,3300.129647,3345.396634,3284.609073,44419562.761999995,0.03223284775834958,0.49748940975404193,0.01841974937416757
optimism,2025-01-26,2.272221276,728773160,1346988.74,20921482.04,19264233.35,17781615.882713,1118158080.0,3321.841805,3349.753849,3259.919199,41532704.129999995,0.032432001917906426,0.5037351282140078,0.027043626781017117
optimism,2025-01-27,11.04072781,721814141,4295013.754,59340678.92,60905052.747999996,9485157.12229,1118290011.0,3232.526242,3232.526242,3059.692579,124540745.42199999,0.03448681585650193,0.476476021714236,0.05346705643232946
optimism,2025-01-28,5.497987618,697596991,1546437.817,33674968.13,31759684.167,8522532.73305,1041857024.0,3182.650496,3216.730627,3063.433401,66981090.11400001,0.023087677647049408,0.5027533602795373,0.04816652855620378
optimism,2025-01-29,4.902562591,672618209,1822737.286,36519661.84,34133320.729,4540310.60456,1044021358.0,3094.382803,3154.335787,3091.776164,72475719.855,0.025149626518324975,0.5038882250919866,0.020217157017337554
optimism,2025-01-30,2.962888846,693706520,1901336.417,35276409.87,28705523.645,13727913.222173,941931630.0,3109.045994,3270.555419,3109.045994,65883269.932,0.028859168935640618,0.5354380544015163,0.05194822634071323
optimism,2025-01-31,4.651173158,709013872,3028560.822,46677235.09,42094030.813,15551380.72811,945914173.0,3252.122301,3410.367343,3227.87599,91799826.725,0.032990920898712625,0.508467572927219,0.05611454186205893
optimism,2025-02-01,3.099215422,706069821,2039938.683,34154888.12,36874368.716,13304497.76306,952665046.0,3302.883699,3323.26192,3123.677309,73069195.519,0.02791790259233879,0.4674321083926371,0.06042738079467562
optimism,2025-02-02,13.34280793,675586060,5064082.358,58110785.55,66701262.782,7692317.642598,953851905.0,3139.882943,3155.898715,2836.414848,129876130.69,0.03899163249702446,0.4474323745346559,0.1017502476365406
optimism,2025-02-03,44.02182229,618364734,11089339.64,114206547.8,106505604.39,10941101.6115,962913473.0,2829.608062,2877.772457,2466.985112,231801491.82999998,0.04783981135088108,0.4926911681990274,0.14517464468547311
optimism,2025-02-04,6.32416081,623914365,5102708.499,50307879.62,51596925.688,5308422.83144,985515199.0,2872.743828,2872.743828,2652.669411,107007513.807,0.04768551588071941,0.4701340852637309,0.07660774164928438
optimism,2025-02-05,4.629379176,598036545,2148674.419,35397146.81,31733373.1,3205085.5818600003,995488692.0,2728.940978,2810.089283,2722.354915,69279194.329,0.031014714299305492,0.510934735209282,0.03214960261408772
optimism,2025-02-06,4.467695943,599789404,2761875.292,29081412.13,29174667.819000002,2664162.5677,902330624.0,2786.040496,2843.037704,2689.64134,61017955.241,0.045263320953505236,0.47660417356069035,0.05505891397495312
optimism,2025-02-07,4.414251323,587260933,2069072.773,31671735.12,31098682.378000002,5688642.228130001,818138085.0,2699.810468,2787.061683,2578.413295,64839490.271,0.03191068844545513,0.4884636660101174,0.07728260575067897
optimism,2025-02-08,2.072011237,580706130,864272.1481,15754898.49,15146004.893,1907387.60844,727416776.0,2640.313472,2645.669634,2604.266264,31765175.531099997,0.027208165346161117,0.4959802118699145,0.01568123271690067
optimism,2025-02-09,4.068325233,588496521,1878594.142,18947434.55,18245738.598,4904940.442833,731143409.0,2634.150122,2669.817891,2587.938093,39071767.29000001,0.048080603266717495,0.48493927621363037,0.031083952777084714
optimism,2025-02-10,3.760200966,589950343,1423360.763,21867685.02,20885111.476,3147836.196124,735117091.0,2644.669354,2683.40991,2579.781303,44176157.259,0.03222011264255038,0.49501102804827823,0.039183955772491494
optimism,2025-02-11,3.424554518,604158251,1485036.175,22618878.04,21415058.936,1760619.7358010001,738601264.0,2683.082474,2718.803083,2596.774226,45518973.151,0.03262455350373771,0.4969109906097055,0.04548084458174572
optimism,2025-02-12,6.315287439,591949233,1679410.013,32504130.74,33143575.109,659024.6787,648454130.0,2606.069689,2742.831786,2586.696018,67327115.862,0.024944036165789083,0.4827791941455435,0.05991235332617389
optimism,2025-02-13,4.426669242,617565167,1461555.508,31775141.83,31761510.951,437658.77835100004,649088615.0,2729.589578,2741.588879,2628.894251,64998208.289000005,0.022486089178051186,0.48886181121668665,0.04128629040361896
optimism,2025-02-14,3.723677638,609879583,1679902.07,30680488.96,30826585.524,1132813.89145,643732946.0,2672.290805,2777.416546,2672.290805,63186976.554000005,0.026586207500596974,0.4855508307757098,0.039339184494181514
optimism,2025-02-15,1.84855981,616596053,716234.5015,15738462.24,16323478.103,713134.593835,644804329.0,2719.643707,2733.235007,2688.258095,32778174.844499998,0.02185095737934842,0.48015065862158063,0.01653779569883934
optimism,2025-02-16,2.024051037,609602812,859980.1664,17734727.91,16755249.259,739969.261299,644695237.0,2699.625633,2714.407037,2668.090946,35349957.3354,0.02432761539824554,0.5016902210583482,0.017156486600896095
optimism,2025-02-17,4.248918101,601988563,2314419.708,37699278.94,33590400.102,352296.1575,649361248.0,2668.9156,2803.056792,2662.548717,73604098.75,0.03144416883441563,0.5121899402375333,0.05264612901209755
optimism,2025-02-18,4.517650095,610364453,2192533.582,38181329.85,36685409.982,,577155897.0,2735.303375,2735.303375,2626.049578,77059273.414,0.028452559761634917,0.49548001374047834,0.03994211318515989
optimism,2025-02-19,2.564175328,596876741,943930.6493,30837002.62,27559508.253,,576886298.0,2673.316439,2729.904297,2664.800354,59340441.522300005,0.01590703784947864,0.5196625072028075,0.024353249787501145
optimism,2025-02-20,2.950828524,602895796,917848.9884,29765300.46,25960617.929,773540.75046,576135813.0,2719.201412,2756.337526,2719.201412,56643767.3774,0.01620388316131331,0.5254823582210371,0.013656992761226144
optimism,2025-02-21,10.17207435,620950013,2382149.076,45340967.31,44586519.659,871565.3760619999,576651991.0,2740.742338,2825.091217,2632.475356,92309636.045,0.025806071587572144,0.49118346959895653,0.07027871913729682
optimism,2025-02-22,4.068524986,598169727,2196803.22,31401673.3,27083085.607,1491312.9649389999,587385309.0,2667.133387,2784.650832,2667.133387,60681562.127000004,0.03620215338890463,0.5174829420884002,0.04406133025547101
optimism,2025-02-23,2.429472376,619934301,1900669.784,31207802.7,25879447.669,2641461.1940550003,667153033.0,2761.945981,2818.644555,2754.228412,58987920.153,0.03222133920080815,0.5290541286937176,0.023322738186456922
optimism,2025-02-24,7.804082738,620939651,3161083.593,53027358.31,54476751.128,2950968.0340299997,671899364.0,2826.810768,2826.810768,2526.941499,110665193.031,0.028564388733452115,0.47916925690578926,0.10608041839750054
optimism,2025-02-25,22.59144392,570524656,10172918.91,70723248.89,70305644.171,4393075.8455,673245365.0,2505.51365,2512.021911,2386.724974,151201811.97100002,0.06728040343822818,0.46774074971776447,0.05000848309088223
optimism,2025-02-26,10.52115727,570315559,2942076.081,43334301.37,45466138.036,6030668.17561,675799757.0,2485.466382,2498.236315,2294.962488,91742515.48699999,0.03206884033408584,0.4723469935391134,0.08178498348323264
optimism,2025-02-27,6.309226191,549377107,2373483.843,35011784.69,34939582.169,6455826.914856,669984821.0,2335.490343,2367.059323,2260.636039,72324850.70199999,0.032816989180931226,0.48409065971334,0.04556785444177706
optimism,2025-02-28,14.07189669,549707979,3611522.524,44430393.15,44339116.438999996,6243239.8365,668070768.0,2305.57916,2305.57916,2100.795721,92381032.11299999,0.039093766776521884,0.480947139621183,0.08882082322430424
optimism,2025-03-01,2.538227257,542768328,1495758.114,20490945.36,18837449.919,1363626.48422,659829752.0,2232.577663,2269.703741,2159.466457,40824153.393,0.03663904795773361,0.5019319117959595,0.04937668499821402
optimism,2025-03-02,9.113788945,537804773,4497734.493,49602816.18,44335960.487,2462965.30246,657607536.0,2216.28492,2528.036997,2198.31778,98436511.16,0.045691730029819154,0.5039066866091478,0.14877113227842578
optimism,2025-03-03,8.749477515,582188333,3131991.464,38354621.43,42715451.938999996,1552528.2785999998,658667123.0,2492.964942,2492.964942,2121.897828,84202064.833,0.03719613610677784,0.4555068988636995,0.14884570085542742
optimism,2025-03-04,10.96324102,522930163,3834655.277,38458128.02,38332404.669,1243974.29593,659289890.0,2144.780939,2179.646005,2045.745013,80625187.966,0.0475615049557105,0.476998925400558,0.06243108075290484
optimism,2025-03-05,4.632921855,532133762,1980104.493,22685916.49,22068459.921,2034679.9081299999,656166935.0,2166.57264,2247.092824,2166.57264,46734480.904,0.04236924118334485,0.48542138590563255,0.03716477468302193
optimism,2025-03-06,3.348215477,554711962,2014098.038,23743777.32,25448686.204,1572234.67039,650093711.0,2244.526117,2304.887125,2197.72029,51206561.562,0.03933281158824471,0.46368622683738403,0.04774586233963612
optimism,2025-03-07,6.288380979,538589061,3250278.388,31884593.39,33431005.853,2288990.26344,653866433.0,2165.306298,2210.990476,2134.176303,68565877.631,0.04740373054789697,0.46502129764301803,0.03547496863189734
optimism,2025-03-08,1.886617674,542996593,1422449.862,15317372.63,13964616.264,1320781.10867,661772595.0,2140.107656,2222.356098,2133.846802,30704438.756,0.046327173517282966,0.49886509086595204,0.04135740356418788
optimism,2025-03-09,5.323275279,529726627,2716540.396,21648123.73,24372601.141,880915.51529,661610004.0,2207.493155,2207.493155,2015.852737,48737265.267000005,0.055738465856010375,0.44418010759126325,0.08681359557828398
optimism,2025-03-10,23.66859577,485133873,4384659.296,36310130.67,38915736.942,,665657165.0,2020.56756,2122.160862,1853.865198,79610526.908,0.055076375779638115,0.4560971027356838,0.13278232775349527
optimism,2025-03-11,16.36611536,462793488,4652097.522,32786033.68,31102045.049,,662381624.0,1835.782696,1953.283696,1812.990214,68540176.251,0.0678740233314198,0.47834767100590364,0.07642161695155233
optimism,2025-03-12,5.931566418,478408460,2204478.659,22304834.38,22318899.358,1737930.27649,664287932.0,1917.929716,1921.750522,1856.028895,46828212.397,0.0470758661533112,0.4763118905950152,0.03426696320085596
optimism,2025-03-13,4.162063738,479380583,2721811.999,21943529.68,19209821.548,1200261.2485099998,662881015.0,1906.753027,1906.753027,1842.978881,43875163.227,0.062035370328264554,0.5001355679628866,0.033446463751175666
optimism,2025-03-14,2.395677205,472475150,1133027.162,13604971.13,13656172.745000001,2786133.16886,663641003.0,1870.457048,1938.250112,1870.457048,28394171.037,0.039903512609104526,0.4791466217580917,0.036244116951248996
optimism,2025-03-15,1.601949138,487784551,499149.375,9257006.42,7203681.121499999,2232844.5605800003,668336578.0,1915.759043,1948.707607,1911.042849,16959836.9165,0.029431260303828997,0.5458193062572425,0.019660488169231688
optimism,2025-03-16,2.075930191,460557565,752399.3638,12216476.56,10591830.622000001,2200772.9234929997,677929484.0,1940.303616,1940.303616,1881.952158,23560706.5458,0.03193449917715328,0.5185106200551419,0.03007336455945659
optimism,2025-03-17,2.655917019,454942416,956123.9058,13298055.92,11061135.037999999,1120532.562929,677844225.0,1895.527716,1947.512068,1893.351412,25315314.863799997,0.037768596240816396,0.5252968802302257,0.028572864191240353
optimism,2025-03-18,1.700400886,464870411,1262624.771,14962839.65,16897738.617,2615031.93992,675980983.0,1927.296213,1928.639076,1882.035573,33123203.038,0.03811904209721132,0.4517328723564008,0.0241807682107451
optimism,2025-03-19,3.253257649,454408638,1846510.815,22253631.68,21834695.862999998,3724487.77936,679633680.0,1938.956729,2054.070842,1932.369884,45934838.357999995,0.0401984829163639,0.48446086838410124,0.0627662062694748
optimism,2025-03-20,1.796289285,474340292,1072706.741,13899138.83,16335295.691,3708083.82997,667435124.0,2047.873669,2047.873669,1965.096364,31307141.262000002,0.03426396335656588,0.44396065145911306,0.04042109933491218
optimism,2025-03-21,1.472868849,454932945,669599.2465,9979698.95,12041845.033,3106027.700423,669592007.0,1986.366222,1991.237505,1948.859847,22691143.2295,0.029509277682821917,0.4398059123361279,0.021334262297982284
optimism,2025-03-22,1.312622748,442729489,346972.6429,8112434.862,14804061.559,1581510.3675139998,675739117.0,1974.224452,2000.978793,1974.224452,23263469.0639,0.014914914106186698,0.34871991102087124,0.013551823336448103
optimism,2025-03-23,1.352922502,445526242,787229.1973,7501613.814,32259845.27,2867975.3687650003,675568369.0,1986.286715,2018.567343,1986.286715,40548688.2813,0.01941441833675911,0.18500262602722833,0.016251746415169462
optimism,2025-03-24,1.8167735,453455550,1472616.378,14527193.42,14156398.593999999,2473252.81764,675316082.0,2007.909085,2094.651424,1987.593317,30156208.391999997,0.04883294208799352,0.4817314309266364,0.05331820439469751
optimism,2025-03-25,1.438427335,461373735,1742825.139,11274017.35,12599709.276999999,1849099.90648,674932630.0,2085.955298,2085.955298,2045.363444,25616551.766,0.06803511865766391,0.44010675023652596,0.01945959917689463
optimism,2025-03-26,1.761268463,457630006,946975.7788,9523047.235,12710077.29,2110596.625467,676186269.0,2069.792703,2074.189931,1995.37154,23180100.303799998,0.0408529629461853,0.41082856028189196,0.038080330888092706
optimism,2025-03-27,1.518400741,451073661,606502.113,10945273.92,10377210.701000001,3249397.051043,690148499.0,2013.599098,2032.734362,2003.627007,21928986.734,0.027657553007665564,0.49912355973246125,0.014455387385160555
optimism,2025-03-28,2.829542819,447672326,1416450.433,16201827.87,16383327.775,3124039.493241,687280778.0,2000.92604,2010.499575,1874.041201,34001606.078,0.041658339013476285,0.4765018403199206,0.06819761014255182
optimism,2025-03-29,1.794824988,432887621,1660450.201,13621798.65,13628935.673,5205004.865739999,684687428.0,1905.172813,1907.818185,1818.150516,28911184.524,0.0574327973183393,0.4711601712026761,0.047065372961523654
optimism,2025-03-30,1.785724937,415476286,1315961.613,12018812.46,12353803.714000002,3122368.836091,686113518.0,1824.481196,1847.145279,1796.730805,25688577.787,0.05122749978264493,0.4678660126557204,0.027632224497862217
optimism,2025-03-31,3.144437133,412541357,1368273.439,16752405.18,17670547.182,4323661.851858,686121612.0,1799.996745,1844.284535,1791.445356,35791225.801,0.038229298057787416,0.46805899504933807,0.0293551525283453
optimism,2025-04-01,2.903078557,415184355,1316151.117,14036808.81,14632305.682,2872786.8699209997,689796861.0,1826.380427,1917.849377,1826.380427,29985265.609,0.043893261916111245,0.4681235441778741,0.050082090591742824
optimism,2025-04-02,4.35423693,418964430,1687796.956,20009690.45,23158325.376000002,2116241.32398,691017084.0,1901.024614,1906.557203,1794.24378,44855812.782000005,0.03762716248622495,0.4460891288994679,0.05908046753991164
optimism,2025-04-03,4.449383175,401125942,1555564.757,15792601.6,15471950.821,1556143.13784,680835407.0,1809.943,1833.098673,1769.142617,32820117.178000003,0.04739668504421815,0.4811866305762645,0.0353359503586577
optimism,2025-04-04,3.305053461,401628579,2196100.667,13369289.87,14812147.871,2758763.00822,686555803.0,1817.902051,1828.753737,1776.229869,30377538.408,0.0722935689358441,0.4401044512046165,0.028892573156572114
optimism,2025-04-05,1.082126551,414740871,523855.7032,5630412.769,5827229.6696999995,778673.797402,691756347.0,1816.370431,1823.288672,1785.020054,11981498.1419,0.043722053535863434,0.4699256054891932,0.02106872989499785
optimism,2025-04-06,22.63067177,404715480,2139344.083,18505795.73,21703214.360000003,1224193.72818,689323966.0,1808.394479,1810.82004,1563.812272,42348354.17300001,0.050517762136880855,0.43698972702459166,0.13658953888013953
optimism,2025-04-07,26.68763328,375573717,5820986.708,32420082.66,32689368.589,4125395.7346699997,690579153.0,1572.857545,1591.819921,1449.909353,70930437.957,0.08206613233558269,0.45706869425582786,0.09022467956562462
optimism,2025-04-08,7.729166584,377109959,2576098.319,17860051.79,20289755.058,3204032.9846,658250479.0,1555.753483,1595.935103,1461.972771,40725905.166999996,0.06325453807439006,0.4385427829476928,0.08610768573802387
optimism,2025-04-09,11.0000678,364612429,3647119.413,24308695.03,22247251.621,6721278.205599999,602646456.0,1472.285361,1674.898276,1418.8038,50203066.063999996,0.0726473440556513,0.48420737886826937,0.17394350496432057
optimism,2025-04-10,6.145608179,390861793,1785079.99,14614980.02,18613965.999,3262414.87426,611278001.0,1652.130019,1652.130019,1496.656607,35014026.009,0.050981854801306285,0.4174035861012774,0.09410482844086622
optimism,2025-04-11,3.666427295,372131007,2058506.841,12968559.39,13497697.132,3332085.0539100002,615549560.0,1522.019776,1575.271815,1522.019776,28524763.362999998,0.07216560624198298,0.4546421376039095,0.034987744469359615
optimism,2025-04-12,2.727358633,379100675,1085771.562,10279947.9,10575600.574,3141968.1739399997,629442327.0,1565.228223,1657.123866,1552.169189,21941320.036,0.04948524337726861,0.4685200290198256,0.06705391294238115
optimism,2025-04-13,3.192739032,387043475,1658101.726,15000030.47,13557854.458,2586283.7893490004,628756469.0,1642.986449,1642.986449,1580.017398,30215986.654,0.05487498207444767,0.4964269623813291,0.03832597100135914
optimism,2025-04-14,8.590313676,380433758,2317760.384,16807425.96,15369446.077,1689751.5670399999,631141465.0,1611.257954,1679.197706,1611.257954,34494632.421000004,0.06719191425820122,0.48724757390856555,0.042165658100453356
optimism,2025-04-15,18.37671064,377069957,3005475.186,16260286.19,18508969.243,2212032.05839,633450604.0,1625.07474,1644.381324,1592.771861,37774730.619,0.07956311366753469,0.4304540607847875,0.031758208856289286
optimism,2025-04-16,7.726587578,368441339,3928970.805,18366062.56,17754468.358,2256723.23952,648259334.0,1587.527354,1599.251951,1561.186556,40049501.723,0.09810286360550735,0.4585840464889621,0.023977788416740472
optimism,2025-04-17,6.327454743,373662949,2671179.774,13127137.6,13654034.721,1863159.18081,553649776.0,1581.650382,1611.229949,1579.406904,29452352.095,0.09069495588617098,0.44570761471470177,0.020120151306611635
optimism,2025-04-18,4.143891137,372622669,1462408.338,7609335.383,8694108.428,2119313.49806,545037292.0,1582.896485,1596.538256,1579.425129,17765852.149,0.08231568774382239,0.42831243439275796,0.010811273612753065
optimism,2025-04-19,1.723081206,368971239,855149.7796,7305141.563,6383643.108,1757590.03485,540258361.0,1589.431968,1619.570447,1589.431968,14543934.4506,0.05879769208975783,0.5022809740935426,0.01896179239299153
optimism,2025-04-20,2.001517641,373875011,871972.4851,8779874.756,8002042.688999999,1382466.2219800001,539851434.0,1612.443589,1617.129139,1573.945346,17653889.930099998,0.04939265445477154,0.4973337202601595,0.026781583737004722
optimism,2025-04-21,3.721224062,353791336,2025676.919,13116020.63,13419079.585,638127.35714,525137995.0,1602.896378,1649.93197,1575.479478,28560777.134000003,0.07092513307659774,0.4592319238535745,0.0464487243354418
optimism,2025-04-22,9.672313795,353619298,4817429.528,23677063.48,22522456.53,3839734.8415400004,526670541.0,1569.512751,1752.739571,1569.512751,51016949.538,0.0944280199350558,0.4641019052376726,0.11674121148952685
optimism,2025-04-23,8.185753017,379305160,3231714.552,19164770.72,19735644.361,3028680.20075,525941456.0,1754.102648,1811.435577,1754.102648,42132129.633,0.07670427723807151,0.45487305975127323,0.032685047859297184
optimism,2025-04-24,3.480091597,382367838,2159230.992,14626545.59,14963718.690000001,1976038.31618,476147033.0,1792.929961,1793.478687,1740.726322,31749495.272,0.0680083564636769,0.46068592475859627,0.029422434867772313
optimism,2025-04-25,4.888705964,382330852,2232314.089,17026313.03,18376841.18,1005713.6300535,493109075.0,1769.90033,1810.73321,1751.550587,37635468.299,0.059314104218528195,0.4524007219661035,0.03343839310996691
optimism,2025-04-26,2.943130966,391709251,1433967.356,14418521.43,11500119.956999999,290251.213153,503570617.0,1792.012065,1821.415277,1790.089473,27352608.743,0.05242525016437332,0.5271351469789859,0.017480799717718452
optimism,2025-04-27,2.399281181,398693327,1181251.614,12218381.88,11253619.513,1129393.45988,513440137.0,1834.509965,1834.509965,1792.713227,24653253.007,0.04791463478124358,0.495609316812298,0.022783598234638103
optimism,2025-04-28,3.826378957,385174911,2415607.906,16680237.54,15609819.048999999,1516440.8720159999,513243337.0,1783.845207,1817.768989,1759.573806,34705664.495,0.06960269861272973,0.48062003084260496,0.032623448924623995
optimism,2025-04-29,3.182758892,388842122,2007500.356,13040257.35,13655093.688000001,2538700.48257,456699563.0,1800.987383,1833.062167,1789.848504,28702851.394,0.06994079885804114,0.454319230204631,0.023994428505110743
optimism,2025-04-30,3.680975648,385677913,2080243.445,13470748.66,13926115.811999999,2938599.449689,464419704.0,1803.571697,1811.831251,1755.082789,29477107.917,0.07057149062443419,0.4569901734569818,0.03146448909926535
optimism,2025-05-01,5.301288791,379899486,1636860.812,12557236.48,12947429.724,2837130.008602,463408988.0,1796.465216,1859.862732,1796.465216,27141527.016,0.06030835372803698,0.46265770060017175,0.03529014390891496
optimism,2025-05-02,2.717601614,386195363,1218134.247,10785320.92,20422636.501,2271831.847932,494270310.0,1841.894524,1853.113817,1821.837741,32426091.667999998,0.037566483789414795,0.3326124230581757,0.016980383834400214
optimism,2025-05-03,1.868309465,389211322,1105364.532,6991009.868,19144218.41,1090584.52742,494197226.0,1841.8401,1841.9085,1821.346478,27240592.81,0.04057784423818492,0.25663941738571877,0.011163847502288647
optimism,2025-05-04,2.00230727,384809158,1281741.015,7722466.776,19343294.85,1406241.41501,491672969.0,1836.203295,1844.901505,1815.125936,28347502.641000003,0.04521530630871773,0.27242141481735754,0.016215834641555925
optimism,2025-05-05,1.953137956,380441112,1041415.115,9965355.524,10475498.065000001,1767683.0193130001,491980691.0,1815.307066,1829.143822,1795.976232,21482268.704000004,0.04847789259828447,0.46388748140667513,0.01827106312822561
optimism,2025-05-06,2.331794075,380618356,1483662.924,11029684.6,16967717.318,2356324.601129,501201636.0,1816.542063,1816.542063,1766.747963,29481064.842,0.050325961153421764,0.3741277548525532,0.027411476460812385
optimism,2025-05-07,4.421632193,374153308,1763699.891,13500068.33,14804149.140999999,2064370.55485,435525928.0,1827.260285,1843.651688,1796.715575,30067917.362,0.058657201620121974,0.4489858132662511,0.025686604905332342
optimism,2025-05-08,4.57716329,376315150,5581609.256,27298233.0,23306998.787,3111236.2274,440314842.0,1814.140592,2186.046603,1814.140592,56186841.043,0.09934015068988082,0.4858474420925099,0.2050039631107046
optimism,2025-05-09,5.215672259,412356044,5108342.373,32349767.28,31913893.518,2495663.8189000003,439446082.0,2193.732794,2405.161731,2193.732794,69372003.171,0.07363694486964838,0.4663230957920986,0.09637861893584845
optimism,2025-05-10,4.571919407,414490625,3828741.055,32006063.34,24430744.077999998,3611920.6938799997,431760763.0,2349.462195,2579.419069,2332.889716,60265548.473000005,0.06353117414529699,0.5310839136283521,0.10493012125270647
optimism,2025-05-11,3.987696233,437509322,2819352.782,28848657.42,24349634.308,3665043.102377,440603428.0,2557.883618,2557.883618,2461.927336,56017644.510000005,0.05032972747536185,0.5149923327256303,0.03751393586664726
optimism,2025-05-12,4.088180067,432359061,3252046.352,28950253.0,30457706.398,4517357.08856,446563141.0,2525.612058,2565.032363,2451.272004,62660005.75,0.05189987318186609,0.4620212311423224,0.04504268921256468
optimism,2025-05-13,3.697077295,411851119,2703683.214,27378097.12,22875934.268,3438398.7694070004,443771292.0,2474.885038,2689.546324,2433.684742,52957714.602,0.05105362333551103,0.5169803365903943,0.10338321904712247
optimism,2025-05-14,2.887696469,427780739,3052259.974,23430700.77,21116720.722000003,3506101.9033000004,443580545.0,2684.529269,2699.803284,2575.818937,47599681.466000006,0.06412353780518888,0.4922449068642681,0.0461847626068852
optimism,2025-05-15,7.908637259,415280828,2261807.843,27260193.68,22989881.544,4646717.0809,446044191.0,2624.927107,2624.927107,2515.89325,52511883.067,0.04307230498883758,0.5191242836448785,0.0415378608835403
optimism,2025-05-16,2.437888772,406163694,1937909.572,18251936.0,21307556.262,3492552.2307309997,448887719.0,2553.427787,2628.682649,2550.382022,41497401.834,0.04669953988329495,0.43983322312592765,0.030664907540618094
optimism,2025-05-17,1.886288959,403201154,1367406.638,14047954.6,17410364.079,3098459.178906,454700003.0,2514.468585,2514.468585,2465.451895,32825725.317,0.04165655518027011,0.4279556495504077,0.01949385659157079
optimism,2025-05-18,3.022946749,394723491,2525884.082,19565643.65,25450099.756,2492307.6731499997,455995945.0,2479.361383,2572.548759,2393.801028,47541627.488,0.05312994559636309,0.41154762013434587,0.0720942627507238
optimism,2025-05-19,3.347621128,390591222,3208657.973,22995654.64,27619310.106,3895453.6135,461510878.0,2470.663986,2521.565248,2375.130936,53823622.719,0.05961430708132785,0.4272409302520327,0.059269213794254844
optimism,2025-05-20,2.452951709,394340629,2241340.66,21169278.0,24849155.193,4396106.72475,459131920.0,2536.029942,2571.267929,2459.388231,48259773.853,0.046443248300896675,0.43865265644389345,0.044116079288783173
optimism,2025-05-21,3.853129984,396297777,2703551.816,27318916.9,28703133.455000002,5085627.342110001,461126960.0,2527.301021,2596.78523,2479.094711,58725602.171000004,0.04603702160648211,0.4651960284792223,0.04656766962941047
optimism,2025-05-22,3.959304844,401206554,2608381.053,27090588.18,27068214.522,4580965.455329999,467161439.0,2562.238627,2673.045229,2562.238627,56767183.754999995,0.04594874856320939,0.477222690787684,0.04324601183994236
optimism,2025-05-23,4.001254847,422267970,3376600.553,27495962.0,33535096.904,3409340.118441,463367923.0,2656.999711,2710.734624,2525.71949,64407659.457,0.05242545034964815,0.42690515742707463,0.06963310279411628
optimism,2025-05-24,1.733722783,398194215,1158838.844,12398856.08,11341409.882,2555366.2494099997,476304170.0,2531.410511,2570.150309,2528.670582,24899104.806,0.046541385846159085,0.4979639298924601,0.016386013576128313
optimism,2025-05-25,1.91329583,400521609,1619846.018,12592053.96,12703461.996,2854923.9698515,476917456.0,2519.630326,2545.888865,2482.703524,26915361.974,0.06018295498179652,0.4678389230716575,0.025077226745523734
optimism,2025-05-26,2.090474083,411586946,887779.056,11347826.84,10964098.74,2263157.53002,476993940.0,2554.006626,2585.201006,2539.629881,23199704.636,0.03826682580356623,0.4891366945418382,0.017842994037713958
optimism,2025-05-27,2.684201773,410051589,2095401.056,21713821.3,19343808.814,2205163.4701300003,475198972.0,2563.200636,2693.812758,2534.261763,43153031.17,0.04855744774324737,0.5031818324524896,0.062246783478092135
optimism,2025-05-28,3.071347027,425167115,1585849.976,20110211.95,19461343.445,3156374.368751,475779060.0,2653.269392,2671.223079,2626.841394,41157405.371,0.038531339906023546,0.48861709742689213,0.01672716880306884
optimism,2025-05-29,2.897212529,421896413,2725659.737,22902221.18,24004416.083,4220087.85989,495395098.0,2694.237079,2760.429671,2636.619696,49632297.0,0.054917058080144875,0.46143786534804143,0.04595363042288517
optimism,2025-05-30,3.230825454,415378680,1964935.636,23092937.42,22334862.836000003,4406194.93978,496334029.0,2625.802822,2639.404717,2527.984885,47392735.892000005,0.041460692214050576,0.48726744690631246,0.04243267280638182
optimism,2025-05-31,3.252690281,401377327,1170351.353,16515761.99,13895227.908,3077355.455433,496226704.0,2527.178755,2546.604428,2501.27735,31581341.251,0.03705831692512241,0.5229594860692321,0.017935841661505365
optimism,2025-06-01,1.388516054,407410891,1338873.628,12646616.54,11519639.126,3221469.3884329996,496408661.0,2525.591977,2543.234894,2492.573787,25505129.294,0.0524942889944481,0.4958460078449818,0.020059101969502478
optimism,2025-06-02,1.817005044,405182705,1297247.221,16314410.32,14982544.144,3826284.807417,494946572.0,2536.57701,2598.314408,2484.958994,32594201.685000002,0.039799938453378314,0.5005310600231073,0.044688339267097636
optimism,2025-06-03,1.797038777,411925432,1640191.957,13769420.17,15094813.295,3509114.8895,518233605.0,2617.100787,2640.681379,2599.71159,30504425.422,0.053768983821510775,0.45139090409057175,0.015654647006149183
optimism,2025-06-04,1.932824442,408281363,2018886.534,14226355.95,13864619.828,3464760.6597499996,492447562.0,2596.699755,2659.997825,2596.699755,30109862.312,0.06705067306785364,0.4724816009646853,0.024376353052800215
optimism,2025-06-05,4.955451847,398846960,2766297.657,21220315.09,25619569.038,3273050.2773800003,487633790.0,2610.628371,2629.56896,2423.3571,49606181.785,0.05576518001303777,0.42777561840924905,0.07898935838233097
optimism,2025-06-06,2.144362099,377900143,1863044.436,15390487.47,15704969.212,3793129.4891,490971573.0,2416.344192,2516.097162,2416.344192,32958501.118,0.056526977040910226,0.46696563702633365,0.04128259969347943
optimism,2025-06-07,1.049477193,388658801,646722.0889,8855918.285,7442982.477,2953853.310976,503905180.0,2473.449525,2530.247801,2473.449525,16945622.8509,0.03816455108144059,0.522608012872755,0.022963183774692142
optimism,2025-06-08,0.916359002,392770057,412432.6773,6492903.021,6974320.9434,1873072.4354349999,502323618.0,2523.039035,2537.421655,2500.652561,13879656.6417,0.02971490491060769,0.4677999743518684,0.01457333536656924
optimism,2025-06-09,1.569196114,391338622,1739613.233,14398867.01,13119347.743999999,2616809.87251,502260357.0,2509.194308,2669.236258,2488.232094,29257827.987,0.05945804431460034,0.49213725011978965,0.07213636800582122
optimism,2025-06-10,3.016226165,406579072,2943917.124,25502947.97,20924444.589,3584252.11202,499969659.0,2698.565779,2801.119129,2668.230455,49371309.683,0.05962809459384622,0.5165540094793438,0.049244185572250326
optimism,2025-06-11,3.054114198,424841648,2101899.365,21331998.9,20440014.518000003,2040375.263293,490775040.0,2811.349064,2858.419671,2764.929238,43873912.78300001,0.04790772538104764,0.48621145338707034,0.03325465136904107
optimism,2025-06-12,2.604535741,412588867,1673353.263,19835072.84,29423931.086,2279720.47436,488570052.0,2773.005045,2773.845531,2643.981315,50932357.188999996,0.0328544240901813,0.3894395220389257,0.046831583027285816
optimism,2025-06-13,4.750414992,392450708,2711085.748,27103626.03,31334608.203,3820449.6030399995,486948798.0,2574.785829,2577.30609,2485.930898,61149319.981000006,0.0443355011771574,0.44323675289310654,0.03548846314549138
optimism,2025-06-14,1.373266595,387090702,737984.3824,10840123.58,27878801.424000002,3305323.6114288,490989604.0,2571.069589,2571.069589,2506.883554,39456909.3864,0.018703552657227843,0.2747332152613142,0.024964721015180647
optimism,2025-06-15,1.310480484,385226700,745973.0901,10716111.68,30546557.08,2330514.31883,490543179.0,2537.529702,2550.89511,2510.13243,42008641.850099996,0.01775761027366383,0.255093028673444,0.016063922313055874
optimism,2025-06-16,2.443411632,379816421,2195540.493,19193742.15,32396115.601000004,3184715.4184499998,486840586.0,2546.78858,2660.497989,2537.037649,53785398.244,0.04082038182630584,0.35685786062095665,0.04847687042793324
optimism,2025-06-17,3.376826394,384734775,3031240.115,20083084.94,25054037.899,5858788.20593,488082498.0,2552.118103,2610.441796,2471.360059,48168362.953999996,0.06293010451475765,0.41693517712401856,0.05449659121829441
optimism,2025-06-18,2.16370931,380305279,1775146.911,17473675.49,19785172.751,5737401.364279999,482889289.0,2516.343905,2538.929329,2483.99748,39033995.151999995,0.04547694654588915,0.44765275555209716,0.02183002446162066
optimism,2025-06-19,1.534129698,383863099,754340.1415,11731732.31,11912397.009,3844989.4325022,473733138.0,2531.768652,2539.534795,2500.229768,24398469.460500002,0.030917518933769265,0.48083886282265104,0.015524730890774881
optimism,2025-06-20,2.884862312,383033321,1618210.798,13568572.49,15692420.298,4699922.309669999,473912826.0,2526.008537,2556.7914,2398.140302,30879203.586000003,0.052404550962372086,0.4394081101285822,0.06280703159793014
optimism,2025-06-21,4.775084957,372292850,1516953.137,15537108.73,14950363.675,4377486.818285,473286885.0,2408.002962,2442.66173,2260.664699,32004425.542,0.047398230441889184,0.48546750853597936,0.07558006940690792
optimism,2025-06-22,4.39869838,363212371,3162347.922,21517854.09,24778635.759999998,5558745.53399,480769626.0,2296.10974,2296.10974,2162.859305,49458837.772,0.06393898571935897,0.4350659065058307,0.05803312998445794
optimism,2025-06-23,3.350359831,350975172,2551540.98,20100913.16,22293405.176,6745069.98732,480557844.0,2236.616783,2418.542868,2221.983848,44945859.316,0.05676921119832039,0.4472250273084533,0.08788229682169928
optimism,2025-06-24,2.591945186,370610646,1144178.666,17348471.33,19202258.491,6963950.3148108,493788447.0,2408.42621,2460.966593,2395.778157,37694908.487,0.030353666103065287,0.4602338094542141,0.02706681887505281
optimism,2025-06-25,2.066952346,374481730,1305486.665,15534185.51,26013030.908,6624151.780484,496867459.0,2448.549812,2460.162544,2412.811132,42852703.083000004,0.030464511479507968,0.3625018818512415,0.019338553689182608
optimism,2025-06-26,2.138990743,370923417,1395155.288,14188427.09,26748797.487,3720218.7284,498500182.0,2424.067196,2497.834483,2416.11973,42332379.865,0.03295716641609135,0.3351672439689802,0.03370977221045658
optimism,2025-06-27,1.685344277,370965155,1362580.529,11506285.66,21973461.178999998,3417552.8108090004,498862274.0,2418.053362,2454.892265,2401.168681,34842327.368,0.03910704685736423,0.33023872195654874,0.02221769992518463
optimism,2025-06-28,0.905467227,370604774,609418.6951,4485652.627,9711829.943,907905.2861878999,506236502.0,2422.097346,2440.71504,2415.693899,14806901.2651,0.04115774693091291,0.3029433739504108,0.010330361428834235
optimism,2025-06-29,1.374399751,372998412,765052.1889,8534551.61,13349461.588,1189326.388191,506377902.0,2438.000687,2502.855006,2430.274856,22649065.3869,0.03377853239553535,0.3768169442848755,0.029770356664382585
optimism,2025-06-30,1.993265874,380321856,2105570.543,14114145.78,22871128.827999998,3697147.131175,502940979.0,2507.607258,2513.048845,2456.170925,39090845.15099999,0.05386352059840632,0.3610601337852871,0.022682148417995967
optimism,2025-07-01,1.798080924,375162386,1361173.988,10126005.66,21477013.948,3284570.738806,499553700.0,2489.241675,2495.465919,2400.486018,32964193.596,0.04129250072615669,0.30718196186145225,0.038156158943466245
optimism,2025-07-02,2.234181244,359469817,2072100.194,16022477.82,20826862.725,5100785.12923,471449100.0,2408.372899,2596.98044,2403.819431,38921440.739,0.05323801366694315,0.4116619918425883,0.08020394561000245
optimism,2025-07-03,1.848341408,374054825,1270188.697,13342736.35,24338839.042,4067819.3362200004,504310429.0,2572.697061,2610.771892,2566.483632,38951764.089,0.032609272691675135,0.342545110909829,0.01721472017493795
optimism,2025-07-04,2.799924981,373632027,1071422.109,9480242.713,21141676.558,3176788.69935,499759112.0,2592.91797,2593.090672,2485.552268,31693341.379999995,0.033805905668126184,0.29912411567252684,0.041473893599495514
optimism,2025-07-05,0.965765193,364400676,695812.0908,5737132.867,9064916.377,1758724.60262,502644458.0,2514.821471,2525.925814,2498.939116,15497861.334800001,0.04489729748952999,0.3701886823646714,0.010731059167102267
optimism,2025-07-06,1.327403835,366442544,1091518.882,8346518.174,12149587.168000001,2392416.30921,502314335.0,2517.560819,2591.880965,2511.296553,21587624.224,0.050562251347070694,0.3866344016087131,0.032008923634269396
optimism,2025-07-07,6.070295995,369077674,924116.7771,10151570.37,14659687.438,2970270.238979,499361767.0,2567.406537,2578.964528,2529.310715,25735374.5851,0.03590842534831552,0.39445978672008336,0.019340066438414582
optimism,2025-07-08,1.575603632,370632954,1128055.755,9775358.267,13500812.364,2342560.56685,499774187.0,2545.762306,2617.044463,2529.923828,24404226.386,0.04622378669815704,0.4005600551471626,0.03422182612833463
optimism,2025-07-09,2.295470465,375646669,2121605.321,17399260.38,17675124.331,4549471.923260001,500023646.0,2609.723736,2774.755659,2595.755767,37195990.032,0.05703854956340096,0.46777247668448346,0.06858959418990387
optimism,2025-07-10,3.697157917,392921296,2525876.788,21625996.09,29185198.099,7250922.90199,501340993.0,2764.960111,2962.477688,2764.960111,53337070.977,0.04735687096670922,0.4054590117879843,0.07143595895441837
optimism,2025-07-11,3.35021203,419861609,3096803.415,27751324.47,30766559.88,7433362.6333,509336080.0,2931.538042,3012.984313,2931.538042,61614687.765,0.050260798639624495,0.45040112149629424,0.027782778129815514
optimism,2025-07-12,2.241376557,425292833,1579208.769,14799949.03,17423066.992,2725773.7854,512720011.0,2947.55171,2971.805574,2918.070076,33802224.79099999,0.04671907777562831,0.43783949492994784,0.018230553112162366
optimism,2025-07-13,1.932134999,426719585,983223.7613,12746667.39,15187026.912,3384564.76015,514161719.0,2940.135326,2996.110831,2940.135326,28916918.0633,0.03400167884930523,0.4408031091728781,0.01903841109114985
optimism,2025-07-14,5.963115766,433131435,3241024.03,23686661.95,31577562.107,6220559.806299999,491918553.0,2974.829211,3063.938902,2969.001183,58505248.087,0.05539715044333199,0.40486388357462977,0.03191367042146474
optimism,2025-07-15,3.40100677,431881158,3072232.948,28036774.6,26903370.423,5406682.96738,484594478.0,3006.06409,3117.162553,2950.548844,58012377.971,0.05295823159560514,0.48328952510816564,0.05542586718435541
optimism,2025-07-16,4.552313869,441004129,2844728.697,34479586.11,32726881.489,7286267.7789900005,483535932.0,3131.869337,3391.588305,3111.599855,70051196.296,0.04060928074632235,0.49220552871512946,0.08939978647646891
optimism,2025-07-17,4.833807977,453774415,2999985.495,37305370.54,32659223.31,9156450.781,482410884.0,3378.884306,3484.720987,3329.050511,72964579.345,0.041115641615846285,0.5112805538644746,0.046071561468846646
optimism,2025-07-18,4.938793857,456422093,3133317.734,36425914.61,36737453.728,12880084.148,481463889.0,3490.374125,3650.671725,3490.374125,76296686.072,0.04106754690555153,0.4774245971263474,0.045925621225489786
optimism,2025-07-19,2.060655218,458545824,966042.8,19965174.31,19006534.368,7677142.2503,483603523.0,3548.339392,3593.512396,3530.431027,39937751.478,0.02418871279050729,0.4999073200452449,0.017777715723084925
optimism,2025-07-20,4.030300458,455690124,1950393.829,29032692.34,28267539.095,8790285.2316,482215293.0,3585.911216,3784.268761,3585.911216,59250625.264,0.03291769192830842,0.48999807530537454,0.0553157992632241
optimism,2025-07-21,3.442414249,465504476,2121764.261,27117037.42,29197105.984,15354702.5814,481701551.0,3729.77126,3830.716007,3725.065635,58435907.66500001,0.03630925480209189,0.46404750954594415,0.028326233603934214
optimism,2025-07-22,4.282318863,470288906,2579196.961,33419838.87,29473695.293,12918075.621299999,499029086.0,3757.011377,3774.979289,3643.20882,65472731.124,0.03939345307155756,0.5104390529655095,0.035073215323936466
optimism,2025-07-23,3.652656547,469437378,1946859.789,27140082.98,28662505.808000002,7905296.23092,489341062.0,3739.086653,3742.607211,3561.012555,57749448.57700001,0.03371217971725153,0.4699626342546436,0.048566581321216634
optimism,2025-07-24,3.127604361,464250422,2098927.061,27012149.57,27107093.953,7648207.5597,489338060.0,3630.299714,3737.380432,3554.496089,56218170.58400001,0.03733538532464033,0.480487879441737,0.050377202271955364
optimism,2025-07-25,2.889989784,456025207,2037721.795,26764736.88,27706184.233,7365251.05225,469120861.0,3675.409372,3725.196757,3606.140046,56508642.90799999,0.036060356259440755,0.4736397036392266,0.032392775593107506
optimism,2025-07-26,1.441490887,453433607,918633.9037,12186390.76,13532589.066,3321499.5424,462841677.0,3718.765478,3763.28031,3715.943908,26637613.7297,0.034486343747666695,0.4574880799631314,0.012729063523913866
optimism,2025-07-27,1.465263767,464466333,1043489.449,16095320.85,18415103.252,3561596.62464,462085020.0,3740.101252,3853.618734,3740.101252,35553913.551,0.029349496153304636,0.4527018052994984,0.030351446218012765
optimism,2025-07-28,4.153676202,475072652,1357543.75,25617487.73,24050659.391000003,2431131.17137,462108690.0,3868.981239,3921.25096,3769.773358,51025690.87100001,0.026605102779148217,0.5020507766325898,0.03915180577074903
optimism,2025-07-29,2.173485334,469894670,1734454.673,22147375.06,21394923.596,699996.3450239999,457573299.0,3789.799855,3869.906279,3747.211652,45276753.328999996,0.03830784112095495,0.4891555474189553,0.03237496218649252
optimism,2025-07-30,2.385710976,458555491,1385899.905,21916209.63,22344912.52,1998029.59014,463501138.0,3772.76824,3819.914473,3724.560881,45647022.055,0.030361233714877,0.4801235358484767,0.0252741716252361
optimism,2025-07-31,1.819640042,459561641,964881.4078,16740949.67,19245414.222999997,2749984.30078,467025374.0,3819.831759,3865.86819,3709.021483,36951245.300799996,0.026112283901271124,0.45305508741913925,0.04106115580364233
optimism,2025-08-01,4.535457467,453361111,2352727.37,30463697.73,35253905.836,5428045.0906,464319522.0,3673.125929,3713.555777,3477.244259,68070330.936,0.03456318395472535,0.4475326814356476,0.06433526172742333
optimism,2025-08-02,2.247360522,438744073,1726672.673,20756006.45,21741551.672,4167903.5901300004,460846488.0,3491.222422,3526.664247,3395.897,44224230.795,0.03904358859295791,0.4693356125562432,0.037456005717644375
optimism,2025-08-03,1.071273133,431758311,853986.948,12781426.18,13242510.555,2269012.09044,461126063.0,3392.58522,3510.195689,3392.58522,26877923.683,0.031772802024143613,0.47553621815230157,0.034666916635332216
optimism,2025-08-04,1.785110571,434659904,1149280.583,19519925.6,18083375.162,5586274.6173,462371241.0,3515.908283,3724.017241,3515.908283,38752581.345,0.029656878151377252,0.5037064608992436,0.05919066746030923
optimism,2025-08-05,1.726772151,449544782,1612446.708,17580874.5,21808488.219,4980785.97408,459405643.0,3707.506892,3707.506892,3574.61719,41001809.427,0.03932623292810565,0.4287828938696267,0.03584341334246667
optimism,2025-08-06,1.53828985,439448218,1663392.707,15177225.01,16404545.519000001,3614342.04782,457087377.0,3599.2094,3685.120353,3579.463017,33245163.236,0.05003412662443393,0.4565243040697458,0.029355706839396385
optimism,2025-08-07,2.040748009,444797273,1274530.591,18874073.66,20475418.23,5616529.93228,456095865.0,3675.978901,3901.44164,3659.87497,40624022.481000006,0.03137381561848294,0.46460376169857304,0.06571492288334006
optimism,2025-08-08,3.475691309,469005844,1560932.902,24105007.28,27012545.121999998,4258838.60926,463536921.0,3900.550866,4048.40942,3887.813093,52678485.304,0.029631317092586845,0.4575873269873546,0.041172729831540605
optimism,2025-08-09,3.024430116,472623627,1738055.283,24367037.08,23539060.322,7193117.6796,433379640.0,4012.948616,4281.840555,4012.948616,49644152.685,0.03501027188495361,0.4908339806827342,0.06700607576381676
optimism,2025-08-10,2.79730241,484776613,2236059.87,18765802.38,21533553.27,3370913.10847,431876555.0,4272.913661,4298.78013,4182.674544,42535415.519999996,0.052569367024253306,0.4411806526534668,0.027172462448685944
optimism,2025-08-11,2.582965212,478687230,3524439.879,28634929.14,32965428.283,4238167.93437,430327702.0,4257.196962,4335.284696,4182.194524,65124797.302,0.054118247196322,0.43969317873209895,0.03596032163099156
optimism,2025-08-12,2.768468006,472542108,3172787.226,27079374.67,27634625.468,5879553.91463,428071280.0,4236.813765,4595.829573,4236.813765,57886787.364,0.05481021439398738,0.46779888646646095,0.08473721714317554
optimism,2025-08-13,2.982778338,500026094,2960703.0,34354237.39,33472381.778,4200957.7159,430375697.0,4606.160977,4751.53737,4581.608355,70787322.168,0.04182532845321292,0.4853162450257247,0.03689167961096201
optimism,2025-08-14,7.928635525,515940482,4384708.081,34782252.57,40362494.842,6138270.03342,443789597.0,4738.049109,4768.3136,4500.052149,79529455.493,0.05513313342609182,0.43735056847033804,0.05661854590963049
optimism,2025-08-15,2.09333668,492241646,2624382.265,20483199.34,26692682.052,5001950.655429999,449252831.0,4561.202604,4645.781404,4401.629007,49800263.657000005,0.052698160055446065,0.41130704610478197,0.05352807542157598
optimism,2025-08-16,3.515620501,478835785,1214790.037,15229772.25,21793383.917,3451654.2611,448644692.0,4458.39703,4476.781625,4395.16883,38237946.203999996,0.03176922815150891,0.39828949412578135,0.018305412113555082
optimism,2025-08-17,1.314022929,478052593,1282232.217,14535424.13,15822682.810999999,3715654.69443,448648046.0,4421.364362,4560.054703,4413.206235,31640339.158,0.04052523617389221,0.4593953325663021,0.03321338301410051
optimism,2025-08-18,2.499856474,480631629,3626442.099,25105197.98,30111984.97,5692384.4881,427527178.0,4466.371978,4466.371978,4262.163266,58843625.048999995,0.0616284618083982,0.42664261352176236,0.04572138482998528
optimism,2025-08-19,2.019002401,468827116,3149466.244,20495983.08,27308743.485,5182088.29571,437465472.0,4308.188575,4322.334955,4113.327148,50954192.809,0.06180975637874715,0.40224330815775006,0.04851408042183946
optimism,2025-08-20,1.854473653,450625197,3030906.559,22112880.4,22535030.772,3940583.77212,428642109.0,4097.818573,4349.495649,4097.818573,47678817.731,0.06356924737731812,0.4637883540812414,0.06141733010296473
optimism,2025-08-21,1.577498748,459572629,1891010.733,19547020.34,22748115.298,4974641.60227,428591777.0,4321.974039,4321.974039,4225.04893,44186146.371,0.04279646197526511,0.44237893424507796,0.022426120130611873
optimism,2025-08-22,3.980753103,449673223,4904558.243,39111327.67,36990153.376,9613824.908300001,427549333.0,4239.613269,4855.266773,4239.613269,81006039.289,0.060545587539495974,0.4828198985320718,0.14521454315223764
optimism,2025-08-23,1.46025345,486336791,1740542.171,15829155.7,18805999.821,5320911.3768,427541032.0,4812.938218,4812.938218,4699.095927,36375697.692,0.047849038820849676,0.43515744588677013,0.023653387150127745
optimism,2025-08-24,2.600204792,494138395,2492634.341,22443900.31,25530307.905,4907937.38177,434611336.0,4788.362837,4923.985309,4739.050426,50466842.556,0.04939152549981851,0.44472566884079107,0.03862173550654844
optimism,2025-08-25,2.811300973,482741403,3783571.923,29787131.74,37924007.002,6199734.45395,436396593.0,4742.68792,4755.050053,4369.504037,71494710.66499999,0.05292100475416338,0.41663406233745615,0.08129272313578673
optimism,2025-08-26,2.100610523,456443262,2076250.205,23243261.83,24769960.215000004,4875949.1574,476337647.0,4368.777322,4602.792334,4368.777322,50089472.25,0.04145083011929718,0.4640348717189768,0.0535653329872325
optimism,2025-08-27,2.198458659,475760382,1653233.065,23715792.06,31156513.964,5878902.735,479775883.0,4590.469098,4634.440053,4515.094744,56525539.089,0.029247541759787,0.41955888333341246,0.025998499598221297
optimism,2025-08-28,1.401356692,475489344,1717175.797,19118365.17,22000125.395999998,4142693.0563999997,480376077.0,4497.735632,4606.944799,4461.438538,42835666.363,0.04008752385099438,0.44631884579514325,0.03235100346155684
optimism,2025-08-29,2.060659122,478629797,1810902.881,24945603.84,28237799.625,4442367.532860001,481161482.0,4498.821588,4498.821588,4312.169222,54994306.346,0.03292891576096251,0.45360339092292984,0.041489168296397747
optimism,2025-08-30,0.944618198,449695746,730976.2761,11496455.51,16653459.972000001,2261831.50028,480645506.0,4352.463697,4401.367512,4299.316632,28880891.758100003,0.025310031359921173,0.3980644228818065,0.023446692977666845
optimism,2025-08-31,1.072343643,453319544,937242.9161,14685171.78,22015858.85,5573417.4019,481449168.0,4401.289141,4482.936668,4401.289141,37638273.546100006,0.024901325905717985,0.3901659241094932,0.018550820994561894
optimism,2025-09-01,1.847831811,449668935,1515689.722,18987441.27,22460605.586999997,3539315.10958,479188932.0,4387.403563,4472.506688,4268.732925,42963736.578999996,0.03527834966618908,0.44194110619514326,0.046445183369606555
optimism,2025-09-02,1.262140901,439349282,2357677.968,20986076.75,28327315.783,4142748.01432,465645290.0,4308.675604,4397.425648,4286.549317,51671070.501,0.04562858762437235,0.40614751245755304,0.0257332742564948
optimism,2025-09-03,0.908937424,443980322,1143875.214,13820994.22,18134584.382,2665708.84915,465304316.0,4320.765688,4474.578189,4297.350295,33099453.816,0.0345587338195611,0.41755958563035406,0.04101770537851939
optimism,2025-09-04,1.013954129,450611700,1519397.879,14347387.04,22577883.755999997,3385668.11305,464347489.0,4462.552327,4462.552327,4279.899662,38444668.675,0.03952167963377565,0.3731957520895451,0.04093008924397101
optimism,2025-09-05,9.589691112,439407052,1733120.589,18259835.7,20961172.592,2789855.18671,461542271.0,4304.60365,4462.207288,4288.765453,40954128.881,0.04231858023487476,0.4458606787378489,0.040292173008773906
optimism,2025-09-06,0.777244407,438649757,431156.5047,6121652.129,7955130.369000001,1057288.77903,460992323.0,4317.248879,4321.620318,4267.30251,14507939.002700001,0.029718659874414938,0.4219518794406793,0.012581579038496703
optimism,2025-09-07,0.618940929,436257702,485649.1919,5952171.971,7828569.705,765496.13135,461241894.0,4280.473468,4318.925446,4280.295088,14266390.867899999,0.03404148928743652,0.4172163812217318,0.00902478622722311
optimism,2025-09-08,1.359436001,442210951,869529.8226,13260064.27,14699378.496,2725238.3456,458035207.0,4306.684595,4364.067998,4291.925525,28828972.5886,0.03016166531525452,0.4599561857172635,0.016751278485486767
optimism,2025-09-09,2.650980102,440088068,872747.6414,14672609.44,13869696.068,2840891.41877,461538632.0,4304.015456,4367.717929,4285.862523,29415053.1494,0.029670102480090266,0.4988129501407781,0.019018381052951446
optimism,2025-09-10,1.176733546,442106650,1325767.894,13438014.51,16084451.487,3052009.5085,461619922.0,4305.040717,4425.790883,4299.166125,30848233.891,0.042977108468656745,0.4356169807802369,0.029413138300870556
optimism,2025-09-11,1.567448118,444641713,1740402.588,15065348.41,14886223.804000001,2955630.60474,470290686.0,4347.802803,4458.823143,4347.802803,31691974.802,0.05491619247059882,0.4753679284463291,0.025534814946849844
optimism,2025-09-12,2.473800304,452235282,1526475.042,18632931.07,16964609.106,3496139.3599,471552811.0,4479.482579,4691.23028,4479.482579,37124015.217999995,0.04111826355625109,0.5019104469326263,0.04727057138087361
optimism,2025-09-13,0.975151676,464879699,978501.3231,13083752.05,12512239.66,2618022.926,466378023.0,4702.578211,4742.603794,4622.431866,26574493.0331,0.03682107206640678,0.4923424892321921,0.025554477269277627
optimism,2025-09-14,0.910937228,461785413,762572.393,10208376.82,11909537.142,2119879.2576599997,469293973.0,4667.393198,4676.287378,4590.608736,22880486.355,0.03332850452426495,0.446160831619263,0.018356851108390346
optimism,2025-09-15,1.118204384,456318193,1260446.655,14112843.27,16056747.222000001,3614490.7322,466114613.0,4606.68321,4655.167311,4496.432989,31430037.147,0.04010325056584636,0.4490240722272602,0.03445739912295819
optimism,2025-09-16,0.996734234,446615550,1093203.225,12363642.68,18058280.835,2274673.9990499998,462477505.0,4517.993804,4526.878265,4448.340963,31515126.740000002,0.034688206524407586,0.392308201137826,0.017383224813293845
optimism,2025-09-17,2.187737698,445825317,1801884.011,20726945.74,20523213.08,3197640.02342,459952123.0,4509.294945,4599.525062,4485.093973,43052042.831,0.04185362395167315,0.48143930873067375,0.02537671418607986
optimism,2025-09-18,1.786684705,451141401,1148214.383,14294923.18,15328466.987,2595045.07898,461666813.0,4599.4698,4627.348042,4574.229048,30771604.549999997,0.03731408874484578,0.46454916436913596,0.011548938532001988
optimism,2025-09-19,1.071472399,448593848,796541.7197,12460104.14,13887680.981,2624143.88449,457042149.0,4599.250833,4607.75728,4457.342216,27144326.8407,0.029344684963992968,0.459031613239987,0.032704253249411716
optimism,2025-09-20,0.549176069,437886891,357766.3212,7884286.921,8597115.807,1214083.77595,453741607.0,4471.273372,4501.837153,4465.20238,16839169.0492,0.021246079313931285,0.46821116279336655,0.00819336460826012
optimism,2025-09-21,0.847415065,427197740,479511.8086,9954327.344,11517724.376,2298162.0417,448995569.0,4484.775127,4491.791058,4457.084412,21951563.5286,0.02184408449882211,0.4534678056545185,0.007738770622199725
optimism,2025-09-22,4.261077824,417027613,2533285.127,26151467.86,31323954.832,4966281.1794,441975934.0,4411.304173,4411.304173,4152.8647,60008707.819,0.04221529206462782,0.43579455066552697,0.058585729495103746
optimism,2025-09-23,1.174863879,408402796,1203453.671,16569043.43,21203472.507,4687710.21067,447796291.0,4204.834903,4210.569639,4156.125298,38975969.607999995,0.030876811612480983,0.4251092043801042,0.012948032980119208
optimism,2025-09-24,1.302356058,396461819,1329461.214,14994800.58,34231924.32,2529688.8706,461487092.0,4176.598408,4192.243376,4130.049388,50556186.114,0.02629670701429446,0.29659675170488475,0.014891062516537738
optimism,2025-09-25,3.223347216,403983127,3220037.873,27985682.62,49177752.42,4123038.4825999998,466399324.0,4148.946294,4148.946294,3874.431775,80383472.913,0.040058456748753385,0.3481521960402139,0.06616487646441448
optimism,2025-09-26,1.894614295,383160360,1835202.376,24777186.46,26810351.35,4076925.6397,480742989.0,3891.543571,4052.090767,3891.543571,53422740.186000004,0.03435245683037678,0.463794750582508,0.041255402405463645
optimism,2025-09-27,1.32718166,393967659,682816.4777,11126501.62,13596667.302,12172321.47888,484292102.0,4029.026458,4029.026458,3987.330543,25405985.3997,0.026876205231073733,0.43794804432704204,0.01034888091072441
optimism,2025-09-28,1.257523513,390745195,1147144.454,16016594.03,20458931.299000002,24283074.15716,483937591.0,4023.026906,4134.043868,3989.767645,37622669.783,0.030490777518355255,0.42571657254470496,0.035862604544062135
optimism,2025-09-29,1.505302399,399304213,1255205.303,15432064.38,28456436.234,8308707.167719999,479392200.0,4137.282345,4224.861141,4103.472286,45143705.917,0.02780465798062274,0.34184310008515867,0.029340239528660973
optimism,2025-09-30,1.058909026,403025241,1192799.527,12962823.54,21747604.757,2892052.53817,477646396.0,4213.961924,4213.961924,4105.597371,35903227.824,0.03322262646821568,0.3610489731882776,0.025715598516167403
optimism,2025-10-01,1.090408909,398691521,2347832.409,16120369.96,27555484.669,2920340.3672,482002541.0,4138.220399,4335.771697,4137.481529,46023687.038,0.05101356627645856,0.3502624626030076,0.047916773124968705
optimism,2025-10-02,1.156560206,413457524,2283942.307,18497863.98,22163749.757,3177518.94588,501590121.0,4356.395071,4502.028625,4356.395071,42945556.044,0.053182273496703125,0.4307282448746957,0.033429831690304015
optimism,2025-10-03,1.092512387,425500322,2138963.092,20661172.08,21297550.818,6453061.2654,521100871.0,4474.714687,4551.929764,4453.785419,44097685.989999995,0.0485051095988359,0.4685318881513493,0.02193309559716307
optimism,2025-10-04,0.804537659,428283648,1355419.855,10151488.7,11830387.077,2018331.11714,524835648.0,4509.237133,4511.344356,4458.848018,23337295.632,0.05807955970448667,0.4349899345698103,0.01164195549083356
optimism,2025-10-05,1.234178978,425240029,1446853.574,15138742.06,32403649.82,2967840.3609,526912798.0,4487.094812,4599.716274,4481.416784,48989245.453999996,0.029534106120466155,0.3090217438481473,0.026364383851134085
optimism,2025-10-06,0.987621609,415018416,1524073.684,20321679.28,29110248.427,3989073.8823000006,527116435.0,4517.218526,4708.794098,4517.218526,50956001.391,0.02990960127160186,0.398808358687055,0.04241007400844983
optimism,2025-10-07,1.108139878,425172508,2225812.737,21955936.55,25929714.560000002,4638838.450999999,512894052.0,4684.445736,4725.857953,4472.635444,50111463.847,0.04441723641911235,0.4381419911626554,0.054056023544895256
optimism,2025-10-08,0.911242299,418976165,1517800.934,16398623.66,25421060.239,3312292.34078,511776341.0,4461.988712,4533.372916,4443.880969,43337484.833000004,0.03502282007940264,0.37839352521706593,0.020056515777218852
optimism,2025-10-09,1.14178071,425517627,2029473.717,16053361.94,23700458.486,3814814.8279999997,511978381.0,4522.2743,4522.2743,4307.228067,41783294.143,0.04857141493091204,0.3842052731663197,0.04755267344132576
optimism,2025-10-10,57.6358043,414634601,5139864.24,39321324.28,51629724.425,3822783.8519,512406242.0,4375.30227,4385.127083,3748.754457,96090912.945,0.053489597324795204,0.40920960239504156,0.14544655128478706
optimism,2025-10-11,3.729383794,359833841,3375693.048,27331118.19,48393546.129999995,5688128.2787999995,510789913.0,3850.782945,3850.782945,3702.530313,79100357.368,0.04267607834304974,0.34552458546864656,0.0384993478254848
optimism,2025-10-12,3.182283294,348079719,3019842.162,30368472.32,40835029.472,4482022.6836,517910639.0,3737.067196,4148.555174,3724.402709,74223343.954,0.040685881302674136,0.4091498806469956,0.11349875256564697
optimism,2025-10-13,2.788397389,375792421,2329649.314,32338741.78,43300279.19,4048364.6275,513331067.0,4148.60635,4276.173704,4101.971961,77968670.28400001,0.02987930030760148,0.41476584969586494,0.04199042480856243
optimism,2025-10-14,3.423492203,380736032,3238037.827,36389190.67,48503254.386,3665501.2889,510085557.0,4250.40298,4250.40298,3943.002193,88130482.883,0.036741405709744546,0.41290129679998977,0.07232273938411365
optimism,2025-10-15,1.847589104,374206938,2461371.113,24849411.05,37754812.618,4603022.4204,502046757.0,4116.835185,4167.561868,3963.996138,65065594.781,0.037829072665585654,0.38191322362669544,0.04944714103243844
optimism,2025-10-16,1.445904157,360559404,2147790.07,22290040.72,25923331.676999997,3603619.19005,504998629.0,3988.235087,4056.429836,3859.08788,50361162.46699999,0.042647746096158436,0.4426037769601908,0.04948102398558527
optimism,2025-10-17,1.742350354,351590404,1978455.804,23296263.27,26901406.271,3119037.6442,478410770.0,3907.983396,3929.67214,3708.894361,52176125.345,0.03791879506034639,0.4464927802890688,0.0564940422280136
optimism,2025-10-18,0.617822797,345496741,593811.8383,8623977.377,10008622.7,1723167.5089,513347396.0,3836.736642,3897.580208,3836.736642,19226411.9153,0.030885213575781976,0.4485484558945296,0.015858155426660636
optimism,2025-10-19,1.149622465,348222322,1001535.759,12913147.68,13999697.509,2189072.8351,515421728.0,3884.844859,4010.180505,3870.551045,27914380.948,0.03587884541898672,0.4625983898426806,0.035942094232288536
optimism,2025-10-20,1.099350755,345096315,1848183.501,14774500.8,17691356.506,3917544.5530999997,515541953.0,3946.244505,4074.584838,3943.68747,34314040.807000004,0.053860852803525656,0.430567209589202,0.03317011093310356
optimism,2025-10-21,1.117659778,347086577,2299975.195,18798695.92,21969905.651,2376367.9957,523630962.0,3977.983411,4090.470155,3861.282955,43068576.766,0.05340262826645549,0.436482868290192,0.05761391547442022
optimism,2025-10-22,1.457024339,338061137,1796999.409,18778546.88,22953569.002,1487230.6619000002,523100125.0,3864.338696,3871.345866,3749.770003,43529115.29099999,0.041282700027021786,0.4314019881741686,0.03146097497246914
optimism,2025-10-23,0.695222488,343336226,1440929.735,14007207.92,17055986.68,2360487.8656,522036227.0,3809.438049,3902.761026,3809.438049,32504124.335,0.04433067386000694,0.43093632597624626,0.024497832961084143
optimism,2025-10-24,0.819769035,344114308,1270005.915,13481050.18,15771432.861000001,1958235.68488,522882484.0,3858.938081,3974.580772,3858.938081,30522488.956,0.04160885820388992,0.44167597863443386,0.029967490685943458
optimism,2025-10-25,0.383149663,348989697,417136.1952,4874729.507,6718547.753,1472963.18847,523568229.0,3926.167562,3958.87189,3924.390902,12010413.4552,0.034731210274813455,0.40587524527637714,0.008782352626446511
optimism,2025-10-26,0.704488449,350280502,1173128.721,10990396.86,12763818.163999999,2197324.30177,524393975.0,3954.8228,4161.805978,3931.310161,24927343.744999997,0.04706192256185778,0.44089723206887965,0.05828221102599096
optimism,2025-10-27,0.828647432,362503743,1634722.47,14049838.83,19300768.717,3092103.1712,524012868.0,4166.962939,4231.765969,4119.252313,34985330.017000005,0.0467259411074773,0.4015922909165907,0.027001357498754583
optimism,2025-10-28,0.893983604,358090772,1516211.273,13899966.34,19085659.592,3118880.94714,529576635.0,4121.475339,4140.872419,3973.458116,34501837.205,0.043945812624154146,0.40287612098481584,0.04061999386865687
optimism,2025-10-29,1.192025311,349359469,1477942.946,16064390.18,19957622.93,2345779.40215,529000751.0,3984.94687,4028.402092,3913.947668,37499956.055999994,0.03941185807772511,0.42838424013112136,0.02872169384782789
optimism,2025-10-30,1.103798974,346605514,1815423.429,16761364.04,23757022.616,3283722.7965,525625019.0,3909.749694,3941.696921,3717.54374,42333810.085,0.042883535059917814,0.3959332742870455,0.05733184949000475
optimism,2025-10-31,0.924741446,338871410,1488373.959,14092585.31,19391411.461,3012499.1912,521999316.0,3813.146798,3883.395708,3813.146798,34972370.730000004,0.04255856631770299,0.40296339698558375,0.018422818139822317
optimism,2025-11-01,0.564755151,344602200,619122.3111,6054083.665,8400557.794,1737018.77711,529622423.0,3844.945558,3894.997066,3844.945558,15073763.7701,0.04107284156383544,0.40163052554987977,0.013017481585886219
optimism,2025-11-02,0.595488445,352563807,863502.5089,8093713.806,8952185.665000001,1517973.41542,542831019.0,3872.194945,3902.354637,3855.016959,17909401.979900002,0.04821503866344182,0.45192540851356733,0.012225024481560513
optimism,2025-11-03,3.719820997,354830011,3888817.755,19519275.8,24483852.739,3701710.2972600004,535479051.0,3897.794407,3897.794407,3589.753587,47891946.294,0.08119982702576443,0.4075690655830668,0.07902951973218318
optimism,2025-11-04,5.478514824,322938080,4997903.952,26312942.67,32806518.766,1984268.02752,535127392.0,3601.896866,3638.959009,3146.077361,64117365.388,0.07794930315298625,0.4103871472380343,0.1368394671853439
optimism,2025-11-05,4.103080765,309924291,2424922.758,15326890.0,16950041.05,3307000.4211,529876696.0,3266.872471,3462.011636,3201.865191,34701853.808,0.0698787670369636,0.44167352225046297,0.07963164993715492
optimism,2025-11-06,3.167471058,315673226,1832391.299,13187965.77,20334551.753,1701450.061,506697183.0,3407.472133,3440.298441,3289.420408,35354908.822,0.051828483230588154,0.3730165402602774,0.044278581632057015
optimism,2025-11-07,1.564916266,308452843,2200829.959,14764010.56,18961420.180999998,3289061.8844,502262069.0,3316.19626,3460.262886,3228.448234,35926260.7,0.06125964450845283,0.4109531655210641,0.06990377945845702
optimism,2025-11-08,0.86225735,321533031,1245405.261,11226461.97,11848934.677,3923863.0339099998,519588672.0,3429.498348,3460.90772,3374.417702,24320801.908,0.051207409431279514,0.4615991698163212,0.025219437137340754
optimism,2025-11-09,0.961882858,319556427,2120627.606,12682759.64,12249160.702,2273319.29935,518642204.0,3389.18995,3584.173936,3371.027755,27052547.948,0.07838920053209918,0.4688194126622975,0.06289000738952388
optimism,2025-11-10,1.185405936,324380710,2255422.777,13102931.04,14123818.81,2616508.0922000003,520999557.0,3600.372303,3637.231187,3524.213222,29482172.626999997,0.07650124044570808,0.44443573429185596,0.031390632825896395
optimism,2025-11-11,1.266947502,322572729,2548123.501,15763022.99,19194620.578,1719864.390235,521072916.0,3566.283931,3618.906538,3423.7603,37505767.069000006,0.06793951171061702,0.42028264509296653,0.05471977043209807
optimism,2025-11-12,1.256013506,320898636,2426255.557,16789483.24,19225476.542999998,2977514.82931,527193276.0,,,,38441215.339999996,0.0631159950469974,0.43675734732896715,0.0
optimism,2025-11-13,1.600750706,316316897,3970760.773,21829359.71,25383241.588999998,4733355.5940499995,520777351.0,,,,51183362.072,0.07757913142583918,0.42649327489062727,0.0
optimism,2025-11-14,1.776927125,305751595,5306303.859,22783240.08,26274765.791,1847294.9472999999,512835160.0,,,,54364309.730000004,0.09760638708288075,0.41908450954592846,0.0
optimism,2025-11-15,0.686521157,296699730,1418639.706,10071917.59,12068465.366,856684.06932,504634109.0,,,,23559022.662,0.060216407376194915,0.4275184813267191,0.0
optimism,2025-11-16,1.012958841,300920691,2689441.556,12882554.89,14363335.742,700828.60479,506513500.0,,,,29935332.188,0.0898417141025781,0.4303461477926794,0.0
optimism,2025-11-17,1.897001068,296460497,3758408.193,17318739.0,20590763.237,1895489.4942,508202983.0,,,,41667910.43,0.09019910415987711,0.41563732909272266,0.0
optimism,2025-11-18,1.358576099,269771611,2710922.384,13754999.85,15065837.962,1156956.95667,497182062.0,,,,31531760.196,0.08597434355548275,0.4362268317562845,0.0
optimism,2025-11-19,1.148748365,296006544,3396779.164,12266590.25,16034549.25,1368499.03613,499553735.0,,,,31697918.664,0.10716095274286239,0.38698409129087163,0.0
optimism,2025-11-20,2.018658878,290418604,3324502.845,14157057.43,19910613.965,1870108.0231,494648639.0,,,,37392174.239999995,0.08890905416897739,0.3786101695807674,0.0
optimism,2025-11-21,5.122457308,279280856,5379472.966,24734040.91,28848831.68,4160764.2375,482973708.0,,,,58962345.556,0.09123573554058834,0.4194887546749413,0.0
optimism,2025-11-22,0.773881268,271250567,1068163.919,7761399.52,8915337.451,3917442.5840430004,485123527.0,,,,17744900.89,0.060195541559883006,0.43738759478639155,0.0
optimism,2025-11-23,0.771135816,273486405,1255278.312,8092161.123,9657207.958,572947.8164499999,462368742.0,,,,19004647.393,0.06605112349847427,0.42579906670515727,0.0
optimism,2025-11-24,1.294814302,270101644,2389481.11,11949067.67,13981080.558,2216283.0466,453881320.0,,,,28319629.338,0.08437543731526646,0.42193587802247245,0.0
optimism,2025-11-25,0.805123353,278584511,1726180.494,8831183.134,11629803.371,1185383.844155,442420967.0,,,,22187166.998999998,0.07780085191037689,0.39803112918373185,0.0
optimism,2025-11-26,0.846262996,276182088,1706008.242,7560067.919,9540463.671,1013872.14073,433629053.0,,,,18806539.832000002,0.0907135633263683,0.4019914341784592,0.0
optimism,2025-11-27,0.618853309,284161753,1309841.516,7036852.547,8601857.219999999,1137938.50449,437212215.0,,,,16948551.283,0.07728339101842986,0.41518902881441044,0.0
optimism,2025-11-28,0.644436163,282912885,1258687.14,7706201.187,9351316.217,652475.98699,436162147.0,,,,18316204.544,0.06871986698861796,0.4207313348400222,0.0
optimism,2025-11-29,0.45232316,283178310,718175.0222,4386341.103,6521210.355,421074.28586,436485083.0,,,,11625726.4802,0.061774636055917695,0.3772960864398851,0.0
optimism,2025-11-30,0.409876661,284056875,526075.0931,4178277.104,6055940.285,1455044.921786,430122567.0,,,,10760292.482099999,0.04889040832069746,0.3883051609378335,0.0
optimism,2025-12-01,1.088902958,288029332,2390585.605,10189367.28,13706254.764,1740532.71224,431145624.0,,,,26286207.649,0.0909444845343046,0.38763169705035905,0.0
optimism,2025-12-02,0.948121559,268910098,2090281.927,9464868.345,10839368.319,1032044.80403,429394835.0,,,,22394518.591,0.09333899804571155,0.42264218837924833,0.0
optimism,2025-12-03,0.880543021,284639793,2005420.84,11664698.28,11726320.742,2257509.3317030002,400833260.0,,,,25396439.862,0.07896464429255128,0.45930446721603563,0.0
optimism,2025-12-04,0.987081591,302916654,2009735.559,10814509.33,14073894.386999998,769449.0933504,392591048.0,,,,26898139.276,0.07471652735448495,0.40205417999487053,0.0
optimism,2025-12-05,0.652034536,298726985,1909407.243,9705073.834,13123090.336000001,2433679.50641,398050841.0,,,,24737571.413000003,0.07718652777679602,0.3923212053427292,0.0
optimism,2025-12-06,0.421444128,282665244,598983.4402,3828514.806,4765337.949,1304412.7555669998,396674586.0,,,,9192836.1952,0.06515763225638205,0.41646720606193793,0.0
optimism,2025-12-07,0.806908533,291435054,2078415.651,7848260.067,10750004.954,842696.8127240001,396406909.0,3042.350251,3139.404682,2970.117046,20676680.672,0.10051979251266159,0.37957059895150275,0.055643703726865876
optimism,2025-12-08,0.74148884,292982288,2359515.816,10957857.6,13627956.846,1957218.1936899999,398097248.0,3060.182715,3159.032491,3060.182715,26945330.262000002,0.08756678033104451,0.40667000528301034,0.032301919593059336
optimism,2025-12-09,0.6543251,300580409,2221174.385,11564884.53,13351212.367999999,5306784.32132,396771586.0,3127.885277,3375.241034,3106.647576,27137271.283,0.08184958472193343,0.42616239523112115,0.08587062318909988
optimism,2025-12-10,0.790044763,309327520,2811891.206,11744474.66,13935862.311999999,2783583.24016,396903201.0,3318.305412,3400.925866,3303.0369,28492228.178,0.09868976158808017,0.4121992350555575,0.02949968548585183
optimism,2025-12-11,0.635930187,311573903,2557200.984,9137772.087,12891966.727,1331246.28587,390541346.0,3299.065417,3299.065417,3172.632617,24586939.798,0.10400647681286522,0.37165146057515064,0.03832382327082531
optimism,2025-12-12,0.559582838,307180586,1681584.02,7877142.867,11395196.224,1731624.3482249998,403197553.0,3233.52778,3255.734928,3068.612809,20953923.111,0.08025151238229147,0.37592687656970564,0.057869340154547755
optimism,2025-12-13,0.337960372,298623225,651897.3227,4491432.314,5682377.543,1699456.161009,403371316.0,3088.823071,3125.998085,3087.69303,10825707.1797,0.06021752776783172,0.4148858120254889,0.012401181330078283
optimism,2025-12-14,0.66156714,300236241,986860.0906,7129235.942,10355541.465,303072.210473,403159502.0,3115.327195,3123.574687,3064.821126,18471637.4976,0.05342569605581647,0.3859558170154808,0.01885951533254599
optimism,2025-12-15,1.589507182,290266600,2104205.012,10762062.89,15066212.715,645613.50315,400933890.0,3066.800666,3158.204052,2929.058057,27932480.617,0.07533183467849107,0.38528847607792116,0.07471825526204573
optimism,2025-12-16,0.786422233,288300837,2256998.149,8325321.133,11609823.168,638474.450251,402359931.0,2965.888256,2965.888256,2919.786971,22192142.450000003,0.10170258027520906,0.37514724645253883,0.015543837468163934
optimism,2025-12-17,0.883932996,289220346,2557263.664,9380737.186,12890621.183,1020504.1185136,400712174.0,2952.996366,2979.321524,2808.862241,24828622.033,0.10299660047992644,0.37781948484825123,0.05772417635274535
optimism,2025-12-18,1.012048964,283013015,1830269.319,9146883.131,11918724.035999998,726623.7052999999,389404364.0,2832.22954,2958.60644,2795.072747,22895876.485999998,0.07993881868288133,0.3994991472194999,0.05774026811400317
optimism,2025-12-19,0.911932927,281130755,1864641.37,8834166.74,10702848.316,1119126.293724,389721014.0,2826.365817,2988.871149,2823.870075,21401656.426,0.08712603047560016,0.4127795794940307,0.05837923491982293
optimism,2025-12-20,0.572261791,292252457,420618.1203,3217400.188,5807336.898,252161.9220804,388283228.0,2976.862798,2988.066012,2976.06151,9445355.2063,0.04453174191050539,0.3406330537843629,0.004032601706758195
optimism,2025-12-21,0.507396083,285460846,691475.3554,4449740.108,6323753.589,337129.2780584,393440113.0,2979.070328,3002.376862,2961.77263,11464969.0524,0.060312012377848605,0.38811619007977355,0.013629833313555845
optimism,2025-12-22,0.603932174,284622343,1660089.441,8204365.195,10204922.064,534494.6234486001,392562611.0,3019.817909,3055.423573,2976.538166,20069376.7,0.08271753855713916,0.40880019931062433,0.026122570756633066
optimism,2025-12-23,0.659739574,291938709,1184436.765,6981620.755,9772660.667,2617416.8253780003,392095907.0,3014.996388,3023.525403,2919.927344,17938718.187,0.06602683383801351,0.38919284433931894,0.03436092308844249
optimism,2025-12-24,0.780515968,289949881,769862.0632,6019053.561,8356302.403000001,1463383.4242913,390394692.0,2962.884309,2968.489846,2916.033237,15145218.0272,0.050832022478472676,0.397422707959047,0.017704575518071586
optimism,2025-12-25,0.65422116,291349705,522576.9701,5467514.401,8148932.493,2435380.6004999997,390145543.0,2944.832916,2958.962688,2911.769144,14139023.864099998,0.03695990438398372,0.3866967375932092,0.016025881721026036
optimism,2025-12-26,0.510483266,289313150,944776.0408,6335071.933,7810086.38,2790199.87579,389771111.0,2902.633856,2976.662466,2902.633856,15089934.353799999,0.06260968528084307,0.41982103993743886,0.025503943546643554
optimism,2025-12-27,0.431342898,290912323,270751.4169,2229141.489,3861052.706,155994.44523299998,389895504.0,2927.249068,2940.6791,2923.334952,6360945.6119,0.04256464894047839,0.35044184072722495,0.005925067391634635
optimism,2025-12-28,0.368090414,293532418,363520.906,3185333.82,5266675.068,457710.34017900005,391244969.0,2948.359611,2952.048119,2932.345169,8815529.794,0.04123642191617554,0.3613320917102444,0.006682682101087795
optimism,2025-12-29,0.651910378,294138482,1242910.877,7326938.843,11031421.785,1440485.335124,391182515.0,2957.186178,3041.20248,2924.500326,19601271.505000003,0.06340970669596364,0.37379916099478566,0.03946391839249293
optimism,2025-12-30,0.58891016,290051434,1081780.343,5456450.037,8342854.409,372652.33152999997,391327650.0,2934.381437,2983.851283,2930.093729,14881084.789,0.07269499222258614,0.36667017992084633,0.018319893018052716
optimism,2025-12-31,0.601036721,291634212,505316.1142,4580258.618,7771037.323999999,1150111.90178,390407066.0,2965.56034,2999.061878,2965.56034,12856612.056199998,0.03930398708393129,0.3562570448558574,0.011296866075569375
