sim_id,ending_log_tvl,ending_tvl_usd,cumulative_fees_eth,mean_daily_fees,tvl_bucket
0,19.528631546580637,302814676.1793222,344.10096635216996,0.9427423735675889,<$400M
1,19.38440548564704,262144250.7633708,367.8633827038555,1.0078448841201522,<$400M
2,19.666253159495497,347492333.02749604,325.86015568473914,0.8927675498212031,<$400M
3,20.378581511261878,708443955.7339698,304.70038182273873,0.8347955666376403,$500-750M
4,19.395110567409777,264965600.849547,373.806519630926,1.024127451043633,<$400M
5,19.267642764579872,233254983.8799045,306.9662199892215,0.8410033424362232,<$400M
6,19.128768673561225,203010583.99660245,344.8492450187943,0.9447924521062858,<$400M
7,19.752554328071163,378813413.0890023,398.60894020837065,1.0920792882421113,<$400M
8,19.327865682201868,247733884.6412116,335.26756119795294,0.9185412635560355,<$400M
9,19.949400615113923,461226874.3326478,320.27179800385267,0.877456980832473,$400-500M
10,19.982333867298507,476669466.97162473,353.91748334818175,0.96963694067995,$400-500M
11,19.634473042836497,336622621.32878643,310.61383437808473,0.8509968065153006,<$400M
12,19.33503268115795,249515770.89494306,343.25042629921927,0.9404121268471761,<$400M
13,19.044910898513905,186680825.0281123,408.1594405971939,1.118245042732038,<$400M
14,19.019154007394768,181933902.75360394,343.81331012146137,0.9419542743053736,<$400M
15,19.991452857582345,481036090.5493324,329.4170711960999,0.9025125238249313,$400-500M
16,19.98442502020878,477667298.66042,304.78473344646727,0.8350266669766226,$400-500M
17,18.989635370579986,176641951.7992292,326.81690335901015,0.8953887763260552,<$400M
18,18.074172398557295,70715291.77921717,336.51013145163,0.9219455656209041,<$400M
19,19.780223967061886,389441401.7133108,337.85133438179383,0.9256200941966954,<$400M
20,19.636672163249013,337363709.5791482,334.90570227989525,0.9175498692599869,<$400M
21,20.013565565169458,491791579.1887696,319.99184896335686,0.8766899971598818,$400-500M
22,19.852469286033916,418617965.8844986,290.43276170970273,0.795706196464939,$400-500M
23,19.65882692670796,344921332.3111092,321.3039906667142,0.8802849059362032,<$400M
24,20.657368533217625,936227006.3773818,380.9029565656589,1.0435697440155038,$750M-1B
25,19.682048985068704,353024841.5444516,416.2990654903704,1.1405453849051244,<$400M
26,20.138115510208056,557022120.1995087,382.31207748099604,1.0474303492630028,$500-750M
27,19.595227698383525,323667624.9790688,311.5733556007031,0.8536256317827482,<$400M
28,19.175814881038217,212789693.41065213,328.62284197982336,0.9003365533693791,<$400M
29,19.68352219771757,353545305.48927903,329.6372928098976,0.9031158707120481,<$400M
30,19.214085304560815,221091080.72580585,373.80589875645325,1.0241257500176801,<$400M
31,19.115324334720725,200299506.07777008,479.86998638896785,1.3147122914766243,<$400M
32,20.698617845699435,975653290.0867724,339.728352701636,0.9307626101414685,$750M-1B
33,19.236376578230917,226074823.12805465,329.72077636962257,0.9033445927934864,<$400M
34,20.016707251460872,493339063.6338429,359.97399730705666,0.9862301296083744,$400-500M
35,19.397704411834255,265653772.51527163,339.39134973116387,0.9298393143319558,<$400M
36,18.855074389101162,154402654.706357,354.08195578452745,0.9700875500945958,<$400M
37,19.826006027779762,407685265.9842826,324.26542723832,0.8883984307899178,$400-500M
38,20.02803409595713,498958805.37891763,330.9156565737486,0.9066182371883523,$400-500M
39,19.520197159799505,300271360.8075644,346.68999019404686,0.9498355895727311,<$400M
40,19.212711852631166,220787631.18873256,320.9486777117116,0.8793114457855112,<$400M
41,19.48290083787657,289278612.2428392,357.13323601951976,0.978447221971287,<$400M
42,19.381235690284825,261314622.70330596,313.85451744414996,0.8598753902579451,<$400M
43,19.981692356529443,476363776.4376467,342.28711086892395,0.9377729064902026,$400-500M
44,19.663423180990968,346510327.3773688,352.7962501167443,0.9665650688129981,<$400M
45,20.071984268534294,521377167.90934336,362.3770979350022,0.9928139669452115,$500-750M
46,19.982127255589127,476570991.6516717,384.59469456033617,1.0536840946858526,$400-500M
47,20.019152369480388,494546811.8097586,315.72460379897694,0.864998914517745,$400-500M
48,20.239630351996166,616537898.2998685,321.07638622050337,0.8796613321109681,$500-750M
49,19.99820822864768,484296668.64456385,372.4895064007743,1.0205191956185597,$400-500M
50,19.63876031045749,338068910.69317144,320.78031085998157,0.8788501667396755,<$400M
51,19.141563914436198,205624842.68712422,314.49667205799506,0.8616347179671098,<$400M
52,18.26560373373772,85634922.73064211,309.08410706437667,0.8468057727791142,<$400M
53,18.157743070820754,76878981.20793918,372.19159485506515,1.019702999602918,<$400M
54,19.01943452216961,181984945.0600971,323.9747976141777,0.8876021852443224,<$400M
55,18.85335869448449,154137974.02341542,317.12013912231214,0.8688222989652388,<$400M
56,20.683343830629745,960864377.5819153,312.06049188001623,0.8549602517260718,$750M-1B
57,19.500993988361365,294560209.9955289,339.55840348489534,0.9302969958490284,<$400M
58,19.787128484909932,392139611.0202068,334.7404595018093,0.9170971493200255,<$400M
59,19.314983752850978,244563061.251056,320.21411571358277,0.8772989471605007,<$400M
60,20.864336342429255,1151505832.5974545,368.6252461359791,1.0099321811944633,>$1B
61,18.905222096184886,162343025.54052335,335.03388604851784,0.9179010576671722,<$400M
62,19.646464059838728,340683366.4806571,337.35804327492673,0.924268611712128,<$400M
63,19.74501097557766,375966640.58797455,390.8859541651638,1.0709204223703117,<$400M
64,20.002282183373566,486273695.7716127,302.1587786195854,0.827832270190645,$400-500M
65,19.44427617235052,278318353.33643633,316.64607664353827,0.8675234976535295,<$400M
66,18.66519968552675,127700685.05155018,390.3367705615006,1.069415809757536,<$400M
67,19.763955418731545,383157012.9930614,319.830560890885,0.876248112029822,<$400M
68,19.770793003015598,385785858.5980274,384.5848487234085,1.0536571197901603,<$400M
69,19.400450512754908,266384287.1589468,324.997034390545,0.8904028339466987,<$400M
70,20.291938450369035,649646190.5129524,339.54676407596327,0.9302651070574336,$500-750M
71,20.119269784246807,546622931.8752545,421.23604909793255,1.154071367391596,$500-750M
72,19.504158964297787,295493962.8451861,352.52109050395796,0.9658112068601588,<$400M
73,19.959795533686265,466046295.4833922,382.76517291831715,1.0486717066255264,$400-500M
74,19.429148961856782,274139857.1975705,314.11890923731534,0.8605997513351105,<$400M
75,19.666486974194324,347573591.3420116,343.1626454049956,0.9401716312465633,<$400M
76,20.02330428287124,496604395.8396739,314.2311562052369,0.8609072772746217,$400-500M
77,18.78105172061288,143386124.4962204,369.32904382039317,1.0118603940284745,<$400M
78,20.255597518044272,626461274.5654421,404.1211441988384,1.107181216983119,$500-750M
79,19.82406599599928,406895110.3232132,414.6970440383785,1.1361562850366536,$400-500M
80,20.29606732680657,652334044.451634,327.60324125666034,0.8975431267305762,$500-750M
81,19.843359774954294,414821877.39216053,326.72504954976785,0.8951371220541585,$400-500M
82,20.77719107043774,1055405690.2064441,319.30476998444004,0.8748075889984659,>$1B
83,19.51983554314004,300162797.31150365,323.2908639895376,0.8857283944918839,<$400M
84,19.503646195768322,295342481.68109834,323.03470707195476,0.8850265947176843,<$400M
85,19.625826803317278,333724647.857306,324.5714197072397,0.8892367663212047,<$400M
86,19.132495802434725,203768642.41901273,314.5724908894253,0.861842440792946,<$400M
87,19.5655866173653,314214558.3479486,343.09202998200715,0.9399781643342662,<$400M
88,19.56288881418332,313368011.7341275,308.4810058704305,0.8451534407409056,<$400M
89,20.128612811521474,551753977.2602655,336.9498348840353,0.9231502325590007,$500-750M
90,19.95272241018505,462761522.9734723,344.62008439949835,0.9441646147931462,$400-500M
91,19.611875173498152,329100974.0007279,321.9022635235141,0.8819240096534632,<$400M
92,19.876751397179376,428907311.817538,335.4168744880965,0.918950341063278,$400-500M
93,20.255099662902,626149465.2228488,295.3566285685722,0.8091962426536224,$500-750M
94,20.347557036730038,686802300.6069633,392.51408180649986,1.0753810460452051,$500-750M
95,19.695327808009115,357743858.060586,324.1068598727998,0.8879639996515063,<$400M
96,20.003805377918514,487014949.6059455,376.126201181296,1.0304827429624548,$400-500M
97,20.149421494520336,563355538.8539443,309.88668390353604,0.8490046134343453,$500-750M
98,20.252045186958483,624239824.7045081,305.9211717972565,0.8381401967048122,$500-750M
99,20.02102255508474,495472571.5393161,320.42759655384884,0.8778838261749283,$400-500M
100,19.60679637723506,327433774.4708318,332.8371869914722,0.9118827040862252,<$400M
101,20.28650890988987,646128468.6728302,347.3242830054866,0.9515733780972236,$500-750M
102,19.42037832726445,271745989.89605284,344.46591459738755,0.9437422317736646,<$400M
103,19.881364726003508,430890573.48368573,357.6758928574227,0.9799339530340347,$400-500M
104,20.353944864928227,691203517.8534548,365.53385372016595,1.0014626129319615,$500-750M
105,19.72627778840311,368989146.5405962,381.4020584174611,1.0449371463492085,<$400M
106,19.939539154314783,456700856.84287286,373.8464661749294,1.0242368936299435,$400-500M
107,19.90971763871949,443282418.6292144,302.3383268471432,0.828324183142858,$400-500M
108,18.631805645172484,123506660.67541932,335.22042864772044,0.9184121332814259,<$400M
109,19.541680953556863,306792123.3484355,363.2570993598691,0.995224929753066,<$400M
110,19.91606799712534,446106377.9492685,465.07268908188394,1.2741717509092712,$400-500M
111,19.65893849034379,344959815.1356191,380.58806674022287,1.0427070321649943,<$400M
112,20.45418612655541,764082347.9180318,343.3470998298088,0.9406769858350926,$750M-1B
113,19.4252598120378,273075756.7857896,320.76682690006675,0.8788132243837445,<$400M
114,20.48547661018282,788368840.6352402,328.8473586564697,0.9009516675519718,$750M-1B
115,19.873709490735724,427604598.2728753,359.5781302835145,0.9851455624205877,$400-500M
116,19.585811728491777,320634283.70381886,366.9511237091996,1.005345544408766,<$400M
117,20.594194510803113,878911273.9583628,400.82832860865676,1.098159804407279,$750M-1B
118,19.887082993934722,433361579.43575025,334.05861708523423,0.9152290879047513,$400-500M
119,19.7530826816873,379013613.40927315,349.7076843433432,0.9581032447762827,<$400M
120,19.42099674827436,271914095.3001619,324.36176622074356,0.8886623732075166,<$400M
121,19.91168867618747,444157006.52483886,387.06914333958224,1.0604634064098144,$400-500M
122,19.874571792618266,427973481.5444619,346.9999889868177,0.9506849013337472,$400-500M
123,19.52643986586928,302151729.8431423,346.0838659445762,0.9481749751906197,<$400M
124,18.461032808162773,104117727.09271947,341.9945716006593,0.9369714290429022,<$400M
125,19.585637211804897,320578332.5532736,311.86912115066957,0.8544359483579989,<$400M
126,20.028814680501288,499348436.96098024,355.76474120187044,0.9746979211010149,$400-500M
127,19.374290946775258,259506146.64300296,326.30206599542885,0.8939782630011749,<$400M
128,19.03434725856989,184719175.330369,314.89160489212486,0.8627167257318489,<$400M
129,20.238718615940037,615976034.6426177,344.1385440384383,0.9428453261327077,$500-750M
130,19.389103610918745,263378734.90261433,400.09571010036166,1.0961526304119498,<$400M
131,19.717319769457987,365698495.63703877,407.6475770524747,1.116842676856095,<$400M
132,19.63160420553623,335658289.7132483,350.9486672633903,0.9615031979818912,<$400M
133,19.610106621348923,328519456.1397482,398.15549080684735,1.0908369611146502,<$400M
134,20.004461641649865,487334664.75125,312.2527697125221,0.8554870403082797,$400-500M
135,19.005666111523972,179496472.07549956,359.4605376900011,0.9848233909315098,<$400M
136,19.706076845875025,361610001.7747317,307.9915996375617,0.8438126017467444,<$400M
137,20.30983484808766,661377175.1992133,312.0010155805997,0.8547973029605471,$500-750M
138,19.859514600193744,421577674.76409876,371.84959243236835,1.018766006664023,$400-500M
139,19.49930471523102,294063037.3959007,320.9490161043311,0.8793123728885784,<$400M
140,20.028414125634132,499148460.5675815,331.0258655242598,0.90692017951852,$400-500M
141,19.64177425467932,339089368.56221014,310.32683511876155,0.8502105071746892,<$400M
142,19.218430141971098,222053775.38586253,379.3317607947782,1.0392650980678855,<$400M
143,19.649314097439945,341655711.83747673,352.1128100409021,0.9646926302490468,<$400M
144,18.682065541961894,129872731.69815587,352.058722694099,0.9645444457372575,<$400M
145,20.23628526953188,614478973.7437862,376.3997505905861,1.031232193398866,$500-750M
146,19.468282279013284,285080535.499148,319.24556345896394,0.8746453793396273,<$400M
147,19.190940993075117,216032840.42042142,331.56416279172703,0.9083949665526768,<$400M
148,19.726294358015654,368995260.59844106,330.13742096638856,0.9044860848394207,<$400M
149,19.078086375293243,192977927.54810262,314.13598271865027,0.8606465279963021,<$400M
150,19.505671341392876,295941199.25613594,360.31536953613517,0.9871653959894114,<$400M
151,19.20334620744059,218729465.64104617,310.50680411151626,0.8507035729082637,<$400M
152,20.14856446195884,562872931.6480328,329.7907127468005,0.9035361993063028,$500-750M
153,19.72352127687008,367973424.2708215,327.86401570735853,0.8982575772804343,<$400M
154,19.940746562040633,457252614.0167339,390.31498790446443,1.069356131245108,$400-500M
155,19.519058597162783,299929677.6060456,321.64272881488057,0.881212955657207,<$400M
156,19.06827791889397,191094364.48360765,353.92549625351927,0.9696588938452583,<$400M
157,19.982180167925687,476596208.80352014,410.0748719021386,1.1234927997318866,$400-500M
158,19.526709761740992,302233290.3535856,397.55918768023616,1.0892032539184553,<$400M
159,20.48837382371357,790656225.4286419,397.43080636048415,1.088851524275299,$750M-1B
160,20.384158199199284,712405763.2107258,367.96526129372415,1.0081240035444496,$500-750M
161,18.66257997972949,127366584.64007239,351.7117740523102,0.9635939015131787,<$400M
162,19.332814706492442,248962964.5183457,382.9131942590414,1.049077244545319,<$400M
163,19.12270696198493,201783714.61036792,490.0138659673586,1.3425037423763249,<$400M
164,19.298289576000563,240514172.71954322,332.9178881764832,0.9121038032232416,<$400M
165,19.4533287409597,280849287.77007353,324.0808010967152,0.8878926057444253,<$400M
166,20.73502136936428,1011824900.2411577,391.0930032506184,1.0714876801386806,>$1B
167,20.82809266644965,1110518284.7005963,365.9873228869289,1.0027049942107642,>$1B
168,19.235100584412333,225786537.01596883,352.37782295240015,0.9654186930202744,<$400M
169,20.634592108643176,915144110.4914447,358.58366991425964,0.982421013463725,$750M-1B
170,19.78639034175215,391850262.6528332,364.0488200155118,0.9973940274397584,<$400M
171,19.387638442404015,262993123.234806,349.13120700454533,0.9565238548069736,<$400M
172,19.78459037124419,391145578.13245726,563.3229585715472,1.5433505714288966,<$400M
173,19.38941858693303,263461705.9530405,330.21017177279094,0.9046854021172355,<$400M
174,19.945635811729947,459493710.3932294,357.9563035086878,0.9807022013936653,$400-500M
175,19.23463700604504,225681891.51935083,394.31416760787596,1.0803127879667835,<$400M
176,19.534029928819812,304453805.89263916,403.3237254895251,1.1049965081904798,<$400M
177,19.27674220557079,235387159.9346903,300.5783147510119,0.8235022321945531,<$400M
178,19.734710643537234,372113935.48794645,362.9891763540178,0.9944908941205967,<$400M
179,18.323731147931575,90760175.17202073,344.9646667071835,0.9451086759100917,<$400M
180,19.983153058904527,477060110.5819512,360.5951873153774,0.9879320200421299,$400-500M
181,18.904578753418747,162238616.91827577,404.71055301430005,1.1087960356556166,<$400M
182,20.107775164933365,540375683.0243239,381.9065922580282,1.0463194308439128,$500-750M
183,19.49341941420032,292337470.6194569,335.28871137652453,0.9185992092507521,<$400M
184,20.22371791986628,606804923.8546631,376.48939605026703,1.0314777973979918,$500-750M
185,20.16168907534901,570309113.0232542,378.857418637186,1.0379655305128384,$500-750M
186,18.722031731694106,135168368.26925159,363.87610725716814,0.9969208418004607,<$400M
187,19.027403424293702,183440958.98642933,325.8536130768312,0.8927496248680307,<$400M
188,20.109486279280382,541301119.1460391,307.6864780089003,0.8429766520791788,$500-750M
189,19.297787640321047,240393480.36725888,305.42255086063705,0.8367741119469508,<$400M
190,19.719069186161764,366338814.6229115,321.73599629909137,0.8814684830112093,<$400M
191,18.810485684602018,147669272.30648783,319.39977091163166,0.8750678655113197,<$400M
192,19.581196153430255,319157782.1731324,305.0659788103989,0.835797202220271,<$400M
193,19.90032813965605,439139698.24530977,313.2494795899094,0.8582177523011216,$400-500M
194,19.378711894412444,260655949.46515507,307.41068450258854,0.8422210534317495,<$400M
195,19.396243321246974,265265911.7076615,473.2144250505183,1.296477876850735,<$400M
196,19.926148827102672,450626244.22203773,326.532792981009,0.8946103917287918,$400-500M
197,19.439115220744057,276885665.97875446,340.95879519872415,0.9341336854759565,<$400M
198,19.24650991639561,228377362.2622788,305.09170787300167,0.8358676928027443,<$400M
199,20.400762558139828,724333556.8533876,316.3217927930199,0.8666350487479997,$500-750M
200,18.91219898357293,163479634.93527633,336.0959415084506,0.9208107986532893,<$400M
201,20.092843193766107,532366752.2753217,302.11598301070757,0.827715021947144,$500-750M
202,18.869166309437045,156593887.694945,367.35834482225636,1.0064612186911133,<$400M
203,19.734926014743746,372194086.746019,396.5573948552447,1.0864586160417662,<$400M
204,19.79588785597153,395589595.167974,344.3548355328009,0.9434379055693175,<$400M
205,19.597246231089446,324321618.4975337,335.36567383126675,0.9188100652911417,<$400M
206,19.108587423324636,198954641.25670955,358.63749180335856,0.982568470694133,<$400M
207,19.4280196495609,273830442.4318794,293.81358094583015,0.8049687149200826,<$400M
208,19.73082532512583,370670959.3892847,379.67865522136475,1.0402154937571637,<$400M
209,19.94627270501287,459786452.06363064,325.3405023392369,0.8913438420253065,$400-500M
210,19.989183481887515,479945676.6844401,336.7841488854298,0.922696298316246,$400-500M
211,18.74717581201659,138610141.3583,363.87345942574444,0.996913587467793,<$400M
212,19.527855975241255,302579912.8449578,315.1446178040822,0.863409911792006,<$400M
213,18.614705709256008,121412659.36169437,338.3489918162038,0.9269835392224762,<$400M
214,19.050357069059604,187700294.22051874,335.5415780813953,0.9192919947435487,<$400M
215,19.328010005799793,247769641.06695712,309.8381244601677,0.8488715738634731,<$400M
216,21.00795817961451,1329352980.0103881,391.3098206559883,1.0720817004273653,>$1B
217,20.249165089763533,622444539.874786,348.69805274631966,0.9553371308118347,$500-750M
218,19.471953966234793,286129186.03873783,326.70005354272627,0.8950686398430857,<$400M
219,20.642637854663125,922536827.658485,322.4946166797473,0.8835468950130063,$750M-1B
220,20.34959875234023,688205988.0629067,373.9740148520296,1.0245863420603551,$500-750M
221,19.376771536355385,260150673.95971873,321.51215308224977,0.8808552139239719,<$400M
222,19.796506628154216,395834450.752324,300.2383615862892,0.8225708536610663,<$400M
223,19.745148853105334,376018481.5126339,310.9708416763007,0.8519749087021937,<$400M
224,19.4360847607258,276047845.17079866,345.053598198157,0.9453523238305671,<$400M
225,20.506422235715586,805055869.2065111,417.426875874618,1.1436352763688165,$750M-1B
226,19.234622606463454,225678641.8179383,353.4179523046772,0.9682683624785677,<$400M
227,19.640052256080228,338505959.60344833,329.74764626492504,0.9034182089450001,<$400M
228,19.358301355414284,255389746.8795042,313.4453456141865,0.8587543715457165,<$400M
229,18.90546468737708,162382413.30600291,317.8759874496126,0.8708931163003084,<$400M
230,19.283679219955623,237025720.83852202,325.9764066468537,0.8930860456078185,<$400M
231,19.920261033367705,447980845.26832616,345.77078355147177,0.9473172152095117,$400-500M
232,19.883713287718745,431903735.85951465,311.06004350873957,0.852219297284218,$400-500M
233,19.175824489416087,212791737.9842556,333.41142418314547,0.913455956666152,<$400M
234,19.844268156857847,415198865.27734506,365.1761660263595,1.0004826466475603,$400-500M
235,19.86824240369825,425273225.4324831,325.492158194252,0.8917593375184987,$400-500M
236,19.126517631710147,202554112.63663402,354.10721430348013,0.9701567515163839,<$400M
237,19.87490161843778,428114661.5298645,315.7706049922113,0.8651249451841405,$400-500M
238,20.235400551981165,613935573.824337,323.8927572284915,0.8873774170643604,$500-750M
239,20.21311025030659,600402156.9907122,315.05491792307856,0.8631641586933659,$500-750M
240,19.980492764446318,475792676.83451104,298.772615718889,0.8185551115586001,$400-500M
241,19.010222125176757,180316126.21280825,320.0057231021054,0.8767280084989189,<$400M
242,19.22545790369864,223619812.8335248,296.8879095388113,0.8133915329830447,<$400M
243,19.507288360338435,296420128.8968993,317.83883820526546,0.8707913375486724,<$400M
244,20.27752733604788,640351201.4331762,318.68764232365317,0.8731168282839813,$500-750M
245,19.652417588480482,342717684.3368019,364.92453544716636,0.9997932478004558,<$400M
246,20.073707517953626,522276405.393902,328.2708052984991,0.8993720693109565,$500-750M
247,19.579177722774396,318514234.01868784,316.1980465927804,0.866296018062412,<$400M
248,20.14872480386436,562963191.0024439,368.9209296975342,1.0107422731439293,$500-750M
249,19.90211427866396,439924763.6995669,376.6455867863131,1.0319057172227757,$400-500M
250,19.509036938344835,296938896.035168,299.5807662265029,0.820769222538364,<$400M
251,19.682357483688776,353133766.0215807,306.5108356843139,0.8397557142035997,<$400M
252,19.164940134960528,210488196.30639437,320.4573387564063,0.877965311661387,<$400M
253,18.669101201692925,128199884.52288681,331.16612764671027,0.9073044593060555,<$400M
254,20.006038090132474,488103528.6219301,351.5653180350999,0.9631926521509586,$400-500M
255,19.53168584410351,303740976.17245305,406.2817527603198,1.113100692494027,<$400M
256,20.450393854928347,761190227.4285625,362.8961048812449,0.9942359037842327,$750M-1B
257,18.992747170707066,177192482.37359533,328.44375015811363,0.8998458908441469,<$400M
258,19.934727278117066,454508547.6506505,335.30559952803355,0.918645478158996,$400-500M
259,20.090693893878093,531223765.2252447,371.86691622449655,1.0188134691082098,$500-750M
260,18.956891224283794,170951632.62033406,319.140234451988,0.8743568067177754,<$400M
261,19.375093254322927,259714433.92717847,323.11753613342114,0.8852535236532086,<$400M
262,20.257440126945415,627616661.8227016,314.8567578851227,0.8626212544797882,$500-750M
263,19.812817174525197,402343667.0482796,316.28968449995017,0.8665470808217813,$400-500M
264,19.35906932931566,255585954.87145165,305.2340257169051,0.8362576047038496,<$400M
265,20.207838573034824,597245358.7074348,330.38183202976535,0.9051557041911379,$500-750M
266,19.263459004043156,232281139.46976352,328.20728198576114,0.8991980328377017,<$400M
267,19.61474275893971,330046053.5631523,361.16535898415015,0.9894941342031511,<$400M
268,20.221861781959248,605679654.8835876,366.0145629735144,1.002779624584971,$500-750M
269,20.29356564094723,650704149.1900766,383.5855494755281,1.050919313631584,$500-750M
270,19.385305379021304,262380258.81284735,338.35474512511036,0.9269993017126311,<$400M
271,19.91259382046457,444559214.69818074,315.69523153976166,0.8649184425746895,$400-500M
272,20.08974117048414,530717896.931233,302.01207431829073,0.8274303405980568,$500-750M
273,19.936118868701232,455141477.75362974,276.1723182082073,0.7566364882416639,$400-500M
274,19.49243983840482,292051244.1222822,355.34113014448445,0.9735373428616012,<$400M
275,19.072219353563572,191849036.705599,337.62420994939174,0.9249978354777856,<$400M
276,19.147683263924996,206886990.7871947,326.23471063164124,0.8937937277579212,<$400M
277,18.951869041180835,170095234.51364377,324.6723035266583,0.8895131603470091,<$400M
278,18.7521586118127,139302531.53063208,346.39481404211153,0.9490268877866069,<$400M
279,19.419861284433946,271605521.89737356,306.8856781634605,0.8407826798998919,<$400M
280,19.269040155033203,233581160.01219982,320.67553788535315,0.8785631174941182,<$400M
281,20.287759343071674,646936914.4981693,318.87576203313006,0.8736322247483015,$500-750M
282,19.822551420202455,406279303.2981975,335.93116957996585,0.9203593687122352,$400-500M
283,19.089022197365658,195099881.33481538,331.970572554638,0.9095084179579124,<$400M
284,20.31850225752171,667134516.5415089,332.8249706613874,0.9118492346887326,$500-750M
285,18.576702471620457,116885159.92335655,328.6661758116837,0.9004552761963937,<$400M
286,19.458299749585482,282248867.78220385,323.4352606436573,0.8861240017634446,<$400M
287,20.444180350577962,756475232.1304225,334.881886283766,0.9174846199555232,$750M-1B
288,18.62592929121686,122783020.087895,332.5432069274142,0.9110772792531896,<$400M
289,20.309006395985396,660829482.787819,290.0840415349768,0.7947507987259638,$500-750M
290,19.97841814441374,474806611.02541023,375.70870961955984,1.0293389304645475,$400-500M
291,19.670923427783876,349119011.0055005,299.3763551902298,0.8202091923019994,<$400M
292,19.07818736500542,192997417.31757873,308.73020412246626,0.8458361756779897,<$400M
293,19.748521783310608,377288906.9303687,384.1320654378344,1.0524166176379024,<$400M
294,20.266441690297164,633291696.7381258,323.19724858612193,0.8854719139345806,$500-750M
295,19.95149389017984,462193360.2559492,337.7846227666748,0.925437322648424,$400-500M
296,19.10625773169007,198491677.78377414,348.86451539014524,0.955793192849713,<$400M
297,19.50302323743616,295158552.9172199,363.435889982384,0.9957147670750247,<$400M
298,19.409480467056984,268800618.35998183,324.70280893955226,0.8895967368206911,<$400M
299,19.04479800446602,186659751.06369746,321.5259652903062,0.88089305558988,<$400M
300,20.175365613178506,578162548.6733707,398.5945118270146,1.092039758430177,$500-750M
301,19.53185317694238,303791806.26493055,294.88424949660936,0.8079020534153681,<$400M
302,19.528004193985897,302624764.18361586,350.5950190836882,0.9605342988594198,<$400M
303,19.99374960029775,482142176.397236,394.0586243729981,1.0796126695150634,$400-500M
304,19.150722827020395,207516793.52699965,319.21666544519474,0.8745662066991636,<$400M
305,19.554490911097467,310747396.7780962,342.1723535521557,0.9374585028826183,<$400M
306,18.96117084493658,171684808.4962149,325.2604724344804,0.8911245820122751,<$400M
307,19.91482539952998,445552391.4991523,357.15418540777546,0.9785046175555492,$400-500M
308,18.913767975616544,163736334.50891623,313.54363281417335,0.8590236515456804,<$400M
309,20.08018987842587,525672986.35693264,304.24781256804516,0.8335556508713566,$500-750M
310,19.18117384383305,213933086.4247002,293.0900065728704,0.802986319377727,<$400M
311,19.400566448153274,266415172.31770402,351.07760543983136,0.961856453259812,<$400M
312,19.49468622964676,292708042.91660684,299.21235377303594,0.8197598733507834,<$400M
313,19.60854878150343,328008073.8702133,375.431529238592,1.028579532160526,<$400M
314,19.71470138461739,364742208.74973124,328.4161892994958,0.8997703816424542,<$400M
315,19.64880193659507,341480773.9614352,357.31653686583115,0.9789494160707702,<$400M
316,18.127149608335657,74562600.69771203,328.77521880658264,0.9007540241276237,<$400M
317,20.431856959189236,747210097.9609114,439.8926370190666,1.2051853069015523,$500-750M
318,19.680320034964655,352415006.54698604,406.49025517935706,1.1136719319982384,<$400M
319,19.167625461899327,211054185.52316922,316.31995449768266,0.8666300123224182,<$400M
320,19.86383801724036,423404276.6051896,415.4509059944762,1.1382216602588389,$400-500M
321,19.53545462596279,304887869.49122655,309.13340459757256,0.8469408345138975,<$400M
322,19.849659790570723,417443511.1936212,346.3344633681353,0.9488615434743433,$400-500M
323,20.305314065418,658393980.9945381,363.10623831390103,0.994811611818907,$500-750M
324,19.384496746814758,262168175.44548663,313.92902634213533,0.8600795242250283,<$400M
325,20.277490240602788,640327447.7609239,358.0529969146827,0.9809671148347471,$500-750M
326,20.17816938855994,579785861.2322767,331.29131942883157,0.9076474504899495,$500-750M
327,19.645654719645144,340407749.28795975,324.09629910823645,0.8879350660499629,<$400M
328,19.430364678959297,274473336.37754506,340.9702283978638,0.934165009309216,<$400M
329,19.691649656766433,356430439.0022176,342.42467137700186,0.9381497845945256,<$400M
330,19.544139331715595,307547262.2319007,307.57105229238255,0.8426604172394042,<$400M
331,19.95856902409687,465475035.63233644,379.98320912917137,1.041049888025127,$400-500M
332,20.304813554424054,658064530.0224977,325.18368729275306,0.8909142117609673,$500-750M
333,20.15410441521798,565999874.9426094,391.20271324935453,1.0717882554776836,$500-750M
334,20.03891160430262,504415859.71901095,340.49684848824944,0.9328680780499985,$500-750M
335,20.169650288862304,574867587.0564816,331.4176403958593,0.9079935353311213,$500-750M
336,19.75100161008227,378225679.09871686,378.0404397853061,1.0357272322885098,<$400M
337,19.63183691089428,335736408.2846904,409.6392056208193,1.1222991934816968,<$400M
338,19.157339804732135,208894480.56001288,317.8369062032978,0.8707860443925968,<$400M
339,19.30966037116378,243264617.85065192,355.72536850772093,0.9745900507060847,<$400M
340,19.245707037702946,228194076.53218108,346.29444053461003,0.9487518918756439,<$400M
341,18.961441446949763,171731273.03744283,326.1307726088284,0.8935089660515847,<$400M
342,20.468243940398057,774899530.1502821,437.0466490690632,1.197388079641269,$750M-1B
343,19.377556268735546,260354902.7392834,395.46888381162,1.0834763940044383,<$400M
344,19.322810282078986,246484651.07866877,342.9209208061266,0.9395093720715798,<$400M
345,19.817586765771733,404267265.6235346,390.19914892160784,1.0690387641687886,$400-500M
346,20.109772795215445,541456232.762542,344.28736146442856,0.9432530451080234,$500-750M
347,20.054856707621564,512523287.8345022,292.53610215064856,0.8014687730154755,$500-750M
348,20.418986966726695,737655127.7171807,340.4407726592043,0.9327144456416556,$500-750M
349,19.72178256609919,367334180.8054318,331.24229932134824,0.9075131488256116,<$400M
350,18.99424959930191,177458901.51365638,341.73192417118617,0.9362518470443456,<$400M
351,19.440315820074225,277218294.36061275,331.17494485864256,0.9073286160510755,<$400M
352,20.136932334368876,556363454.8203199,367.1030791887998,1.0057618607912324,$500-750M
353,19.172214190516847,212024881.33066037,304.4718493515279,0.8341694502781587,<$400M
354,19.390911717546754,263855382.5238731,349.3324981646416,0.9570753374373743,<$400M
355,19.636943139452175,337455139.50336176,315.4457648378837,0.8642349721585855,<$400M
356,20.679722920305014,957391465.1830866,314.24313400002495,0.8609400931507533,$750M-1B
357,19.691824316439096,356492698.462971,289.93411391619406,0.7943400381265591,<$400M
358,18.55525197444811,114404614.70743556,318.24096296490467,0.8718930492189169,<$400M
359,19.41355359413624,269897710.21805996,351.42843374500245,0.9628176266986368,<$400M
360,20.22935524464101,610235340.3866689,497.28255453816877,1.3624179576388185,$500-750M
361,20.099860670390196,536115762.4254209,427.38078417476294,1.1709062580130492,$500-750M
362,19.480008231951075,288443052.270416,307.07167909716236,0.8412922714990749,<$400M
363,19.266857564028243,233071903.82457834,360.76441036076136,0.9883956448240038,<$400M
364,20.13076877495269,552944821.905748,350.2160155653654,0.9594959330557956,$500-750M
365,19.738521592219392,373534748.20260096,340.7999488319226,0.9336984899504729,<$400M
366,19.985590679789453,478224420.7677566,366.2923943181508,1.003540806351098,$400-500M
367,20.080756656245153,525971010.59458214,326.5041184482268,0.8945318313650049,$500-750M
368,19.755550464335645,379950091.6650675,325.6390727756308,0.8921618432209062,<$400M
369,20.256983427033777,627330094.7912545,412.53497179517575,1.1302327994388377,$500-750M
370,20.148179911613443,562656520.2809521,357.9186121269504,0.9805989373341106,$500-750M
371,19.162466567079527,209968182.87408644,316.9954203087998,0.8684806035857529,<$400M
372,19.92078161553015,448214116.81872547,370.9582743654333,1.0163240393573514,$400-500M
373,19.180664140202282,213824071.7387587,296.11726806483443,0.8112801864789985,<$400M
374,19.28171985008836,236561754.47263905,363.84663360122573,0.9968400920581527,<$400M
375,19.508061146449894,296649286.7892813,403.0072162122347,1.1041293594855746,<$400M
376,19.466992720071566,284713144.2827127,339.0090563264598,0.9287919351409858,<$400M
377,19.80940634047439,400973677.3006055,345.8810773942289,0.947619390121175,$400-500M
378,19.0350502851824,184849083.48556158,326.57627647328854,0.8947295245843522,<$400M
379,19.54566976993545,308018304.6751703,317.1351196778642,0.8688633415831897,<$400M
380,19.775037767170133,387426909.0539668,362.3562726564992,0.992756911387669,<$400M
381,18.49153099319096,107342046.82994373,340.08443562766246,0.931738179801815,<$400M
382,19.868978010593604,425586174.43913245,379.64963548270094,1.0401359876238383,$400-500M
383,20.137875061112094,556888200.8353162,328.7026580632134,0.9005552275704477,$500-750M
384,19.66342875288755,346512258.10245687,480.84025127092724,1.3173705514271978,<$400M
385,19.612124386678854,329183000.5218512,334.82300693583966,0.9173233066735333,<$400M
386,19.396340568617674,265291709.37446877,351.4193790614298,0.962792819346383,<$400M
387,19.652561517133872,342767014.78154856,321.90237816734765,0.8819243237461579,<$400M
388,19.58799442828035,321334896.42253137,311.61187512709523,0.8537311647317678,<$400M
389,19.811173135634636,401682741.8545084,358.89063794192015,0.9832620217586854,$400-500M
390,19.753879263466334,379315649.02978593,458.370462266682,1.2558094856621425,<$400M
391,20.292080717700173,649738620.5173904,395.6876325819097,1.0840757057038624,$500-750M
392,19.322474018560406,246401781.21645764,378.67997598811024,1.0374793862687952,<$400M
393,19.01381800130846,180965687.83887187,304.50163802809175,0.8342510630906623,<$400M
394,19.137003632281903,204689270.24505436,330.9077629109666,0.906596610714977,<$400M
395,19.451181154477588,280246786.829153,339.2467340524501,0.929443106993014,<$400M
396,19.654336492806667,343375958.1641926,339.9244688097658,0.9312999145473035,<$400M
397,19.74908585315278,377501784.25775063,333.31613643770106,0.9131948943498659,<$400M
398,19.420357821134257,271740417.4945385,367.162430486764,1.0059244670870247,<$400M
399,20.047759188484143,508898522.6273187,358.50879735738135,0.9822158831709078,$500-750M
400,20.192123231724437,587932810.6456593,347.2211202967136,0.9512907405389414,$500-750M
401,18.99025784190175,176751940.5773235,302.3060404546301,0.8282357272729591,<$400M
402,20.189304607225544,586277982.0876132,383.38835177176566,1.0503790459500428,$500-750M
403,20.12099258537007,547565466.1427152,348.69236810516264,0.9553215564525004,$500-750M
404,19.9306956254231,452679815.9227326,373.3476692358556,1.022870326673577,$400-500M
405,19.95254973211074,462681621.1036693,346.59910995809344,0.9495866026249136,$400-500M
406,19.360340485280975,255911051.06284383,291.03610724206027,0.7973591979234528,<$400M
407,19.793631471343193,394697999.1563549,333.1698121932112,0.9127940060087979,<$400M
408,19.372385286735536,259012087.0536081,353.6855966533004,0.9690016346665765,<$400M
409,19.967663032202797,469727375.47998804,411.82655697066616,1.1282919369059348,$400-500M
410,20.23300389806802,612465944.5287694,323.46500741017803,0.8862054997539124,$500-750M
411,20.0604036936785,515374146.8938514,429.9605864367977,1.177974209415884,$500-750M
412,19.767088574965168,384359386.4050444,318.7659238856303,0.8733312983167953,<$400M
413,19.825099027294275,407315662.8905395,352.83714457947116,0.9666771084369072,$400-500M
414,19.85791490688581,420903818.9040598,310.35517944396,0.8502881628601645,$400-500M
415,20.756773071195724,1034074924.4550313,386.59408116279354,1.0591618661994344,>$1B
416,19.748301453491926,377205788.0910299,303.89761312000604,0.8325962003287837,<$400M
417,17.810901288231726,54347071.52155643,337.8067161579214,0.925497852487456,<$400M
418,19.884103333448437,432072230.9255788,343.99726871587023,0.942458270454439,$400-500M
419,19.98955528465617,480124154.99314374,344.6663494936147,0.9442913684756566,$400-500M
420,19.757922681533294,380852485.72093433,309.431182456462,0.8477566642642795,<$400M
421,19.55823472543612,311912957.798494,318.39763180536494,0.8723222789188081,<$400M
422,19.400029429053504,266272140.6904961,331.1262539302314,0.9071952162472094,<$400M
423,19.631667496334952,335679534.46679324,341.6419938779895,0.9360054626794232,<$400M
424,19.946675443711793,459971663.1544509,300.39971615703143,0.8230129209781684,$400-500M
425,19.751962549202034,378589305.6333621,337.142404385679,0.923677820234737,<$400M
426,19.566045306451425,314358718.1963109,359.87743728529625,0.9859655816035514,<$400M
427,19.288763609637652,238233920.84498662,330.6976866821314,0.9060210594030997,<$400M
428,19.316529431454956,244941369.43827185,361.63610284405144,0.9907838434083601,<$400M
429,20.031769497207303,500826102.10434383,374.00383088389117,1.02466802981888,$500-750M
430,20.276919540239874,639962116.9112428,410.58433121915675,1.1248885786826213,$500-750M
431,19.73959321746445,373935252.02535695,311.7338606845632,0.8540653717385293,<$400M
432,19.860624518490464,422045851.30960214,376.3507890563529,1.031098052209186,$400-500M
433,20.314028939459746,664156876.5895485,315.9303320310681,0.8655625535097755,$500-750M
434,20.091334188613178,531564013.9233709,353.19939648412736,0.9676695794085681,$500-750M
435,19.976749561493165,474015017.42711645,320.9349990355739,0.8792739699604765,$400-500M
436,19.816339450603344,403763331.2788503,313.2389069420745,0.8581887861426698,$400-500M
437,19.82710783712527,408134704.9729407,285.43872513601053,0.7820239044822206,$400-500M
438,20.07117622335393,520956041.76905066,386.99946339413395,1.060272502449682,$500-750M
439,20.439067562178796,752617404.8703842,308.3976316972213,0.8449250183485515,$750M-1B
440,19.386112818388053,262592200.5163934,301.11877693283185,0.8249829505009092,<$400M
441,19.987376773413743,479079337.6101556,361.7800774415882,0.9911782943605156,$400-500M
442,19.752658724329205,378852961.8561606,320.60046593003847,0.878357440904215,<$400M
443,19.64264139201783,339383533.13689286,296.51409487961115,0.8123673832318113,<$400M
444,19.660904356760987,345638627.0596464,353.60416911511874,0.9687785455208733,<$400M
445,20.17576576260823,578393946.3812523,376.7625235879052,1.0322260920216582,$500-750M
446,19.323018044862863,246535866.73612928,332.65229749882525,0.9113761575310281,<$400M
447,19.937017107275853,455550487.05232257,329.4450101785147,0.902589068982232,$400-500M
448,19.125706978590845,202389978.0504933,330.12041024577786,0.9044394801254187,<$400M
449,20.131490423934924,553343997.9888922,329.20902728443406,0.9019425405052988,$500-750M
450,20.086429004978374,528962979.3128771,313.7113685222567,0.8594832014308402,$500-750M
451,19.902395517996396,440048505.2461119,315.14266776542274,0.8634045692203363,$400-500M
452,20.01998263579413,494957587.87133855,353.24961983546007,0.9678071776313975,$400-500M
453,19.81171385130104,401899996.7372191,330.1795090982148,0.9046013947896295,$400-500M
454,19.081494711758868,193636783.41905698,330.34159286622577,0.9050454599074679,<$400M
455,19.25970710775003,231411277.55986223,346.4599263442386,0.9492052776554483,<$400M
456,19.563691283127035,313619580.7561614,334.91831025460704,0.9175844116564577,<$400M
457,20.403661548190072,726436439.2726253,333.2531949483277,0.9130224519132265,$500-750M
458,19.2214272386317,222720290.3204693,361.867667115666,0.9914182660703178,<$400M
459,19.478007744857013,287866602.4494344,332.79353947391894,0.9117631218463532,<$400M
460,20.11721258454184,545499575.2217371,408.8642887826782,1.1201761336511733,$500-750M
461,20.052390354986564,511260782.20506954,399.50588982655273,1.094536684456309,$500-750M
462,19.240721171890545,227059163.10149726,321.82726548064704,0.8817185355634165,<$400M
463,19.660215044537427,345400456.2255438,322.6418708437736,0.8839503310788317,<$400M
464,19.922805721721875,449122268.5755358,420.3317112719922,1.1515937295123075,$400-500M
465,19.89505948031931,436832105.0731662,327.46069234116163,0.8971525817566072,$400-500M
466,19.7363695655126,372731755.7890166,311.4639647932343,0.853325930940368,<$400M
467,19.81548697341755,403419278.91970366,326.5125011295161,0.8945547976151127,$400-500M
468,18.305311265014502,89103686.37255254,317.0664837432366,0.8686752979266755,<$400M
469,19.883703478576592,431899499.27515197,318.05299033062045,0.87137805570033,$400-500M
470,19.438575144731914,276736167.0464805,314.11616670208645,0.8605922375399628,<$400M
471,19.63983060262895,338430936.9040517,351.434844576085,0.962835190619411,<$400M
472,20.16367288589776,571441621.2271633,417.1607026615596,1.1429060346892044,$500-750M
473,19.102227702546145,197693360.2394285,320.61592176680335,0.8783997856624749,<$400M
474,19.614882892865342,330092307.45307183,358.14057082017433,0.9812070433429434,<$400M
475,19.24012492867809,226923820.96909547,316.3382056706491,0.8666800155360248,<$400M
476,19.720577442869804,366891764.4878305,310.96337024201966,0.851954439019232,<$400M
477,19.55358565599864,310466218.40099674,319.58814248307266,0.8755839520084182,<$400M
478,19.22492471887098,223500613.92250714,357.3952585061356,0.9791650917976317,<$400M
479,19.577848748442854,318091217.9284689,331.0058022941333,0.9068652117647487,<$400M
480,19.367094114211824,257645228.7457784,320.73622974161975,0.8787293965523829,<$400M
481,20.072601858918258,521699264.88642263,318.91524845978984,0.8737404067391502,$500-750M
482,20.680677729290103,958306027.7030656,323.11072832139274,0.8852348721134048,$750M-1B
483,19.97232324327395,471921512.7961883,309.0072461756849,0.8465951950018764,$400-500M
484,18.92322782365441,165292604.7861091,290.06051834633394,0.7946863516337916,<$400M
485,19.719167432760383,366374807.9334713,397.90502175206854,1.090150744526215,<$400M
486,19.78980450326232,393190389.13970333,326.56556935416245,0.894700190011404,<$400M
487,19.613967602997874,329790315.5348853,354.734614348134,0.9718756557483124,<$400M
488,19.993830156483263,482181017.4962656,477.720694052655,1.3088238193223425,$400-500M
489,20.45297466448427,763157251.6069903,320.57844239788363,0.8782971024599552,$750M-1B
490,19.823500664324488,406665144.63859695,355.4837551970929,0.9739280964303915,$400-500M
491,19.66469802829013,346952356.832519,320.92961524130743,0.8792592198391984,<$400M
492,20.954297054568322,1259898569.8725271,344.4200777328464,0.9436166513228668,>$1B
493,18.766066296890546,141253442.14902624,331.1502351595731,0.9072609182454058,<$400M
494,19.963576482366154,467811728.01080406,331.2646397436251,0.9075743554619865,$400-500M
495,20.305947542469468,658811190.6047285,325.17684123623474,0.890895455441739,$500-750M
496,19.000088647226047,178498123.6253733,330.1976686888482,0.9046511470927348,<$400M
497,19.851775679742563,418327710.5028037,370.91818375807105,1.016214202076907,$400-500M
498,18.907060699879217,162641784.5926175,315.85745395777843,0.8653628875555573,<$400M
499,20.022640939230584,496275085.7067381,320.2984740292044,0.8775300658334366,$400-500M
500,19.473547381303483,286585472.0253059,376.5924454140837,1.0317601244221473,<$400M
501,19.766871122480353,384275815.5880788,344.76500416874785,0.9445616552568434,<$400M
502,19.97230443436702,471912636.55185246,389.86219130635186,1.068115592620142,$400-500M
503,19.900160585860164,439066124.88586414,347.85386868472074,0.9530242977663582,$400-500M
504,20.11055812850418,541881623.3813674,425.3806435353098,1.1654264206446843,$500-750M
505,20.039049114859157,504485226.9938645,416.5214337565064,1.1411546130315244,$500-750M
506,19.862916676599806,423014356.689883,372.377679153966,1.020212819599907,$400-500M
507,18.731232731912396,136417791.6129287,345.9513321266734,0.9478118688402011,<$400M
508,19.83546367204111,411559298.9366285,427.6027565112607,1.1715144014007142,$400-500M
509,20.196912730010887,590755467.9952517,317.1597502825818,0.868930822692005,$500-750M
510,19.142247402951966,205765432.94609818,311.20318293477004,0.8526114600952603,<$400M
511,20.677188692514193,954968288.8625767,296.04347493419516,0.8110780135183429,$750M-1B
512,19.50753028128906,296491847.81107056,346.417559323309,0.9490892036255041,<$400M
513,19.40967659724435,268853343.4459463,314.2200309336813,0.8608767970785789,<$400M
514,19.811270910230235,401722018.1422324,338.26414090166094,0.9267510709634547,$400-500M
515,19.9588496107726,465605660.0500977,320.8797020760434,0.8791224714412147,$400-500M
516,19.487209230139506,290527626.66765904,348.1032046302444,0.9537074099458751,<$400M
517,20.339798712397865,681494482.1192465,362.6223851689929,0.9934859867643641,$500-750M
518,19.42926198633658,274170843.4633926,324.5946999911922,0.8893005479210746,<$400M
519,19.74855691209508,377302160.86385965,296.3264703066881,0.8118533433059949,<$400M
520,19.95515278459814,463887574.5474642,355.2306884263889,0.9732347628120244,$400-500M
521,19.91307952432238,444775191.2698668,416.5152884383357,1.1411377765433854,$400-500M
522,20.388899641895225,715791614.8808961,318.46253170538574,0.8725000868640705,$500-750M
523,20.103908638086722,538290340.0539213,317.78564733756656,0.870645609144018,$500-750M
524,19.108675827307106,198972230.41679206,342.45724718441636,0.9382390333819627,<$400M
525,19.285900544823665,237552817.17595047,320.81706243681003,0.8789508559912603,<$400M
526,19.333019742712896,249014016.1771642,313.30092462879315,0.8583586976131319,<$400M
527,20.02509741205481,497495670.52105254,312.33503006141956,0.8557124111271769,$400-500M
528,19.66473614114214,346965580.42834246,323.9648165875703,0.887574839965946,<$400M
529,19.792497870944434,394250822.8546257,320.27510180855836,0.8774660323522147,<$400M
530,20.25587354303316,626634217.398967,310.8905832020063,0.8517550224712502,$500-750M
531,19.964313007355084,468156409.9564502,330.3725581802932,0.9051302963843649,$400-500M
532,20.217796297525346,603222272.2847469,304.1905003482124,0.833398631090993,$500-750M
533,19.48787243084118,290720368.6997814,320.6350394776024,0.8784521629523353,<$400M
534,19.82997135214116,409305079.72224355,320.1651015045948,0.8771646616564241,$400-500M
535,19.119288279740765,201095058.02779928,330.8337256110903,0.9063937687975077,<$400M
536,20.111907195736094,542613151.452375,323.46106501845384,0.8861946986806954,$500-750M
537,19.569122263877265,315327476.2379445,387.0201787623979,1.0603292568832818,<$400M
538,20.121138047944083,547645122.2182082,347.90631641767635,0.9531679901854146,$500-750M
539,19.625937414328682,333761563.5197378,289.05130779526456,0.7919213912199029,<$400M
540,19.539481863315974,306118201.0635487,355.4642615301198,0.973874689123616,<$400M
541,18.937244922150956,167625841.912898,335.83763497697464,0.920103109525958,<$400M
542,19.503163453669195,295199941.83928955,294.28009950160936,0.8062468479496147,<$400M
543,19.992333920009354,481460100.1367799,451.2920657891739,1.2364166186004764,$400-500M
544,19.607238438755815,327578552.3411258,317.2546954943101,0.8691909465597537,<$400M
545,19.099157458063807,197087324.1065667,340.48224813169196,0.9328280770731286,<$400M
546,19.64729429063385,340966329.74905205,400.77645165452077,1.0980176757658102,<$400M
547,19.93287551838636,453667685.80218196,316.95802923412714,0.8683781622852799,$400-500M
548,20.103980812876518,538329192.4481289,294.8572469220596,0.8078280737590673,$500-750M
549,19.67885782268921,351900077.5578523,359.25907285370573,0.9842714324759061,<$400M
550,19.793035531045145,394462852.7866568,319.1908996810358,0.8744956155644815,<$400M
551,19.303062647162324,241664908.06750757,322.0356796405164,0.8822895332616887,<$400M
552,19.729290520529712,370102488.2548132,306.2817283022677,0.8391280227459389,<$400M
553,19.016236058660066,181403802.73073494,331.1914361068169,0.907373797552923,<$400M
554,19.985385471551304,478126295.2453578,327.44957921283566,0.8971221348296867,$400-500M
555,19.49362901242341,292398750.4556885,302.51707701821846,0.8288139096389546,<$400M
556,20.677992291554922,955736008.8916589,347.4431343120932,0.9518989981153239,$750M-1B
557,20.15959883643381,569118275.7223268,346.11490815161386,0.9482600223331886,$500-750M
558,19.507885105855415,296597069.0688374,373.9192798950726,1.0244363832741714,<$400M
559,20.00911338278263,489606900.285094,347.16947452134235,0.9511492452639516,$400-500M
560,19.348157074835534,252812097.93198383,329.8837218540493,0.9037910187782173,<$400M
561,19.687209396843826,354851303.6888475,311.19576458265476,0.8525911358428897,<$400M
562,19.848448670042437,416938242.8200259,395.15047814261266,1.082604049705788,$400-500M
563,20.033587388523536,501737377.5752246,318.9892057854394,0.8739430295491492,$500-750M
564,19.614462793957216,329953665.1589071,332.7557549091254,0.9116596024907545,<$400M
565,19.967253427958603,469535012.55240273,338.2485318366749,0.926708306401849,$400-500M
566,20.559384119583047,848842419.261895,308.2174880648496,0.8444314741502729,$750M-1B
567,19.903351498732444,440469384.2841269,316.7407638954736,0.8677829147821194,$400-500M
568,19.808406757394167,400573071.0501321,345.0747134342459,0.9454101737924545,$400-500M
569,19.778689183944188,388844152.06620425,337.2995902272382,0.924108466375995,<$400M
570,19.54941014362822,309172565.5767101,307.43790841057296,0.8422956394810218,<$400M
571,19.713209394548247,364198422.75900286,350.8883384538519,0.9613379135721969,<$400M
572,20.300666870690907,655341394.4335394,317.10484225243107,0.8687803897326879,$500-750M
573,19.714591563346673,364702154.4963275,330.0575867626371,0.9042673609935262,<$400M
574,19.90884381550879,442895237.3515512,483.1694848449936,1.323752013273955,$400-500M
575,20.179871191265836,580773382.4245474,335.5647239023,0.9193554079515068,$500-750M
576,19.86343890904934,423235326.20726913,375.8375957453096,1.0296920431378345,$400-500M
577,19.468878178383537,285250465.4362663,351.35466600802454,0.9626155233096563,<$400M
578,19.334217449905985,249312440.73246363,359.63670013586807,0.9853060277695016,<$400M
579,19.546439512928295,308255490.8813607,300.93900166241446,0.8244904155134642,<$400M
580,20.135473294412883,555552290.2143688,347.8801687449317,0.9530963527258404,$500-750M
581,19.974260500534804,472836632.29815406,342.27626222891547,0.9377431841888095,$400-500M
582,19.899812298188174,438913230.1945916,339.0998437681955,0.9290406678580699,$400-500M
583,19.90990795580717,443366790.8766342,394.5076491074015,1.0808428742668534,$400-500M
584,19.960233126932142,466250278.8221724,334.18666682114883,0.9155799090990379,$400-500M
585,19.210392562554702,220276153.98798272,325.42611901931576,0.891578408272098,<$400M
586,19.34856081349009,252914188.55583686,340.821991351571,0.933758880415263,<$400M
587,20.101040509462027,536748666.0377423,335.78275632790303,0.919952757062748,$500-750M
588,19.980666982701166,475875575.82538784,340.68340114419755,0.9333791812169796,$400-500M
589,19.778177862827786,388645378.66311324,327.20466918181427,0.8964511484433267,<$400M
590,19.478823042964187,288101395.2455854,325.64391319759034,0.8921751046509324,<$400M
591,19.112573909876055,199749354.26230672,329.20134032254924,0.9019214803357514,<$400M
592,19.69667073975988,358224606.38005733,416.0809898756405,1.1399479174675082,<$400M
593,19.96299608595861,467540290.54274565,299.7819802920045,0.8213204939506973,$400-500M
594,20.2818751749033,643141406.5535681,320.72968183296217,0.8787114570766087,$500-750M
595,20.00981116221845,489948657.13333297,369.8535751859361,1.0132974662628387,$400-500M
596,19.513475342956387,298259760.09689534,327.36769454740016,0.8968977932805484,<$400M
597,20.47310965969895,778679161.6062833,310.8238040890329,0.8515720659973504,$750M-1B
598,19.42451089750608,272871322.9445648,370.18133286534663,1.014195432507799,<$400M
599,20.514289418470533,811414369.8053383,379.34936108540626,1.039313318042209,$750M-1B
600,19.576118115765187,317541194.9533907,352.87960753278946,0.9667934452953136,<$400M
601,19.857180033573254,420594621.544753,317.1492273412645,0.8689019927157932,$400-500M
602,18.621268666232794,122212105.91869676,318.39856733721535,0.8723248420197681,<$400M
603,19.413395371680966,269855009.7178548,302.7615009246211,0.829483564177044,<$400M
604,20.113393843400107,543420425.9441319,294.39882232364096,0.8065721159551807,$500-750M
605,20.450002995960453,760892767.5381188,319.1174673562893,0.8742944311131213,$750M-1B
606,19.68182050337893,352944191.0460552,313.8392418491422,0.8598335393127183,<$400M
607,19.27560942093302,235120667.94350132,347.709858629297,0.9526297496693068,<$400M
608,20.251536356659415,623922273.3645362,355.52700895378615,0.9740465998733867,$500-750M
609,19.97399986521387,472713410.42942864,319.34204068485803,0.8749097005064603,$400-500M
610,19.454959508198773,281307661.2363181,324.10468442614615,0.8879580395236881,<$400M
611,20.12145576774527,547819147.561746,289.14492572382727,0.7921778786954172,$500-750M
612,20.13401068103279,554740325.9410145,352.8272415897276,0.9666499769581578,$500-750M
613,19.961383523403146,466786960.1364917,334.2965184651138,0.9158808725071611,$400-500M
614,19.786865961930904,392036678.8729449,340.5109076954371,0.932906596425855,<$400M
615,19.21599435466279,221513557.81266534,319.186285347945,0.8744829735560137,<$400M
616,20.079454141633356,525286371.64081466,388.56069404979996,1.0645498467117807,$500-750M
617,18.65947402563769,126971603.58938631,324.53435878654784,0.8891352295521858,<$400M
618,19.25893081913211,231231705.32799172,319.618790789314,0.8756679199707234,<$400M
619,19.658230117798603,344715541.60193115,370.8106121799253,1.0159194854244529,<$400M
620,19.618381188867332,331249090.25711906,313.1188568616135,0.8578598818126397,<$400M
621,20.13648029183933,556112011.7126273,294.07996140570015,0.8056985243991784,$500-750M
622,19.712982409701144,364115764.6171255,314.6618609094868,0.8620872901629775,<$400M
623,20.150047309241593,563708205.3839039,362.2901947590279,0.9925758760521312,$500-750M
624,19.991697812722478,481153937.24528944,314.3626784023244,0.8612676120611626,$400-500M
625,19.030008513134863,183919461.98249164,379.9076130242277,1.040842775408843,<$400M
626,19.582800774280752,319670320.5098826,331.66990962189345,0.9086846838955985,<$400M
627,19.43746333154126,276428659.1029976,315.6824345990081,0.8648833824630359,<$400M
628,19.769252967358554,385192191.8711009,314.19687656307445,0.8608133604467794,<$400M
629,19.73593128895647,372568431.9918385,357.2020791212792,0.9786358332089842,<$400M
630,19.34860919615381,252926425.51399788,305.1949984664569,0.836150680730019,<$400M
631,19.208090040919974,219769546.83859074,575.4381772327798,1.5765429513226845,<$400M
632,20.05339291328907,511773607.97292626,363.989823824331,0.997232394039263,$500-750M
633,19.496691055391874,293295460.1747174,369.60374804254127,1.0126130083357294,<$400M
634,19.02494813438631,182991110.73115876,316.4335540356268,0.8669412439332241,<$400M
635,20.31535607440851,665038887.5362519,329.2372447011429,0.9020198484962819,$500-750M
636,19.513428095037245,298245668.2767743,346.63600737210646,0.9496876914304286,<$400M
637,18.674372269461728,128877418.89823774,348.143841509748,0.9538187438623232,<$400M
638,19.69222026616628,356633879.5981423,305.70296621493833,0.8375423731916118,<$400M
639,18.966745224388546,172644517.1699257,321.3344220166064,0.8803682794975518,<$400M
640,19.239927360791423,226878992.53782752,433.1721292503509,1.1867729568502765,<$400M
641,20.03142461649609,500653406.6234373,325.6568966259672,0.8922106756875814,$500-750M
642,19.579315550087404,318558137.00516325,365.67507889610545,1.0018495312222067,<$400M
643,19.4977645987556,293610494.64092326,314.00118277650563,0.8602772130863168,<$400M
644,19.50254143650681,295016379.50451016,486.53618978841433,1.3329758624340118,<$400M
645,18.983198659789988,175508610.05162188,311.98293742076055,0.8547477737555084,<$400M
646,19.62826175613653,334538241.75885993,385.74189051638996,1.0568270973051779,<$400M
647,19.88900638864572,434195906.91890746,358.21312543676953,0.981405823114437,$400-500M
648,19.577034510337537,317832321.35389674,306.5948628120632,0.8399859255125018,<$400M
649,19.42612668461948,273312581.30557925,370.38600014962526,1.014756164793494,<$400M
650,19.316967429257822,245048676.71837774,331.04807651163037,0.9069810315387133,<$400M
651,19.621213106357892,332188489.8728387,388.6358202734131,1.0647556719819538,<$400M
652,19.16692682442995,210906786.656275,397.34772427634977,1.0886239021269857,<$400M
653,20.254470362836905,625755553.281029,304.27139611631304,0.8336202633323645,$500-750M
654,19.37780477907498,260419611.66462237,343.0643788421084,0.9399024077865984,<$400M
655,19.560039782207728,312476486.84307075,341.67956799935666,0.9361084054776895,<$400M
656,19.93702861931854,455555731.39916176,362.6409127586002,0.9935367472838362,$400-500M
657,19.439122630107132,276887717.53278434,341.92110156474916,0.9367701412732854,<$400M
658,20.200192864281775,592696406.7811936,339.78910407283104,0.9309290522543316,$500-750M
659,19.3107499209422,243529811.2055745,329.3165020485498,0.9022369919138351,<$400M
660,19.4193066632854,271454925.4967023,304.5809967318713,0.8344684841969078,<$400M
661,20.537037904053435,830084369.8855975,351.80703955916016,0.9638549029018086,$750M-1B
662,18.91714698397141,164290536.7509106,368.7870232816523,1.0103754062511021,<$400M
663,19.35947000715829,255688383.01943064,331.60416554267925,0.9085045631306281,<$400M
664,19.20539642948823,219178369.63315883,309.9597217975388,0.849204717253531,<$400M
665,19.98781676401796,479290174.39708,387.1753712033152,1.0607544416529184,$400-500M
666,20.443630189602473,756059163.4416524,362.17106419571223,0.9922494909471568,$750M-1B
667,20.01495931878507,492477493.3670396,358.01853261355143,0.9808726920919217,$400-500M
668,19.886847121796276,433259373.56752026,343.9241646657321,0.9422579853855675,$400-500M
669,19.961112658537058,466660541.071057,309.93812795768355,0.8491455560484481,$400-500M
670,19.824120292655092,406917203.9667699,331.91903168062504,0.9093672100839042,$400-500M
671,20.045312987374825,507655175.85486937,375.8980075832918,1.0298575550227174,$500-750M
672,19.8685470994881,425402824.13689566,299.9278914867835,0.8217202506487219,$400-500M
673,19.00046274040019,178564911.0465995,319.9239089641597,0.87650386017578,<$400M
674,20.540511874098566,832973072.8501118,373.95991477811975,1.024547711720876,$750M-1B
675,20.84298854580355,1127184250.031652,335.32922429125824,0.9187102035376938,>$1B
676,18.872097821040235,157053618.01686364,351.53341873911904,0.9631052568195042,<$400M
677,19.424235331461194,272796139.2328525,318.9366594692324,0.8737990670389928,<$400M
678,20.099427176424,535883409.84258723,318.01180372584616,0.8712652156872498,$500-750M
679,19.860039039370918,421798824.5977164,312.0723019397203,0.8549926080540283,$400-500M
680,19.30278789974747,241598520.37909588,389.28307783468114,1.0665289803689895,<$400M
681,19.596896417943295,324208186.3729831,297.06232731305556,0.8138693898987823,<$400M
682,18.958387250331278,171207572.1139337,310.6454770726124,0.851083498829075,<$400M
683,20.361421986414182,696391100.4519765,447.44465240251867,1.2258757600069006,$500-750M
684,19.838876162534703,412966140.18275553,319.79930625405126,0.8761624828878116,$400-500M
685,19.745273363005033,376065302.45082664,349.3900930712576,0.9572331317020756,<$400M
686,18.941411956468695,168325801.91451076,384.2512364243566,1.0527431134913878,<$400M
687,19.76411487376025,383218114.1768826,319.72394689470394,0.8759560188895998,<$400M
688,19.699783685029747,359341477.4513838,317.9991566026041,0.8712305660345318,<$400M
689,20.808539666957994,1089015230.9266775,379.5663829966386,1.0399078986209276,>$1B
690,19.49486044875374,292759042.6928887,300.4664563500795,0.8231957708221357,<$400M
691,20.392558518911382,718415405.5054077,414.5396864364877,1.1357251683191445,$500-750M
692,20.36060417717362,695821818.1888579,373.4008344359071,1.02301598475591,$500-750M
693,20.624016999978352,905517353.7936366,349.3388868402498,0.9570928406582186,$750M-1B
694,19.51269475166978,298027031.97160906,326.8136222927789,0.8953797871035039,<$400M
695,19.944864122736945,459139260.9345281,359.33977234874834,0.9844925269828722,$400-500M
696,19.79240956463328,394216009.55593026,308.92529764198844,0.8463706784712012,<$400M
697,19.619585171753698,331648148.6744602,378.81636853169096,1.0378530644703863,<$400M
698,19.988786162805827,479755022.98660356,363.3387388788321,0.9954485996680331,$400-500M
699,18.783490981048793,143736307.5169247,359.25489282844677,0.984259980351909,<$400M
700,20.22878973433522,609890343.5715442,435.61113433157595,1.193455162552263,$500-750M
701,19.341043123535318,251019987.03199178,318.9467281313166,0.873826652414566,<$400M
702,19.016482312903474,181448479.68764696,329.38721195787946,0.9024307176928205,<$400M
703,19.82171088765532,405937955.7974874,373.4116238191994,1.0230455447101354,$400-500M
704,19.71867661984551,366195030.568189,296.3713102909637,0.8119761925779828,<$400M
705,19.568913951822353,315261796.5645704,334.19552970362537,0.9156041909688366,<$400M
706,19.11055655258939,199346794.63680178,347.5748361413501,0.9522598250447948,<$400M
707,19.288795347718345,238241482.05237877,336.6383316793187,0.922296799121421,<$400M
708,19.54712953686661,308468267.9513793,343.7323442986713,0.941732450133346,<$400M
709,18.979022616784967,174777206.7969495,352.7260113119184,0.9663726337312832,<$400M
710,19.95660010153975,464559452.98634833,349.86876184997107,0.9585445530136194,$400-500M
711,19.28549626492487,237456798.75753006,332.21491025297973,0.9101778363095335,<$400M
712,19.08228794190081,193790442.88785753,325.968453944436,0.8930642573820164,<$400M
713,19.890816209808758,434982435.38339823,370.97675844477766,1.0163746806706238,$400-500M
714,20.09736584554468,534779914.5473633,449.7306936362802,1.2321388866747403,$500-750M
715,19.582338265751485,319522504.44582343,385.7370256937858,1.0568137690240706,<$400M
716,19.384549516018442,262182010.2163579,331.10715760737685,0.9071428975544571,<$400M
717,19.791489213180114,393853359.1871689,366.64966620555555,1.0045196334398783,<$400M
718,19.445322758268944,278609789.88596964,366.01588430100014,1.0027832446602745,<$400M
719,19.647527481423815,341045849.22808176,324.58839042949774,0.8892832614506787,<$400M
720,19.7288643297985,369944787.61238384,389.5103098171168,1.0671515337455255,<$400M
721,19.418261683040246,271171408.6226742,339.1974295341036,0.9293080261208317,<$400M
722,19.67408640896569,350225016.08206517,316.5383896552259,0.8672284648088381,<$400M
723,19.81134232484134,401750707.9883559,327.9010237162846,0.8983589690857112,$400-500M
724,20.47791267026443,782428161.8834594,300.92305057946754,0.8244467139163494,$750M-1B
725,20.925027277342036,1223556082.2369723,374.419797104416,1.0258076632997697,>$1B
726,19.384249523627897,262103369.4047675,322.13170462344044,0.8825526154066862,<$400M
727,19.346345583601245,252354545.58381337,310.7271028300221,0.8513071310411564,<$400M
728,19.032080947707875,184301018.2728129,372.2674441447688,1.0199108058760789,<$400M
729,18.648589345300437,125597052.61732206,320.8455908567983,0.8790290160460228,<$400M
730,19.64208318590462,339194140.03908396,327.126930577805,0.8962381659665891,<$400M
731,19.55260236225715,310161088.9520234,364.55146912938443,0.9987711482996834,<$400M
732,19.52226435201842,300892721.4428536,374.6682061580156,1.026488236049358,<$400M
733,19.900764473726007,439331351.6665425,309.1347047713776,0.8469443966339112,$400-500M
734,20.335788247279023,678766845.4717424,417.67970554854367,1.144327960406969,$500-750M
735,19.626510579103638,333952918.72497433,371.3941491240171,1.017518216778129,<$400M
736,20.077834387950244,524436225.80495554,378.6646604733622,1.037437425954417,$500-750M
737,19.160113515817585,209474697.80193892,339.38408717525067,0.929819416918495,<$400M
738,19.75508458528524,379773122.1035674,339.7013235487961,0.9306885576679345,<$400M
739,19.25332543991168,229939189.8358468,308.02581392523916,0.8439063395212032,<$400M
740,20.305200898874087,658319477.0389338,330.47514590177457,0.9054113586349988,$500-750M
741,19.936298409839228,455223201.70868117,367.5681819756461,1.0070361150017701,$400-500M
742,18.265061726312506,85588520.5429656,331.6194344445844,0.9085463957385873,<$400M
743,20.092659689727775,532269069.7892446,312.80425170686385,0.8569979498818188,$500-750M
744,20.043487731116148,506729420.1955638,308.5475453893501,0.84533574079274,$500-750M
745,20.21094999686605,599106536.1039603,319.62901734547575,0.8756959379328103,$500-750M
746,19.139090429366863,205116861.2101441,347.69243812315773,0.9525820222552267,<$400M
747,19.267266665324225,233167273.349058,350.7925863742369,0.9610755791074984,<$400M
748,19.655828861455394,343888784.246488,340.93087291169667,0.9340571860594429,<$400M
749,19.62508387027301,333476804.8654999,326.82271082361126,0.8954046871879761,<$400M
750,20.06684744521566,518705812.5298018,297.0977565693446,0.8139664563543687,$500-750M
751,19.391042869249834,263889989.87601492,334.6391120748892,0.9168194851366828,<$400M
752,19.206505385143718,219421563.54643422,322.61024168401036,0.8838636758466037,<$400M
753,19.953155362382308,462961919.96967965,340.8934340845355,0.9339546139302343,$400-500M
754,19.400244625272645,266329447.61433083,448.35516748460793,1.228370321875638,<$400M
755,19.916595139225798,446341601.3950127,383.96940086599705,1.0519709612767043,$400-500M
756,19.921860519917047,448697957.9578604,308.2960522625066,0.8446467185274152,$400-500M
757,19.67570088591932,350790902.98187655,367.41022962820784,1.0066033688444052,<$400M
758,19.952375273703133,462600909.4454412,373.6089666352233,1.0235862099595159,$400-500M
759,19.62615546070428,333834346.95377046,347.4924602930022,0.9520341377890471,<$400M
760,19.590134350228286,322023264.28408647,310.03741037284374,0.8494175626653253,<$400M
761,20.23001685168928,610639209.9757249,450.7470401633811,1.2349233977078933,$500-750M
762,19.326341860090828,247356669.7473317,334.07328151150466,0.9152692644150813,<$400M
763,19.618572197857212,331312367.8543503,306.39858890751555,0.8394481887877139,<$400M
764,19.568055677648555,314991331.58974826,329.2723827441316,0.90211611710721,<$400M
765,19.73671492362349,372860503.95489717,367.9278501629874,1.0080215072958558,<$400M
766,19.269946869779222,233793047.5406318,304.68209078819706,0.8347454542142385,<$400M
767,19.82111809258056,405697389.0870567,327.03738532565137,0.8959928365086339,$400-500M
768,19.921735867872584,448642030.3258741,458.9795495016669,1.257478217812786,$400-500M
769,19.5792263590509,318529725.74177057,313.6477308219793,0.8593088515670665,<$400M
770,19.200905986152307,218196368.04520085,364.6631552709316,0.9990771377285798,<$400M
771,20.306993251592186,659500475.8099942,398.47019864360647,1.0916991743660451,$500-750M
772,20.03864630735236,504282057.4792123,356.0214452190053,0.9754012197780967,$500-750M
773,19.478984686448367,288147968.72295815,332.7962309244218,0.9117704956833474,<$400M
774,19.218775222091924,222130414.9521376,328.0481199052771,0.8987619723432249,<$400M
775,19.309566258846257,243241724.7309738,322.18993606461027,0.882712153601672,<$400M
776,19.70698480135891,361938476.65659034,359.8866298084964,0.9859907665986203,<$400M
777,19.209157853155432,220004344.7874373,309.0926302957367,0.8468291240979087,<$400M
778,19.838749765337393,412913945.71873915,306.2261204420996,0.8389756724441085,$400-500M
779,19.128751619871206,203007121.9465528,340.52658491683997,0.9329495477173698,<$400M
780,19.87050135157132,426234981.34981513,302.96985021038967,0.8300543841380539,$400-500M
781,19.207950369441267,219738853.44455495,342.179566418845,0.9374782641612193,<$400M
782,20.63181138467415,912602882.1929975,319.81032208573066,0.8761926632485771,$750M-1B
783,19.625737015879558,333694684.92143875,308.8875673668902,0.8462673078544938,<$400M
784,20.578862885097365,865538907.2777973,378.972755415339,1.0382815216858603,$750M-1B
785,20.623210968721395,904787772.5748953,407.57649851789887,1.1166479411449284,$750M-1B
786,20.182277618883138,582172654.4796137,362.1901439758537,0.9923017643174074,$500-750M
787,20.2620871618386,630540005.5290579,338.48438362027264,0.9273544756719798,$500-750M
788,19.765973099312443,383930881.9052135,350.3280615166238,0.9598029082647227,<$400M
789,19.109535713260485,199143397.42434576,336.00313706022746,0.9205565398910341,<$400M
790,20.08189557303715,526570389.06696653,362.05717658736364,0.9919374701023661,$500-750M
791,19.765024465030777,383566844.605279,317.045768089421,0.8686185427107425,<$400M
792,20.268237454020564,634429960.7141504,314.66097525427307,0.8620848637103372,$500-750M
793,19.467274199648006,284793296.4980489,313.46736491914334,0.8588146984086119,<$400M
794,19.477014416507515,287580798.36449796,323.1771380562636,0.8854168165925029,<$400M
795,19.989192048290885,479949788.11031216,370.26238545636875,1.0144174944010103,$400-500M
796,20.201145826574525,593261493.318221,394.2199100003133,1.0800545479460637,$500-750M
797,19.580052833102975,318793091.1122422,316.7700767351765,0.8678632239319903,<$400M
798,19.625077898001702,333474813.2574939,308.59772859142686,0.8454732290176078,<$400M
799,19.328183208256824,247812559.09421417,325.7717662187974,0.8925253869008147,<$400M
800,19.293865450613218,239452458.17287257,313.9248773710981,0.8600681571810906,<$400M
801,19.86512040476383,423947593.2636851,321.89231067989164,0.8818967415887442,$400-500M
802,19.085056787409176,194327762.21904027,328.18168471276766,0.8991279033226511,<$400M
803,19.69230645307499,356664618.0943752,377.9209044387999,1.0353997381884927,<$400M
804,20.06365454023231,517052275.3543942,320.6506417388508,0.8784949088735639,$500-750M
805,19.23900525243902,226669881.94995067,339.90375877057534,0.931243174713905,<$400M
806,19.618803470880206,331389000.32838964,330.0691480197448,0.9042990356705336,<$400M
807,19.66656731857516,347601518.0488653,342.0722334637858,0.937184201270646,<$400M
808,19.7732969810746,386753068.354075,311.59972429322795,0.853697874775967,<$400M
809,19.08837298745204,194973261.66352728,317.0786239752346,0.8687085588362592,<$400M
810,18.96988452285867,173187351.45215702,379.61697886541407,1.0400465174394906,<$400M
811,20.047106344703156,508566399.81562006,300.62666764757245,0.8236347058837601,$500-750M
812,20.126768618070873,550737373.8838296,311.33518244829077,0.8529731025980569,$500-750M
813,19.46528593360536,284227614.20724857,316.2448886274238,0.8664243524039008,<$400M
814,18.781452344909486,143443579.96975067,386.88678929408843,1.0599638062851737,<$400M
815,19.2273714173663,224048122.05883044,357.20538453073624,0.9786448891253048,<$400M
816,18.772424870110342,142154474.1064825,319.28213240749943,0.8747455682397245,<$400M
817,20.079578895878125,525351907.4332455,338.5301955309744,0.9274799877560943,$500-750M
818,19.64069885842638,338724909.13012445,355.2441340935334,0.9732716002562558,<$400M
819,20.066197619841006,518368853.8248546,331.9537563014158,0.9094623460312762,$500-750M
820,18.0530470389706,69237074.72014748,360.93002309375066,0.988849378339043,<$400M
821,19.14245011627957,205807148.56972995,333.6109821879032,0.9140026909257621,<$400M
822,20.489054104599774,791194276.7386203,352.6365098331135,0.966127424200311,$750M-1B
823,19.349841055294586,253238187.22704506,380.1940338759493,1.041627490071094,<$400M
824,19.14719756214077,206786529.80565038,395.1444299415034,1.0825874792917902,<$400M
825,19.519587864101016,300088462.4842841,321.38499357455123,0.8805068317110992,<$400M
826,19.640150563761093,338539238.9750781,359.01674201780565,0.9836075123775497,<$400M
827,20.014257913972948,492132188.39677036,350.4431779808589,0.9601182958379695,$400-500M
828,19.153709443318544,208137492.9988862,330.23982568202655,0.9047666457041823,<$400M
829,20.10997056524802,541563327.1690162,379.2566919823825,1.0390594300887193,$500-750M
830,19.906988226700655,442074167.92515785,347.81272922830664,0.9529115869268675,$400-500M
831,19.115993011474902,200433486.49115923,306.95022016279916,0.8409595072953402,<$400M
832,20.62936584006941,910373797.9116541,324.51909537357585,0.8890934119823996,$750M-1B
833,20.131269811088917,553221936.6593184,337.9132004828125,0.9257895903638699,$500-750M
834,19.219658091560138,222326613.70966277,372.92632200679964,1.0217159507035607,<$400M
835,19.591506947457038,322465576.01271904,310.34116132858685,0.8502497570646215,<$400M
836,19.86587536192918,424267776.38401604,379.6812852177188,1.040222699226627,$400-500M
837,19.85290691715118,418801206.2255289,364.16476383327824,0.9977116817350089,$400-500M
838,19.90001080673943,439000366.87244684,344.5330089367956,0.9439260518816318,$400-500M
839,19.131880206573573,203643241.88809103,346.6310518286235,0.9496741145989686,<$400M
840,19.589898966609436,321947474.2030069,335.39355578624804,0.9188864542088987,<$400M
841,19.379452089655764,260848957.1819771,380.86778457123665,1.0434733823869498,<$400M
842,19.54416366708874,307554746.60035366,397.492178817736,1.0890196679937971,<$400M
843,20.19408343542723,589086408.9925745,465.2370496726874,1.2746220538977737,$500-750M
844,19.420325217780515,271731557.9900067,367.0519222781865,1.005621704871744,<$400M
845,20.6152523814614,897615518.4970223,325.60722146731945,0.892074579362519,$750M-1B
846,19.494602217972744,292683453.0568557,340.1909545001806,0.932030012329262,<$400M
847,19.440559584837985,277285878.64964676,387.0351062406182,1.0603701540838855,<$400M
848,20.74456857861171,1021531264.9055883,371.7490053620914,1.0184904256495655,>$1B
849,20.561250326145736,850428013.6185242,353.42670879987224,0.9682923528763623,$750M-1B
850,20.558361006782842,847974401.8329797,362.9330395547071,0.9943370946704303,$750M-1B
851,19.659449313881936,345136073.7435951,333.97312803452513,0.9149948713274662,<$400M
852,19.165963737471593,210703762.86109462,337.920194231728,0.9258087513198027,<$400M
853,19.50194876078271,294841582.2623237,376.72671954268753,1.032127998747089,<$400M
854,20.539484954339475,832118115.404292,382.40070314396263,1.0476731592985278,$750M-1B
855,20.1647422658127,572053036.2786846,400.1904413658326,1.0964121681255687,$500-750M
856,19.59352364778142,323116548.6321828,375.08172321295046,1.0276211594875355,<$400M
857,19.30158312153473,241307623.01410246,320.6862170801659,0.8785923755620982,<$400M
858,20.05444703805329,512313365.64274746,382.88008851202534,1.0489865438685626,$500-750M
859,20.168892599216097,574432180.8100617,467.11728212950175,1.2797733756972651,$500-750M
860,20.019579161640205,494757925.5593439,389.9495516852706,1.068354936124029,$400-500M
861,19.858615477626223,421198795.1179,387.51845629277125,1.061694400802113,$400-500M
862,20.30499242247446,658182247.2696369,436.2277110810069,1.1951444139205667,$500-750M
863,19.861377760909022,422363873.9064033,320.27910543342756,0.8774770011874727,$400-500M
864,19.766479053807306,384125182.61014247,308.7018330791892,0.8457584467922992,<$400M
865,19.524011600682233,301418915.4103313,360.5648327964186,0.9878488569764894,<$400M
866,18.41616940858881,99549882.54245098,314.64537139414455,0.8620421134086153,<$400M
867,19.564661011546395,313923854.08389074,388.97766061306055,1.0656922208577002,<$400M
868,19.452863425164683,280718634.56031287,317.79526922379995,0.8706719704761643,<$400M
869,20.653028776544666,932172812.4495097,351.82950567544424,0.9639164539053267,$750M-1B
870,18.870081550389344,156737274.44054475,329.68514257423544,0.9032469659568094,<$400M
871,19.694823556336807,357563510.595978,356.6350491802629,0.9770823265212683,<$400M
872,19.507615588780737,296517141.86578083,286.49807173109696,0.7849262239208136,<$400M
873,19.81816962348118,404502964.59878975,321.47611215995516,0.88075647167111,$400-500M
874,19.891077198837287,435095975.8423988,331.6488498134964,0.908626985790401,$400-500M
875,19.242312781645573,227420840.42868847,327.1438329842071,0.8962844739293345,<$400M
876,19.818830754814247,404770482.6055289,355.0024663539013,0.9726094968600035,$400-500M
877,19.25229614359599,229702636.03777736,345.59787592916433,0.9468434956963406,<$400M
878,19.543100839042562,307228042.4358603,364.2516195206672,0.9979496425223758,<$400M
879,19.949044975181604,461062872.80275124,318.70556679402347,0.8731659364219821,$400-500M
880,19.758421505130734,381042511.3186413,355.98432786317375,0.9752995283922569,<$400M
881,19.29811376970886,240471892.53140554,327.7619636360337,0.8979779825644759,<$400M
882,20.172594771129734,576562768.9644588,390.67232865540603,1.0703351470011124,$500-750M
883,19.74119108489919,374533228.6036915,362.99734273969625,0.9945132677799897,<$400M
884,19.783650749221795,390778221.7483844,338.17367756081455,0.9265032261940125,<$400M
885,19.967406017732614,469606664.26037824,316.22613957427046,0.8663729851349876,$400-500M
886,19.531774637459392,303767947.5504682,354.90326458337006,0.9723377111873153,<$400M
887,19.790728564546857,393553889.0780032,335.5252140395229,0.9192471617521175,<$400M
888,19.615094382268268,330162125.8607518,298.5692868372448,0.8179980461294378,<$400M
889,19.508702783493252,296839689.03860694,355.852562758177,0.9749385281045945,<$400M
890,19.781579557082388,389969682.5762781,315.96629294844524,0.8656610765710828,<$400M
891,20.216477245814676,602427115.4563537,341.39544776848146,0.9353299938862506,$500-750M
892,20.092620990702088,532248471.8934022,332.54627482086073,0.9110856844407144,$500-750M
893,19.717575801714666,365792138.23539233,349.8643018276612,0.9585323337744143,<$400M
894,19.76559535507661,383785881.61585104,320.0415768690364,0.87682623799736,<$400M
895,19.916192688393892,446162006.98760027,308.08847805288934,0.8440780220627105,$400-500M
896,19.402393695491554,266902423.76107955,347.3057571987474,0.9515226224623217,<$400M
897,20.23563605042693,614080171.7233943,332.9862801538168,0.9122911785036076,$500-750M
898,19.45836229903923,282266522.8468562,312.9648526205719,0.8574379523851284,<$400M
899,19.017456972538856,181625416.40923333,390.47123516884284,1.0697842059420353,<$400M
900,19.862652509171376,422902624.83369565,354.455617868146,0.9711112818305371,$400-500M
901,19.36063821490025,255987254.70612252,324.42706250638463,0.8888412671407798,<$400M
902,19.23793973709831,226428490.33952555,325.40889496906516,0.8915312190933292,<$400M
903,20.507665803408738,806057633.4283507,368.25148551506174,1.00890817949332,$750M-1B
904,19.753344408184812,379112824.2973133,297.12659216803695,0.8140454579946218,<$400M
905,19.898145828014112,438182403.5070428,288.8188601132902,0.7912845482555896,$400-500M
906,20.2420310314799,618019786.2405411,301.7065562199818,0.8265933047122789,$500-750M
907,19.406991859776916,268132510.85764998,331.00434881973365,0.9068612296431059,<$400M
908,18.852834692316037,154057226.54855958,328.0841725551122,0.8988607467263349,<$400M
909,20.126340117654898,550501433.2439688,365.28532706041864,1.0007817179737497,$500-750M
910,20.010437754869255,490255751.56267244,326.63703097589985,0.8948959752764379,$400-500M
911,20.272679150477536,637254173.5277138,326.38134847286193,0.8941954752681148,$500-750M
912,20.043704647598048,506839350.0810389,319.5606313765618,0.8755085791138679,$500-750M
913,19.799851148903358,397160543.62253076,338.93321024894675,0.9285841376683472,<$400M
914,20.271635284488127,636589312.6425645,392.4506438874029,1.0752072435271314,$500-750M
915,18.818577296896223,148869002.13413316,323.7231067913221,0.886912621346088,<$400M
916,19.27655302260947,235342632.90672714,334.1916439674045,0.9155935451161767,<$400M
917,19.285058860594997,237352956.83770415,320.9001018573792,0.8791783612530937,<$400M
918,19.234888945927946,225738756.95170826,353.49557112635864,0.9684810167845442,<$400M
919,19.241918234413994,227331129.86438504,349.3008694648821,0.9569886834654304,<$400M
920,19.74552258555628,376159038.0849707,363.8091615375785,0.9967374288700781,<$400M
921,19.441194778808914,277462064.91829276,344.7753955123116,0.9445901246912647,<$400M
922,20.347927289235933,687056637.9614336,402.48546998659754,1.1026999177715,$500-750M
923,19.658957475553546,344966364.3322357,339.61616475230323,0.9304552458967212,<$400M
924,19.745319961056484,376082826.7694357,410.17869832050536,1.1237772556726173,<$400M
925,18.814210573226735,148220349.61274362,306.2030162009095,0.8389123731531767,<$400M
926,19.825775026451314,407591101.0227859,311.3519810610874,0.85301912619476,$400-500M
927,19.672960490645323,349830913.22565454,343.18878123626405,0.9402432362637371,<$400M
928,19.384618006944073,262199967.91988435,331.78208151531913,0.9089920041515592,<$400M
929,19.03581744271553,184990946.26104048,311.58965460261953,0.8536702865825193,<$400M
930,19.855422924652373,419856239.88164115,315.55432483849233,0.8645323968177873,$400-500M
931,19.538419018570544,305793017.78235024,313.5058611190727,0.8589201674495142,<$400M
932,18.70500032034686,132885753.44021684,346.42805034284396,0.949117946144778,<$400M
933,19.223866141865184,223264146.49340072,330.75933593130287,0.9061899614556244,<$400M
934,19.276004706597742,235213626.14433122,321.9615827092816,0.8820865279706345,<$400M
935,19.732419058957248,371262181.2375764,336.71194900765613,0.9224984904319347,<$400M
936,19.169725143163596,211497797.6012644,337.5917817832966,0.924908991187114,<$400M
937,20.183371196892022,582809653.9327402,306.712827053243,0.8403091152143645,$500-750M
938,20.226438071582788,608457772.2899753,373.26655521507746,1.0226480964796643,$500-750M
939,19.950977421152064,461954713.33271027,361.010043034088,0.9890686110522959,$400-500M
940,19.685454771563535,354229218.5434136,358.02704719990885,0.9808960197257777,<$400M
941,19.93888093336149,456400345.6817327,328.88461628345124,0.9010537432423321,$400-500M
942,20.50839610065683,806646510.1011827,344.2964297793537,0.9432778898064484,$750M-1B
943,19.88091318228334,430696051.4720513,407.83137851565357,1.11734624250864,$400-500M
944,19.9683945202825,470071101.15615344,372.2907588011761,1.0199746816470578,$400-500M
945,19.628078971121592,334477098.76952374,305.39877945514,0.8367089848086028,<$400M
946,19.195692504776236,217061765.52852607,336.98251550173967,0.9232397684979169,<$400M
947,19.93219254544739,453357948.83251727,338.84257799099043,0.9283358301123026,$400-500M
948,20.0123484855907,491193393.7941878,326.1157135050051,0.8934677082328907,$400-500M
949,19.255013691837778,230327712.98617035,327.4546281001905,0.8971359673977822,<$400M
950,19.71825997549083,366042489.2559361,342.55573003289646,0.9385088494051957,<$400M
951,19.097977731646814,196854952.07852417,371.32679137551537,1.017333675001412,<$400M
952,20.6149494713688,897343662.8731799,389.2301883996087,1.0663840778071472,$750M-1B
953,18.621245227064627,122209241.40216513,321.3411884675038,0.8803868177191885,<$400M
954,19.85789166940496,420894038.2732675,354.5276664893929,0.9713086753134053,$400-500M
955,19.18550105940081,214860826.82544315,329.1736138859141,0.9018455174956551,<$400M
956,19.299256211321495,240746774.6165717,313.5574233679119,0.8590614338846901,<$400M
957,20.06731138545941,518946516.8627962,361.69026354869334,0.9909322289005297,$500-750M
958,19.61068546270255,328709671.8334763,389.88461238576474,1.0681770202349719,<$400M
959,19.694364294974964,357399333.1942104,351.924455173406,0.9641765895161808,<$400M
960,19.72705900664873,369277520.22103375,351.3460247245783,0.9625918485604884,<$400M
961,20.570263451611037,858127674.8866543,396.2871667331447,1.0857182650223143,$750M-1B
962,19.732071510012066,371133171.87793326,312.6121023120049,0.8564715131835751,<$400M
963,19.967728446538374,469758103.38916916,346.0018422806546,0.9479502528237113,$400-500M
964,20.010539114436945,490305446.192179,338.4019841217348,0.9271287236211913,$400-500M
965,19.79201436915692,394060247.95241225,302.48144624506585,0.8287162910823722,<$400M
966,19.16892474168009,211328582.1794773,317.3430214918854,0.8694329355942065,<$400M
967,19.760821508053436,381958112.7430372,385.5136001867137,1.0562016443471607,<$400M
968,19.938697201180133,456316497.9536481,434.8976498985137,1.1915004106808593,$400-500M
969,20.222638489825467,606150273.7789842,302.2088835290484,0.8279695439152012,$500-750M
970,19.96129562871685,466745933.8460866,355.9276387501016,0.975144215753703,$400-500M
971,19.302926929175815,241632112.01833186,319.97756390364907,0.8766508600099975,<$400M
972,19.79696166945857,396014612.76457316,335.68308272412634,0.9196796786962366,<$400M
973,19.991004369177933,480820399.81162983,331.7622089748708,0.9089375588352625,$400-500M
974,19.883094423241765,431636528.670963,354.03933443721235,0.9699707792800338,$400-500M
975,19.606948378341468,327483548.5495882,349.29385118611555,0.9569694553044261,<$400M
976,19.35854227494373,255451282.6694369,329.3803439382433,0.9024119012006666,<$400M
977,19.505355735598798,295847813.2363038,316.5553556009277,0.8672749468518568,<$400M
978,18.57880920530293,117131665.39626718,357.2171423113053,0.9786771022227542,<$400M
979,19.95561621800958,464102605.3710469,389.88351360381455,1.0681740098734644,$400-500M
980,19.191848415375173,216228962.40663776,340.27331816861874,0.9322556662153938,<$400M
981,20.251868113658983,624129298.2849957,452.0269346601628,1.2384299579730487,$500-750M
982,20.521949615067125,817653830.637451,309.3715106420426,0.8475931798412126,$750M-1B
983,20.219567689792928,604291762.5172125,355.27176957381084,0.9733473139008516,$500-750M
984,19.92229753838495,448894090.105562,331.4836106398472,0.9081742757256087,$400-500M
985,19.78708444385862,392122341.1597711,317.8181153878242,0.8707345627063677,<$400M
986,19.63363014154567,336339001.2354104,306.80620606340193,0.8405649481189094,<$400M
987,19.469763745427166,285503185.7315028,397.79616935140245,1.0898525187709656,<$400M
988,19.600134159569915,325259589.88166124,332.381702545287,0.9106348014939369,<$400M
989,19.8382037682529,412688557.44449943,327.32370807361315,0.8967772823934607,$400-500M
990,18.97299931069805,173727634.30480993,356.72834030552093,0.9773379186452629,<$400M
991,19.965191255955414,468567748.2704397,350.0334586257138,0.9589957770567502,$400-500M
992,19.374740031039725,259622712.9420791,305.60377356657415,0.8372706125111621,<$400M
993,19.489898595609155,291310013.2249307,303.3179359520025,0.8310080437041164,<$400M
994,20.777385535564655,1055610949.7652016,450.26735709505783,1.2336091975207064,>$1B
995,19.18412684488425,214565764.74391207,390.1718530412906,1.0689639809350429,<$400M
996,20.449881736909468,760800507.996991,323.40604348701737,0.8860439547589517,$750M-1B
997,19.11370226566536,199974869.80955827,333.6420841113891,0.9140879016750387,<$400M
998,20.47626319470022,781138629.5680808,362.8269738319303,0.9940465036491241,$750M-1B
999,19.708055830263202,362326330.8911371,319.12431385205787,0.874313188635775,<$400M
1000,19.674339389902613,350313627.54280055,314.8721783291587,0.8626635022716677,<$400M
1001,19.913845720421786,445116106.87395513,345.7632567821688,0.9472965939237502,$400-500M
1002,18.982271494199843,175345959.92106164,333.4739658633265,0.9136273037351411,<$400M
1003,19.490550130700186,291499873.76460105,322.9157782749312,0.8847007623970717,<$400M
1004,19.71458357838986,364699242.3770008,302.892449154222,0.8298423264499233,<$400M
1005,20.258905372990146,628536948.7127568,339.69940397797996,0.9306832985698081,$500-750M
1006,19.234004844337914,225539269.15448874,356.5908029020981,0.9769611038413647,<$400M
1007,19.933204040278135,453816750.0526525,350.94878920740405,0.9615035320750795,$400-500M
1008,19.894424541792215,436554831.5749113,330.9851685168495,0.9068086808680809,$400-500M
1009,19.323157796177423,246570322.85517967,300.1223726166285,0.8222530756619959,<$400M
1010,19.88371665726183,431905191.18021256,355.86211276037994,0.9749646924941916,$400-500M
1011,19.034617083955432,184769023.9779821,325.5352961861213,0.8918775237975926,<$400M
1012,18.957707369558243,171091210.93780088,334.9702440683042,0.9177266960775459,<$400M
1013,19.28917310491303,238331496.487026,328.2319530375526,0.8992656247604182,<$400M
1014,19.93770478758209,455863867.8913301,326.5469901652987,0.894649288124106,$400-500M
1015,20.134085264340584,554781701.8524463,322.2960096459018,0.8830027661531555,$500-750M
1016,18.9711289659921,173403007.42043197,395.9092607167852,1.084682906073384,<$400M
1017,20.318427865267665,667084888.7470562,345.83700868891475,0.9474986539422322,$500-750M
1018,19.73843967147955,373504149.21303475,359.2074836704678,0.984130092247857,<$400M
1019,19.178367412632284,213333539.6230121,302.10908431203296,0.82769612140283,<$400M
1020,19.241265941152765,227182891.6529562,332.4909954577713,0.9109342341308803,<$400M
1021,20.88298242344615,1173178329.2938986,388.74173753993773,1.065045856273802,>$1B
1022,18.99161157174773,176991376.9841569,414.1901296974794,1.1347674786232311,<$400M
1023,19.750732394800348,378123868.6709648,424.4478525897096,1.162870829012903,<$400M
1024,20.1552315482289,566638191.7522306,303.79157826068,0.8323056938648767,$500-750M
1025,19.900547940453258,439236232.10979116,462.11063460840694,1.2660565331737177,$400-500M
1026,20.03807089564232,503991971.1457172,307.7721232495281,0.8432112965740496,$500-750M
1027,19.670868246585997,349099746.73178846,351.3641475532491,0.9626415001458879,<$400M
1028,19.622298376889418,332549199.9504145,354.48684801852113,0.9711968438863593,<$400M
1029,19.037967921132044,185389193.35563964,319.97293307392334,0.8766381728052695,<$400M
1030,19.174677965602886,212547906.9951319,320.5269415152117,0.8781560041512649,<$400M
1031,19.891653719568843,435346890.0143498,396.53250227396046,1.0863904171889327,$400-500M
1032,19.127594519384047,202772358.15569347,320.72865909209014,0.8787086550468223,<$400M
1033,19.46580440455597,284375016.17709386,318.4943861906804,0.8725873594265217,<$400M
1034,20.090028771332424,530870553.7996607,321.1330928095026,0.8798166926287743,$500-750M
1035,19.110170049142948,199269761.30142114,363.35812887177315,0.9955017229363647,<$400M
1036,19.457601399291,282051828.01166993,349.4692145407876,0.9574499028514729,<$400M
1037,19.109543279916025,199144904.27953815,389.30420326959745,1.0665868582728697,<$400M
1038,20.17442047742238,577616364.7254139,330.39910248329704,0.9052030205021837,$500-750M
1039,19.379590612572375,260885093.24309942,347.9035244420097,0.953160340937013,<$400M
1040,18.870340211400915,156777821.50624892,334.41468157013594,0.9162046070414683,<$400M
1041,19.786357996735227,391837588.4544313,305.1939928430628,0.8361479255974323,<$400M
1042,19.108367108935152,198910813.5145045,320.8949835730565,0.8791643385563191,<$400M
1043,19.600643377521152,325425260.08118075,320.5987816117379,0.8783528263335284,<$400M
1044,19.508957330980586,296915258.45318687,321.76880065661334,0.8815583579633242,<$400M
1045,20.117180369971475,545482002.4703385,489.3522249676815,1.3406910273087165,$500-750M
1046,20.089003005453183,530326284.0936491,313.59310493600117,0.8591591916054827,$500-750M
1047,20.026886128086886,498386345.34749687,321.0189265144581,0.8795039082587893,$400-500M
1048,19.288200470915886,238099799.86722305,435.7913167955489,1.19394881313849,<$400M
1049,19.339988807071354,250755471.99266288,450.27417729045493,1.2336278829875478,<$400M
1050,19.388600280673746,263246201.77621162,336.89101777121203,0.9229890897841425,<$400M
1051,19.108414254570356,198920191.51222065,370.4903418419149,1.0150420324436025,<$400M
1052,20.060948947263686,515655233.11983037,305.07609100609113,0.8358249068660031,$500-750M
1053,19.624321410632877,333222639.1687258,377.20965749975466,1.033451116437684,<$400M
1054,20.3931999373402,718876358.2020183,367.0508735138301,1.0056188315447399,$500-750M
1055,18.802988009738666,146566236.38504747,319.19067426172944,0.874494997977341,<$400M
1056,20.270780066517396,636045122.7560709,372.50023746275605,1.0205485957883726,$500-750M
1057,19.525833829815635,301968670.4770774,324.39421718230875,0.8887512799515308,<$400M
1058,20.715633776559763,992396989.8348963,356.64478294032614,0.9771089943570579,$750M-1B
1059,19.228320022303368,224260756.05043858,310.01927534500845,0.8493678776575574,<$400M
1060,19.386663246135743,262736778.33605623,325.0885094367083,0.8906534505115296,<$400M
1061,19.346689200348,252441273.73156413,322.7371688559532,0.8842114215231595,<$400M
1062,18.359722284205695,94086232.26234785,356.6351356964095,0.9770825635518069,<$400M
1063,20.24861999852438,622105343.2641902,346.0458430168833,0.9480708027859815,$500-750M
1064,19.649397203139905,341684106.5544197,332.33711107745535,0.9105126330889187,<$400M
1065,20.278265056071,640823775.6285939,321.7353075597858,0.8814665960542076,$500-750M
1066,19.50920217308559,296987964.71048796,382.26839154424886,1.0473106617650654,<$400M
1067,20.195271940477088,589786957.3846521,396.78347529581345,1.087078014509078,$500-750M
1068,19.820425108483132,405416344.6389656,347.8191281959608,0.9529291183450981,$400-500M
1069,19.876311054589994,428718487.2380507,361.9868634517792,0.9917448313747375,$400-500M
1070,19.849876147973195,417533837.95846164,315.12623510171176,0.8633595482238678,$400-500M
1071,20.020286986358503,495108251.41865313,342.54317773395155,0.9384744595450727,$400-500M
1072,19.831913479417924,410100774.70244825,333.3137249593386,0.9131882875598317,$400-500M
1073,20.268119600771488,634355195.487718,402.8206575999828,1.1036182399999528,$500-750M
1074,20.34970532284485,688279334.4305475,412.64062796329466,1.1305222683925882,$500-750M
1075,19.428465575906195,273952577.8699848,346.2139550553256,0.9485313837132208,<$400M
1076,20.10636602814226,539614756.019388,328.31834335406575,0.8995023105590843,$500-750M
1077,19.287210457067612,237864194.41365787,330.6590769995128,0.90591527945072,<$400M
1078,19.6119605032142,329129057.29154265,410.93369787541326,1.125845747603872,<$400M
1079,19.123899207711435,202024433.85151926,321.6823718682621,0.881321566762362,<$400M
1080,19.539977650261168,306270008.1001862,322.8386072958213,0.8844893350570446,<$400M
1081,20.180111544723093,580912990.0918173,403.54566073483943,1.1056045499584641,$500-750M
1082,21.254445271208155,1700937269.7192075,412.69680030072755,1.1306761652074728,>$1B
1083,19.6446073736002,340051411.21528304,387.8078670430894,1.0624873069673682,<$400M
1084,19.950163346509285,461578800.74568665,363.2393129789611,0.9951761999423592,$400-500M
1085,19.579337787883738,318565221.1149015,373.4394050129483,1.0231216575697215,<$400M
1086,19.557799568019394,311777256.08947945,311.6381999690593,0.8538032875864638,<$400M
1087,19.91430448219679,445320355.9764857,363.2110035022937,0.9950986397323115,$400-500M
1088,18.967899286366002,172843874.65612873,347.01929070087704,0.9507377827421288,<$400M
1089,19.298178688697575,240487504.23022574,369.0964265876843,1.0112230865416008,<$400M
1090,20.0447645825128,507376851.6123586,366.8570799043859,1.0050878901490026,$500-750M
1091,19.525281001846288,301801779.885315,324.23806339081057,0.8883234613446865,<$400M
1092,19.59177778022381,322552922.08441496,315.7646353897138,0.865108590108805,<$400M
1093,20.175333864853524,578144193.272261,351.2572805701232,0.9623487138907485,$500-750M
1094,19.297011438698505,240206958.9562248,312.7023467661608,0.8567187582634543,<$400M
1095,19.050214455206355,187673527.46700418,375.0526230019109,1.0275414328819477,<$400M
1096,19.23217745985106,225127498.5390632,333.25532814205366,0.913028296279599,<$400M
1097,19.76758968621581,384552041.48464435,329.78129068587026,0.9035103854407405,<$400M
1098,19.07252245369948,191907194.98814493,336.0644731791567,0.9207245840524841,<$400M
1099,20.065160215057816,517831374.3365392,339.84821773231687,0.9310910074857996,$500-750M
1100,19.592820971548335,322889582.0642875,306.42096192321367,0.8395094847211333,<$400M
1101,19.025205554135333,183038222.32042313,383.1013268719255,1.0495926763614396,<$400M
1102,19.465318601514713,284236899.4808492,403.3143366726123,1.1049707854044173,<$400M
1103,19.10296343886947,197838863.94505394,371.6417877102841,1.0181966786583128,<$400M
1104,19.904362908088828,440915104.5053977,357.80596705786445,0.9802903207064779,$400-500M
1105,19.77184684901308,386192631.7814954,377.24542118518275,1.033549099137487,<$400M
1106,19.918118654131437,447022127.74213076,351.14873135350615,0.9620513187767292,$400-500M
1107,19.898039560212816,438135841.3005308,335.0298124479235,0.9178898971175987,$400-500M
1108,19.062646598860237,190021275.2507998,358.14988367044054,0.981232558001207,<$400M
1109,20.1056863270051,539248103.8771468,302.44483423203866,0.8286159841973662,$500-750M
1110,20.609232149144873,892227898.1797614,393.62075374580746,1.0784130239611163,$750M-1B
1111,19.449971177111973,279907899.62457234,352.81239097862834,0.9666092903524064,<$400M
1112,20.809900606203673,1090498323.464097,305.6574413719939,0.8374176475945039,>$1B
1113,19.66283138879411,346305325.9346064,387.87928187046003,1.0626829640286577,<$400M
1114,20.23897520898813,616134110.0905619,339.46887089978003,0.9300517010952878,$500-750M
1115,19.175850707494998,212797317.04796964,315.4287450859871,0.8641883427013345,<$400M
1116,19.96140830830028,466798529.546654,348.5239451641503,0.954860123737398,$400-500M
1117,19.723379893405546,367921402.590831,332.83458287811277,0.9118755695290761,<$400M
1118,20.071407163668617,521076365.4145303,361.59274821368444,0.9906650635991354,$500-750M
1119,19.635658710409032,337021980.56193894,343.04122242763174,0.9398389655551554,<$400M
1120,19.831181026665057,409800505.2410854,349.0116988400031,0.9561964351780906,$400-500M
1121,19.458676006445668,282355085.8363692,318.1836015211359,0.8717358945784546,<$400M
1122,19.837752780498644,412502481.92081547,388.97859248840354,1.0656947739408316,$400-500M
1123,19.01358731514682,180923946.37373015,360.1117892860194,0.9866076418795052,<$400M
1124,19.350567725831368,253422274.83391044,304.14431715198646,0.8332721017862643,<$400M
1125,19.387450889987925,262943802.86435014,327.35833634387393,0.8968721543667779,<$400M
1126,19.17475899580306,212565130.4923847,353.94832267059036,0.9697214319742201,<$400M
1127,20.072735115672916,521768789.46957636,346.6034615729536,0.9495985248574071,$500-750M
1128,20.186653432285485,584725715.1683775,366.4848202761074,1.0040680007564586,$500-750M
1129,18.547654193090608,113538687.18814118,375.5174085150238,1.0288148178493803,<$400M
1130,20.07107676139135,520904229.03545886,398.10331693363685,1.0906940189962653,$500-750M
1131,19.950113689442215,461555880.6652967,344.8511301150862,0.9447976167536609,$400-500M
1132,19.65972415431685,345230944.1287196,333.2680187774822,0.9130630651437869,<$400M
1133,18.937837067009102,167725130.08686882,340.9763555665863,0.9341817960728391,<$400M
1134,20.661492895475714,940096319.4470161,473.61379630928036,1.29757204468296,$750M-1B
1135,19.435089932481652,275773361.5323619,331.4891523014897,0.9081894583602458,<$400M
1136,19.576961763525265,317809200.90666085,310.9636947641846,0.8519553281210537,<$400M
1137,19.35003862638176,253288224.71382704,388.92095445890595,1.0655368615312493,<$400M
1138,19.774242149569176,387118787.97556925,378.44884009347584,1.0368461372423996,<$400M
1139,20.550385675134414,841238421.292358,324.470638465154,0.888960653329189,$750M-1B
1140,19.32018689421969,245838873.67019522,353.80085924104736,0.969317422578212,<$400M
1141,19.449989668742166,279913075.6257966,361.916645878118,0.9915524544605973,<$400M
1142,19.813616695503416,402665477.8806515,378.677003958799,1.037471243722737,$400-500M
1143,20.064191292803397,517329878.9881441,310.229017147394,0.8499425127325864,$500-750M
1144,18.705895995044994,133004829.1659127,335.50364227970107,0.919188061040277,<$400M
1145,19.897167145174137,437753771.68946654,339.0460780037131,0.9288933643937345,$400-500M
1146,19.62620376462932,333850472.85251087,421.7300557219251,1.155424810197055,<$400M
1147,19.381720948306675,261441458.49175256,354.13468533356126,0.9702320146124966,<$400M
1148,19.330030266974223,248270706.42402744,305.82932829605255,0.8378885706741166,<$400M
1149,18.97916360911883,174801850.78050774,324.9400583776017,0.8902467352811005,<$400M
1150,20.033294487914354,501590439.91179955,331.3825758600526,0.9078974681097332,$500-750M
1151,20.3617142053487,696594628.8533368,361.02576935641923,0.989111696866902,$500-750M
1152,19.73504581465992,372238678.23738676,313.35260630753476,0.8585002912535199,<$400M
1153,20.042443787207635,506200699.1296717,354.5683880579033,0.9714202412545295,$500-750M
1154,20.552773879162036,843249871.1986336,352.55188608427505,0.9658955783130824,$750M-1B
1155,19.2143563161661,221151007.09451154,374.2282079154992,1.0252827614123265,<$400M
1156,18.394719982432644,97437332.17870289,329.7149035424905,0.9033285028561384,<$400M
1157,18.9101464086349,163144424.87330437,401.3810878117824,1.0996742131829653,<$400M
1158,19.5041842962941,295501448.3919747,333.4197630869364,0.9134788029779081,<$400M
1159,18.512611141042655,109628851.45547391,343.50635707078607,0.9411133070432495,<$400M
1160,19.805805471012214,399532419.878107,335.5345388036894,0.9192727090512037,<$400M
1161,19.0857853736251,194469398.33876124,307.06258814521345,0.8412673647814067,<$400M
1162,19.521682420361547,300717673.3808671,325.4040175991685,0.8915178564360782,<$400M
1163,19.926351998589677,450717807.9274119,356.56813282826334,0.9768989940500366,$400-500M
1164,19.336811439611107,249959994.14742473,318.02399777768375,0.8712986240484486,<$400M
1165,19.634102079092344,336497769.6999573,324.1265453973324,0.8880179325954312,<$400M
1166,18.98420238594993,175684861.0739097,332.6835520035048,0.9114617863109721,<$400M
1167,20.012004509098045,491024463.8690025,300.2492260620934,0.8226006193482011,$400-500M
1168,20.619377122736914,901325596.5716811,439.00437656943166,1.20275171662858,$750M-1B
1169,19.589536161785052,321830691.29215056,355.052305325391,0.9727460419873726,<$400M
1170,20.24737677646412,621332408.7418169,305.38163961521553,0.8366620263430563,$500-750M
1171,20.281231138636365,642727333.5163199,388.48016403317433,1.0643292165292448,$500-750M
1172,20.52030209157422,816307835.8259045,307.1724187480485,0.8415682705425988,$750M-1B
1173,20.503803378995645,802950301.5269488,350.3718734318474,0.959922940909171,$750M-1B
1174,19.778539178090096,388785827.5416843,327.9928131432844,0.8986104469679025,<$400M
1175,19.316915757477084,245036014.9440151,330.4116611340347,0.9052374277644787,<$400M
1176,20.377341781143826,707566220.6148446,340.5327260213745,0.9329663726613,$500-750M
1177,19.29108406899948,238787374.86235386,321.6365252691755,0.8811959596415767,<$400M
1178,19.866122096120694,424372470.6661058,316.95621455227933,0.8683731905541899,$400-500M
1179,19.849059475221846,417192988.65035045,317.2507969777867,0.8691802656925663,$400-500M
1180,20.559869155687316,849254238.3475609,346.79510908881724,0.9501235865447047,$750M-1B
1181,18.374775883953163,95513282.92062344,326.6723108472485,0.8949926324582151,<$400M
1182,19.58413474279358,320097035.2006319,350.6670893329032,0.960731751596995,<$400M
1183,20.10662309116126,539753488.8484428,373.36696894181796,1.0229232025803232,$500-750M
1184,19.78918465852765,392946747.66501486,319.3293241641301,0.8748748607236442,<$400M
1185,19.47614456085255,287330753.34808326,350.71853151469895,0.960872689081367,<$400M
1186,19.314265488513506,244387463.3962841,345.43517305363963,0.9463977343935333,<$400M
1187,19.56064163783315,312664609.18005425,322.0835197344285,0.8824206020121328,<$400M
1188,19.24038721152147,226983347.000077,357.07120961803173,0.9782772866247444,<$400M
1189,20.164372173508827,571841363.0242888,310.10525829228345,0.849603447376119,$500-750M
1190,19.873694806238547,427598319.16046184,446.43141016445753,1.2230997538752262,$400-500M
1191,20.160108469366115,569408391.0578979,304.87039043208796,0.8352613436495561,$500-750M
1192,19.08132134022033,193603215.2219673,317.2381644022573,0.8691456558965954,<$400M
1193,19.493605064949254,292391748.32801104,335.8984609144084,0.920269755929886,<$400M
1194,19.2266825278859,223893830.81534967,317.80112513579013,0.8706880140706579,<$400M
1195,19.7345902409378,372069134.6999473,346.76811893058357,0.9500496409057084,<$400M
1196,19.874690871580007,428024447.2167067,371.0381334544516,1.0165428313820593,$400-500M
1197,19.309045025766924,243114972.1344629,345.6604136967288,0.9470148320458324,<$400M
1198,19.080155752476376,193377685.15019172,366.5064140222619,1.004127161704827,<$400M
1199,19.63611519077937,337175859.5991461,310.3399397125345,0.8502464101713274,<$400M
1200,20.12797360644171,551401406.0098922,335.7660211975287,0.9199069073904895,$500-750M
1201,19.68127244824068,352750811.16489613,320.5218985809626,0.8781421878930482,<$400M
1202,20.528264532391916,822833584.6240662,338.70626444035224,0.9279623683297322,$750M-1B
1203,19.518834825959804,299862569.4899906,317.61585333147553,0.8701804200862343,<$400M
1204,20.69895741814261,975984651.315565,321.8992757493397,0.8819158239707937,$750M-1B
1205,19.5718968907552,316203607.23509336,343.2759361035555,0.9404820167220699,<$400M
1206,19.59841352527622,324700418.2798313,368.0780775432727,1.0084330891596511,<$400M
1207,19.762012826045442,382413417.46744704,320.41162972787595,0.8778400814462355,<$400M
1208,19.82815715004533,408563190.76051587,358.9931227607637,0.9835428020842841,$400-500M
1209,20.29919529549418,654377719.5260535,363.3108250477351,0.9953721234184523,$500-750M
1210,18.53382067446761,111978861.45838623,352.81432240812467,0.9666145819400676,<$400M
1211,18.89378180648805,160496357.64689976,341.87095038677626,0.9366327407856884,<$400M
1212,19.62316608231289,332837879.92125773,311.69723334348095,0.8539650228588519,<$400M
1213,20.23088205802084,611167767.5091829,377.3599936064295,1.0338629961819987,$500-750M
1214,19.840535670354278,413652029.6836939,319.4206856959269,0.8751251662902108,$400-500M
1215,19.790764965208,393568214.960496,509.39498918566125,1.395602710097702,<$400M
1216,19.854350587308666,419406253.6682581,329.32875073373697,0.9022705499554438,$400-500M
1217,19.073325228211694,192061315.04654217,346.82801286479463,0.9502137338761497,<$400M
1218,19.799078549709435,396853816.2106032,308.5787510921501,0.8454212358689045,<$400M
1219,18.192002469023095,79558445.1799247,320.66757858520555,0.8785413111923439,<$400M
1220,19.42377568676193,272670778.7463227,321.37907316411963,0.8804906114085469,<$400M
1221,20.50547333216509,804292311.162635,312.54650550298203,0.856291795898581,$750M-1B
1222,19.394178866701022,264718847.17957437,310.8062994277209,0.8515241080211531,<$400M
1223,20.64299425792118,922865681.3883288,371.25912003294053,1.0171482740628508,$750M-1B
1224,19.84161467119953,414098601.45569587,306.21330831266073,0.8389405707196185,$400-500M
1225,19.29635390611459,240049066.96907976,376.063471995021,1.0303108821781397,<$400M
1226,20.12834451224373,551605961.923765,327.5632852453327,0.8974336582063909,$500-750M
1227,19.63600562798824,337138919.69452286,369.1384723621484,1.0113382804442421,<$400M
1228,20.192568116030387,588194430.9171296,363.78827115325856,0.9966801949404345,$500-750M
1229,20.377003879478266,707327173.199939,373.11472543149426,1.0222321244698473,$500-750M
1230,18.865010014697752,155944388.0343215,345.54424097441444,0.946696550614834,<$400M
1231,19.797506295897,396230351.5358759,374.0169770520588,1.0247040467179693,<$400M
1232,19.641936146117764,339144268.6716571,400.107044318301,1.0961836830638383,<$400M
1233,19.82802621993435,408509701.038391,312.2726733663973,0.855541570866842,$400-500M
1234,20.572663266295724,860189495.286098,287.59924178059055,0.7879431281660015,$750M-1B
1235,18.59305697816242,118812476.23150203,319.88765370785103,0.8764045307064412,<$400M
1236,19.736325085767618,372715177.144282,319.55288120109145,0.875487345756415,<$400M
1237,20.45772421586585,766790527.5711371,395.4117204261357,1.0833197819894127,$750M-1B
1238,19.220764464075064,222572725.88517624,338.2035300594679,0.9265850138615558,<$400M
1239,19.57819297085808,318200730.90309536,320.59166836020563,0.8783333379731662,<$400M
1240,20.28427968785347,644689709.105203,338.38184975288704,0.9270735609668138,$500-750M
1241,19.489294382678466,291134053.1121419,330.58028550746684,0.9056994123492242,<$400M
1242,20.04985424465254,509965811.2406495,345.6614837887743,0.9470177638048611,$500-750M
1243,18.613203871684288,121230454.12376584,354.9815100039788,0.9725520822026817,<$400M
1244,19.912743572339583,444625793.25914437,308.6549684800555,0.8456300506302891,$400-500M
1245,19.23721017523025,226263356.99195284,367.58213003991307,1.007074328876474,<$400M
1246,19.645628752086225,340398909.84444344,306.1410651561737,0.8387426442634895,<$400M
1247,19.434187737499474,275524672.38928604,380.74462507624264,1.0431359591129936,<$400M
1248,19.546905933149564,308399301.010994,361.6815167857363,0.9909082651664007,<$400M
1249,20.055235917991553,512717678.83532196,338.0326802658762,0.9261169322352772,$500-750M
1250,19.470286446809922,285652457.6503866,354.01787062392924,0.9699119743121349,<$400M
1251,20.258267447108626,628136116.5898671,389.1531779684972,1.0661730903246498,$500-750M
1252,18.79906808933519,145992832.9866536,321.3595483191214,0.8804371186825244,<$400M
1253,20.071759341455177,521259909.25366515,366.3913831928057,1.0038120087474127,$500-750M
1254,19.585581135694188,320560356.271231,312.3165940972352,0.8556619016362609,<$400M
1255,19.398097690732392,265758269.0850135,369.32965758795535,1.0118620755834393,<$400M
1256,19.9775287175368,474384493.0135945,287.6538419288072,0.7880927176131703,$400-500M
1257,19.433857084044696,275433584.26461536,404.41049112261567,1.1079739482811388,<$400M
1258,18.47433286415111,105511748.42416082,347.7909330348303,0.9528518713283022,<$400M
1259,18.49886385960583,108132064.72790545,329.9829268745443,0.9040628133549159,<$400M
1260,19.193355776475943,216555143.30787006,353.2321382779645,0.9677592829533275,<$400M
1261,20.447502040049965,758992185.8999808,318.53921274824796,0.8727101719130081,$750M-1B
1262,20.72907359281206,1005824653.5765015,311.5858267181043,0.853659799227683,>$1B
1263,19.657509074303988,344467076.2910794,327.06256933064776,0.8960618337825966,<$400M
1264,19.821178107025922,405721737.5214698,409.60030117538656,1.1221926059599632,$400-500M
1265,18.97723541397918,174465123.4437653,327.4244837810512,0.897053380222058,<$400M
1266,19.65552246053469,343783432.5471285,310.2137831221834,0.8499007756772147,<$400M
1267,19.440568380512023,277288317.5765767,320.3773060166259,0.8777460438811668,<$400M
1268,20.05578475816671,512999156.1319384,325.365245131304,0.8914116304967232,$500-750M
1269,19.481867279853258,288979780.46877384,378.3299622842938,1.0365204446145035,<$400M
1270,19.611378337830384,328937505.51039803,358.8452546883326,0.9831376840776236,<$400M
1271,19.89378707317448,436276630.2515888,375.1425300806151,1.0277877536455207,$400-500M
1272,19.39228567066148,264218156.60875207,335.77008816561005,0.9199180497687947,<$400M
1273,20.201900088512964,593709136.6811255,297.36743218067284,0.814705293645679,$500-750M
1274,19.617652836247817,331007911.956604,349.2982438887044,0.9569814901060395,<$400M
1275,19.405196772555115,267651621.36208668,312.0185677328227,0.8548453910488293,<$400M
1276,20.24422374108527,619376410.9606159,375.4991155072733,1.028764700019927,$500-750M
1277,19.519965215044753,300201722.5168531,327.60162218467633,0.8975386909169214,<$400M
1278,20.02660482685285,498246168.37042654,347.6486717972707,0.9524621145130704,$400-500M
1279,19.62194936249445,332433155.7443242,311.81255312764426,0.854280967472998,<$400M
1280,20.85714502077705,1143254687.64856,337.1182696982138,0.9236116978033254,>$1B
1281,19.885299363740554,432589311.5625614,340.7599086852607,0.9335887909185225,$400-500M
1282,19.538397830710107,305786538.75120556,325.1166802689012,0.8907306308737019,<$400M
1283,19.024737188579564,182952513.5947734,317.3069938125498,0.8693342296234242,<$400M
1284,19.578034736988858,318150384.75359344,345.58530913863626,0.94680906613325,<$400M
1285,19.029474134392903,183821205.58717802,303.2510447143185,0.8308247800392288,<$400M
1286,19.982309784887963,476657987.7600515,378.5875452780531,1.0372261514467207,$400-500M
1287,19.943020977866063,458293780.17183584,413.39934127793794,1.132600935008049,$400-500M
1288,19.9532248786422,462994104.46948826,341.54515776437484,0.9357401582585612,$400-500M
1289,18.935442718263353,167324018.02472425,320.6325498026143,0.8784453419249706,<$400M
1290,19.296129364733744,239995172.07115576,334.4080867473623,0.9161865390338693,<$400M
1291,19.54382951507736,307451993.73166263,386.80716038058273,1.059745644878309,<$400M
1292,19.919554216225315,447664316.6045487,299.8167241886252,0.8214156827085621,$400-500M
1293,19.298145070862013,240479419.69674674,493.82659991177906,1.3529495887993948,<$400M
1294,18.881977383527964,158612929.02211893,333.92488859064315,0.9148627084675155,<$400M
1295,18.486393401045742,106791981.38915011,346.6142122923226,0.9496279788830756,<$400M
1296,19.088395672432153,194977684.6782585,319.9399599691364,0.8765478355318805,<$400M
1297,19.46252430316206,283443765.42353386,313.3230740692417,0.8584193810116212,<$400M
1298,20.134725708656035,555137122.4411131,308.7432502379771,0.8458719184602113,$500-750M
1299,19.445889152883794,278767637.66845274,342.4177527425928,0.9381308294317612,<$400M
1300,19.9302840410366,452493538.315523,344.7272804403421,0.9444583025762797,$400-500M
1301,19.959357814565266,465842342.7488506,337.74239749800483,0.9253216369808351,$400-500M
1302,19.95123621088126,462074277.93825245,310.52471533589306,0.8507526447558714,$400-500M
1303,18.927000605436486,165917395.57270682,343.6041367585832,0.9413811965988581,<$400M
1304,19.456806781058052,281827793.50923395,350.30808495481614,0.9597481779584004,<$400M
1305,19.178591893326676,213381434.2596333,345.30397299027146,0.9460382821651273,<$400M
1306,19.321446268691837,246148671.90700617,354.6166907162171,0.9715525773047043,<$400M
1307,19.876280123468227,428705226.6994009,320.2528747568546,0.8774051363201496,$400-500M
1308,18.77056269961808,141890004.55957603,340.2173434170081,0.9321023107315292,<$400M
1309,19.988616617740874,479673689.78508615,310.4096186167772,0.8504373112788417,$400-500M
1310,20.157785165635698,568087017.9886816,401.34627273908336,1.0995788294221462,$500-750M
1311,19.76568180239484,383819060.31017584,323.6725508522117,0.8867741119238677,<$400M
1312,19.38938054385305,263451683.2489381,344.4165707985751,0.9436070432837674,<$400M
1313,19.689113897899908,355527762.3251018,321.35541304568795,0.8804257891662683,<$400M
1314,19.938461458128838,456208937.18891376,334.21873145170076,0.9156677574019199,$400-500M
1315,19.360656821820495,255992017.88486883,393.16307527726724,1.0771591103486773,<$400M
1316,19.567072848703518,314681901.075167,345.6527599342331,0.9469938628335153,<$400M
1317,19.60976482648833,328407189.06528264,441.8183680798238,1.2104612824104761,<$400M
1318,19.60025299979787,325298246.10237896,344.3000985395783,0.9432879412043241,<$400M
1319,19.43036956383246,274474677.1482548,346.97751208216783,0.9506233207730626,<$400M
1320,19.21268669345774,220782076.4243062,360.0641682848398,0.9864771733831228,<$400M
1321,19.94707771125937,460156732.0484529,302.47702981423794,0.8287041912718848,$400-500M
1322,19.041990315656395,186136403.61162156,338.52721906806556,0.9274718330631934,<$400M
1323,20.463385440418467,771143811.765525,404.7173399190434,1.1088146299151875,$750M-1B
1324,19.675517935044567,350726731.3496281,368.0773321421491,1.0084310469647921,<$400M
1325,19.52965939877275,303126084.92169994,307.6153400497444,0.8427817535609436,<$400M
1326,18.979621022405375,174881825.75898162,309.87630391487534,0.8489761751092475,<$400M
1327,19.47961437474115,288329469.2638378,334.2478792418351,0.9157476143611921,<$400M
1328,19.288817895711556,238246853.9802616,406.4619754852059,1.1135944533841258,<$400M
1329,19.610936333874175,328792145.9587319,324.2741161051745,0.8884222359045878,<$400M
1330,19.51974270309694,300134931.4780173,365.5283212598254,1.001447455506371,<$400M
1331,19.163399583432756,210164178.04149592,308.88657242640863,0.8462645819901606,<$400M
1332,19.583576451652252,319918377.73759407,355.9033829207187,0.9750777614266265,<$400M
1333,18.88600405920963,159252899.45819318,353.4771874234026,0.9684306504750756,<$400M
1334,19.92642488806929,450750661.7112163,398.93861273587476,1.0929825006462321,$400-500M
1335,19.087233080346763,194751136.8820786,342.93686429016174,0.9395530528497582,<$400M
1336,19.055621315345903,188691000.16946942,336.40591658087254,0.921660045427048,<$400M
1337,20.521817172967236,817545546.018018,362.90850011812705,0.9942698633373344,$750M-1B
1338,19.221330441780033,222698732.74093336,350.11286513217453,0.9592133291292453,<$400M
1339,19.63094075932863,335435672.3493771,369.9046641984517,1.0134374361601417,<$400M
1340,19.022045467592722,182460718.65864623,339.50117147525344,0.9301401958226122,<$400M
1341,19.89008022234787,434662411.5464606,328.24570302048016,0.899303295946521,$400-500M
1342,19.097550659713193,196770898.8031719,351.1637768279179,0.9620925392545696,<$400M
1343,20.62502412966706,906429786.5962415,316.4724906659106,0.8670479196326317,$750M-1B
1344,20.33887219741259,680863359.6865252,318.1651326244811,0.8716852948615921,$500-750M
1345,18.60381945694117,120098098.81895214,320.87979978045405,0.8791227391245316,<$400M
1346,19.462947758911923,283563816.7321801,394.95335213872715,1.082063978462266,<$400M
1347,19.71836537589532,366081072.3156634,310.81983744112495,0.8515611984688355,<$400M
1348,19.46828940798294,285082567.83687943,365.9503357748402,1.0026036596570964,<$400M
1349,20.497420787569443,797841718.1595098,409.1091757696317,1.1208470569031006,$750M-1B
1350,19.973451905732745,472454453.5897363,342.71311982066,0.9389400543031781,$400-500M
1351,20.453361943706792,763452863.792589,342.6402120892316,0.9387403070937853,$750M-1B
1352,19.908252110970423,442633251.74626935,341.6403029851475,0.9360008300962945,$400-500M
1353,19.4288133277332,274047861.9460971,298.7837219700021,0.8185855396438414,<$400M
1354,19.29983725398279,240886699.4103938,315.9654513723656,0.8656587708831933,<$400M
1355,19.411999996365758,269478723.2900602,353.5958031997321,0.9687556252047455,<$400M
1356,20.278077754429702,640703759.5235939,349.5622431231535,0.9577047756798727,$500-750M
1357,19.324942075516773,247010665.9186374,370.38868250361105,1.0147635137085234,<$400M
1358,20.237874735991802,615456444.0852507,536.1710498564355,1.4689617804285904,$500-750M
1359,20.379316121865013,708964577.3792568,358.06090783330694,0.9809887885844025,$500-750M
1360,19.39543732218603,265052193.7717224,312.2634695753075,0.8555163550008424,<$400M
1361,19.66722302723439,347829518.11685085,317.0008753723689,0.8684955489653943,<$400M
1362,19.64840051485216,341343723.6633062,330.2413033008382,0.9047706939748992,<$400M
1363,20.45374190839854,763743004.0426795,316.38556330894113,0.8668097624902497,$750M-1B
1364,19.632166607459983,335847117.6747335,339.0632780406569,0.9289404877826216,<$400M
1365,19.410546704322016,269087376.44505215,398.3807697519692,1.0914541637040251,<$400M
1366,19.75259381506402,378828371.58687043,288.00857495044016,0.7890645889053155,<$400M
1367,20.180603452285148,581198815.8787085,298.9961999983861,0.819167671228455,$500-750M
1368,19.680512926258643,352482990.89020294,428.54471425193225,1.1740951075395405,<$400M
1369,20.190093639706266,586740757.006424,325.31825801726177,0.8912828986774295,$500-750M
1370,20.46123519064553,769487441.4025702,352.9367795641524,0.9669500809976778,$750M-1B
1371,20.3189058323518,667403809.5769584,301.745941963851,0.8267012108598658,$500-750M
1372,18.988973360767595,176525051.79260328,313.4524255308087,0.858773768577558,<$400M
1373,19.94507015505995,459233868.20878404,366.2532236632614,1.0034334894883874,$400-500M
1374,20.040979400985904,505459968.29082334,312.19690026116234,0.855333973318253,$500-750M
1375,19.52245618908524,300950449.3569621,338.72224533920956,0.9280061516142728,<$400M
1376,19.715677332428236,365098351.87016535,362.5211774485837,0.9932087053385855,<$400M
1377,19.236543666412473,226112600.7151529,340.8225646549945,0.933760451109574,<$400M
1378,19.36377868209816,256792437.94662616,355.3049773685003,0.9734382941602748,<$400M
1379,19.809563801866382,401036820.14513534,421.27209524438194,1.1541701239572109,$400-500M
1380,20.381408439725938,710449509.5606056,394.9081942964569,1.0819402583464572,$500-750M
1381,19.714736480572373,364755009.9505045,365.6202554887286,1.001699330106106,<$400M
1382,19.169131973170373,211372380.65455654,367.7574764297073,1.0075547299444036,<$400M
1383,19.184644915826034,214676953.83115813,337.2606548743078,0.9240017941761858,<$400M
1384,20.133844614375977,554648209.7186141,311.54597803215523,0.8535506247456308,$500-750M
1385,19.961922965628634,467038832.66232663,302.91788867490584,0.8299120237668653,$400-500M
1386,19.595766788788804,323842158.13054144,348.71990328542404,0.9553969953025316,<$400M
1387,19.60599931545211,327172893.5056891,338.5815160695092,0.927620591971258,<$400M
1388,19.395672807784635,265114617.09584275,447.7745120861636,1.2267794851675715,<$400M
1389,19.802535130255933,398227946.92008954,330.9154094298746,0.9066175600818482,<$400M
1390,19.89405479151141,436393445.1415284,360.6803203178742,0.9881652611448608,$400-500M
1391,19.118788548671052,200994589.68500414,322.228356358829,0.8828174146817233,<$400M
1392,19.587674532631336,321232119.22715473,332.2711321342373,0.9103318688609241,<$400M
1393,19.241582030397954,227254713.07208967,306.96708236540417,0.8410057051106964,<$400M
1394,19.325038466304896,247034476.61894768,340.79374920375164,0.9336815046678127,<$400M
1395,19.293821790282312,239442003.8275342,365.03640344160146,1.0000997354564423,<$400M
1396,19.26607779936967,232890233.4303509,291.64446737861175,0.7990259380235938,<$400M
1397,19.625075325409167,333473955.3637821,312.03841019271306,0.8548997539526385,<$400M
1398,20.550995369393082,841751475.9153262,291.4264439763975,0.7984286136339657,$750M-1B
1399,19.56183374918753,313037562.46752745,319.9783095471712,0.8766529028689621,<$400M
1400,20.073670932452192,522257297.9992526,350.72270325360773,0.9608841185030349,$500-750M
1401,20.233334487431446,612668452.7271749,334.4157262059043,0.9162074690572721,$500-750M
1402,19.5887496779709,321577676.17174214,314.9770260976101,0.8629507564318085,<$400M
1403,19.653336071701556,343032609.38397694,335.35622002004595,0.9187841644384821,<$400M
1404,19.016051888302297,181370396.60378885,371.8556012944435,1.0187824692998453,<$400M
1405,20.37052683425859,702760588.0680314,398.7133545976861,1.0923653550621537,$500-750M
1406,19.517233208960114,299382688.89616483,395.9825427095003,1.0848836786561653,<$400M
1407,20.087003699300315,529267058.701585,351.8632234486351,0.9640088313661236,$500-750M
1408,20.11170874435019,542505479.8046058,327.6123352614308,0.8975680418121392,$500-750M
1409,19.977159476896144,474209363.31396836,338.09554489228844,0.9262891640884615,$400-500M
1410,20.515067584207742,812046030.4030427,344.0439850369586,0.942586260375229,$750M-1B
1411,20.537009037421985,830060408.4918638,398.48348422791656,1.0917355732271687,$750M-1B
1412,19.77848780144983,388765853.5451855,317.7493655732259,0.8705462070499339,<$400M
1413,19.661054171529774,345690412.70967364,299.39338331860597,0.8202558447085095,<$400M
1414,19.13430989570223,204138633.23881343,329.19073431848847,0.9018924227903794,<$400M
1415,20.26829065387281,634463713.1921264,348.97175301937517,0.9560869945736306,$500-750M
1416,18.963227008636952,172038183.7415262,330.39833647119076,0.9052009218388788,<$400M
1417,19.84104269155324,413861813.20959103,331.69052226422144,0.908741156888278,$400-500M
1418,19.003579026397666,179122238.32310018,330.9699520165616,0.9067669918261961,<$400M
1419,19.029776431293975,183876782.5679297,366.496408018623,1.0040997479962275,<$400M
1420,19.947903780339836,460537010.3434114,367.9263554518053,1.008017412196727,$400-500M
1421,19.974650510979252,473021079.48909557,315.6743863117585,0.8648613323609822,$400-500M
1422,20.135257273521166,555432292.2747389,383.61733332315686,1.0510063926661832,$500-750M
1423,20.145227816074062,560997953.80509,322.9445091073579,0.88477947700646,$500-750M
1424,19.563329799617787,313506232.9374585,400.9831521786376,1.0985839785716098,<$400M
1425,20.17889985442193,580209529.730019,362.89509608666896,0.9942331399634766,$500-750M
1426,19.300093800560543,240948505.99654865,338.78873284456705,0.9281883091631974,<$400M
1427,19.775160813873956,387474583.59113556,316.0010339207291,0.8657562573170661,<$400M
1428,20.083138430884734,527225248.0713529,366.1080574238257,1.003035773763906,$500-750M
1429,19.805213992835913,399296175.0447437,316.4474536117459,0.8669793249636875,<$400M
1430,19.753113637779144,379025346.3711026,328.5355629856487,0.9000974328373937,<$400M
1431,19.583396200904417,319860717.40757555,342.3597596144503,0.937971944149179,<$400M
1432,19.867600229239166,425000213.49900544,300.1817618050979,0.8224157857673915,$400-500M
1433,19.657997673328545,344635423.69238615,346.5263527673493,0.9493872678557514,<$400M
1434,19.734693032216256,372107382.12769514,309.8726151969673,0.848966069032787,<$400M
1435,19.092733723999746,195825345.1971227,335.6344388306479,0.9195464077551998,<$400M
1436,19.87169118331827,426742431.0923257,352.05658968936626,0.9645386018886747,$400-500M
1437,19.75443329895796,379525861.58910936,312.17436221269475,0.8552722252402596,<$400M
1438,19.61718381721872,330852699.3487932,338.5183753547866,0.9274476037117441,<$400M
1439,19.62219863252667,332516031.69658315,331.5604105601314,0.9083846864661135,<$400M
1440,19.88973081445394,434510563.598653,309.5512508296423,0.8480856187113488,$400-500M
1441,20.16354649501193,571369400.7785544,322.5455616739203,0.8836864703395076,$500-750M
1442,19.942263593347903,457946806.97061646,319.8860371043414,0.8764001016557299,$400-500M
1443,20.410962204749023,731759308.8066418,330.9336400691497,0.9066675070387663,$500-750M
1444,19.681060321762665,352675991.3136231,323.2192296774109,0.8855321361024956,<$400M
1445,19.119301033773734,201097622.817155,321.3427689528931,0.8803911478161455,<$400M
1446,20.10297644450963,537788783.0667335,307.876484430427,0.8434972176176082,$500-750M
1447,20.44542815753048,757419756.3538741,341.42110375576175,0.935400284262361,$750M-1B
1448,19.815664618003883,403490950.53647524,314.5965169197232,0.8619082655334881,$400-500M
1449,19.52152557632674,300670511.3062786,315.44311772308805,0.8642277197892824,<$400M
1450,18.49307449847919,107507857.77899429,379.47323638214675,1.0396527024168405,<$400M
1451,20.094298585563354,533142118.5737227,342.83774105674416,0.9392814823472443,$500-750M
1452,20.06445731801932,517467520.08809453,290.7614547516635,0.7966067253470233,$500-750M
1453,20.22864969756512,609804942.4775026,321.4278666677629,0.8806242922404462,$500-750M
1454,20.305012313548897,658195339.351918,337.1125288221134,0.9235959693756531,$500-750M
1455,19.712157379017405,363815481.827174,350.32113287205755,0.95978392567687,<$400M
1456,19.253585987173548,229999107.66752896,348.4017154338719,0.9545252477640327,<$400M
1457,18.649220822868045,125676389.38566604,313.84147736249673,0.8598396640068403,<$400M
1458,19.55348020342135,310433480.6642754,332.6250807836219,0.9113015911880052,<$400M
1459,19.238112220302,226467548.81931534,349.78239327952076,0.9583079267932075,<$400M
1460,20.269572413330295,635277464.4622244,341.66735757709927,0.9360749522660254,$500-750M
1461,19.39537228348055,265034955.68073276,358.82818776440394,0.9830909253819285,<$400M
1462,19.654721800257146,343508288.9715744,333.0054148935199,0.9123436024479997,<$400M
1463,19.333605081053506,249159816.29521865,390.2074516477517,1.0690615113637034,<$400M
1464,20.136204030937666,555958400.9261494,384.6109176326759,1.053728541459386,$500-750M
1465,19.326547393341613,247407514.99278358,327.68131430450586,0.8977570254917969,<$400M
1466,18.95706431974443,170981226.1331063,328.8545900325343,0.9009714795411898,<$400M
1467,19.500909566214588,294535343.6398962,416.2735022110322,1.140475348523376,<$400M
1468,20.264564502768085,632104004.5719702,348.84273045380303,0.955733508092611,$500-750M
1469,19.827638172602093,408351210.69156843,293.11731817632705,0.8030611456885672,$400-500M
1470,19.561502512878718,312933890.23176795,392.489189909132,1.075312849066115,<$400M
1471,19.404395075868976,267437131.93342105,311.061952700556,0.8522245279467288,<$400M
1472,19.06030543377413,189576924.42784053,341.8219349166799,0.9364984518265203,<$400M
1473,19.59452581170882,323440526.69401604,328.3229654633534,0.8995149738722011,<$400M
1474,19.106481094460058,198536018.38657877,343.7652791061412,0.9418226824825786,<$400M
1475,19.94643268041959,459860012.47207546,420.4144759706856,1.1518204821114675,$400-500M
1476,19.87231540801888,427008897.41739124,409.227271866683,1.121170607853926,$400-500M
1477,18.989843333383785,176678690.5748109,315.6646756384593,0.8648347277766009,<$400M
1478,20.11029672793262,541739993.7271405,326.1284233923379,0.8935025298420216,$500-750M
1479,20.36341924248527,697783361.6935008,352.00495218574974,0.9643971292760267,$500-750M
1480,20.049441142728483,509755186.8904803,313.4460000878146,0.8587561646241495,$500-750M
1481,19.646028368371983,340534965.975784,330.5362574919279,0.9055787876491176,<$400M
1482,18.981006520606172,175124292.1435059,341.69296573038395,0.936145111590093,<$400M
1483,19.299455886896776,240794850.66693717,311.02577174102885,0.852125402030216,<$400M
1484,20.853570136303254,1139174980.8012424,350.7797720690495,0.9610404714220534,>$1B
1485,19.193630072021104,216614551.56629893,312.9859725281728,0.8574958151456789,<$400M
1486,19.790014777081463,393273075.47755927,315.5723944366431,0.8645819025661454,<$400M
1487,19.805719835783158,399498207.29273784,361.6180126161678,0.9907342811401857,<$400M
1488,19.268591276587006,233476333.9928633,310.97125218190024,0.8519760333750691,<$400M
1489,18.53548563074677,112165456.66022637,315.6538778361809,0.86480514475666,<$400M
1490,19.644302923754868,339947898.373768,353.98402378547365,0.969819243247873,<$400M
1491,20.26123309185611,630001710.1412629,292.54317204387684,0.8014881425859639,$500-750M
1492,19.0362659635211,185073937.15946165,393.7044659349161,1.0786423724244276,<$400M
1493,19.34067570357416,250927774.21955794,309.46437997440546,0.8478476163682341,<$400M
1494,19.534129681663497,304484177.5403515,337.9934867778243,0.9260095528159569,<$400M
1495,20.065062000608393,517780518.3106539,339.8240031738235,0.9310246662296534,$500-750M
1496,19.685647979834343,354297665.17021227,333.60740314766576,0.9139928853360706,<$400M
1497,19.974700521067216,473044735.9064145,316.5403064754493,0.867233716371094,$400-500M
1498,20.090202540502275,530962810.75056785,309.470756994944,0.8478650876573808,$500-750M
1499,19.814332592728228,402953848.18822896,346.7181131172129,0.9499126386772956,$400-500M
1500,18.77528771221391,142562023.01590237,354.68377666091413,0.9717363744134634,<$400M
1501,19.606775006825334,327426777.15168124,330.12151053172005,0.9044424946074522,<$400M
1502,18.605998526534897,120360086.2751355,367.1129372259896,1.0057888691123003,<$400M
1503,20.459597090248845,768227975.5669407,472.4358594543006,1.2943448204227415,$750M-1B
1504,19.88130915089197,430866627.35741395,332.8857798344109,0.9120158351627696,$400-500M
1505,20.696495988949255,973585288.3449879,431.93074952034317,1.1833719164940908,$750M-1B
1506,20.707040131744947,983905222.4654788,325.59095894118354,0.8920300244963932,$750M-1B
1507,19.188416333143277,215488118.87191784,295.0627501088337,0.8083910961885855,<$400M
1508,18.591401271789604,118615920.42169154,317.1906342200847,0.8690154362194101,<$400M
1509,19.306060394957765,242390445.45862338,371.12259074185914,1.016774221210573,<$400M
1510,20.084383058087777,527881855.4881977,316.63373122424065,0.8674896745869607,$500-750M
1511,20.15390162585418,565885107.8252271,302.6872652044607,0.829280178642358,$500-750M
1512,19.87688050739224,428962691.70684344,346.5523978529242,0.9494586242545868,$400-500M
1513,19.7276937472317,369511990.0553843,323.3366208362203,0.885853755715672,<$400M
1514,20.060189185765882,515263606.91765827,423.69101609948206,1.1607973043821427,$500-750M
1515,20.02690048959333,498393502.97760445,357.30382662906646,0.9789145935042917,$400-500M
1516,19.43524756135796,275816834.80368763,330.0318164797462,0.9041967574787568,<$400M
1517,20.204784392224724,595424046.118698,331.3327880107939,0.9077610630432709,$500-750M
1518,19.931317524906742,452961424.8236497,370.98170556308935,1.0163882344194228,$400-500M
1519,20.143817211741084,560207165.5364659,314.2768176440507,0.8610323771069882,$500-750M
1520,20.120266469576666,547168014.5252367,355.3361963915249,0.9735238257302051,$500-750M
1521,20.757029423835846,1034340046.2728862,390.30485588671695,1.0693283722923752,>$1B
1522,20.20035470715361,592792338.2324957,352.71205268020316,0.9663343909046662,$500-750M
1523,19.171548777093474,211883844.05778506,348.1724263680452,0.9538970585425895,<$400M
1524,19.290011262064635,238531339.4734743,308.28183699838854,0.8446077725983248,<$400M
1525,20.450885175995815,761564308.1129843,348.5735685718241,0.9549960782789703,$750M-1B
1526,19.004155330131315,179225496.88911593,335.7378724624594,0.9198297875683819,<$400M
1527,19.962070498933553,467107741.527886,374.20296059579294,1.0252135906734052,$400-500M
1528,19.387992094118317,263086147.65184054,286.94298637764405,0.7861451681579289,<$400M
1529,19.66501752830904,347063225.827468,338.1847018230912,0.9265334296523047,<$400M
1530,19.194464961447554,216795476.280573,302.486621329698,0.8287304693964328,<$400M
1531,19.89073573149509,434947430.13912445,346.33530473265375,0.9488638485826131,$400-500M
1532,19.974295933962544,472853386.8176309,309.51525859218367,0.8479870098415991,$400-500M
1533,19.885242787795587,432564838.10578805,296.2950228020824,0.81176718575913,$400-500M
1534,19.696294088437128,358089706.0150168,357.7561288494961,0.9801537776698523,<$400M
1535,20.076643758980282,523812188.4138324,388.3302751468036,1.0639185620460374,$500-750M
1536,19.621803484889927,332384664.72886246,307.3966083201003,0.8421824885482201,<$400M
1537,18.791416363374303,144879998.8170361,318.6177652517269,0.8729253842513066,<$400M
1538,19.49616165286734,293140229.9109386,355.1112608585696,0.9729075639960811,<$400M
1539,19.21985106219494,222369520.35717225,327.0658337810256,0.8960707774822619,<$400M
1540,19.811399596150082,401773717.4360742,310.7844349340869,0.8514642052988682,$400-500M
1541,18.887459976136256,159484927.31578577,326.2965192689997,0.8939630664904101,<$400M
1542,19.54416773161638,307555996.6676627,327.030996207152,0.895975332074389,<$400M
1543,19.881048223616446,430754217.1683038,366.3775159229684,1.0037740162273108,$400-500M
1544,20.005965129465004,488067917.5618064,360.053365899898,0.9864475778079397,$400-500M
1545,19.811006793215842,401615930.5325731,349.26489507051986,0.9568901234808763,$400-500M
1546,19.12648811229258,202548133.44545487,326.3861909396358,0.8942087423003721,<$400M
1547,20.598507580644718,882710266.4382148,303.8731223228216,0.8325291022543058,$750M-1B
1548,19.48618276294766,290229562.5932275,321.49714575668236,0.8808140979635133,<$400M
1549,18.72090586806502,135016272.75508425,304.17362086260823,0.8333523859249541,<$400M
1550,19.432327919608827,275012722.88824844,313.5557848388841,0.859056944764066,<$400M
1551,20.288899674483506,647675057.7672362,328.21193273292585,0.8992107746107557,$500-750M
1552,19.841314888360497,413974480.40692174,416.34635854903,1.1406749549288493,$400-500M
1553,19.66490761150143,347025079.84212726,387.0924640861661,1.0605272988662084,<$400M
1554,19.13771995931044,204835947.22985503,377.7096532759361,1.034820967879277,<$400M
1555,18.91370700430035,163726351.59343112,329.2303502542479,0.9020009596006793,<$400M
1556,19.524969837085855,301707884.416017,372.2347635260211,1.0198212699343043,<$400M
1557,19.585490835740593,320531410.99283373,412.6629204410201,1.1305833436740278,<$400M
1558,19.672667563039425,349728453.1012064,323.6403176310731,0.8866858017289675,<$400M
1559,19.194318670119888,216763763.30223915,371.51397660753554,1.017846511253522,<$400M
1560,20.101174824323856,536820764.2024768,596.1253316399689,1.6332200866848463,$500-750M
1561,18.989688674119424,176651367.69142136,304.0107652260118,0.8329062060986625,<$400M
1562,19.284723950645215,237273478.28067172,330.01240649159917,0.9041435794290388,<$400M
1563,19.46422575788531,283926442.6672837,304.25576445652877,0.8335774368672021,<$400M
1564,19.83424158366702,411056644.3088964,291.1462037138436,0.7976608320927222,$400-500M
1565,20.05633951180112,513283823.2310057,315.5130429563911,0.8644192957709345,$500-750M
1566,19.121974590108294,201635987.9946363,304.37523827951344,0.8339047624096259,<$400M
1567,20.624042303697436,905540267.040277,367.76648406118164,1.007579408386799,$750M-1B
1568,20.31437734424162,664388312.3355863,313.0207337488333,0.8575910513666667,$500-750M
1569,19.85095559094234,417984785.26639026,361.9818214011322,0.9917310175373485,$400-500M
1570,19.399378925476242,266098986.03541893,386.81317781850316,1.0597621310095977,<$400M
1571,19.850457275158977,417776548.73876923,331.4023465058407,0.9079516342625772,$400-500M
1572,19.948366766117893,460750281.7964845,415.10762606417126,1.1372811672990992,$400-500M
1573,19.414254286045153,270086891.6310468,335.1707062115188,0.9182759074288186,<$400M
1574,19.46219377724311,283350095.39353645,327.05592267980205,0.8960436237802796,<$400M
1575,19.244845123801603,227997477.6232513,297.1115095658327,0.814004135796802,<$400M
1576,19.447479687010695,279211379.9096809,420.66678672167865,1.1525117444429551,<$400M
1577,20.08552311190835,528484012.39478,350.87077914360003,0.9612898058728768,$500-750M
1578,20.05600973388476,513114581.4689112,374.93664103144994,1.027223674058767,$500-750M
1579,20.54170846663888,833970398.7927579,306.00329150693636,0.8383651822107846,$750M-1B
1580,19.089736448657643,195239281.4545564,396.8354457798322,1.0872203993968006,<$400M
1581,19.216153338514122,221548777.69083038,305.5456099311741,0.8371112600854085,<$400M
1582,20.439023995229853,752584616.3405861,388.9404833779649,1.065590365419082,$750M-1B
1583,20.152696088170686,565203323.04441,319.883524503587,0.8763932178180466,$500-750M
1584,20.31196816164379,662789606.1361451,322.30866551600474,0.883037439769876,$500-750M
1585,19.36384754419327,256810121.82077858,328.30103990785204,0.8994549038571289,<$400M
1586,19.70249715884013,360317865.24169165,313.222370630784,0.8581434811802301,<$400M
1587,20.089528720762953,530605158.0380988,323.99734856090635,0.8876639686600174,$500-750M
1588,19.470783852764747,285794578.2267124,303.84573924332165,0.8324540801186895,<$400M
1589,20.844397676238284,1128773719.2856643,315.8555292444956,0.865357614368481,>$1B
1590,20.06113164053795,515749448.4687543,346.0550187530273,0.9480959417891159,$500-750M
1591,19.58771938331483,321246527.0303599,318.81846664870386,0.8734752510923394,<$400M
1592,20.24012221289125,616841223.7732344,336.84387483850725,0.9228599310644034,$500-750M
1593,19.447117569526377,279110290.89135015,307.0633488964182,0.8412694490312826,<$400M
1594,19.249829286359695,229136690.76796287,322.78800024345094,0.8843506855984957,<$400M
1595,20.11960173156319,546804412.0098191,362.0381757503025,0.9918854130145275,$500-750M
1596,18.91466397507578,163883107.92072284,329.52992777344525,0.9028217199272472,<$400M
1597,19.660126224697436,345369779.17467445,385.27805430504446,1.0555563131645054,<$400M
1598,19.219967200713324,222395347.52353543,346.7567607069558,0.9500185224848103,<$400M
1599,18.741510676287923,137827116.16033265,311.0013501771229,0.8520584936359532,<$400M
1600,20.02004486574419,494988390.0157119,323.34419171160505,0.8858744978400138,$400-500M
1601,19.469017458518604,285290197.926529,370.7890201176258,1.0158603290893857,<$400M
1602,18.874023249443137,157356304.82114506,315.7858172243615,0.8651666225324972,<$400M
1603,19.20169480857083,218368554.13515103,360.35221335622714,0.9872663379622661,<$400M
1604,19.323159417857916,246570722.71378663,380.5936044082859,1.0427222038583175,<$400M
1605,19.579563330993725,318637079.40887254,311.86223368261506,0.854417078582507,<$400M
1606,19.415985326198122,270554827.7765314,350.20668622345295,0.9594703732149396,<$400M
1607,18.777894505936775,142934137.60488513,328.2530635360548,0.8993234617426159,<$400M
1608,20.17529874563787,578123889.6581846,314.2418094733658,0.8609364643105911,$500-750M
1609,19.168713248991327,211283892.45536125,317.7661477358086,0.8705921855775578,<$400M
1610,19.478409198932745,287982190.87042373,331.7507230778938,0.9089060906243666,<$400M
1611,19.96834480080301,470047730.0466843,329.0191940802965,0.9014224495350588,$400-500M
1612,19.482255651583635,289092033.84276617,334.7091085026412,0.9170112561716197,<$400M
1613,20.41268669399584,733022308.5676924,657.5476447905393,1.801500396686409,$500-750M
1614,19.293417895957866,239345314.0886871,332.23038422071636,0.9102202307416887,<$400M
1615,18.85327563070436,154125171.27236104,354.30959956864257,0.9707112316949111,<$400M
1616,19.678437349793917,351752144.2165475,348.95471423666595,0.956040312977167,<$400M
1617,19.568112883061108,315009351.3142304,327.83162355054475,0.8981688316453281,<$400M
1618,19.979626522666262,475380703.7990813,304.1012204595967,0.8331540286564293,$400-500M
1619,19.745623711176606,376197079.3244777,299.1203435936176,0.8195077906674454,<$400M
1620,19.46276186708817,283511109.4362165,371.7777066214087,1.0185690592367362,<$400M
1621,20.032377277033532,501130586.62605363,423.0449679025215,1.1590273093219767,$500-750M
1622,20.370166826960833,702507634.6630185,289.61181437870584,0.7934570256950845,$500-750M
1623,19.62455397375032,333300143.47646576,420.4081232858915,1.1518030774955932,<$400M
1624,19.456493068699206,281739394.51399744,365.8156014453784,1.0022345245078859,<$400M
1625,20.02963623098816,499758845.4750581,356.3279359754871,0.9762409204807866,$400-500M
1626,19.195133147752436,216940384.4562218,367.55644636278595,1.0070039626377698,<$400M
1627,19.952100359931247,462473751.56407493,313.92777379703415,0.8600760925946141,$400-500M
1628,19.739151515143213,373770120.42873484,359.174870280211,0.9840407404937288,<$400M
1629,19.54552340811008,307973225.8528398,354.2034910091222,0.9704205233126636,<$400M
1630,20.264322170854033,631950844.1572402,398.6389124360622,1.092161403934417,$500-750M
1631,19.907138923578067,442140792.14175344,332.4890512864358,0.9109289076340708,$400-500M
1632,20.00969167621165,489890118.6220899,295.0927211917698,0.8084732087445747,$400-500M
1633,19.47167209608923,286048546.1289445,368.69561250967774,1.010124965779939,<$400M
1634,19.47470630915172,286917796.4425515,303.32382259963407,0.8310241715058467,<$400M
1635,20.259868561469187,629142639.9109738,354.2123316852311,0.9704447443430989,$500-750M
1636,19.869505655516473,425810792.07728535,323.1793586517471,0.8854229004157456,$400-500M
1637,19.34637195262247,252361200.01391694,406.25422907341215,1.113025285132636,<$400M
1638,19.551974489603438,309966408.4097147,351.7430110436528,0.9636794823113776,<$400M
1639,19.871701713748077,426746924.89720327,370.0547769017036,1.0138487038402837,$400-500M
1640,19.04699523528921,187070336.532521,349.1300398501712,0.9565206571237568,<$400M
1641,19.40737463935071,268235166.15179783,330.0036446703011,0.9041195744391811,<$400M
1642,19.42393051065294,272712997.96544117,314.775358153105,0.8623982415153562,<$400M
1643,19.901020807425425,439443981.53198403,364.26334744311896,0.9979817738167642,$400-500M
1644,19.67835568583665,351723419.91735935,327.4187523959951,0.8970376777972469,<$400M
1645,19.67963494659892,352173653.80950636,370.97973802212465,1.016382843896232,<$400M
1646,20.212940244533264,600300093.8336165,314.1206417657069,0.8606044979882381,$500-750M
1647,19.90253784242236,440111139.3540925,306.636838920906,0.8401009285504273,$400-500M
1648,20.6910261009619,968274424.0296677,386.10384917812274,1.0578187648715691,$750M-1B
1649,20.848401066778226,1133301698.903027,319.66232049820445,0.8757871794471355,>$1B
1650,19.393202817436364,264460594.59756756,311.55649303683003,0.8535794329776165,<$400M
1651,19.499946128350636,294251713.7893692,301.57437267964457,0.8262311580264234,<$400M
1652,19.792619970270902,394298963.5534694,339.4267071465038,0.9299361839630241,<$400M
1653,19.66648416645408,347572615.4470212,292.4235682919149,0.8011604610737394,<$400M
1654,19.580455011469166,318921328.5822181,383.0184471614016,1.0493656086613743,<$400M
1655,20.380709413061034,709953059.9453295,303.99926561639836,0.8328747003188997,$500-750M
1656,19.22161719207708,222762600.8253572,310.609854349374,0.8509859023270521,<$400M
1657,20.230455956822425,610907403.6656274,319.2559727595317,0.8746738979713197,$500-750M
1658,19.907673930227013,442377403.6940524,327.7750199115767,0.8980137531824018,$400-500M
1659,20.272732316726724,637288054.8425629,327.0251683126742,0.8959593652402034,$500-750M
1660,19.987415534834582,479097907.76587653,308.04875575353094,0.8439691938452902,$400-500M
1661,19.770568646222163,385699314.62856656,335.65461733855545,0.9196016913385081,<$400M
1662,19.6152165204932,330202453.73948157,307.4421585457771,0.8423072836870605,<$400M
1663,19.542158887615418,306938784.79753923,305.6833612893336,0.8374886610666674,<$400M
1664,19.355601183735388,254701080.89451194,326.5787765566141,0.8947363741277099,<$400M
1665,19.645403474481473,340322234.23034716,320.4044955986199,0.8778205358866299,<$400M
1666,19.647374087221653,340993538.78430086,307.5828264505217,0.8426926752069087,<$400M
1667,19.787181018038183,392160211.881794,309.22091366432215,0.8471805853817045,<$400M
1668,20.09034015925663,531035886.2193543,353.56073539546395,0.9686595490286684,$500-750M
1669,19.5068870156832,296301186.1325806,396.5034682348753,1.0863108718763708,<$400M
1670,18.92574825797816,165709739.40004948,331.54351570474205,0.9083383991910741,<$400M
1671,20.080705500155055,525944104.6623821,309.3255565764995,0.8474672782917794,$500-750M
1672,20.04474149278359,507365136.5534961,314.1446393079964,0.8606702446794422,$500-750M
1673,19.271215518965196,234089837.12120432,380.6436211981133,1.0428592361592146,<$400M
1674,19.798860600888897,396767331.8143626,326.3099161395482,0.8939997702453375,<$400M
1675,19.340739803947216,250943859.29901975,300.944729534649,0.8245061083141069,<$400M
1676,19.396240106064813,265265058.83080524,310.23481671089945,0.8499584019476697,<$400M
1677,19.777439497254083,388358522.21062666,323.10356537682674,0.8852152476077445,<$400M
1678,18.94006329014417,168098939.589096,348.77322886438714,0.9555430927791428,<$400M
1679,19.20486485013102,219061889.89816952,342.57250018695873,0.9385547950327636,<$400M
1680,19.15279088948348,207946395.2866762,316.904756777433,0.8682322103491316,<$400M
1681,19.536211168828185,305118617.508013,404.7352490302379,1.1088636959732545,<$400M
1682,19.952130274943393,462487586.6789078,327.87030734715273,0.8982748146497335,$400-500M
1683,19.5625374780237,313257933.5586907,380.59541637296473,1.042727168145109,<$400M
1684,18.872321715003473,157088785.31056774,315.59858133222815,0.8646536474855566,<$400M
1685,20.22222588253632,605900223.3475679,312.92266902255005,0.8573223808836988,$500-750M
1686,18.569948644767443,116098397.61038946,341.73826547412096,0.9362692204770438,<$400M
1687,19.173713179576524,212342942.633805,321.3642218045194,0.8804499227521079,<$400M
1688,20.254953825357802,626058155.7808733,275.288293189955,0.7542145018902877,$500-750M
1689,19.475216035477775,287064083.2767697,355.1139352037419,0.9729148909691558,<$400M
1690,20.246294108726257,620660076.2104286,429.40244181476004,1.1764450460678357,$500-750M
1691,20.597190193672862,881548161.0725904,355.6414007074245,0.9743600019381493,$750M-1B
1692,19.58679373088088,320949301.98548234,344.1160911565289,0.9427838113877505,<$400M
1693,19.177348932079727,213116374.16986564,372.29259436245,1.019979710582055,<$400M
1694,19.904791416463308,441104080.8061849,337.9608415898738,0.9259201139448596,$400-500M
1695,19.838326714744507,412739299.17395884,343.68402288956304,0.9416000627111316,$400-500M
1696,19.279498841164802,236036931.7387108,318.9663373498948,0.8738803763010816,<$400M
1697,19.481451731102318,288859720.2291221,374.0600147138852,1.0248219581202334,<$400M
1698,19.440292885172372,277211936.4591489,339.0103068519954,0.9287953612383435,<$400M
1699,20.33940631508398,681227117.9749523,348.8658589868214,0.955796873936497,$500-750M
1700,19.611971519102486,329132682.9604397,319.19907523589484,0.8745180143449174,<$400M
1701,20.132944387020288,554149124.906047,321.2195470332004,0.8800535535156175,$500-750M
1702,19.81084947392797,401552753.5699912,311.8731893068616,0.8544470939914016,$400-500M
1703,19.659514933247806,345158722.0969702,387.5170487085492,1.0616905444069842,<$400M
1704,19.728738745067655,369898331.11297834,314.83483175188843,0.8625611828818861,<$400M
1705,20.01516550424347,492579045.5336911,380.50977971337477,1.042492547159931,$400-500M
1706,20.071554069590977,521152920.24165267,341.2138347075502,0.9348324238563018,$500-750M
1707,19.207268113127622,219588986.35413682,316.57430983861667,0.8673268762701827,<$400M
1708,19.439753300060257,277062397.3734953,308.258854602466,0.8445448071300438,<$400M
1709,20.080336588536376,525750113.55638295,337.59811086131606,0.9249263311268933,$500-750M
1710,19.28033770130026,236235016.7824501,320.3630616102856,0.8777070181103716,<$400M
1711,18.740024904300512,137622488.5446688,352.87560883405047,0.9667824899563027,<$400M
1712,19.145386514290507,206412368.41973656,331.4265736655119,0.9080180100424984,<$400M
1713,19.139691479280497,205240183.73964453,321.0324497043387,0.8795409580940787,<$400M
1714,19.340741482266594,250944280.46331516,308.3519847919848,0.844799958334205,<$400M
1715,18.98741684752933,176250501.9382745,329.8783819432741,0.9037763888856826,<$400M
1716,20.156577471684145,567401356.8508432,380.32454075115015,1.041985043153836,$500-750M
1717,20.022880020626733,496393750.0317539,324.1837163315832,0.8881745652920088,$400-500M
1718,19.476404150240572,287405351.04447126,342.70279427382746,0.9389117651337738,<$400M
1719,18.810865025275522,147725299.89379993,301.1360891620661,0.8250303812659346,<$400M
1720,20.164304078048257,571802424.5490825,308.0449033429643,0.8439586392957926,$500-750M
1721,19.670844330925505,349091397.8806023,418.5523114153476,1.1467186614119114,<$400M
1722,19.0831843604805,193964238.12643152,315.53288197252544,0.8644736492397957,<$400M
1723,19.9035975178583,440577761.5079036,338.42212281616463,0.9271838981264784,$400-500M
1724,20.965567206556067,1274178133.5259902,311.4358255931465,0.8532488372414972,>$1B
1725,19.84183985146636,414191858.7887276,455.61476057881964,1.2482596180241634,$400-500M
1726,19.90734235605736,442230747.08886385,396.9688389558541,1.0875858601530248,$400-500M
1727,19.660223184029963,345403267.62142086,341.9515836065176,0.9368536537164865,<$400M
1728,19.361111113604867,256108339.37540698,334.0316599260945,0.9151552326742315,<$400M
1729,19.676650912007545,351124321.8444534,318.18509585466853,0.8717399886429275,<$400M
1730,20.192720220635053,588283904.8030336,323.2561608016488,0.8856333172647912,$500-750M
1731,20.163456777071417,571318140.992141,344.10402593894975,0.9427507559971225,$500-750M
1732,19.669490364648205,348619059.7372937,333.42150243196227,0.9134835683067459,<$400M
1733,19.196226758896763,217177762.65438077,337.1842737870957,0.92379253092355,<$400M
1734,20.209084853144713,597990157.7364206,342.4948419850265,0.938342032835689,$500-750M
1735,19.90568610297441,441498907.273895,328.6753543189659,0.9004804227916874,$400-500M
1736,19.490743079801632,291556123.82984096,321.9063385356151,0.8819351740701783,<$400M
1737,20.547133527166725,838507033.3165061,312.8004316278701,0.856987483911973,$750M-1B
1738,20.506673194553233,805257930.4451543,358.8005274119868,0.9830151435944844,$750M-1B
1739,19.722407774089767,367563912.878164,324.2282173143604,0.8882964857927682,<$400M
1740,19.311277144317742,243658239.666952,359.42922994650735,0.9847376162918009,<$400M
1741,20.643356228088436,923199791.6987091,402.08290691861276,1.1015970052564734,$750M-1B
1742,19.409677271829718,268853524.8105393,315.8901736848668,0.8654525306434707,<$400M
1743,19.260415040039383,231575159.07703146,381.54427720297645,1.0453267868574696,<$400M
1744,18.934705621221415,167200729.4294045,331.4811142178096,0.908167436213177,<$400M
1745,19.56324315376117,313479070.09814197,296.9266420190825,0.8134976493673494,<$400M
1746,19.63429582553681,336562971.2624891,346.08017089402637,0.9481648517644558,<$400M
1747,19.27824818468521,235741915.1412725,331.5972229624707,0.9084855423629334,<$400M
1748,19.74688891813692,376673347.7131974,363.4723757803528,0.9958147281653502,<$400M
1749,19.812512168644044,402220968.57641435,316.47767444198513,0.8670621217588633,$400-500M
1750,19.471814620487194,286089317.93118966,351.8035524573322,0.9638453491981704,<$400M
1751,20.914090317087425,1210247011.0533164,357.999649781752,0.9808209583061699,>$1B
1752,19.29140644815053,238864367.34326127,360.66070274589055,0.9881115143723028,<$400M
1753,19.942204961992573,457919957.7157666,351.1692078598934,0.9621074187942285,$400-500M
1754,18.58907914867857,118340799.2078355,323.83501297202525,0.887219213621987,<$400M
1755,20.008515906728963,489314459.25841856,298.13403950016345,0.8168055876716807,$400-500M
1756,19.4041038195095,267359250.51026618,316.5781683554849,0.8673374475492737,<$400M
1757,20.101096780425966,536778870.252375,352.0383655709362,0.9644886727970855,$500-750M
1758,19.07912076472521,193177645.15204343,339.8103003755829,0.9309871243166655,<$400M
1759,19.423243626912218,272525740.16078794,324.62391632303877,0.8893805926658597,<$400M
1760,19.488730447292763,290969918.60258776,372.18916688908007,1.0196963476413152,<$400M
1761,19.989215754683347,479961166.1232162,356.2417444253187,0.9760047792474484,$400-500M
1762,18.713017719655994,133955433.8858766,324.28349116163884,0.8884479209907913,<$400M
1763,20.07732712276742,524170265.0290179,342.0437837186811,0.9371062567635098,$500-750M
1764,19.626437947309782,333928664.00626653,307.3763679813298,0.8421270355652871,<$400M
1765,18.97291561285049,173713094.28424942,301.10572659697385,0.8249471961560928,<$400M
1766,19.573789292846648,316802558.15198666,453.34303489071465,1.2420357120293553,<$400M
1767,19.563935893292154,313696304.6769375,393.04090725213945,1.076824403430519,<$400M
1768,19.760690825487394,381908200.73812914,394.6232622914633,1.0811596227163378,<$400M
1769,20.437132308632485,751162307.8135998,354.79908198140134,0.9720522794010996,$750M-1B
1770,19.901277233041665,439556680.67460704,312.50828485318476,0.8561870817895473,$400-500M
1771,19.67781391335694,351532917.45713323,345.53406363221416,0.9466686674855183,<$400M
1772,18.982029393258166,175303513.63739553,323.2908482132647,0.8857283512692185,<$400M
1773,19.97080702996566,471206521.2948067,405.27941300853865,1.1103545561877772,$400-500M
1774,19.265172663912466,232679531.59367374,301.58817343542904,0.826268968316244,<$400M
1775,19.041671358535815,186077043.54745126,344.0195233393486,0.9425192420256127,<$400M
1776,19.809943933949302,401189296.08556724,377.3113766663095,1.0337297990857794,$400-500M
1777,19.70823220384424,362390241.3195106,313.55409991461175,0.8590523285331829,<$400M
1778,20.452068496760752,762466016.3724453,392.07492959014115,1.074177889288058,$750M-1B
1779,19.239751199373625,226839028.7329771,310.899218740764,0.8517786814815452,<$400M
1780,19.301537038081772,241296502.9818357,372.02012541402183,1.0192332203123886,<$400M
1781,20.04120841003713,505575736.45406634,372.1495717888691,1.01958786791471,$500-750M
1782,20.2517832455798,624076331.8778999,333.27019159379853,0.9130690180652015,$500-750M
1783,19.70089776441547,359742035.4691324,324.00915978131565,0.887696328167988,<$400M
1784,20.0604539285598,515400037.3032411,317.7328714373672,0.8705010176366225,$500-750M
1785,20.52476692495019,819960662.8602184,392.4033153289707,1.0750775762437552,$750M-1B
1786,18.719001704360135,134759424.28730765,331.1248956872389,0.9071914950335312,<$400M
1787,19.619862992218895,331740300.1175923,347.83842037604586,0.9529819736330024,<$400M
1788,19.56598343871682,314339270.1361728,343.59397652834014,0.9413533603516168,<$400M
1789,19.780876758488848,389695708.71733844,300.76346229378845,0.8240094857364068,<$400M
1790,20.859454166445474,1145897679.610766,389.0270787483503,1.0658276130091788,>$1B
1791,19.144922345831173,206316580.54127538,429.4441321407933,1.1765592661391597,<$400M
1792,20.369401225792963,701969999.8306712,412.59607388388883,1.1304002024216133,$500-750M
1793,19.98734934816279,479066198.91926247,366.52904462244805,1.0041891633491729,$400-500M
1794,19.5540102024237,310598053.7072453,307.5599887944162,0.8426301062860718,<$400M
1795,19.871311329176724,426580361.99575955,374.35681000300593,1.0256350958986464,$400-500M
1796,19.601035112958876,325552765.6604814,359.87222591644047,0.9859513038806588,<$400M
1797,20.322046027430957,669502881.7587898,354.9554690820582,0.9724807372111183,$500-750M
1798,19.646942031287793,340846242.3249071,362.5323413035137,0.9932392912425033,<$400M
1799,20.040829977135004,505384446.15843016,321.8315931265649,0.881730392127575,$500-750M
1800,20.085198061430372,528312256.33015436,354.0712700509182,0.9700582741121047,$500-750M
1801,18.565820440233896,115620107.5977901,311.54743881164103,0.8535546268812083,<$400M
1802,19.127626816812956,202778907.28727522,297.79738764806837,0.8158832538303243,<$400M
1803,19.960851995211637,466538915.634913,309.1432782853881,0.846967885713392,$400-500M
1804,19.750944782533953,378204186.071367,412.6871064967116,1.1306496068403058,<$400M
1805,19.682922554597553,353333368.0289992,333.1255465313257,0.9126727302228101,<$400M
1806,19.36721651106687,257676765.641464,342.59811696221243,0.9386249779786642,<$400M
1807,19.942415771490616,458016501.76804054,344.382286068705,0.943513112517,$400-500M
1808,20.142947141516846,559719957.9454724,329.8405462691267,0.9036727295044568,$500-750M
1809,19.96998176857719,470817813.1617543,343.02469262513387,0.9397936784250243,$400-500M
1810,19.84695177510653,416314596.9583783,389.9048492948023,1.0682324638213763,$400-500M
1811,19.50412866703373,295485010.3221856,356.2579684714915,0.9760492286890178,<$400M
1812,20.252013429121146,624220000.5124838,345.37736030576207,0.9462393433034577,$500-750M
1813,19.30021610120318,240977975.95573524,397.2634990289744,1.0883931480245874,<$400M
1814,19.80491628612213,399177319.58555645,301.1634849566698,0.8251054382374514,<$400M
1815,19.06181517567291,189863352.8157549,315.5037274892426,0.8643937739431303,<$400M
1816,20.2168203553351,602633849.399191,329.099752577705,0.9016431577471369,$500-750M
1817,19.870056164648084,426045269.3416779,308.0867194619267,0.8440732040052786,$400-500M
1818,20.083633296491076,527486218.28068316,360.0793076197436,0.9865186510129962,$500-750M
1819,19.72634331983093,369013327.7185247,313.46542397594897,0.8588093807560245,<$400M
1820,19.91902345329225,447426776.02328396,348.93491503884604,0.9559860685995782,$400-500M
1821,19.74275230101582,375118412.5968817,354.8366545522384,0.972155217951338,<$400M
1822,19.700794208178657,359704783.8665672,293.02543578358234,0.8028094131057051,<$400M
1823,19.650480132953017,342054326.8852099,298.02948302594183,0.8165191315779228,<$400M
1824,18.878988544273966,158139568.22571474,344.1139747741532,0.9427780130798717,<$400M
1825,19.85121621293577,418093735.4911455,338.76892841932494,0.928134050463904,$400-500M
1826,20.0714802029248,521114425.83461004,338.5342032956956,0.9274909679334126,$500-750M
1827,18.7069330228566,133142830.4160353,417.30993046924976,1.1433148779979445,<$400M
1828,20.001484608901215,485886010.90961546,317.0423289288389,0.8686091203529833,$400-500M
1829,19.840130992121203,413484667.5773984,331.35696282756413,0.9078272954179839,$400-500M
1830,19.105907938403526,198422258.8692931,322.71552114965016,0.8841521127387676,<$400M
1831,18.929763763350717,166376485.5142973,320.7900103095036,0.8788767405739825,<$400M
1832,18.277130009710472,86627684.91731308,351.5376558835373,0.9631168654343487,<$400M
1833,19.36739341527738,257722353.77850407,303.4873392205922,0.8314721622481979,<$400M
1834,19.611466308713492,328966443.70608574,303.7771998803016,0.8322663010419222,<$400M
1835,19.74247125412027,375013001.5449767,399.11148455532964,1.0934561220693964,<$400M
1836,19.47908951362217,288178176.04340297,338.71177656503664,0.9279774700411962,<$400M
1837,19.237696122403413,226373335.7504429,318.58168148437227,0.8728265246147185,<$400M
1838,19.529891324096628,303196395.6902298,321.381053609678,0.880496037286789,<$400M
1839,19.41920181477062,271426465.3429626,341.3203283010188,0.9351241871260788,<$400M
1840,18.934324509125027,167137019.35000613,333.8499475001846,0.9146573904114647,<$400M
1841,19.927937446010468,451432964.0849335,292.965714602431,0.8026457934313177,$400-500M
1842,19.851461936482067,418196483.58981127,312.8866826157392,0.8572237879883265,$400-500M
1843,20.723956321033235,1000690722.5258372,396.4990480486271,1.0862987617770605,>$1B
1844,19.41415097367657,270058989.75587815,325.5108250971649,0.89181047971826,<$400M
1845,19.351766994127658,253726378.44815612,356.3834060400065,0.9763928932602918,<$400M
1846,18.9933756389326,177303877.21896482,336.8159307394649,0.9227833718889449,<$400M
1847,19.620230273168627,331862164.3879263,343.9907646871539,0.9424404511976819,<$400M
1848,18.704064139543053,132761406.5634083,349.59982168940377,0.9578077306559007,<$400M
1849,19.81384858644203,402758863.1834492,375.9842481633685,1.0300938305845713,$400-500M
1850,20.64932609717614,928727657.4970746,339.92101969503165,0.9312904649178949,$750M-1B
1851,19.459639005556017,282627124.49830365,332.60735248847703,0.9112530205163755,<$400M
1852,18.770823785568062,141927054.88265854,350.0133075582196,0.9589405686526564,<$400M
1853,19.15145294545005,207668360.68667176,314.09748674064804,0.8605410595634193,<$400M
1854,20.109547894780565,541334472.7127826,314.2180183445323,0.8608712831357049,$500-750M
1855,19.771312664778183,385986388.8567279,302.1416082061162,0.8277852279619622,<$400M
1856,20.264990303758523,632373212.3935881,328.273252471517,0.8993787738945672,$500-750M
1857,19.265650869554424,232790826.86734292,374.6437265262727,1.0264211685651308,<$400M
1858,19.13748117794161,204787042.06104335,368.4075848063736,1.0093358487845852,<$400M
1859,19.927725225675548,451337170.995082,327.35372971260864,0.8968595334592018,$400-500M
1860,19.416336301620174,270649802.5373268,308.5975174692754,0.8454726506007545,<$400M
1861,18.665723367399888,127767577.09904648,360.3112831939925,0.9871542005314863,<$400M
1862,19.792303376486473,394174150.71092904,381.00613024877293,1.0438524116404737,<$400M
1863,20.101269430398613,536871553.110258,323.1167925923395,0.8852514865543548,$500-750M
1864,19.715562969491145,365056600.53776675,294.0853987773253,0.8057134213077405,<$400M
1865,21.077266107070734,1424755571.3409708,322.63655028670155,0.8839357542101413,>$1B
1866,20.018312833588254,494131796.2455111,354.48634115026687,0.9711954552062106,$400-500M
1867,19.45493012707589,281299396.2227739,409.2531861521573,1.1212416058963213,<$400M
1868,19.523771577902576,301346576.68623143,331.5840273976044,0.908449390130423,<$400M
1869,19.99217502218362,481383603.2514456,393.72850330795865,1.0787082282409826,$400-500M
1870,19.280945635579645,236378675.81034213,320.8954509747847,0.8791656191089992,<$400M
1871,19.194711203270106,216848866.96701354,323.7518748045555,0.8869914378207,<$400M
1872,19.987915960529318,479337720.66848105,335.4309543391643,0.9189889159977105,$400-500M
1873,19.56143661924327,312913270.55944586,315.6017089725662,0.8646622163631951,<$400M
1874,19.829234324869887,409003521.85805285,315.5311844930899,0.8644689986112052,$400-500M
1875,19.9795043524656,475322629.9906241,363.6981650242285,0.9964333288335028,$400-500M
1876,19.751521860687053,378422502.43130195,346.24215182299105,0.9486086351314823,<$400M
1877,19.471251655258246,285928304.919437,316.37859360202793,0.8667906674028163,<$400M
1878,19.016494842774648,181450753.2279658,311.107276824116,0.8523487036277151,<$400M
1879,19.890672653684675,434919995.47285336,327.16161681682064,0.8963331967584127,$400-500M
1880,19.52986695549676,303189007.3086048,326.00655750732614,0.8931686507050031,<$400M
1881,19.264470484641166,232516206.19829702,330.3422484525581,0.9050472560344058,<$400M
1882,18.967636512711877,172798461.80650374,323.9742272165473,0.8876006225110885,<$400M
1883,19.858706669660965,421237206.8444525,385.5006461862556,1.056166153934947,$400-500M
1884,19.259063708766497,231262435.6665978,334.5697016950484,0.9166293197124614,<$400M
1885,19.430184536609783,274423896.55908734,333.9911394922201,0.9150442177869044,<$400M
1886,19.837127945227106,412244816.32817304,344.56031938059556,0.9440008750153303,$400-500M
1887,19.138343569400632,204963724.83094108,334.6916441696862,0.9169634086840718,<$400M
1888,19.818914573121084,404804411.20393765,366.2704892115797,1.0034807923604923,$400-500M
1889,19.2316833017683,225016277.44867244,364.2445667148831,0.997930319766803,<$400M
1890,20.29225717524479,649853281.9151454,348.6552976117487,0.9552199934568458,$500-750M
1891,19.623467666746805,332938273.78271186,369.6369855696098,1.0127040700537255,<$400M
1892,19.88736127230028,433482191.3688379,290.22664661626277,0.7951414975788021,$400-500M
1893,19.682727003318444,353264279.9922763,334.54178900152573,0.9165528465795225,<$400M
1894,19.846733883374092,416223895.3315346,340.7431578011859,0.9335428980854408,$400-500M
1895,19.3917764460609,264083644.4748373,314.9088250230178,0.8627639041726516,<$400M
1896,20.444134386677607,756440462.3773146,369.92727125887194,1.013499373311978,$750M-1B
1897,19.474660293740897,286904594.10603327,316.5818251208045,0.867347466084396,<$400M
1898,19.397799397790543,265679007.0913417,392.14769443419067,1.0743772450251798,<$400M
1899,19.42484748533677,272963183.56992877,345.82526970961794,0.9474664923551176,<$400M
1900,19.68460379809842,353927907.10006875,400.2535370827968,1.096585033103553,<$400M
1901,20.533356184028076,827033850.662938,305.31209764680244,0.8364715004021984,$750M-1B
1902,19.059079443657033,189344647.405823,323.1540491623605,0.8853535593489328,<$400M
1903,20.82074229011375,1102385483.5712023,384.2302024541507,1.0526854861757553,>$1B
1904,19.403230414716568,267125839.60537472,352.32286639534067,0.9652681271105223,<$400M
1905,19.47532194292469,287094487.11089844,332.6754645761586,0.911439628975777,<$400M
1906,19.09915290331956,197086426.42625532,338.7492363645833,0.9280800996289953,<$400M
1907,19.44278601132721,277903923.03485364,332.40871642912225,0.9107088121345815,<$400M
1908,20.235592360313575,614053343.0771604,353.0751706367318,0.967329234621183,$500-750M
1909,18.885563535621074,159182760.24955827,429.36786104034127,1.176350304220113,<$400M
1910,20.431030237703855,746592618.5957309,303.96226358114757,0.8327733248798563,$500-750M
1911,19.853533139687322,419063551.11359763,377.29911911840986,1.0336962167627668,$400-500M
1912,19.264117301949888,232434099.99892396,330.74249772797776,0.9061438293917199,<$400M
1913,19.871123816175455,426500380.1308536,326.62517220032237,0.8948634854803352,$400-500M
1914,19.30650879297637,242499157.22534478,376.2542405567705,1.030833535771974,<$400M
1915,19.576911480689223,317793220.96048075,319.88441927659176,0.8763956692509364,<$400M
1916,20.406612514706282,728583294.9727787,338.1365725271724,0.9264015685675956,$500-750M
1917,20.363368389780785,697747878.4246308,429.79961083030184,1.1775331803569913,$500-750M
1918,19.317317783542475,245134545.61360374,303.27712827016717,0.8308962418360745,<$400M
1919,20.321234181547858,668959569.1733949,433.8473116230457,1.1886227715699882,$500-750M
1920,19.351451058841807,253646229.99378222,356.277644148514,0.9761031346534631,<$400M
1921,20.04189636153149,505923667.7036612,334.18097531487507,0.9155643159311646,$500-750M
1922,19.619280048825086,331546970.6567193,300.1581325125324,0.8223510479795408,<$400M
1923,19.385002354411327,262300763.18242946,347.7479912657507,0.9527342226458924,<$400M
1924,19.24765731541582,228639552.6136883,320.67408473309706,0.8785591362550604,<$400M
1925,20.013275773428514,491649082.6990053,359.36565355270113,0.9845634343909621,$400-500M
1926,19.279918223542055,236135942.22843885,317.13572027981917,0.8688649870679978,<$400M
1927,19.437624041144346,276473087.41301626,356.91358728844847,0.9778454446258862,<$400M
1928,20.16329980248019,571228465.5990609,324.811981493953,0.8898958397094603,$500-750M
1929,20.47273899737333,778390588.062306,317.53441789767027,0.8699573093086856,$750M-1B
1930,19.10359516821262,197963884.0458991,322.8390138207115,0.8844904488238671,<$400M
1931,20.115210666184648,544408621.9722784,341.69717267039175,0.936156637453128,$500-750M
1932,19.312077381181513,243853302.01012447,310.83871272139106,0.8516129115654549,<$400M
1933,19.06414890016841,190306958.99899366,319.7146060762518,0.8759304276061693,<$400M
1934,19.528451964064864,302760300.84053695,316.16936918401086,0.8662174498192078,<$400M
1935,19.541374326454676,306698066.9895306,323.4925627267408,0.8862809937718926,<$400M
1936,19.017585749299837,181648807.04812336,364.0756988969656,0.9974676682108646,<$400M
1937,19.52884837786806,302880342.99446094,353.4170127496759,0.9682657883552764,<$400M
1938,19.587274507015533,321103643.8492793,384.4036272180422,1.053160622515184,<$400M
1939,19.329039236137202,248024784.37632617,364.76924455316276,0.9993677932963363,<$400M
1940,18.89873903344634,161293949.8070716,371.92976086843606,1.0189856462148934,<$400M
1941,19.248791730077713,228899071.8478424,313.46921363127177,0.8588197633733473,<$400M
1942,20.020514733914887,495221023.9544064,366.20299962932575,1.003295889395413,$400-500M
1943,18.88703180543573,159416655.15984493,340.9583968492543,0.934132594107546,<$400M
1944,19.56920397082802,315353241.7371132,365.14802462514996,1.0004055469182191,<$400M
1945,20.102749550275032,537666775.7343283,335.7764689805495,0.9199355314535603,$500-750M
1946,18.908533858763242,162881558.35156232,430.1048636833091,1.1783694895433126,<$400M
1947,19.345584158051093,252162469.52019995,366.30318998849174,1.0035703835301144,<$400M
1948,19.65963430139209,345199925.51224864,306.07611860885936,0.8385647085174229,<$400M
1949,18.61458546964068,121398061.62786737,324.3337061929039,0.8885854964189147,<$400M
1950,19.917529734873135,446758945.3064252,304.44340847893335,0.8340915300792695,$400-500M
1951,20.364316783677538,698409932.1482325,303.6227398781877,0.8318431229539389,$500-750M
1952,18.523903533686326,110873839.70943087,317.27745734515577,0.8692533077949474,<$400M
1953,19.932258153437758,453387693.71219796,359.8320402465416,0.9858412061549086,$400-500M
1954,19.894646147838394,436651585.4853065,297.31181874290723,0.8145529280627596,$400-500M
1955,19.58934486322914,321769131.43400204,344.6404203069948,0.944220329608205,<$400M
1956,20.582334610573565,868549042.9117198,368.05676065599175,1.0083746867287444,$750M-1B
1957,19.0602760458613,189571353.2395743,367.84525964891105,1.007795231914825,<$400M
1958,19.248681577425465,228873859.39661604,332.97748136165836,0.9122670722237215,<$400M
1959,19.216613365093203,221650719.46329564,317.8933807444105,0.8709407691627684,<$400M
1960,20.25600913270301,626719188.2860774,312.26610191602634,0.8555235668932228,$500-750M
1961,18.466032294269144,104639565.59798522,312.7502407654361,0.8568499746998249,<$400M
1962,19.21977209664297,222351961.51853654,344.929977213816,0.9450136362022357,<$400M
1963,19.687449064107774,354936360.122125,309.64880767105103,0.848352897728907,<$400M
1964,19.322015703855747,246288877.5315578,299.6454056080449,0.8209463167343696,<$400M
1965,19.431855275754597,274882770.5279515,328.9098308053103,0.9011228241241379,<$400M
1966,20.221511977007275,605467822.1932218,335.017686568453,0.9178566755300082,$500-750M
1967,19.221543850539096,222746263.6727106,316.29082803882847,0.8665502138050095,<$400M
1968,19.068619653223966,191159679.14771643,328.6446228934431,0.9003962271053236,<$400M
1969,19.721720603104387,367311420.3846549,435.9620851793984,1.1944166717243792,<$400M
1970,20.55211512891695,842694563.0640782,388.0657670658091,1.0631938823720797,$750M-1B
1971,19.616484615031737,330621447.27323914,297.1426220998067,0.8140893756159088,<$400M
1972,19.667100943123565,347787056.2514254,468.07918979130875,1.2824087391542704,<$400M
1973,19.861034096818848,422218747.5487421,354.37156277408184,0.9708809939015941,$400-500M
1974,19.985457311540618,478160645.06712955,363.8955180985321,0.9969740221877591,$400-500M
1975,19.947981001717487,460572575.0189685,307.15070471259963,0.8415087800345196,$400-500M
1976,19.435206660788566,275805553.9687932,347.21686222606127,0.9512790745919487,<$400M
1977,18.55488504345678,114362643.80943036,308.87030768212566,0.8462200210469196,<$400M
1978,19.100534548212497,197358918.08079833,320.08994866954333,0.8769587634782009,<$400M
1979,19.018036902233984,181730776.92949334,334.7801882743112,0.9172059952720854,<$400M
1980,19.995279770268503,482880500.61390436,353.2750806538526,0.9678769332982263,$400-500M
1981,19.94403714092423,458759718.07538354,386.8134685007161,1.0597629273992222,$400-500M
1982,18.647448358482084,125453829.75909631,348.19401432556026,0.953956203631672,<$400M
1983,20.102891109216543,537742892.6613755,335.2112343224301,0.9183869433491235,$500-750M
1984,19.382658416437035,261686666.44640642,374.23963701811283,1.0253140740222269,<$400M
1985,20.612378215652924,895039326.6393349,322.4539251631881,0.8834354114059948,$750M-1B
1986,19.342052477536757,251273482.972393,347.24988984978125,0.9513695612322774,<$400M
1987,19.85203284480125,418435303.60702646,381.2184998787269,1.0444342462430873,$400-500M
1988,19.95664646701377,464580993.0049493,324.3326131911884,0.8885825018936668,$400-500M
1989,18.97692821810843,174411536.70948663,331.86540511278383,0.9092202879802297,<$400M
1990,19.09700592760059,196663740.564685,353.60324512634753,0.9687760140447877,<$400M
1991,18.67548039146706,129020309.95785156,326.34318233507776,0.8940909105070624,<$400M
1992,19.769849356963274,385421985.0064596,299.6224936084579,0.8208835441327613,<$400M
1993,20.139894707871907,558014054.8166898,333.4055545215803,0.9134398754015899,$500-750M
1994,20.03916262763591,504542495.7631186,364.4950673890121,0.9986166229835948,$500-750M
1995,19.418125569065435,271134500.91627574,328.68329885762364,0.9005021886510237,<$400M
1996,20.197114206526432,590874503.3394935,420.99679950417027,1.1534158890525212,$500-750M
1997,19.464105469074653,283892291.5472214,316.84930409281947,0.8680802851858067,<$400M
1998,19.166846622804655,210889872.26748928,425.41045076130797,1.165508084277556,<$400M
1999,19.647457493506284,341021980.9745662,368.854467983202,1.010560186255348,<$400M
2000,19.419439447243292,271490972.7492943,362.9561596423624,0.9944004373763354,<$400M
2001,20.981051451317168,1294061360.7247083,310.8654188665323,0.8516860790863899,>$1B
2002,19.86304699959676,423069488.7810138,327.4916581400855,0.8972374195618781,$400-500M
2003,19.5378679493843,305624551.0955451,349.42972524059957,0.957341712987944,<$400M
2004,19.46835001885681,285099847.4641025,314.7666500610985,0.8623743837290371,<$400M
2005,19.35178291032952,253730416.84055066,314.9335490066535,0.8628316411141191,<$400M
2006,19.299473619160235,240799120.5425258,310.9298527140575,0.8518626101755,<$400M
2007,19.19890306100069,217759774.4297752,319.9631224245815,0.8766112943139219,<$400M
2008,19.602091393202507,325896822.2932305,386.17467152424535,1.0580127986965626,<$400M
2009,19.650712178081122,342133708.1349706,368.85646845263176,1.0105656669935117,<$400M
2010,20.472376025165616,778108105.1819117,421.33630548648625,1.1543460424287295,$750M-1B
2011,19.014661102837373,181118324.6220805,329.45266998314725,0.9026100547483487,<$400M
2012,19.73759368091718,373188301.8485763,333.98517178295225,0.9150278678984993,<$400M
2013,20.544688883851425,836459686.238977,327.1754466981312,0.8963710868441951,$750M-1B
2014,18.902588702729414,161916074.89078018,382.1199905514946,1.0469040837027248,<$400M
2015,20.139385767667605,557730131.2858065,343.3753193554652,0.9407542996040142,$500-750M
2016,19.263424374032255,232273095.71065,347.41337065672036,0.9518174538540284,<$400M
2017,20.25161154707705,623969188.1045903,328.74530355923486,0.9006720645458489,$500-750M
2018,19.603474020509235,326347727.7842001,349.45925255429995,0.9574226097378081,<$400M
2019,19.731254873662337,370830214.7589222,339.4257379473432,0.929933528622858,<$400M
2020,19.417828682415685,271054016.65061027,378.216700462115,1.0362101382523699,<$400M
2021,19.21632933536203,221587773.00878766,330.24501385629134,0.9047808598802503,<$400M
2022,19.726064917995274,368910608.030044,324.9117360498816,0.8901691398626893,<$400M
2023,19.507528405871497,296491291.76557314,331.75267186711176,0.908911429772909,<$400M
2024,19.608128576576537,327870272.21600693,320.62775858727235,0.8784322153075955,<$400M
2025,20.215186807903475,601650222.0419993,352.73726773450767,0.9664034732452265,$500-750M
2026,19.231249450811227,224918675.0953125,389.5388877604188,1.0672298294805995,<$400M
2027,19.59211400363876,322661390.1631116,305.48507993651396,0.8369454244835999,<$400M
2028,19.541829421717605,306837675.5921643,359.6577108260073,0.9853635913041296,<$400M
2029,20.050417061089046,510252909.165409,308.2928574626247,0.8446379656510266,$500-750M
2030,19.79422779117202,394933435.59038025,318.3129532890179,0.8720902829836107,<$400M
2031,19.031080751054688,184116773.16718623,331.5283672724308,0.9082968966367967,<$400M
2032,19.424639815702022,272906503.2908875,330.51480842278676,0.9055200230761281,<$400M
2033,19.084951680216754,194307338.04692635,335.0197564721436,0.9178623464990237,<$400M
2034,19.439149969541905,276895287.58995736,361.74338487787315,0.9910777667886935,<$400M
2035,19.232094154702253,225108745.04043943,363.2446646652124,0.9951908620964722,<$400M
2036,19.534407682144384,304568836.05513865,429.733226811387,1.1773513063325671,<$400M
2037,19.64947340940101,341710146.0148319,329.8147160694097,0.9036019618339992,<$400M
2038,19.165771062698123,210663169.47210285,391.00516508976943,1.071247027643204,<$400M
2039,19.786478531111786,391884821.20039594,329.0830445421523,0.9015973823072666,<$400M
2040,19.026580452127973,183290054.28682974,343.6622266212864,0.9415403469076339,<$400M
2041,20.015618010771234,492801991.2056169,298.1212143396873,0.8167704502457186,$400-500M
2042,19.120710915003873,201381346.54236972,333.57745233963294,0.9139108283277615,<$400M
2043,19.312585016491898,243977121.98181462,319.7201935371433,0.8759457357182008,<$400M
2044,20.049405766223103,509737153.8523435,373.8723155059239,1.02430771371486,$500-750M
2045,19.138473267502775,204990309.9610429,349.3162676452809,0.9570308702610436,<$400M
2046,18.9871567434336,176204664.4223671,330.57985965376326,0.9056982456267487,<$400M
2047,19.11351580678588,199937586.19544798,319.0083895678416,0.8739955878571003,<$400M
2048,19.851934294184908,418394068.5818582,332.97240763648216,0.9122531716068004,$400-500M
2049,18.54353485341995,113071944.76515295,382.44588011818803,1.0477969318306521,<$400M
2050,19.34727545471735,252589311.9210719,302.55608667373565,0.8289207854074949,<$400M
2051,19.478350606129883,287965317.68101484,338.9537279176312,0.9286403504592636,<$400M
2052,19.57071840916758,315831186.594564,346.1342377452033,0.9483129801238446,<$400M
2053,20.407912437660087,729531012.9684066,606.2646526929383,1.6609990484738035,$500-750M
2054,19.300806823025543,241120368.95802727,439.92016328149725,1.2052607213191706,<$400M
2055,18.964220187265333,172209133.26653898,341.3961459662019,0.9353319067567176,<$400M
2056,19.418439761963,271219702.8349666,440.83173663023376,1.2077581825485857,<$400M
2057,19.59382540275129,323214065.36891925,303.05895657025695,0.8302985111513889,<$400M
2058,19.795442478880737,395413447.8538316,368.0523753113812,1.0083626720859757,<$400M
2059,19.065784869690958,190618550.19119695,324.75948115722036,0.8897520031704668,<$400M
2060,20.1056071691388,539205419.8372492,299.33838566378665,0.8201051662021552,$500-750M
2061,19.446003357788914,278799476.1180822,315.12426054742923,0.8633541384861074,<$400M
2062,19.398585697202464,265887992.49015802,347.20591829513364,0.9512490912195443,<$400M
2063,19.724149410524515,368204633.37004954,337.4867932604241,0.9246213513984223,<$400M
2064,19.033845082236745,184626437.0196811,312.85067712022806,0.8571251427951454,<$400M
2065,20.211403276258334,599378160.3067359,353.75926095335564,0.9692034546667277,$500-750M
2066,19.632956174474483,336112396.1945674,344.1495408366077,0.9428754543468704,<$400M
2067,19.75898914290442,381258866.8414197,331.9893502162494,0.9095598636061628,<$400M
2068,19.54610812318901,308153355.0989147,332.19358749464527,0.9101194177935487,<$400M
2069,18.977749066970034,174554760.99554938,308.35311241013966,0.8448030476990127,<$400M
2070,20.7229290570191,999663276.7766839,331.0163909978494,0.9068942219119162,$750M-1B
2071,19.083443968011267,194014599.2401276,342.2882897189277,0.9377761362162402,<$400M
2072,19.257237285716222,230840438.1137714,391.83219190513614,1.0735128545346195,<$400M
2073,20.244992685232567,619852859.9846656,392.08532843196156,1.074206379265648,$500-750M
2074,18.677524596676516,129284323.70479344,334.82522740083897,0.9173293901392848,<$400M
2075,19.489167227645424,291097036.3054854,356.77615976330094,0.9774689308583587,<$400M
2076,20.66221234883156,940772918.2603189,354.9409158315343,0.9724408652918748,$750M-1B
2077,19.464160739019423,283907982.6921163,356.5290435779424,0.9767919002135408,<$400M
2078,19.59920506470806,324957533.2093122,353.02915136737914,0.9672031544311758,<$400M
2079,18.98837452321683,176419373.60812983,337.5161412242953,0.9247017567788913,<$400M
2080,19.612853375890314,329423058.8671685,357.0590696512057,0.9782440264416594,<$400M
2081,20.523445396310176,818877777.05047,332.50418840642726,0.9109703791956911,$750M-1B
2082,20.082223262541866,526742968.9317184,340.5821001678338,0.9331016442954351,$500-750M
2083,19.744088314855706,375619910.91746056,397.2585048911913,1.0883794654553187,<$400M
2084,20.404025898182695,726701164.6073235,341.5690444762555,0.9358056013048096,$500-750M
2085,18.790782550537653,144788201.10836816,381.50376406593864,1.0452157919614757,<$400M
2086,19.95634865611499,464442656.32197523,346.632197102376,0.9496772523352767,$400-500M
2087,20.20410936384635,595022253.6163288,336.88083114927827,0.9229611812308993,$500-750M
2088,19.124511833025707,202148237.0524135,373.2813519470755,1.0226886354714397,<$400M
2089,19.115943061462318,200423475.08602357,330.81976341222503,0.9063555161978768,<$400M
2090,19.708064749467226,362329562.56801766,350.004896373893,0.9589175243120357,<$400M
2091,19.672385434879068,349629798.77334476,350.5302370454039,0.9603568138230244,<$400M
2092,19.87668518879838,428878915.49887264,329.9871133485125,0.9040742831466095,$400-500M
2093,20.0697786872615,520228495.40267664,365.6144378788193,1.00168339144882,$500-750M
2094,20.539380064309896,832030839.0878415,447.95590704388337,1.227276457654475,$750M-1B
2095,20.328330890148397,673723865.7180454,309.03955405078494,0.846683709728178,$500-750M
2096,19.765270722419125,383661312.4059078,307.01931117476016,0.8411487977390689,<$400M
2097,19.527282650370214,302406485.97516567,313.49951353163425,0.858902776798998,<$400M
2098,20.749280755526485,1026356260.1372784,402.6730249730508,1.1032137670494544,>$1B
2099,19.521531340326806,300672244.3761199,346.4118399727149,0.9490735341718217,<$400M
2100,20.147626006759925,562344948.4020588,330.27064912436697,0.9048510934914163,$500-750M
2101,18.630081694647032,123293924.72866236,308.9120302974548,0.846334329582068,<$400M
2102,19.446250253427014,278868318.990793,346.01902336238976,0.9479973242805199,<$400M
2103,19.964977592240295,468467643.039368,346.4999711124907,0.9493149893492896,$400-500M
2104,20.21064344561629,598922907.3938233,381.74920162501746,1.0458882236301847,$500-750M
2105,19.34076116846286,250949220.65029836,341.79142128486524,0.9364148528352472,<$400M
2106,21.161795534446764,1550425946.6975327,342.07209442791583,0.9371838203504543,>$1B
2107,19.445082069769406,278542739.78310335,436.1047923073569,1.194807650157142,<$400M
2108,18.899323248922823,161388207.75960836,307.91759708041855,0.8436098550148453,<$400M
2109,20.379165640230053,708857899.2572738,332.32809308066044,0.9104879262483847,$500-750M
2110,20.988957626456084,1304332987.6191869,364.885458914991,0.9996861888081945,>$1B
2111,19.769514610273912,385292987.8648591,298.4066623946136,0.8175524997112701,<$400M
2112,19.94017326043956,456990545.4903544,327.8186705435075,0.898133343954815,$400-500M
2113,19.747776893876896,377007973.05546707,319.00593992247457,0.8739888764999303,<$400M
2114,19.888097190871886,433801316.3745338,318.7725447905371,0.8733494377822935,$400-500M
2115,20.124947022893267,549735066.5157248,316.644155573555,0.8675182344480958,$500-750M
2116,19.391393651514345,263982574.04173794,312.0960530174933,0.8550576794999817,<$400M
2117,19.663975497585447,346701763.6431845,353.9553891742051,0.9697407922580962,<$400M
2118,19.28153602314298,236518272.0446637,322.9908019884366,0.8849063068176345,<$400M
2119,19.7036613080148,360737573.24109167,305.4575358364159,0.83686996119566,<$400M
2120,19.089326572966286,195159274.01676217,309.03152399428876,0.8466617095733938,<$400M
2121,19.431293113423504,274728285.21587425,322.5954936157964,0.8838232701802641,<$400M
2122,20.12067636262211,547392340.8608413,318.16053952590306,0.8716727110298714,$500-750M
2123,19.490674304319093,291536072.6062615,316.259169050756,0.8664634768513862,<$400M
2124,19.48331115626927,289397332.93303275,347.540195210834,0.9521649183858465,<$400M
2125,19.633724386833013,336370701.09498423,318.62344928871096,0.8729409569553724,<$400M
2126,20.35833546887014,694244990.8092082,318.9522586353663,0.8738418044804557,$500-750M
2127,19.72516426792616,368578498.2452254,400.20135564167697,1.0964420702511697,<$400M
2128,20.12045917823876,547273468.7018971,319.77662830179395,0.8761003515117642,$500-750M
2129,19.467959663047235,284988578.8009334,315.2189906437848,0.8636136729966707,<$400M
2130,20.241115051445963,617453951.641926,350.81889925689734,0.961147669196979,$500-750M
2131,20.219543804752412,604277329.1563526,326.9477197097678,0.895747177287035,$500-750M
2132,19.4236708324425,272642189.5362666,330.8721431727508,0.906499022391098,<$400M
2133,19.6114257074244,328953087.5155439,429.1701360111864,1.1758085918114696,<$400M
2134,19.946283683263115,459791499.7420679,330.0731806882099,0.9043100840772874,$400-500M
2135,20.129763711362546,552389356.3837374,419.72329039721205,1.1499268230060604,$500-750M
2136,19.866133984213715,424377515.67550004,324.6173825177682,0.8893626918295019,$400-500M
2137,19.62902805168425,334794695.1710665,330.9443679246013,0.9066968984235652,<$400M
2138,20.003860060909567,487041581.76823384,328.40661284435294,0.8997441447790492,$400-500M
2139,19.695136665902506,357675484.6806542,289.46582014540024,0.7930570414942473,<$400M
2140,19.58486379465454,320330487.62895656,379.3094980245548,1.0392041041768625,<$400M
2141,19.371679771224617,258829414.45542908,342.4531976613173,0.9382279387981296,<$400M
2142,19.577003952287548,317822609.16632617,402.969503564559,1.1040260371631754,<$400M
2143,19.052887795928804,188175913.97646192,329.49245918917177,0.9027190662717035,<$400M
2144,20.042136294631106,506045070.10106766,317.55179613884974,0.8700049209283555,$500-750M
2145,20.299847534813903,654804669.6263651,391.0150267566974,1.07127404590876,$500-750M
2146,19.08129900788935,193598891.65916362,365.66194454466705,1.001813546697718,<$400M
2147,20.025804398512733,497847517.5838859,503.82194115506024,1.3803340853563295,$400-500M
2148,19.362728963799675,256523019.65699467,331.2104003761105,0.9074257544550972,<$400M
2149,20.0391165392045,504519242.72676086,371.86201901442325,1.0188000520943103,$500-750M
2150,19.68917218021355,355548483.9094991,310.56284889756347,0.8508571202672972,<$400M
2151,20.988659077465375,1303943638.4449773,380.3066782115688,1.0419361046892295,>$1B
2152,19.132098085055322,203687616.20238057,322.82557489808516,0.8844536298577675,<$400M
2153,19.636239806124735,337217879.5034464,335.1682583957038,0.9182692010841199,<$400M
2154,20.588962973440434,874325223.2974836,362.615775103653,0.9934678769963096,$750M-1B
2155,19.745710397475236,376229691.8703497,322.4784698964239,0.8835026572504765,<$400M
2156,21.0025230555158,1322147380.993591,372.04968798703425,1.0193142136631075,>$1B
2157,20.21583327709808,602039296.125132,292.3598454059642,0.8009858778245595,$500-750M
2158,19.279659859077082,236074940.97268197,371.8250716984693,1.0186988265711487,<$400M
2159,19.96359801365251,467821800.7075199,335.9098055762682,0.9203008371952554,$400-500M
2160,18.952871547212748,170265841.51522887,342.3943043872781,0.9380665873624058,<$400M
2161,19.80862979373041,400662423.3643333,323.01127901663364,0.8849624082647497,$400-500M
2162,20.445429782241586,757420986.9431646,348.2922027811326,0.9542252130989933,$750M-1B
2163,19.901739157664036,439759769.6306219,309.6578602706229,0.8483776993715696,$400-500M
2164,19.236043996023863,225999647.16620588,319.4896773385013,0.8753141844890446,<$400M
2165,19.749523891187902,377667180.61988556,336.5115311799483,0.921949400493009,<$400M
2166,21.21142738060699,1629318034.7136662,312.3295008943434,0.8556972627242285,>$1B
2167,20.110852638120026,542041236.232709,392.2019050374909,1.0745257672260025,$500-750M
2168,19.094605416114288,196192213.17640546,399.0179674680472,1.0931999108713621,<$400M
2169,19.894094540664735,436410791.7562431,332.58142636061507,0.9111819900290824,$400-500M
2170,19.103891851002203,198022625.23657358,312.9232909217019,0.8573240847169915,<$400M
2171,19.44815770817703,279400755.328157,310.04945757476406,0.8494505686979837,<$400M
2172,19.95441795888613,463546823.24194705,302.60860199747736,0.8290646630067873,$400-500M
2173,19.021081961481574,182285001.30713898,345.535118277469,0.9466715569245726,<$400M
2174,19.598679871225233,324786912.4390556,348.4966974216617,0.9547854723881142,<$400M
2175,20.189485993504498,586384334.5143602,343.57924652355786,0.9413130041741311,$500-750M
2176,18.56228681185894,115212270.10231304,330.6911705128079,0.9060032068844052,<$400M
2177,19.81731507875906,404157446.3767225,398.24689494837344,1.0910873834202013,$400-500M
2178,19.677598386887897,351457160.97273886,354.07380515822155,0.9700652196115659,<$400M
2179,19.03289764927342,184451598.68422672,305.92640541641407,0.8381545353874358,<$400M
2180,19.47682706586487,287526924.9638779,297.7834682526702,0.8158451185004664,<$400M
2181,19.542753120345356,307121232.0722557,312.07556651798393,0.8550015521040656,<$400M
2182,19.542106931740932,306922837.9388314,293.1850536691614,0.803246722381264,<$400M
2183,19.51115948570498,297569832.2642106,358.39290303170804,0.981898364470433,<$400M
2184,19.137405293172083,204771502.43317267,327.8396878214439,0.8981909255382023,<$400M
2185,19.019047146838094,181914462.23420876,340.098146295512,0.9317757432753753,<$400M
2186,19.78068639487768,389621531.8954783,399.7981805004281,1.0953374808230907,<$400M
2187,19.51291589827627,298092946.9265371,366.8464288724943,1.0050587092397103,<$400M
2188,19.471819918827197,286090833.73368293,353.8215426975996,0.9693740895824647,<$400M
2189,19.637537149055568,337655650.6438169,317.1558607662606,0.8689201664829058,<$400M
2190,19.150827839261567,207538586.4748117,300.2361897699511,0.8225649034793181,<$400M
2191,19.621397477301674,332249741.42455953,388.7805277921401,1.0651521309373702,<$400M
2192,19.576901235682296,317789965.1834086,354.3905708687801,0.9709330708733702,<$400M
2193,20.381495578900992,710511420.2421701,521.1700021911236,1.4278630197017084,$500-750M
2194,19.298219993355275,240497437.68941665,332.9867118846022,0.9122923613276772,<$400M
2195,19.927633831607967,451295923.34009826,326.8434353302751,0.895461466658288,$400-500M
2196,19.127311556346804,202714989.1903919,348.53752336893666,0.9548973242984566,<$400M
2197,20.055176500429276,512687215.30575275,344.0330340831948,0.9425562577621776,$500-750M
2198,19.609921157108964,328458533.1781937,350.9958973435906,0.9616325954618922,<$400M
2199,19.31143363792584,243696373.6078017,337.5607692392204,0.9248240253129326,<$400M
2200,19.427185141082706,273602023.92792785,385.26423043606496,1.055518439550863,<$400M
2201,19.946440532614673,459863623.3967809,328.67424191865064,0.9004773751195908,$400-500M
2202,19.828933782481933,408880617.43283176,336.6994828199945,0.9224643364931356,$400-500M
2203,19.915156698243777,445700026.8877415,334.5967568530538,0.9167034434330241,$400-500M
2204,19.952220845573308,462529476.36792034,325.1603747187936,0.890850341695325,$400-500M
2205,19.233081191896286,225331045.43582782,317.1453192362818,0.8688912855788543,<$400M
2206,19.835443946684922,411551180.8629302,313.0452832050986,0.8576583101509551,$400-500M
2207,20.364283682985928,698386814.6790553,331.9741137081376,0.9095181197483223,$500-750M
2208,19.40293845452587,267047860.87819928,298.26714247435257,0.8171702533543906,<$400M
2209,20.214544629108353,601263979.059124,292.75936756379485,0.80208045907889,$500-750M
2210,19.61604117672123,330474869.5587313,315.96249321434686,0.8656506663406763,<$400M
2211,19.82766504187213,408362182.93792605,374.98633294425485,1.0273598162856297,$400-500M
2212,19.061194373823152,189745521.87374365,329.60777698463505,0.9030350054373563,<$400M
2213,19.585072183861442,320397248.00104845,343.986801088445,0.942429592023137,<$400M
2214,19.996380544768417,483412335.81709856,366.1776704542636,1.0032264943952427,$400-500M
2215,20.19313215548416,588526289.3644878,349.05926176390125,0.9563267445586335,$500-750M
2216,20.735366092493315,1012173759.8133321,377.32955202967423,1.0337795946018473,>$1B
2217,20.446853833906065,758500361.9207916,384.3094362685928,1.0529025651194324,$750M-1B
2218,20.277421933130757,640283710.1055168,344.2106444100151,0.9430428613973016,$500-750M
2219,19.95726475537846,464868326.84581286,377.0406618795996,1.032988114738629,$400-500M
2220,19.637211823192406,337545820.3940986,321.8963453880956,0.8819077955838236,<$400M
2221,19.302329420840106,241487777.94192705,314.0886146650001,0.8605167525068496,<$400M
2222,19.658184463426316,344699804.18950564,318.39315068079435,0.87231000186519,<$400M
2223,19.374874541235343,259657637.19276512,358.583766678002,0.9824212785698685,<$400M
2224,19.29418066675252,239527949.34967792,310.50867972805247,0.8507087115837054,<$400M
2225,20.186983404554525,584918690.2758434,363.4644446184923,0.9957929989547734,$500-750M
2226,19.775289085166033,387524288.64441735,335.9204700319714,0.9203300548821134,<$400M
2227,19.452666453351387,280663346.34712625,297.4740678286488,0.8149974461058871,<$400M
2228,19.150344247410686,207438246.76933667,388.66503576802114,1.0648357144329346,<$400M
2229,19.84951371486542,417382537.2918109,313.9102482646807,0.8600280774374814,$400-500M
2230,20.120553566272587,547325127.2065071,365.2344528039446,1.0006423364491632,$500-750M
2231,19.33074516239927,248448257.47387826,309.69832368018353,0.8484885580279001,<$400M
2232,20.136845010725665,556314873.2576861,312.41150988701895,0.8559219448959423,$500-750M
2233,19.1256611742638,202380707.92605576,307.98161166323797,0.8437852374335287,<$400M
2234,19.333652390939104,249171604.2964656,353.32631817995207,0.9680173100820605,<$400M
2235,19.965530550342272,468726757.65126044,311.9610748852109,0.854687876397838,$400-500M
2236,20.567153556603248,855463133.2842896,329.14500883680716,0.9017671474981018,$750M-1B
2237,20.804096036009593,1084186785.0042653,335.5809435524784,0.9193998453492559,>$1B
2238,19.836172362645385,411851070.5205648,322.5649924758177,0.8837397054131991,$400-500M
2239,19.82578497366961,407595155.4406081,326.6923055641325,0.8950474125044725,$400-500M
2240,20.079248070779915,525178136.5823383,356.4989541304257,0.9767094633710294,$500-750M
2241,19.11690719735473,200616803.73460498,309.8528635554928,0.8489119549465556,<$400M
2242,19.942791545904285,458188644.9919271,322.656248915711,0.8839897230567424,$400-500M
2243,19.442684641593726,277875753.4160385,363.1066338673624,0.9948126955270203,<$400M
2244,19.947319182102834,460267859.8991937,333.60109203593305,0.9139755946189947,$400-500M
2245,20.18365236765862,582973546.0096681,315.01739806712567,0.8630613645674676,$500-750M
2246,19.1010630626081,197463252.6788448,341.17072429296945,0.9347143131314232,<$400M
2247,19.70623578761781,361667481.2664469,378.4803861505856,1.036932564796125,<$400M
2248,20.016447583368706,493210975.85127276,301.39848793551016,0.8257492820150963,$400-500M
2249,19.193042046919437,216487214.21504024,301.3671286929641,0.8256633662820935,<$400M
2250,19.67560757058404,350758170.338405,388.68495158447496,1.06489027831363,<$400M
2251,20.097486829250297,534844618.1170748,358.82089619112446,0.9830709484688341,$500-750M
2252,20.223093787916785,606426315.6775936,312.0631094641009,0.8549674231893175,$500-750M
2253,19.66354294635956,346551829.79967475,425.2019824527443,1.1649369382266967,<$400M
2254,20.06904354767707,519846195.3819132,320.04333036664906,0.8768310421004084,$500-750M
2255,18.464729237540244,104503303.10608265,395.5476833679939,1.0836922831999833,<$400M
2256,20.173344932795658,576995446.5205022,437.54341437689374,1.1987490804846404,$500-750M
2257,19.996635659834517,483535677.31957287,396.93101543633924,1.0874822340721624,$400-500M
2258,19.386042322538085,262573689.50850525,371.87947098374644,1.0188478657088944,<$400M
2259,19.30704816772881,242629990.42913136,321.089912648101,0.8796983908167151,<$400M
2260,19.854869825499755,419624081.9602342,323.6225961193867,0.8866372496421553,$400-500M
2261,20.613573918223494,896110167.5389847,293.0343821557799,0.8028339237144655,$750M-1B
2262,19.679563854765405,352148618.0286716,306.1889139669617,0.8388737368957855,<$400M
2263,19.98559113382754,478224637.89990705,333.3918115863372,0.9134022235242115,$400-500M
2264,19.090782657737634,195443649.4507708,328.3465322326123,0.8995795403633213,<$400M
2265,19.72859921588646,369846723.1022086,333.07589661074377,0.9125367030431336,<$400M
2266,19.34191325231319,251238501.800737,355.0558620629686,0.9727557864738865,<$400M
2267,20.220034507276186,604573922.330387,340.62066821792854,0.9332073101861056,$500-750M
2268,20.690965393490654,968215644.322115,413.6065992964141,1.133168765195655,$750M-1B
2269,20.410661194014295,731539074.5475554,353.57914383477413,0.9687099831089702,$500-750M
2270,18.583014643651367,117625292.62566875,335.89186984822663,0.9202516982143195,<$400M
2271,19.229841342569888,224602188.1315241,365.89857993460515,1.0024618628345348,<$400M
2272,20.127278596746063,551018309.8297224,396.612997052756,1.0866109508294683,$500-750M
2273,19.78755915620654,392308530.6667474,385.8804878261708,1.0572068159621117,<$400M
2274,18.391281412564044,97102862.48246367,317.9425878460546,0.8710755831398757,<$400M
2275,20.00515060422671,487670535.785664,302.62130356400974,0.8290994618192048,$400-500M
2276,19.160701571353595,209597916.78388676,349.69077379193163,0.9580569144984429,<$400M
2277,19.808393286887938,400567675.1644262,315.43909038555864,0.8642166859878319,$400-500M
2278,19.750033811177467,377859809.7732402,314.65265490759083,0.8620620682399749,<$400M
2279,19.778949576597174,388945417.4103627,344.3742746964317,0.9434911635518677,<$400M
2280,19.370477525938846,258518424.99234754,367.5030824330948,1.0068577600906707,<$400M
2281,18.989574953626136,176631279.95296276,332.7862205726324,0.9117430700620065,<$400M
2282,19.77047637402221,385663726.9461873,330.864115631664,0.9064770291278466,<$400M
2283,19.026420193706794,183260682.86568362,361.2152927444645,0.98963093902593,<$400M
2284,19.62211046111297,332486714.5804762,342.3334524718801,0.9378998697859728,<$400M
2285,20.03145339837472,500667816.5763941,353.7299291153147,0.9691230934666156,$500-750M
2286,19.73308853344775,371510815.0149019,336.33649801612916,0.921469857578436,<$400M
2287,19.422809218401902,272407378.3705279,326.4736272159151,0.8944482937422331,<$400M
2288,19.307531990234448,242747408.68155015,356.56088092214924,0.9768791258141075,<$400M
2289,20.04120945849118,505576266.52727395,289.7329919315668,0.793789018990594,$500-750M
2290,19.494353386040668,292610633.12808233,318.07070700267485,0.8714265945278763,<$400M
2291,19.684468784614754,353880125.2860324,355.49598949303106,0.9739616150494002,<$400M
2292,20.029254766520232,499568241.5895928,386.67922466204925,1.0593951360604088,$400-500M
2293,20.13301293548981,554187112.2824192,348.65646737600474,0.9552231982904239,$500-750M
2294,19.507605406636483,296514122.7008391,316.9252407373271,0.8682883307871976,<$400M
2295,20.0821337922467,526695843.19102013,310.47063958662176,0.8506044920181418,$500-750M
2296,19.510544492987872,297386885.2458453,296.0763380123867,0.8111680493490047,<$400M
2297,19.503836487651142,295398688.30567676,357.50759515137725,0.9794728634284308,<$400M
2298,19.298806076136653,240638430.4092789,337.0662144701575,0.9234690807401575,<$400M
2299,19.557444387502287,311666538.54596025,343.73242375034783,0.9417326678091722,<$400M
2300,19.428402598258682,273935325.52436227,303.80636452478234,0.8323462041774858,<$400M
2301,19.94234402962249,457983643.98722446,381.64261114932407,1.045596194929655,$400-500M
2302,19.622453433285063,332600767.82859474,350.55731658713677,0.96043100434832,<$400M
2303,19.818629070679467,404688855.0527281,307.23347544818927,0.8417355491731213,$400-500M
2304,19.46496277716348,284135779.06211495,350.58250133634067,0.9605000036612074,<$400M
2305,19.903922700617958,440721053.09694844,395.27156835093547,1.0829358037011931,$400-500M
2306,19.741570564493113,374675383.29188895,328.65295721800004,0.900419060871233,<$400M
2307,19.613918714614766,329774193.013699,357.01357565133577,0.9781193853461254,<$400M
2308,20.554979061818827,845111442.9884791,315.1335949150529,0.8633797120960354,$750M-1B
2309,19.44436405803339,278342814.6098566,370.641487572181,1.0154561303347425,<$400M
2310,19.568472118186012,315122534.06628853,325.1694792710764,0.890875285674182,<$400M
2311,19.55692730079587,311505421.5813535,328.480732698854,0.8999472128735726,<$400M
2312,19.501096623591362,294590443.80192995,354.63444882971874,0.9716012296704623,<$400M
2313,20.005494224549974,487838138.0869463,296.83256520826967,0.8132399046801909,$400-500M
2314,18.691011005074934,131039715.25116257,353.0773480817417,0.9673352002239499,<$400M
2315,19.242561190241812,227477340.73770544,374.1925543652986,1.0251850804528728,<$400M
2316,19.392552829067622,264288754.14028767,339.66244340803405,0.9305820367343398,<$400M
2317,19.553522473956964,310446603.13111997,331.5185918218019,0.9082701145802793,<$400M
2318,19.487466954752787,290602512.4374279,479.4720382484706,1.3136220225985495,<$400M
2319,19.77685493416009,388131568.49215215,332.20490433352546,0.9101504228315767,<$400M
2320,20.549829403910156,840770594.6971524,342.16888977081004,0.9374490130707125,$750M-1B
2321,19.0575476907772,189054840.21004492,317.77245942862027,0.8706094778866309,<$400M
2322,19.553319740057916,310383671.460228,332.58741380023986,0.9111983939732599,<$400M
2323,19.787157966686753,392151172.1631222,305.4357586946605,0.8368102977935904,<$400M
2324,19.327154521699583,247557768.718144,350.6868652133261,0.9607859320913044,<$400M
2325,20.797981096910817,1077577277.8047416,402.5479823367879,1.1028711844843504,>$1B
2326,19.069023660181106,191236924.59081432,332.84941204077955,0.9119161973719988,<$400M
2327,20.05346947324003,511812790.83515435,397.4794152101637,1.088984699205928,$500-750M
2328,19.711960709842376,363743937.5720057,404.03650855292153,1.1069493385011548,<$400M
2329,19.051943445087147,187998293.7748123,360.0881162794174,0.986542784327171,<$400M
2330,20.23815901294126,615631429.036615,325.80580631774643,0.8926186474458806,$500-750M
2331,20.37582105300765,706491022.5041655,385.6134982600768,1.0564753376988407,$500-750M
2332,19.099661627592763,197186714.58264405,373.42907343759003,1.0230933518838083,<$400M
2333,18.62211503248826,122315585.90596326,334.3082368735756,0.9159129777358236,<$400M
2334,20.013953633299796,491982464.86334914,322.99404808371423,0.8849152002293541,$400-500M
2335,19.646116078768983,340564835.7427677,317.49013816733,0.8698359949789862,<$400M
2336,20.498737910569186,798893266.1936836,344.79382792196844,0.9446406244437492,$750M-1B
2337,19.55106214884992,309683742.3865736,310.4144193180501,0.8504504638850687,<$400M
2338,19.341471198633453,251127465.4403482,306.16094050787416,0.838797097281847,<$400M
2339,19.51070174070138,297433652.3304892,330.6964685455333,0.906017722042557,<$400M
2340,19.097294848323628,196720569.0038656,316.28144961869924,0.8665245195032856,<$400M
2341,20.138885603739325,557451244.5427811,450.46289809608754,1.2341449262906508,$500-750M
2342,19.5986420161018,324774617.823104,543.3263451202414,1.4885653290965517,<$400M
2343,19.776805796183947,388112496.9609706,327.445598510865,0.8971112287968904,<$400M
2344,19.13435319011262,204147471.49189925,340.94002312037884,0.9340822551243256,<$400M
2345,19.81809796330921,404473978.8853577,431.972365086972,1.1834859317451287,$400-500M
2346,20.228891744123963,609952561.5300153,312.73068209292643,0.8567963892956888,$500-750M
2347,19.02127157142204,182319567.63234067,324.55794389890826,0.8891998462983788,<$400M
2348,19.342348276366298,251347820.3684662,331.0297542772597,0.906930833636328,<$400M
2349,19.75365359761893,379230060.10002565,309.88521408403017,0.8490005865315895,<$400M
2350,19.45069891105282,280111672.2405722,330.04160259853546,0.9042235687631108,<$400M
2351,19.115120124345513,200258607.01662752,322.54271260872775,0.8836786646814458,<$400M
2352,19.29711399383123,240231594.6760199,302.94654735358705,0.8299905406947591,<$400M
2353,20.09926014895987,535793910.07024,325.2721659476687,0.8911566190347089,$500-750M
2354,19.4816382331293,288913598.17647505,406.51628500756146,1.1137432465960588,<$400M
2355,19.261751526950494,231884863.157702,340.3108644417392,0.9323585327170938,<$400M
2356,19.40010679305394,266292741.36536962,332.85458953445374,0.9119303822861746,<$400M
2357,19.340391041006352,250856354.64073703,325.65404649395384,0.8922028671067228,<$400M
2358,20.168525927943122,574221591.6419451,354.4167934711205,0.9710049136195082,$500-750M
2359,20.70684000993378,983708341.2711118,435.047315679198,1.191910453915611,$750M-1B
2360,19.375989496689446,259947305.34508798,337.53263209850246,0.9247469372561711,<$400M
2361,18.839799597846447,152062107.5786566,327.00822269630646,0.8959129388939903,<$400M
2362,19.274173555190078,234783308.49034616,353.32886129811925,0.9680242775290938,<$400M
2363,19.141426884005195,205596667.75676155,376.0776764713764,1.030349798551716,<$400M
2364,18.411445449775176,99080722.01739046,334.4667550375312,0.9163472740754279,<$400M
2365,19.013536853508707,180914816.88536844,318.8426250834082,0.87354143858468,<$400M
2366,19.253755877444288,230038185.5975867,320.6000433848326,0.8783562832461167,<$400M
2367,19.526582510030316,302194833.0972925,369.2543303041879,1.0116556994635284,<$400M
2368,19.01819964818009,181760355.28353468,332.3864624276261,0.9106478422674688,<$400M
2369,20.09731822303443,534754447.59180725,360.32768332082617,0.9871991323858251,$500-750M
2370,19.41892257074222,271350681.704923,318.84132394085134,0.8735378738105516,<$400M
2371,18.991819530556675,177028187.72753486,309.78643099023026,0.848729947918439,<$400M
2372,19.723551475541118,367984536.7470018,359.0075210715876,0.9835822495111989,<$400M
2373,20.37557943773168,706320344.1008794,375.682703268167,1.0292676801867588,$500-750M
2374,19.723613399930798,368007324.67040837,349.3914912765582,0.9572369624015293,<$400M
2375,19.43015540950414,274415903.50166965,324.18335878015193,0.8881735856990464,<$400M
2376,19.076353482310996,192643807.03288537,307.1138149170476,0.8414077121015002,<$400M
2377,20.12379762451753,549103564.916166,313.1757264490837,0.8580156889015992,$500-750M
2378,18.90438154219783,162206624.79725957,317.88448036470567,0.8709163845608374,<$400M
2379,20.352165935007275,689975008.2742796,347.18999618114015,0.951205468989425,$500-750M
2380,20.52575641294964,820772405.6347771,362.76286898561494,0.9938708739331916,$750M-1B
2381,19.757752677947245,380787744.93584466,322.4834794586981,0.883516382078625,<$400M
2382,19.330797697033372,248461309.95502827,301.0390578465687,0.8247645420453937,<$400M
2383,20.22440694808757,607223173.6484238,384.58591596050513,1.0536600437274113,$500-750M
2384,18.70212352932013,132504018.24659735,320.80093736305867,0.87890667770701,<$400M
2385,19.56201932856111,313095661.17307067,325.3833809319026,0.8914613176216509,<$400M
2386,19.617799029191563,331056306.51504123,330.5984895051724,0.9057492863155407,<$400M
2387,19.95459540230332,463629083.87237847,339.6066324044766,0.9304291298752784,$400-500M
2388,19.436200766593053,276079870.1979903,339.6304655352805,0.9304944261240562,<$400M
2389,20.702553363407503,979500556.4135897,337.4163840391624,0.9244284494223627,$750M-1B
2390,20.31030608435673,661688913.5571421,350.257994441215,0.9596109436745616,$500-750M
2391,19.784428744121577,391082363.50687796,342.77818359067504,0.9391183112073289,<$400M
2392,19.762731586844794,382688380.04539233,340.89770388787565,0.9339663120215771,<$400M
2393,19.258083785025025,231035927.11405706,333.65354391793625,0.9141192984053048,<$400M
2394,20.20860603622523,597703898.4695717,345.2681953517426,0.9459402612376508,$500-750M
2395,19.670742346686104,349055797.8752589,434.9705493766191,1.1917001352784085,<$400M
2396,18.90807929224833,162807534.6748562,358.7456728610285,0.9828648571535027,<$400M
2397,20.393039077421054,718760729.1094552,390.1015368054125,1.0687713337134588,$500-750M
2398,18.615327887728498,121488223.20929901,326.12393412868994,0.8934902304895614,<$400M
2399,19.71466172719238,364727744.2997532,325.87494350953006,0.8928080644096714,<$400M
2400,18.84522201954865,152888892.01199713,333.05591874433867,0.9124819691625717,<$400M
2401,19.569709835076797,315512808.0238808,377.9136292200503,1.0353798060823296,<$400M
2402,20.15797771019324,568196410.5833422,294.37441976377556,0.8065052596267823,$500-750M
2403,19.394003158725575,264672338.0530055,321.19919186135877,0.8799977859215309,<$400M
2404,20.464004487121894,771621333.5889726,332.06903606332844,0.9097781809954204,$750M-1B
2405,19.8016373338741,397870579.7556783,337.42422583411997,0.9244499337921095,<$400M
2406,18.872011912938685,157040126.41822538,327.08076922091146,0.8961116964956478,<$400M
2407,19.999309787003693,484830443.62486815,409.59361767182304,1.122174294991296,$400-500M
2408,19.70472865410853,361122810.63499206,321.8855164336153,0.8818781272153844,<$400M
2409,19.46482701435846,284097206.6101545,308.8388746106004,0.8461339030427408,<$400M
2410,19.59461792037636,323470319.7420365,379.5175046408417,1.0397739853173746,<$400M
2411,18.86567102104668,156047502.34074295,389.62705577780764,1.0674713856926237,<$400M
2412,19.49145289808082,291763149.1624347,307.54776840027176,0.8425966257541693,<$400M
2413,19.64831233870208,341313626.61484027,328.8101635607762,0.9008497631802087,<$400M
2414,19.508350578593248,296735159.05467874,392.42660195044664,1.0751413752067032,<$400M
2415,19.95234059298749,462584866.3930382,302.342814886468,0.8283364791410082,$400-500M
2416,19.635568443796423,336991560.10237527,323.42034509436905,0.8860831372448468,<$400M
2417,19.980270431905403,475686904.3984847,303.51204825474184,0.8315398582321695,$400-500M
2418,20.46746376646654,774295209.5055735,356.7372057548683,0.9773622075475843,$750M-1B
2419,20.358844585866205,694598532.7229232,304.40528826601775,0.8339870911397747,$500-750M
2420,19.820359608960445,405389790.9315391,304.4400574348426,0.834082349136555,$400-500M
2421,19.54292911126311,307175287.3762315,311.01446944207515,0.8520944368276031,<$400M
2422,19.674990281332203,350541717.9036145,403.30458771802927,1.1049440759398061,<$400M
2423,19.99211593974016,481355162.77209854,313.43781640984207,0.8587337435886084,$400-500M
2424,20.473303613031533,778830203.671773,364.3605241704335,0.9982480114258452,$750M-1B
2425,20.323176704852848,670260301.6691887,314.8652163610473,0.862644428386431,$500-750M
2426,19.555360092694453,311017610.1119039,368.0659894496651,1.008399971094973,<$400M
2427,19.927921882951114,451425938.4615897,393.3954645406868,1.0777957932621556,$400-500M
2428,19.27641490131069,235310129.32138243,323.7103345643277,0.8868776289433635,<$400M
2429,19.622697782375955,332682048.45386255,380.82864472079217,1.0433661499199784,<$400M
2430,20.329344616127507,674407183.3933929,405.2882032382763,1.1103786390089763,$500-750M
2431,19.39228383755856,264217672.27012134,379.17751410332596,1.038842504392674,<$400M
2432,20.328560227112522,673878393.2228248,326.02081517632325,0.8932077128118445,$500-750M
2433,20.11037474584874,541782260.8013033,345.4857778234694,0.9465363775985463,$500-750M
2434,19.788840435644772,392811509.68005645,445.8013814940886,1.2213736479290098,<$400M
2435,19.061176016905687,189742038.76282892,398.6676675946526,1.092240185190829,<$400M
2436,20.258358420944294,628193263.1410961,328.53836002044426,0.9001050959464226,$500-750M
2437,18.970364135858652,173270434.27955532,329.4323916300617,0.9025544976166074,<$400M
2438,19.75451357542229,379556329.80632395,420.72857471633796,1.152681026620104,<$400M
2439,19.059533140317612,189430571.93041044,320.1419023365219,0.8771011022918409,<$400M
2440,19.768726855603067,384989591.03085065,343.4855476229552,0.9410562948574115,<$400M
2441,19.704362458240038,360990593.16394305,347.70478480919496,0.952615848792315,<$400M
2442,19.57014369207516,315649725.1627969,355.7556526731542,0.9746730210223403,<$400M
2443,19.436473856210792,276155275.0398792,351.9520310464119,0.9642521398531833,<$400M
2444,18.853438235613474,154150234.81950068,353.6672336791131,0.9689513251482551,<$400M
2445,20.052188805658066,511157748.3212826,366.47388993064163,1.0040380546044976,$500-750M
2446,19.87955756751176,430112589.10706705,665.1373115178058,1.822294004158372,$400-500M
2447,20.53634149572015,829506493.4554168,375.0005033771704,1.0273986393895078,$750M-1B
2448,19.647030790608678,340876496.9485722,355.6740539956048,0.974449463001657,<$400M
2449,19.43246427624443,275050225.2546799,357.93627691410205,0.9806473340112385,<$400M
2450,19.1313202579234,203529244.04912528,344.27384786080216,0.9432160215364442,<$400M
2451,19.212821220009484,220811779.47361398,325.4270350318036,0.8915809178953523,<$400M
2452,19.529331895129584,303026826.2792199,340.683388709751,0.9333791471500027,<$400M
2453,19.06194103559382,189887250.5061732,357.22742685592016,0.9787052790573155,<$400M
2454,19.377589410276926,260363531.44504946,356.94277510822604,0.9779254112554138,<$400M
2455,20.462975885722006,770828050.8608643,373.851322210231,1.0242501978362493,$750M-1B
2456,19.09699007344415,196660622.65169182,365.56391215234976,1.0015449648009582,<$400M
2457,19.2525153185308,229752986.6156472,315.3126562185196,0.8638702910096426,<$400M
2458,19.210794493247263,220364707.53011096,332.0137480956075,0.9096267071112535,<$400M
2459,19.553143073994985,310328842.04238445,347.7230776639113,0.9526659662024967,<$400M
2460,20.36679668016517,700144065.8331842,444.40669428814846,1.2175525870908177,$500-750M
2461,20.1572749195036,567797227.723526,351.8960442922769,0.9640987514856901,$500-750M
2462,19.50197404666538,294849037.6862375,349.6000050963733,0.9578082331407488,<$400M
2463,20.43882176721262,752432438.0337005,349.5650354430797,0.9577124258714512,$750M-1B
2464,19.46825253828422,285072057.1222571,316.70549547046227,0.8676862889601706,<$400M
2465,20.280268869626234,642109154.3963188,319.67164832626753,0.875812735140459,$500-750M
2466,20.18635491344775,584551189.5783762,328.266280111291,0.8993596715377835,$500-750M
2467,19.679744571267257,352212262.8457149,416.6678817407625,1.1415558403856507,<$400M
2468,19.52200344499504,300814226.6589103,382.3197605834985,1.0474513988589,<$400M
2469,19.80383991304339,398747887.021398,350.03948261910665,0.9590122811482374,<$400M
2470,19.702840796921958,360441705.45863974,296.2822670128405,0.8117322383913439,<$400M
2471,20.03939955157457,504662048.12028366,357.5049538752185,0.9794656270553932,$500-750M
2472,19.038045586067344,185403592.15448073,379.2730256345777,1.039104179820761,<$400M
2473,20.2389382349467,616111329.5435969,338.8498811417945,0.9283558387446426,$500-750M
2474,20.46090399887943,769232635.6949649,373.3181685518218,1.0227895028817036,$750M-1B
2475,19.52098079626483,300506756.61570936,348.64452897944125,0.9551904903546335,<$400M
2476,19.84526305452897,415612151.2159816,365.2194300513501,1.000601178222877,$400-500M
2477,19.304493970418246,242011056.33650273,343.0219345871931,0.9397861221566933,<$400M
2478,19.93427678444386,454303840.5386072,370.1767563310897,1.01418289405778,$400-500M
2479,20.24591836774803,620426912.5935521,334.20298628153273,0.9156246199494047,$500-750M
2480,19.091912145100913,195664525.29781595,311.25274538583744,0.8527472476324314,<$400M
2481,19.182796328488347,214280471.31180263,313.1327392627018,0.8578979157882242,<$400M
2482,19.616133160679073,330505269.3433263,330.41911165537476,0.9052578401517117,<$400M
2483,19.525956002565596,302005565.073663,310.2468623472757,0.8499914036911662,<$400M
2484,20.216476989154547,602426960.837352,357.6298107735521,0.9798077007494578,$500-750M
2485,19.469004663846146,285286547.75524265,318.45624936678854,0.8724828749775029,<$400M
2486,19.385715008876716,262487759.6165939,338.5303334023208,0.9274803654858105,<$400M
2487,20.851452416482804,1136765080.0134177,324.0239250602345,0.8877367809869438,>$1B
2488,20.22916104195824,610116842.5531154,384.6255322234373,1.0537685814340747,$500-750M
2489,19.507375990533145,296446105.3886562,358.4197755712897,0.981971987866547,<$400M
2490,19.243461709934714,227682280.82517153,301.0759119111472,0.8248655120853349,<$400M
2491,19.730556825707787,370571447.8124006,350.2357957784494,0.9595501254204094,<$400M
2492,19.6551345381877,343650097.13468313,337.0432864109287,0.9234062641395308,<$400M
2493,19.879017786765242,429880485.26086134,323.01573137403375,0.884974606504202,$400-500M
2494,19.80384176453001,398748625.2984587,340.80536678803276,0.9337133336658432,<$400M
2495,18.822933602336974,149518935.60460928,315.2695379013041,0.8637521586337098,<$400M
2496,19.38958264546371,263504932.6391666,313.4490310225153,0.8587644685548366,<$400M
2497,19.481209132019067,288789651.62543964,322.40137853549146,0.8832914480424423,<$400M
2498,19.219068759946538,222195628.20839843,319.812697649007,0.8761991716411152,<$400M
2499,19.11362770136695,199959959.37959135,314.98451367783775,0.8629712703502405,<$400M
2500,19.088540224688177,195005871.1796153,365.1563772863393,1.0004284309214775,<$400M
2501,19.607819243822444,327768866.88652086,359.63030447075846,0.9852885053993382,<$400M
2502,19.766069130239558,383967752.9141009,279.41023545676603,0.7655074944020988,<$400M
2503,18.9648244172303,172313218.62767997,360.70380761212715,0.9882296098962388,<$400M
2504,20.15471195819468,566343848.6702762,338.7967375678642,0.9282102399119568,$500-750M
2505,20.75260492752213,1029773721.8430835,343.481098235128,0.9410441047537753,>$1B
2506,18.939092887133643,167935894.99432987,331.28505107453867,0.9076302769165443,<$400M
2507,19.42951376438502,274239882.35417295,552.3004480082145,1.5131519123512727,<$400M
2508,20.396304022743166,721111278.7095942,410.3442244941354,1.1242307520387271,$500-750M
2509,20.6045706314215,888078440.917279,346.4393324585197,0.9491488560507388,$750M-1B
2510,20.07421522437211,522541635.80103666,343.6113779913616,0.9414010355927716,$500-750M
2511,19.14800606759239,206953785.44675756,317.3993675679887,0.8695873084054485,<$400M
2512,20.21787560495496,603270114.1897306,374.77137617894545,1.0267708936409465,$500-750M
2513,20.27785948705401,640563930.0560664,408.73355108029557,1.1198179481651933,$500-750M
2514,18.56944535908231,116039981.64999649,359.7992999598942,0.9857515067394361,<$400M
2515,19.8045056435535,399013434.037198,320.4752058404397,0.8780142625765471,<$400M
2516,20.40211900544096,725316743.8216034,356.0395076574009,0.9754507059106875,$500-750M
2517,19.162131447563,209897830.22708637,336.6440067080398,0.9223123471453145,<$400M
2518,19.37863909506542,260636974.57292446,338.6873259432515,0.9279104820363054,<$400M
2519,19.13181332529415,203629622.42297637,359.21194660313154,0.9841423194606344,<$400M
2520,19.63669809959503,337372459.67452556,338.75827811751805,0.928104871554844,<$400M
2521,19.676315422681306,351006543.1401452,339.6569876954885,0.9305670895766809,<$400M
2522,20.25145295373253,623870238.5907464,320.90163161045797,0.879182552357419,$500-750M
2523,19.924523894939238,449894601.7398006,342.9612747237151,0.9396199307499045,$400-500M
2524,19.38667284221985,262739299.59237573,328.1502048608525,0.8990416571530205,<$400M
2525,19.96722830645882,469523217.2768455,389.3287709245107,1.0666541669164677,$400-500M
2526,19.890353073803325,434781025.99941033,331.47539210077247,0.9081517591801985,$400-500M
2527,19.67701337419181,351251614.2010363,409.5417691721195,1.1220322443071766,<$400M
2528,19.888610283173197,434023953.6021036,343.49218705691567,0.9410744850874402,$400-500M
2529,20.473717120641854,779152322.4828397,313.3152732685556,0.8583980089549468,$750M-1B
2530,19.557014293017012,311532521.30859035,343.00214010598165,0.9397318907013196,<$400M
2531,19.24013230581758,226925495.0239511,323.61108666824634,0.886605716899305,<$400M
2532,20.209773820314748,598402295.2814214,423.0889308124702,1.1591477556506034,$500-750M
2533,19.22739346914309,224053062.77248433,331.85317330246835,0.9091867761711462,<$400M
2534,19.489207469912134,291108750.94576925,336.75976486625854,0.92262949278427,<$400M
2535,19.30826628575812,242925722.4766264,354.41578276247674,0.9710021445547308,<$400M
2536,19.46734937880563,284814707.8230089,359.2870787012365,0.9843481608253055,<$400M
2537,19.039854329336066,185739243.11548683,311.9644767558411,0.8546971965913455,<$400M
2538,19.964512944115693,468250020.9903468,327.84297864691223,0.8981999414983897,$400-500M
2539,19.89146602786081,435265186.6807357,305.1605692374852,0.836056354075302,$400-500M
2540,18.850247291236204,153659133.94893357,323.5702146564174,0.8864937387847053,<$400M
2541,20.80660006926904,1086905026.6367755,327.91169055426093,0.898388193299345,>$1B
2542,19.18858236697449,215523900.16024515,326.8853803725395,0.8955763845822999,<$400M
2543,19.942922948926405,458248856.32046884,330.30999870959107,0.9049589005742221,$400-500M
2544,19.131304961242506,203526130.75103837,300.6109958517933,0.8235917694569679,<$400M
2545,20.0472270934898,508627812.2989917,350.571970449924,0.9604711519175999,$500-750M
2546,18.87629131434547,157713604.16916007,355.2890019265272,0.9733945258261019,<$400M
2547,19.971256548848302,471418385.138585,330.07487600074495,0.9043147287691643,$400-500M
2548,19.831235261111512,409822731.1473438,332.9002037939179,0.912055352860049,$400-500M
2549,20.04009401751492,505012640.4472162,386.0580036822399,1.05769316077326,$500-750M
2550,20.02248587670962,496198138.00686324,407.90314037249493,1.1175428503356026,$400-500M
2551,19.710737154574318,363299148.9281998,341.43558548990643,0.935439960246319,<$400M
2552,19.387487525137537,262953436.02636287,349.01899994219383,0.9562164381977913,<$400M
2553,20.420953851909115,739107438.4536519,320.8356788130366,0.8790018597617442,$500-750M
2554,18.901928067152028,161809142.69665164,315.43602896307914,0.864208298528984,<$400M
2555,18.883907984767035,158919443.12246883,334.4931264818016,0.9164195246076756,<$400M
2556,19.349824436427767,253233978.7303082,367.88972520673553,1.0079170553609194,<$400M
2557,19.585043889236033,320388182.60918576,314.5534130536838,0.8617901727498186,<$400M
2558,20.22318783891854,606483353.3622581,351.5217028867317,0.9630731585937855,$500-750M
2559,19.719120746246368,366357703.5701407,362.4350380821354,0.9929727070743436,<$400M
2560,19.82162826650285,405904418.1212269,328.8010075964279,0.9008246783463778,$400-500M
2561,19.77050588711639,385675109.2440451,359.80586210984694,0.9857694852324573,<$400M
2562,19.658739469532247,344891167.78461343,338.68149951011054,0.9278945192057823,<$400M
2563,20.13487186571748,555218265.5813046,313.5869380404335,0.8591422960011876,$500-750M
2564,19.274622826783272,234888813.65987012,304.77715816760525,0.8350059127879595,<$400M
2565,19.95091681139367,461926715.2176349,405.68086909024095,1.1114544358636738,$400-500M
2566,19.45208331708279,280499729.08082247,357.24523497355915,0.97875406842071,<$400M
2567,19.56657734126687,314526012.4781754,308.2295867440161,0.8444646212164825,<$400M
2568,20.412997517346174,733250184.4302449,336.6807808445301,0.922413098204192,$500-750M
2569,19.48196254301195,289007310.90675664,363.7419571886025,0.9965533073660342,<$400M
2570,20.32397070391282,670792699.0521915,309.4545249229276,0.8478206162271988,$500-750M
2571,20.051439000902928,510774623.46333545,320.5660290286791,0.8782630932292579,$500-750M
2572,19.178270237873804,213312809.99503818,356.5599676884835,0.9768766238040644,<$400M
2573,19.72418290923981,368216967.95882905,316.28828380709916,0.866543243307121,<$400M
2574,19.91143720359425,444045327.2533377,315.7677471081955,0.8651171153649192,$400-500M
2575,19.84592655899203,415888003.23761874,371.1657005518801,1.0168923302791235,$400-500M
2576,19.591534295326607,322474394.8798204,362.6633835675227,0.9935983111438978,<$400M
2577,19.6028820830719,326154607.5097346,334.79505366487103,0.9172467223695097,<$400M
2578,19.618507160156934,331290820.76056576,408.1914913224091,1.1183328529381071,<$400M
2579,19.496593841892828,293266949.2826237,424.88605725339875,1.164071389735339,<$400M
2580,19.696309837724595,358095345.7171464,292.25597703769415,0.8007013069525867,<$400M
2581,19.63965705609353,338372208.48367685,349.46158562212247,0.9574290017044451,<$400M
2582,20.273725915581007,637921578.2056266,339.8377454116332,0.9310623161962553,$500-750M
2583,20.002382114763613,486322292.2060884,460.0449247040688,1.2603970539837501,$400-500M
2584,19.738055798341925,373360798.5193608,350.0403767533386,0.9590147308310646,<$400M
2585,19.55101252408688,309668374.7855502,340.1033458660239,0.9317899886740382,<$400M
2586,19.69710596863349,358380550.0051138,355.0835416388249,0.9728316209282873,<$400M
2587,19.888453577905597,433955945.0910949,344.98989035044815,0.9451777817820497,$400-500M
2588,20.092740557971396,532312115.1945322,341.04067346066097,0.9343580094812629,$500-750M
2589,18.908110054992534,162812543.15843663,326.57813572535434,0.8947346184256283,<$400M
2590,20.12947739243486,552231219.4954255,498.3708057139274,1.3653994677093901,$500-750M
2591,19.94269900766765,458146246.9844215,324.73731178308066,0.8896912651591251,$400-500M
2592,20.428711682351352,744863607.4623095,444.01595030636656,1.216482055633881,$500-750M
2593,19.890744129628256,434951082.90090066,338.7166014649615,0.9279906889451001,$400-500M
2594,20.077123090123063,524063328.0934338,363.4197618117306,0.9956705803061112,$500-750M
2595,20.309075837870566,660875373.6262345,353.9719964330143,0.9697862915972995,$500-750M
2596,20.020985825713016,495454373.47726005,400.36854122625374,1.0969001129486404,$400-500M
2597,20.24586284262608,620392464.2699535,403.8792627454609,1.1065185280697558,$500-750M
2598,19.525116752778167,301752213.29495627,370.5887629647901,1.0153116793555892,<$400M
2599,19.445984969151507,278794349.42274314,367.00057196572067,1.0054810190841663,<$400M
2600,19.75301761426427,378988952.77246606,378.2075565090631,1.0361850863262003,<$400M
2601,19.67133980663422,349264407.0457531,344.03269463771665,0.9425553277745662,<$400M
2602,19.76368150236024,383052074.3872791,314.57349066036164,0.8618451798914017,<$400M
2603,20.061358049921196,515866232.20325893,416.19629902924055,1.1402638329568233,$500-750M
2604,19.573887511772575,316833675.6871199,309.18875816515515,0.8470924881237127,<$400M
2605,20.288981989738325,647728373.4989749,370.24541380272404,1.0143709967197918,$500-750M
2606,19.8385550910839,412833569.82841176,319.3652099537711,0.8749731779555373,$400-500M
2607,19.843586119513567,414915780.6940256,307.0429147641985,0.8412134651073931,$400-500M
2608,19.03935504829617,185646530.17986593,321.0764755449113,0.8796615768353735,<$400M
2609,19.922784526596125,449112749.4734556,307.27229296575234,0.8418418985363078,$400-500M
2610,19.691223582019493,356278605.3416592,406.6670272347156,1.1141562389992208,<$400M
2611,19.395154009107518,264977111.6551136,308.9539545929761,0.846449190665688,<$400M
2612,19.078162690425728,192992655.24617618,323.78468078426545,0.8870813172171657,<$400M
2613,19.265499416405852,232755572.633405,349.7871541983884,0.9583209704065436,<$400M
2614,20.423740230394486,741169743.3652604,362.6419153232555,0.9935394940363164,$500-750M
2615,18.98776865209213,176312518.5772803,330.4939741352553,0.9054629428363159,<$400M
2616,19.634076744146125,336489244.65505034,329.2216341965378,0.9019770799905146,<$400M
2617,19.634380953384042,336591623.36321914,329.86791744476386,0.9037477190267503,<$400M
2618,19.643848157030206,339793336.5289245,312.5050561310219,0.8561782359754024,<$400M
2619,19.615619735560745,330335623.19033045,290.1568971876907,0.7949504032539471,<$400M
2620,18.894280805391347,160576465.13846162,309.76612485915416,0.8486743146826141,<$400M
2621,19.44820872932283,279415011.03849965,304.9079632552873,0.8353642828911981,<$400M
2622,19.458936871793078,282428752.1019993,293.54715543726485,0.8042387820199037,<$400M
2623,19.986890421601345,478846393.15709645,342.7845805568362,0.939135837142017,$400-500M
2624,18.769036795221876,141673659.0810776,339.601210072911,0.9304142741723589,<$400M
2625,19.48262494137687,289198812.2950523,295.5678745618742,0.8097749987996553,<$400M
2626,18.91076417972401,163245241.92006218,328.21015206657614,0.8992058960728113,<$400M
2627,19.578709061016497,318364993.55223787,323.2136218136519,0.885516772092197,<$400M
2628,19.86696873289924,424731912.1442919,319.70824173553586,0.8759129910562626,$400-500M
2629,19.54468890983731,307716329.93231547,344.6071254762125,0.9441291108937329,<$400M
2630,19.1111657694025,199468277.05654317,347.5423071567286,0.9521707045389824,<$400M
2631,19.63909787422679,338183049.77247316,311.1627805720813,0.8525007686906337,<$400M
2632,19.12132032496185,201504107.74245322,351.14443790122505,0.9620395558937672,<$400M
2633,19.849920603480115,417552400.0494749,327.9391499415884,0.8984634244975025,$400-500M
2634,19.738562367279865,373549979.4150724,363.6025329987539,0.9961713232842572,<$400M
2635,19.363461399907926,256710975.20350093,314.5607923498281,0.861810389999529,<$400M
2636,19.952668880495583,462736752.1558433,308.1113242462036,0.8441406143731606,$400-500M
2637,19.86411736996332,423522572.2651099,325.791157552104,0.8925785138413808,$400-500M
2638,19.36700536600481,257622364.20829022,314.2201096125194,0.8608770126370395,<$400M
2639,19.82388004583409,406819455.1444984,284.60281551091566,0.7797337411257963,$400-500M
2640,18.86890010666065,156552207.5152101,352.1180068675096,0.9647068681301634,<$400M
2641,19.290530953164563,238655334.30436692,357.3994244359716,0.9791765053040318,<$400M
2642,20.480318525967494,784312837.3585204,365.1228224748836,1.000336499931188,$750M-1B
2643,19.931386715409687,452992766.53670985,386.4394858613078,1.0587383174282405,$400-500M
2644,20.253324334104036,625038830.2082784,517.6466082240635,1.4182098855453793,$500-750M
2645,18.96235730661536,171888626.82973614,316.24299018161605,0.8664191511825098,<$400M
2646,20.180971041031086,581412497.2936136,349.18003469118975,0.9566576292909308,$500-750M
2647,21.079659687969624,1428169923.696275,365.3755997486192,1.001029040407176,>$1B
2648,19.205083105786095,219109706.61239538,358.63068928476497,0.9825498336568903,<$400M
2649,19.516711042314736,299226402.0492599,304.2466691130652,0.8335525181179868,<$400M
2650,19.46295230764297,283565106.5906502,311.91169398906436,0.8545525862714092,<$400M
2651,19.35108499248236,253553395.6345855,422.0214471340916,1.1562231428331278,<$400M
2652,19.775454569361145,387588423.09588253,448.48788299950354,1.228733926026037,<$400M
2653,19.97832057119085,474760284.87425494,320.3071884899109,0.8775539410682491,$400-500M
2654,20.368928410259286,701638175.9624978,355.48101354567234,0.9739205850566366,$500-750M
2655,18.41810139981519,99742397.95126861,316.63195526029676,0.8674848089323199,<$400M
2656,18.679508246100536,129541033.00549708,319.4418137645969,0.8751830514098544,<$400M
2657,19.355362219340353,254640223.67644513,363.01922960638063,0.9945732317983031,<$400M
2658,19.416290195319363,270637324.1637846,331.9705449429672,0.9095083423094992,<$400M
2659,19.95202943427947,462440951.4750133,314.8310840808562,0.862550915290017,$400-500M
2660,19.482780832161108,289243899.2389301,309.22074927538085,0.8471801350010434,<$400M
2661,19.860256835050304,421890700.56401515,349.8032371188762,0.9583650332024006,$400-500M
2662,19.884707830686935,432333496.3551646,323.2386979406706,0.8855854738100564,$400-500M
2663,19.25452046467202,230214137.11275405,358.50842522590114,0.9822148636326058,<$400M
2664,20.409863484539258,730955751.5884871,300.6590658550988,0.823723468096161,$500-750M
2665,19.874901303054592,428114526.5097197,361.8894534070181,0.9914779545397756,$400-500M
2666,19.473545902440478,286585048.20496684,326.94616289887705,0.895742912051718,<$400M
2667,20.311440767436604,662440146.8967751,344.02672276710683,0.9425389664852242,$500-750M
2668,20.2458971585079,620413753.9497242,327.6235848728571,0.8975988626653619,$500-750M
2669,19.757237625414675,380591669.7422908,309.08660332088726,0.8468126118380473,<$400M
2670,18.966163120005795,172544049.28405842,343.6477865315607,0.9415007850179745,<$400M
2671,18.776467908844467,142730373.55894214,335.7412771032049,0.9198391153512463,<$400M
2672,19.59003789869706,321992206.1449819,363.2035529883717,0.995078227365402,<$400M
2673,18.965226044043156,172382438.1357651,372.89095234120714,1.0216190475101565,<$400M
2674,19.821763715191608,405959401.0660228,329.52010631462934,0.9027948118209023,$400-500M
2675,19.972743984639457,472120111.4743036,342.11052264882085,0.9372891031474544,$400-500M
2676,19.479098215411504,288180683.72009206,344.3388708438885,0.943394166695585,<$400M
2677,19.702266857878644,360234893.2455175,428.3917197976497,1.1736759446510951,<$400M
2678,19.36732356261575,257704351.81488046,318.3971669810101,0.872321005427425,<$400M
2679,19.52780788569111,302565362.26293457,325.34082235032815,0.8913447187680223,<$400M
2680,19.926673600250005,450862782.8336166,371.9821180308521,1.0191290904954853,$400-500M
2681,20.60324219203396,886899465.809009,381.2325472719008,1.044472732251783,$750M-1B
2682,19.521317416309635,300607930.2411656,343.99919673027694,0.9424635526856903,<$400M
2683,19.864158500677405,423539992.4091871,338.9225438453603,0.9285549146448226,$400-500M
2684,19.407259692362558,268204335.09933454,318.52486055607665,0.8726708508385661,<$400M
2685,20.346212773920325,685879678.0791425,343.59142553251223,0.9413463713219513,$500-750M
2686,19.334481815713364,249378359.1300487,383.26939916622314,1.0500531484006113,<$400M
2687,19.837589176166478,412435000.2480418,382.43954045384424,1.0477795628872446,$400-500M
2688,19.75255011970677,378811818.90747684,280.4189185004676,0.7682710095903222,<$400M
2689,19.208805304194836,219926796.15500405,339.92217615357026,0.9312936332974527,<$400M
2690,20.234468228044737,613363453.7355042,367.4168045115905,1.0066213822235357,$500-750M
2691,19.992725258995712,481648551.11604166,322.50940059203214,0.8835873988822798,$400-500M
2692,20.276096899560365,639435874.5244017,454.03181376416916,1.24392277743608,$500-750M
2693,19.793447518630447,394625400.06629926,532.6285439756965,1.459256284864922,<$400M
2694,18.417231763189207,99655696.01390122,295.94081186778124,0.8107967448432363,<$400M
2695,19.473130132699268,286465919.58039486,361.7486225289813,0.991092116517757,<$400M
2696,19.205211273856,219137791.2803301,292.6415624769918,0.8017577054164159,<$400M
2697,20.677439435398714,955207770.3888422,300.0378570072976,0.8220215260473906,$750M-1B
2698,20.40061470935998,724226472.9371132,328.9144383460011,0.9011354475232907,$500-750M
2699,19.50105574223813,294578400.7921069,325.64801598013116,0.8921863451510443,<$400M
2700,19.700442204794815,359578188.8477067,290.8939037567419,0.7969695993335395,<$400M
2701,19.631721758726666,335697749.7353804,371.1508462671809,1.0168516336087148,<$400M
2702,19.103024542302276,197850952.94811943,321.44071278676404,0.8806594870870248,<$400M
2703,19.829357668185185,409053972.819738,329.14343843094565,0.9017628450162894,$400-500M
2704,19.37734150637802,260298994.31030554,308.6683058078787,0.8456665912544622,<$400M
2705,19.588618949153645,321535639.45024616,367.19055504517416,1.0060015206717101,<$400M
2706,19.56238476968546,313210100.11259204,322.3368140977947,0.8831145591720402,<$400M
2707,19.00094026249051,178650200.0982623,304.20751896172123,0.8334452574293733,<$400M
2708,20.25402915990807,625479528.9940273,380.7375759065235,1.0431166463192425,$500-750M
2709,19.768647946241387,384959212.9465425,296.6628250198118,0.8127748630679775,<$400M
2710,19.711245260876233,363483790.4200309,331.2944260237708,0.9076559617089611,<$400M
2711,18.8815929373552,158551962.6085087,383.7719735610561,1.0514300645508385,<$400M
2712,20.089290911244817,530478990.08370996,461.5087352627127,1.2644074938704457,$500-750M
2713,19.565748737240725,314265502.9024549,299.2825199102614,0.8199521093431819,<$400M
2714,19.991698118528117,481154084.38489896,332.21833935818796,0.9101872311183232,$400-500M
2715,19.769872786003994,385431015.1796244,324.049792465064,0.8878076505892164,<$400M
2716,20.35206965316574,689908579.4078672,425.8800156364811,1.1667945633876196,$500-750M
2717,19.1040640187414,198056721.27930564,355.87859820989473,0.9750098581093006,<$400M
2718,20.315674029457096,665250373.6278042,317.45119305571785,0.8697292960430626,$500-750M
2719,18.99332089502527,177294171.17761666,351.6601905569774,0.9634525768684312,<$400M
2720,20.279653009815796,641713826.9198594,421.63628058295114,1.1551678920080852,$500-750M
2721,20.229517989314665,610334661.019726,430.06259630346983,1.178253688502657,$500-750M
2722,20.023268465904668,496586609.29516,342.72025608177677,0.938959605703498,$400-500M
2723,19.805339069318933,399346120.72945166,307.8462117612272,0.8434142787978828,<$400M
2724,20.23828612000601,615709685.1138719,372.26722346058426,1.0199102012618746,$500-750M
2725,19.596674877927292,324136369.2416636,376.3726474648057,1.0311579382597418,<$400M
2726,19.499383406491297,294086178.4974038,343.1532315863431,0.9401458399625838,<$400M
2727,18.66822379872849,128087450.89617795,301.6224014111305,0.8263627435921383,<$400M
2728,18.759087032699714,140271029.30557796,340.5057889119504,0.9328925723615079,<$400M
2729,19.336175119876323,249800990.26426157,367.8893006884908,1.007915892297235,<$400M
2730,19.76620243265283,384018940.1537982,327.8491470333929,0.8982168411873779,<$400M
2731,19.1948526244212,216879536.1519776,322.21423476346587,0.8827787253793585,<$400M
2732,19.883662527147717,431881812.73567307,365.748091860558,1.0020495667412548,$400-500M
2733,19.40924211827829,268736557.6955773,337.04670162242405,0.9234156208833536,<$400M
2734,19.15603736492054,208622585.17423216,329.54744515960374,0.9028697127660377,<$400M
2735,19.035994289178184,185023664.1484459,303.11610786163374,0.8304550900318732,<$400M
2736,19.143782554621264,206081556.68082494,306.1751371519364,0.8388359921970859,<$400M
2737,19.501265226426572,294640116.77336484,329.317832226635,0.9022406362373562,<$400M
2738,19.99396224745726,482244713.46324897,382.16721523941436,1.0470334664093544,$400-500M
2739,19.02376241327385,182774262.89370802,413.67059797253575,1.1333441040343446,<$400M
2740,19.79115217320729,393720637.229251,334.4377810372027,0.91626789325261,<$400M
2741,20.20304709714207,594390516.8838593,312.3784793275154,0.855831450212371,$500-750M
2742,19.68411211292649,353753928.7710027,357.5620158158146,0.9796219611392182,<$400M
2743,19.832574710918536,410372035.9264563,304.49255960120337,0.8342261906882285,$400-500M
2744,19.573403307829658,316680300.7074846,335.6021681048418,0.9194579948077857,<$400M
2745,19.811115661396315,401659656.10829765,363.44071857679097,0.9957279961007972,$400-500M
2746,19.469241845812014,285354220.6045475,368.2912078220261,1.0090170077315783,<$400M
2747,19.211020754065533,220414573.07025072,323.4569757613688,0.8861834952366269,<$400M
2748,19.567758142248543,314897624.459189,357.7494924990795,0.980135595887889,<$400M
2749,20.024625616764922,497261009.7672337,364.5134276068678,0.9986669249503228,$400-500M
2750,18.94483620555287,168903179.36549467,329.42421772464076,0.9025321033551802,<$400M
2751,20.18920785702392,586221262.3185071,325.0578592644396,0.8905694774368209,$500-750M
2752,18.928512770669467,166168479.88247547,343.6758925112196,0.9415777877019715,<$400M
2753,19.14139778589636,205590685.36958528,331.39485589248056,0.9079311120341933,<$400M
2754,19.08323737480026,193974521.28114784,342.6508884133596,0.9387695572968756,<$400M
2755,19.94471427404609,459070464.6719999,326.2460019325659,0.8938246628289477,$400-500M
2756,19.46683943343324,284669504.9066903,300.04148717197086,0.8220314717040298,<$400M
2757,20.77970338476509,1058060534.5484658,380.27783369531204,1.0418570786172932,>$1B
2758,19.71628380856197,365319842.46463054,339.6330263336815,0.9305014420100863,<$400M
2759,19.35927119400653,255637553.8590547,370.36487011258697,1.0146982742810602,<$400M
2760,20.62421674439899,905698243.8981403,304.7181812960137,0.8348443323178458,$750M-1B
2761,20.488504729798866,790759733.9147253,321.0209213804356,0.879509373645029,$750M-1B
2762,19.28478089391293,237286989.79255837,315.87825256865654,0.8654198700511138,<$400M
2763,20.05795270721115,514112518.58273727,313.16055256465546,0.8579741166154944,$500-750M
2764,19.483166475831382,289355465.8289289,328.40650932571424,0.8997438611663404,<$400M
2765,20.116749196411625,545246855.7516662,349.5280965669142,0.9576112234709978,$500-750M
2766,19.494382104548553,292619036.58952385,342.2026687405569,0.9375415581933065,<$400M
2767,19.268379014375498,233426781.04916975,303.92842394514525,0.8326806135483432,<$400M
2768,20.09711224482598,534644311.171971,329.5853521659449,0.9029735675779313,$500-750M
2769,19.15163804141776,207706802.82048774,366.5256171064089,1.004179772894271,<$400M
2770,19.630310839613582,335224441.342506,305.3980262367143,0.8367069211964776,<$400M
2771,20.622503415079443,904147813.1207361,334.0976280926348,0.9153359673770817,$750M-1B
2772,20.283718400141623,644327954.2273096,365.6352135277583,1.0017403110349543,$500-750M
2773,19.715797752422205,365142319.658743,323.58299071066375,0.8865287416730514,<$400M
2774,19.760256507134734,381742367.01243925,353.33455833051516,0.9680398858370278,<$400M
2775,19.415442636084467,270408040.1799869,334.58685800642513,0.9166763233052744,<$400M
2776,19.439403047230968,276965372.47753966,299.2762702791859,0.8199349870662628,<$400M
2777,18.750661396976323,139094121.7697045,352.9651887623981,0.967027914417529,<$400M
2778,19.676326132725386,351010302.45582575,380.24466462491387,1.0417662044518188,<$400M
2779,19.916392318868947,446251083.4118956,351.4007817623696,0.9627418678421085,$400-500M
2780,20.327070628786192,672875332.3604956,341.73235940667377,0.9362530394703391,$500-750M
2781,20.095819809059627,533953764.08193797,377.1669129801333,1.0333340081647489,$500-750M
2782,19.50523753987057,295812847.35502356,316.39179897567345,0.8668268465086943,<$400M
2783,19.985656896441892,478256088.2364595,448.1359341934343,1.227769682721738,$400-500M
2784,19.92740259748252,451191580.38623756,295.6875333746138,0.8101028311633255,$400-500M
2785,19.926775782792912,450908855.4931394,305.71566361333896,0.8375771605844903,$400-500M
2786,20.54933887406477,840358272.763705,565.226630468599,1.5485661108728739,$750M-1B
2787,18.986377179107663,176067355.07960588,396.54782246374884,1.0864323903116406,<$400M
2788,19.040167310557784,185797385.1089196,344.3352244265305,0.9433841765110424,<$400M
2789,18.74901176373579,138864856.63655418,343.01936796177023,0.9397790903062198,<$400M
2790,18.606720505839377,120447015.14315738,325.6330322548147,0.8921452938488074,<$400M
2791,19.77013840496298,385533406.56258225,359.56032772434156,0.9850967882858673,<$400M
2792,20.478581485746396,782951636.9862665,334.4543842561549,0.9163133815237121,$750M-1B
2793,18.53261628644516,111844076.64178008,311.88912271047457,0.8544907471519851,<$400M
2794,19.78725070940856,392187543.0167287,404.134731058065,1.1072184412549726,<$400M
2795,19.69368791291868,357157676.43367136,328.71139142727395,0.900579154595271,<$400M
2796,18.952530363752995,170207759.53521183,326.0118907768573,0.8931832624023487,<$400M
2797,19.674151913675583,350247958.22154236,315.7220931651738,0.8649920360689693,<$400M
2798,19.40742330208354,268248219.52562773,340.54523895816686,0.9330006546799092,<$400M
2799,19.499473856429763,294112779.7771763,401.9903774507644,1.101343499865108,<$400M
2800,19.458222989781785,282227203.2460125,376.2924311731634,1.0309381675977078,<$400M
2801,20.070391449226257,520547369.3245698,297.17425089934704,0.8141760298612247,$500-750M
2802,19.369988732850416,258392093.8503894,321.3391129754972,0.8803811314397183,<$400M
2803,19.872686455177906,427167367.25372934,353.2895290739572,0.9679165180108417,$400-500M
2804,19.81746271374923,404217118.56208867,397.89291479280365,1.0901175747748044,$400-500M
2805,18.162392071715896,77237223.75011145,327.5438830397982,0.8973805014788991,<$400M
2806,19.054577936735576,188494226.6884034,299.76991770556026,0.8212874457686582,<$400M
2807,20.68795746653907,965307698.0281307,348.6409895733289,0.955180793351586,$750M-1B
2808,19.625026108120384,333457543.08370656,315.7500810662014,0.8650687152498668,<$400M
2809,19.480364564226424,288545852.15391046,323.29397851809,0.8857369274468219,<$400M
2810,20.126490577019077,550584267.5710379,334.2958019049441,0.9158789093286139,$500-750M
2811,20.67870869734877,956420949.0240638,351.0972226327168,0.9619101989937446,$750M-1B
2812,19.56910217949705,315321143.14461815,377.5897020673117,1.0344923344309909,<$400M
2813,19.528812419879742,302869452.2224325,327.69670276278146,0.897799185651456,<$400M
2814,19.565864927402064,314302019.583339,317.9669990634321,0.8711424631874852,<$400M
2815,19.536553168127693,305222985.7073758,315.66015307246164,0.8648223371848264,<$400M
2816,19.595325474057823,323699273.3465447,311.1548529187095,0.8524790490923547,<$400M
2817,20.187621836986757,585292240.5685573,332.0666345843633,0.9097716016009955,$500-750M
2818,19.490205208437295,291399346.3065858,312.09498052260335,0.8550547411578174,<$400M
2819,19.455550174148506,281473869.17506224,314.5759263825717,0.8618518531029362,<$400M
2820,19.026775587959342,183325824.23384035,328.21461479478415,0.899218122725436,<$400M
2821,19.588124321178842,321376638.2545395,347.3427990622133,0.9516241070197625,<$400M
2822,19.106327347459185,198505496.4155775,364.7460401590583,0.9993042196138583,<$400M
2823,19.25222390907751,229686044.1777292,345.942537229421,0.9477877732312905,<$400M
2824,19.7951254905936,395288126.28606856,408.6499357035331,1.1195888649411867,<$400M
2825,19.13685113669519,204658058.41458783,311.86043377724917,0.8544121473349292,<$400M
2826,19.076950382290416,192758830.4426591,324.83604611726764,0.8899617701842949,<$400M
2827,19.39002489152523,263621492.42997113,335.1882819707408,0.9183240601938103,<$400M
2828,19.437407614247082,276413257.6751462,350.7709279095248,0.9610162408480132,<$400M
2829,19.648215996134926,341280745.1678144,389.9629043084247,1.0683915186532182,<$400M
2830,19.808825997235708,400741042.44865584,303.585594358483,0.8317413544068026,$400-500M
2831,20.46899412296521,775481064.3702399,381.96961957614326,1.0464921084277898,$750M-1B
2832,20.659237599243742,937978512.7984143,332.8099619163524,0.9118081148393217,$750M-1B
2833,19.468162124833146,285046283.93890715,376.77190846467033,1.0322518040127955,<$400M
2834,19.81707683985023,404061171.8163314,332.2255573147425,0.9102070063417603,$400-500M
2835,19.774959210450877,387396475.2624452,351.33050216054426,0.9625493209877924,<$400M
2836,19.941667208046926,457673775.6503356,380.90863592229124,1.0435853038966882,$400-500M
2837,20.0367674001709,503335447.8742095,333.62715946089395,0.9140470122216272,$500-750M
2838,20.34162644187504,682741208.6651089,323.65034134584874,0.8867132639612294,$500-750M
2839,19.423679294202014,272644496.57866853,329.81924121352534,0.9036143594891105,<$400M
2840,19.72000741759603,366682686.5048615,330.77281759055245,0.9062268975083628,<$400M
2841,19.03753570676976,185309082.79737306,377.6277764377983,1.0345966477747899,<$400M
2842,19.22575074949338,223685308.5449372,343.63714584818075,0.9414716324607691,<$400M
2843,20.2061439556319,596234113.4076983,343.23713401435276,0.9403757096283637,$500-750M
2844,19.724935671368094,368494252.09870553,380.4347968583395,1.0422871146803823,<$400M
2845,20.225060265422513,607620012.6907457,332.6823075655468,0.9114583768919091,$500-750M
2846,19.211386987357784,220495311.00856438,324.89779839658434,0.89013095451119,<$400M
2847,19.09361227590321,195997463.52326307,333.08210738621636,0.9125537188663462,<$400M
2848,19.962514878393744,467315360.7413577,383.23701462740934,1.0499644236367378,$400-500M
2849,19.305657305596835,242292760.13814735,322.7174508057018,0.8841573994676761,<$400M
2850,20.134810071592238,555183957.4142977,319.44386603893713,0.8751886740792798,$500-750M
2851,19.067469189420045,190939883.3139063,328.5617988140038,0.9001693118191885,<$400M
2852,19.567166951671023,314711514.9692342,319.2243708085888,0.8745873172838049,<$400M
2853,19.797926484574017,396396878.0269039,312.8228325886417,0.8570488564072375,<$400M
2854,19.500324476891578,294363064.5593233,342.70149177374236,0.93890819664039,<$400M
2855,20.203622976909177,594732912.9363106,386.43185209979225,1.0587174030131294,$500-750M
2856,20.90692331376994,1201604175.321883,447.90331571871076,1.2271323718320843,>$1B
2857,19.12922342089135,203102923.5116446,350.17232239114736,0.9593762257291708,<$400M
2858,20.26321246993228,631249956.68264,312.1177677316146,0.8551171718674373,$500-750M
2859,19.803922531100696,398780832.1580913,324.0956566002146,0.8879333057540126,<$400M
2860,19.719393708065144,366457718.8847901,308.61682732973014,0.8455255543280278,<$400M
2861,19.630085548817046,335148926.8677752,306.8799714047614,0.8407670449445518,<$400M
2862,20.256458410602345,627000822.627769,339.0374934731474,0.9288698451319106,$500-750M
2863,20.96845475363669,1277862699.995084,312.620051796552,0.8564932925932931,>$1B
2864,19.432699251786982,275114862.9244262,318.7155777437841,0.8731933636816003,<$400M
2865,19.91305375219299,444763728.61379683,306.0644595027277,0.8385327657608977,$400-500M
2866,19.785218790689658,391391458.86979157,343.9135554412055,0.9422289190170015,<$400M
2867,19.598757136523382,324812008.166182,335.8013442285996,0.9200036828180811,<$400M
2868,19.426290481142644,273357352.6227271,336.2179033257868,0.9211449406185939,<$400M
2869,20.79738450568488,1076934596.3836462,353.2774653929034,0.9678834668298724,>$1B
2870,18.652819619151987,126129487.92441607,320.55474520733634,0.8782321786502365,<$400M
2871,20.247404732476813,621349778.9613229,397.8544391933876,1.0900121621736647,$500-750M
2872,19.169026182108386,211350020.52870396,317.5994860194778,0.8701355781355556,<$400M
2873,19.806764792011816,399915883.6215203,341.2201047144142,0.9348496019572993,<$400M
2874,19.99566112190005,483064682.9975494,338.5958470263455,0.9276598548667,$400-500M
2875,19.60338566955611,326318895.9250803,310.44996777523426,0.85054785691845,<$400M
2876,19.89922574776486,438655860.9410238,386.28137449462366,1.0583051356017086,$400-500M
2877,20.147039718394527,562015348.731138,312.0782732217782,0.8550089677308992,$500-750M
2878,19.37726919713221,260280172.96682894,300.53193386186894,0.8233751612653943,<$400M
2879,19.00546289405774,179459998.96335894,311.41225246628665,0.8531842533322922,<$400M
2880,19.810956879861774,401595885.034706,353.7113413232342,0.9690721680088608,$400-500M
2881,20.097959016589407,535097224.6082407,318.24786606865376,0.8719119618319281,$500-750M
2882,19.75757381851182,380719643.545238,314.0147804798194,0.8603144670679984,<$400M
2883,19.492654607633746,292113974.4788231,305.46456283261233,0.8368892132400337,<$400M
2884,19.740818662722205,374393770.093675,329.3105234345367,0.9022206121494156,<$400M
2885,19.505799611931486,295979162.2278749,326.3115634163774,0.8940042833325408,<$400M
2886,19.687354216458132,354902696.8390619,298.37772581845985,0.817473221420438,<$400M
2887,19.7046030324138,361077448.62480104,307.9806788631291,0.8437826818167922,<$400M
2888,19.84957155729126,417406680.40851235,414.96431165939794,1.1368885250942409,$400-500M
2889,19.1737866656066,212358547.44703454,321.6535151233179,0.8812425071871723,<$400M
2890,19.767738120715208,384609126.5110033,289.42831781478895,0.7929542953829835,<$400M
2891,19.817007614707197,404033201.5920509,329.2204518597857,0.9019738407117417,$400-500M
2892,19.157134873781747,208851676.00171992,330.9980906878026,0.9068440840761715,<$400M
2893,20.238074104586456,615579159.0039226,398.6138270411385,1.092092676825037,$500-750M
2894,19.837824363371364,412532011.0903547,334.3909987302288,0.916139722548572,$400-500M
2895,19.584479893373707,320207535.94662976,305.47074336232834,0.8369061461981598,<$400M
2896,19.922220241599014,448859393.3761615,308.92441570908085,0.8463682622166598,$400-500M
2897,19.498585097912006,293851500.6631858,406.92483306253854,1.114862556335722,<$400M
2898,20.79864239835917,1078290116.8940496,356.92137029312164,0.9778667679263606,>$1B
2899,19.314277560249867,244390413.59511906,294.9145647276239,0.8079851088428052,<$400M
2900,20.750946556432705,1028067390.1307837,344.9161385824417,0.9449757221436759,>$1B
2901,19.671621666101693,349362864.4004477,336.6786860663931,0.9224073590860085,<$400M
2902,19.349318126438906,253105796.2901213,314.75295330544185,0.8623368583710735,<$400M
2903,19.38347504531643,261900454.61649513,339.1431043764535,0.9291591900724753,<$400M
2904,19.413413413615405,269859878.46816885,317.3159536454866,0.8693587771109222,<$400M
2905,20.074517412899862,522699565.7497556,365.616099431772,1.0016879436486905,$500-750M
2906,19.898710988947464,438430117.07560956,326.0594438421561,0.8933135447730304,$400-500M
2907,19.576813814142046,317762184.7094998,386.7451614957688,1.0595757849199146,<$400M
2908,19.46130139133706,283097350.5516688,397.8205765952213,1.0899193879321132,<$400M
2909,19.611502738887104,328978428.22904027,348.9309899995209,0.9559753150671805,<$400M
2910,18.435490554506085,101492001.91822317,320.8733683306694,0.8791051187141627,<$400M
2911,19.73374479013367,371754701.4884591,367.7309130876454,1.0074819536647819,<$400M
2912,19.417091994307636,270854407.9136238,351.1737499451236,0.9621198628633523,<$400M
2913,19.7461593713578,376398647.101249,347.80140041546315,0.9528805490834606,<$400M
2914,20.240150394101263,616858607.35025,410.9069819460314,1.1257725532767984,$500-750M
2915,19.64366199957416,339730087.3531505,310.24815442998795,0.8499949436438026,<$400M
2916,20.172617828320103,576576063.0352436,420.63583149821085,1.1524269356115366,$500-750M
2917,19.408568950233484,268555713.7084914,341.51909251369955,0.9356687466128755,<$400M
2918,20.166347419014876,572972006.388278,367.19712030989416,1.0060195076983403,$500-750M
2919,19.836289808222585,411899443.4477999,331.24416351329234,0.907518256200801,$400-500M
2920,19.19156343961617,216167351.17322883,375.6393046649619,1.0291487799040053,<$400M
2921,19.47496594936486,286992301.51221126,320.91397093819495,0.8792163587347807,<$400M
2922,19.87340970571063,427476428.03037065,316.6462389423562,0.8675239423078253,$400-500M
2923,20.414593646165784,734421480.7027981,413.53277787606834,1.1329665147289543,$500-750M
2924,19.813772001562313,402728019.1254663,359.539573070253,0.9850399262198714,$400-500M
2925,19.403675847620722,267244852.74810192,360.68489580764924,0.9881777967332855,<$400M
2926,19.731030793738118,370747128.46183395,314.0940591045944,0.8605316687797107,<$400M
2927,19.220528841532413,222520288.9114877,305.0906666883505,0.8358648402420562,<$400M
2928,19.870171201361174,426094283.0082222,355.6260676341693,0.9743179935182721,$400-500M
2929,19.226590107740837,223873139.4711904,385.8904736979193,1.0572341745148472,<$400M
2930,19.015507296370952,181271650.6397818,323.336181924466,0.8858525532177152,<$400M
2931,19.17182880057429,211943184.81734198,323.9490591728191,0.8875316689666276,<$400M
2932,19.40351532507052,267201957.3657403,300.58381402172654,0.8235172986896617,<$400M
2933,19.727081753371603,369285920.1699849,296.7779825044315,0.8130903630258398,<$400M
2934,19.58008845780261,318804448.22265434,338.76575267964273,0.9281253498072404,<$400M
2935,19.149924438529357,207351180.62786403,368.11525237006515,1.0085349380001785,<$400M
2936,18.740987121136556,137754974.9502677,385.83609535593257,1.0570851927559797,<$400M
2937,19.44962192804978,279810159.12201095,325.618091877543,0.892104361308337,<$400M
2938,19.833729192215497,410846076.3494792,371.51208527446084,1.017841329519071,$400-500M
2939,19.708972268423313,362658532.7651656,388.46148089388055,1.064278029846248,<$400M
2940,20.366768862243514,700124589.5513097,318.74238226209104,0.8732668007180576,$500-750M
2941,19.88538131639846,432624764.85915107,364.47028697174244,0.9985487314294313,$400-500M
2942,20.14826736076025,562705726.2650757,371.2986937008285,1.017256695070763,$500-750M
2943,19.034376439776977,184724565.73752603,322.92310981400027,0.8847208488054802,<$400M
2944,19.40779730665955,268348564.350779,401.0142574908835,1.0986691986051602,<$400M
2945,20.298532944951162,653944435.5969505,328.49060762624435,0.8999742674691626,$500-750M
2946,19.36492688860312,257087458.03387973,338.56932332383946,0.9275871871886012,<$400M
2947,18.683361527766923,130041154.02779809,330.3638526890391,0.9051064457233948,<$400M
2948,18.78512389692973,143971208.55075526,321.21157472677186,0.8800317115801969,<$400M
2949,20.03812281674856,504018139.6457386,357.7594458892817,0.9801628654500869,$500-750M
2950,19.86450678428195,423687530.1354065,298.88194796221836,0.8188546519512832,$400-500M
2951,20.1711924298662,575754797.8605416,328.01739823213234,0.898677803375705,$500-750M
2952,20.31212249164649,662891902.3513348,312.95349195541496,0.8574068272751095,$500-750M
2953,20.06198267577489,516188556.244425,330.2796442073298,0.9048757375543282,$500-750M
2954,19.45631793638757,281690057.1629656,329.3425643561719,0.9023083954963614,<$400M
2955,20.123818937356603,549115267.9967924,338.1746476906746,0.92650588408404,$500-750M
2956,20.8133280919245,1094242403.621648,372.30929082081406,1.0200254543036003,>$1B
2957,19.96307366012363,467576560.99720407,479.4108051718588,1.3134542607448185,$400-500M
2958,19.735444600120648,372387151.2126528,355.52885135087706,0.9740516475366495,<$400M
2959,19.13238198221422,203745450.74706614,297.55292117563334,0.8152134826729681,<$400M
2960,19.850332409411212,417724386.014349,312.4063225069941,0.8559077328958743,$400-500M
2961,19.57210650443873,316269894.7850976,335.8083683532025,0.9200229269950754,<$400M
2962,19.106244859391474,198489122.75607312,341.50917085061474,0.935641563974287,<$400M
2963,19.374795492309907,259637112.34680808,388.1237986253137,1.063352872946065,<$400M
2964,19.32610977872791,247299269.53530756,327.0412021246951,0.8960032934923152,<$400M
2965,20.332064909695408,676244266.4863173,392.12801735617705,1.0743233352224029,$500-750M
2966,19.87487133137207,428101695.389334,330.57636343664126,0.9056886669497021,$400-500M
2967,19.823606312308986,406708110.2610692,348.0733595875333,0.9536256427055706,$400-500M
2968,19.425549132364598,273154774.58315945,321.85388846540934,0.8817914752476969,<$400M
2969,19.370495924042704,258523181.28493306,355.94645546617085,0.9751957684004681,<$400M
2970,18.78177890986011,143490431.2649397,318.83583202269193,0.87352282745943,<$400M
2971,19.239285427355536,226733398.06259778,384.96449452642827,1.0546972452778858,<$400M
2972,19.667446797864308,347907360.8563589,327.55396982776585,0.897408136514427,<$400M
2973,19.36588919998073,257334975.29502463,330.56404485197095,0.9056549174026601,<$400M
2974,18.789571033983627,144612894.02105948,334.7293206513613,0.9170666319215378,<$400M
2975,19.69911724729117,359102078.51087904,345.7550249968278,0.9472740410871994,<$400M
2976,19.917982628835496,446961325.56032366,305.08319696106116,0.835844375235784,$400-500M
2977,19.727961579993362,369610970.7266894,342.56457023872076,0.9385330691471802,<$400M
2978,20.769372734599838,1047186346.7371608,313.19729433766315,0.8580747790072963,>$1B
2979,19.054846694484603,188544892.78062013,404.2272343338416,1.1074718748872372,<$400M
2980,20.41686917581165,736094581.4279019,420.44756327244,1.1519111322532603,$500-750M
2981,19.404435750785865,267448010.13776895,387.0315549129186,1.060360424418955,<$400M
2982,19.914565432464546,445436577.6059877,334.2923399035524,0.9158694243932942,$400-500M
2983,19.292677054442958,239168062.80927166,329.48360533747194,0.9026948091437588,<$400M
2984,19.123588373728076,201961647.55057278,509.3386967874806,1.395448484349262,<$400M
2985,19.494075925619924,292529456.5208691,340.61370112577436,0.9331882222623955,<$400M
2986,19.518702987056226,299823038.5435207,305.55759856903023,0.837144105668576,<$400M
2987,18.826132125841653,149997941.0812991,330.4247204362406,0.9052732066746317,<$400M
2988,19.343727940310433,251694835.22056088,331.6541382097411,0.908641474547236,<$400M
2989,19.581037683615914,319107209.30588824,323.88391802327874,0.8873532000637774,<$400M
2990,20.39567663662982,720659005.3969867,306.44796688190746,0.8395834709093355,$500-750M
2991,19.669178623033655,348510397.6068826,380.8137414700403,1.0433253190960008,<$400M
2992,19.63297234025531,336117829.75781655,317.4692326726245,0.869778719651026,<$400M
2993,19.738581004058403,373556941.24818456,395.50385113243186,1.083572194883375,<$400M
2994,19.48452360604128,289748425.4613855,301.15194760361436,0.8250738290509982,<$400M
2995,20.41940517963142,737963689.1285118,318.78463500368633,0.8733825616539351,$500-750M
2996,20.061918894670818,516155634.2183116,326.1571788380215,0.8935813118849903,$500-750M
2997,20.468377073389227,775002701.710204,302.69040365412553,0.8292887771345905,$750M-1B
2998,19.175449177157777,212711889.621495,357.731884616191,0.980087355112852,<$400M
2999,19.85309710568801,418880864.98901546,417.76068828808343,1.144549830926256,$400-500M
3000,20.035570672840937,502733452.871382,393.93449990934204,1.0792726024913482,$500-750M
3001,19.552583309769453,310155179.66798526,317.92160138492824,0.8710180859861048,<$400M
3002,19.224732799547983,223457723.95183235,318.8209422873704,0.8734820336640285,<$400M
3003,19.619252239941822,331537750.833913,314.8130836028916,0.8625015989120318,<$400M
3004,19.267535201118502,233229895.51577646,308.1666158055354,0.8442920980973573,<$400M
3005,19.55456389291728,310770076.51620924,332.02845626401114,0.9096670034630442,<$400M
3006,20.120940644961625,547537026.1073521,319.3915174620289,0.8750452533206271,$500-750M
3007,20.038138592754805,504026091.10177743,372.3711383651505,1.0201948996305492,$500-750M
3008,20.159199095969196,568890821.5827109,327.047168631087,0.8960196400851699,$500-750M
3009,19.69381702150949,357203791.534836,321.738230822415,0.8814746049929179,<$400M
3010,18.75853247890102,140193263.0382124,345.5501858635233,0.9467128379822557,<$400M
3011,19.32048222739342,245911488.76727772,302.0385419296061,0.8275028546016605,<$400M
3012,19.750498012225556,378035253.41037744,319.24062308477204,0.8746318440678686,<$400M
3013,18.34313030604155,92538034.8968031,319.6018754544885,0.8756215765876397,<$400M
3014,20.0872026469835,529372365.6316371,407.12206181991235,1.1154029090956503,$500-750M
3015,20.506006191603458,804721000.11718,377.45523380449896,1.034123928231504,$750M-1B
3016,19.861861092576444,422568065.0838932,350.87819316088047,0.9613101182489876,$400-500M
3017,21.246628688412205,1687693580.3482184,414.9674393729691,1.136897094172518,>$1B
3018,19.588311184584725,321436697.39898837,362.62640281202056,0.9934969940055358,<$400M
3019,20.663454540772456,941942264.9237338,382.3439949105566,1.0475177942754976,$750M-1B
3020,19.427084089961404,273574377.5334926,328.07460419118956,0.8988345320306563,<$400M
3021,20.275910434385384,639316653.1178353,364.37766431749395,0.9982949707328601,$500-750M
3022,19.13867439445145,205031543.18301025,312.98866471994614,0.8575031910135511,<$400M
3023,18.968076794534287,172874558.57896113,345.71999396685413,0.9471780656626141,<$400M
3024,21.02237510320072,1348656978.1186645,327.1642194896685,0.8963403273689547,>$1B
3025,19.70765587955656,362181447.1941626,367.02288573876535,1.005542152708946,<$400M
3026,19.462102159939214,283324136.81088305,367.7299513994675,1.0074793189026507,<$400M
3027,19.703656993587177,360736016.86829805,375.04109718090507,1.027509855290151,<$400M
3028,19.661161973845246,345727680.94536537,335.8977005572507,0.9202676727595909,<$400M
3029,19.795780075694253,395546960.70933765,315.3949168973909,0.8640956627325778,<$400M
3030,20.55009927800761,840997527.5228316,381.1969131393475,1.044375104491363,$750M-1B
3031,20.22530578918528,607769216.1583436,347.12042005930783,0.9510148494775557,$500-750M
3032,19.0876294755751,194828350.60601643,332.9243940653104,0.912121627576193,<$400M
3033,19.15500727665544,208407796.1422324,295.98656578217447,0.8109220980333547,<$400M
3034,19.71685504586456,365528586.40150833,364.31984428223876,0.9981365596773665,<$400M
3035,19.619491726969002,331617159.3325313,320.2367835734208,0.8773610508860843,<$400M
3036,18.957040113060227,170977087.2946548,342.9512860180717,0.9395925644330732,<$400M
3037,20.034038044872478,501963539.66679406,376.20234180475984,1.030691347410301,$500-750M
3038,18.70304887821212,132626687.44021404,374.0342602389567,1.0247513979149498,<$400M
3039,20.01480168237888,492399867.1033793,370.39527895393724,1.0147815861751706,$400-500M
3040,20.215066425945864,601577798.5697998,296.8433635188483,0.8132694890927351,$500-750M
3041,19.164951922335018,210490677.42421284,337.5361321755385,0.9247565265083247,<$400M
3042,20.448091972282384,759440071.9528174,297.10124200879284,0.813976005503542,$750M-1B
3043,19.368646561555952,258045520.0320493,328.2044912228173,0.8991903869118282,<$400M
3044,19.420118306863237,271675339.5803915,322.77807160772437,0.8843234838567791,<$400M
3045,19.78301060219353,390528146.282095,489.6966826263051,1.3416347469213838,<$400M
3046,20.097751855479952,534986384.75477487,314.2375981358531,0.8609249263995975,$500-750M
3047,19.09273917161596,195826411.98135403,322.245796211569,0.882865195100189,<$400M
3048,20.10720596070391,540068186.422538,446.6420047263593,1.2236767252776968,$500-750M
3049,19.74990367279112,377810638.90690917,353.32394371768316,0.9680108047059812,<$400M
3050,18.959283673854205,171361115.41851306,317.9061487951364,0.8709757501236614,<$400M
3051,20.660052435696986,938743123.3569746,350.8376801159268,0.9611991236052788,$750M-1B
3052,20.410523516639714,731438365.1012329,453.84917311632574,1.2434223920995227,$500-750M
3053,20.246722794909875,620926201.6478968,329.5844285534596,0.9029710371327659,$500-750M
3054,19.73853429168622,373539491.9248667,388.04993038331145,1.0631504942008534,<$400M
3055,19.81923447913448,404933931.2853525,311.1309631122089,0.8524135975676956,$400-500M
3056,20.69491972689919,972051871.6532311,345.7475148070544,0.9472534652248066,$750M-1B
3057,19.59276400482277,322871188.6259898,378.77005031170285,1.037726165237542,<$400M
3058,18.790005852024382,144675787.98903072,326.5134141799864,0.8945572991232504,<$400M
3059,19.440641936840525,277308714.63731134,344.23319010305744,0.9431046304193355,<$400M
3060,20.340590419529764,682034239.7978987,368.59946222185107,1.0098615403338385,$500-750M
3061,18.849628671251143,153564106.73368323,312.33072959032904,0.8557006290146001,<$400M
3062,19.534653369063832,304643673.8271836,332.27986886499525,0.910355805109576,<$400M
3063,19.180879537723165,213870133.8743731,413.40195573880965,1.132608097914547,<$400M
3064,19.735566880972,372432689.8147291,332.9522215766316,0.9121978673332373,<$400M
3065,19.612588669338997,329335869.9655774,339.04354877873845,0.9288864350102424,<$400M
3066,20.219262665335954,604107466.8592671,314.04119164471365,0.860386826423873,$500-750M
3067,18.802142120458033,146442309.99817714,302.8897144205126,0.8298348340288015,<$400M
3068,18.886592409230836,159346623.4735263,314.623123682686,0.8619811607744823,<$400M
3069,20.556325194485606,846249841.154529,297.86116819650306,0.8160579950589125,$750M-1B
3070,20.300500005427516,655232049.8423065,396.4452548989725,1.0861513832848562,$500-750M
3071,19.99413950584023,482330202.9579938,323.01201933282255,0.8849644365282809,$400-500M
3072,19.309502864850316,243226305.15482304,460.66350079374143,1.262091782996552,<$400M
3073,18.507768248111127,109099214.18911396,345.3643254969111,0.9462036314983865,<$400M
3074,19.298956445303467,240674617.73022345,327.8692152814788,0.898271822688983,<$400M
3075,19.203961425077857,218864073.26834628,412.46434199982866,1.1300392931502155,<$400M
3076,19.691764523219327,356471383.2539645,307.38461528085276,0.8421496309064459,<$400M
3077,19.226864614832415,223934602.6712454,314.77797969477,0.8624054238212877,<$400M
3078,19.559526861824715,312316252.38103044,320.32961067806616,0.8776153717207292,<$400M
3079,19.99082253845254,480732979.83760834,490.84068524442654,1.3447690006696618,$400-500M
3080,19.167678674297566,211065416.5213508,313.5294952987001,0.8589849186265757,<$400M
3081,20.33244798682504,676503369.8239669,337.0554362523125,0.9234395513761987,$500-750M
3082,20.025241701082535,497567458.866661,352.0551989503024,0.964534791644664,$400-500M
3083,19.475351583182228,287102996.7915479,322.82475909562834,0.8844513947825434,<$400M
3084,20.260671560945433,629648044.0137638,314.24290324149644,0.8609394609356067,$500-750M
3085,19.547355828657256,308538079.686705,369.6797285141504,1.0128211740113708,<$400M
3086,19.766261824146184,384041748.2894286,571.5197610753473,1.5658075645899927,<$400M
3087,19.857171770210453,420591146.0331627,340.34761666941534,0.9324592237518229,$400-500M
3088,19.593004402731463,322948815.51481014,312.5748006196531,0.8563693167661729,<$400M
3089,18.811438410636068,147810027.7066638,335.11077851400864,0.9181117219561881,<$400M
3090,20.76898019230402,1046775362.474095,387.9983095133114,1.0630090671597574,>$1B
3091,19.898748730764197,438446664.53700227,326.13182752999137,0.8935118562465517,$400-500M
3092,20.261029591776712,629873517.7872481,302.48639716934053,0.8287298552584672,$500-750M
3093,19.28821954807389,238104342.178053,298.53178532440063,0.8178953022586318,<$400M
3094,19.94730365092245,460260711.4515485,315.80692446164585,0.8652244505798516,$400-500M
3095,19.809996884899117,401210540.0022884,342.8239746251619,0.939243766096334,$400-500M
3096,19.394585964195986,264826635.4978195,334.34480527233177,0.9160131651296761,<$400M
3097,19.349659111352317,253192116.26422113,334.2659165297768,0.9157970315884296,<$400M
3098,19.339558556237282,250647607.4477592,337.7193611768198,0.925258523772109,<$400M
3099,20.00337000827769,486802964.231607,330.55358247610087,0.9056262533591805,$400-500M
3100,19.30191968480125,241388851.96451363,337.0130336266673,0.9233233797990885,<$400M
3101,20.7683157360722,1046080057.086763,425.62512103286514,1.1660962220078497,>$1B
3102,19.763657216932074,383042771.91660106,362.76520369280036,0.9938772703912339,<$400M
3103,19.910087849625256,443446556.9959581,312.2877532653748,0.8555828856585611,$400-500M
3104,20.17952314581351,580571282.0620582,373.6097422191281,1.0235883348469264,$500-750M
3105,19.482518930835344,289168155.797337,325.0424323317159,0.8905272118677148,<$400M
3106,19.712240122904053,363845586.57963777,365.7938383021684,1.0021748994579955,<$400M
3107,19.149487159184837,207260530.06076822,316.57523302158336,0.8673294055385845,<$400M
3108,19.186690605491496,215116565.75850257,311.5939571304074,0.8536820743298832,<$400M
3109,19.621343398221182,332231774.1498808,409.81765962326955,1.122788108556903,<$400M
3110,20.296582416801503,652670141.7440313,315.9231247944985,0.8655428076561603,$500-750M
3111,19.316082331528833,244831880.64813024,327.0633358541917,0.8960639338471005,<$400M
3112,20.42434573702646,741618662.4583145,426.01098926705725,1.1671533952522117,$500-750M
3113,19.86648620687611,424527017.38133126,322.32307334027814,0.883076913261036,$400-500M
3114,18.753096392465867,139433228.02238122,320.22803571566834,0.877337084152516,<$400M
3115,19.014153265331913,181026369.29506963,323.7971299175474,0.8871154244316367,<$400M
3116,19.75863710528962,381124673.0013412,312.5025881881337,0.8561714744880375,<$400M
3117,19.575765626534512,317429284.82659,318.12607454659667,0.871578286429032,<$400M
3118,19.397952662292504,265719729.37260538,317.2489406233134,0.8691751797898997,<$400M
3119,20.06794018694103,519272933.8164586,323.138814346148,0.885311820126433,$500-750M
3120,19.32641824371883,247375564.46879208,313.5086979228768,0.858927939514731,<$400M
3121,19.625815499535538,333720875.5280462,327.8062182849561,0.898099228177962,<$400M
3122,19.734415238355616,372004027.337769,357.2419445479035,0.9787450535558999,<$400M
3123,19.189345877636743,215688517.79164925,390.83628716015795,1.0707843483839943,<$400M
3124,19.42979783818635,274317797.78637165,445.97369993616945,1.2218457532497793,<$400M
3125,19.50739414838027,296451488.26058954,330.4811606591207,0.9054278374222484,<$400M
3126,19.758936508931082,381238800.20048636,395.20124910233363,1.0827431482255716,<$400M
3127,20.327560998196315,673205370.7540642,337.59301063843725,0.9249123579135267,$500-750M
3128,19.53267964031214,304042982.8446655,350.22759651141706,0.9595276616751153,<$400M
3129,19.250378782906484,229262635.18812543,321.2887418679231,0.8802431284052687,<$400M
3130,19.74091663509011,374430452.1347434,353.7716881406003,0.9692375017550693,<$400M
3131,20.05032172638874,510204266.67592955,381.5482854028601,1.045337768227014,$500-750M
3132,19.95927499678609,465803764.31808966,327.5663690419204,0.8974421069641654,$400-500M
3133,20.010432562492497,490253205.97671145,351.94754538634567,0.9642398503735498,$400-500M
3134,18.813511826968618,148116817.37366974,322.95685777322876,0.88481330896775,<$400M
3135,19.305311177878266,242208910.41004974,329.7909224978249,0.9035367739666436,<$400M
3136,20.378441191925297,708344554.32223,421.9708249094798,1.156084451806794,$500-750M
3137,19.91093165876463,443820899.168036,331.57452919062104,0.9084233676455371,$400-500M
3138,20.360059678596688,695443047.328511,481.6954493744454,1.3197135599299874,$500-750M
3139,19.52384153217006,301367657.9026144,307.7540649922037,0.8431618218964485,<$400M
3140,20.180515900343888,581147933.0215994,369.92551650428794,1.0134945657651724,$500-750M
3141,19.656060128388948,343968323.5481549,322.7839859688545,0.8843396875859028,<$400M
3142,19.414266885409628,270090294.5756716,339.66682326882244,0.9305940363529382,<$400M
3143,18.99012892940482,176729156.51193282,315.8674464621495,0.8653902642798615,<$400M
3144,20.427332349222308,743836900.6600512,315.9919178253673,0.865731281713335,$500-750M
3145,19.37893325703565,260713655.33660924,318.66334400352076,0.8730502575438925,<$400M
3146,20.388031229503465,715170282.3980767,350.9118649791412,0.9614023698058664,$500-750M
3147,19.73656028792743,372802850.86906105,333.6664185302157,0.9141545713156595,<$400M
3148,19.847538697090126,416559012.8669442,355.67184319684395,0.9744434060187506,$400-500M
3149,20.021656908817107,495786976.12567526,324.6075133589157,0.8893356530381252,$400-500M
3150,20.259919814879876,629174886.4434444,410.14900917724776,1.1236959155541035,$500-750M
3151,18.857830123260428,154828734.18746313,328.38833952228674,0.8996940808829774,<$400M
3152,19.636649739707163,337356144.77470297,295.8059616686511,0.8104272922428797,<$400M
3153,21.02099937211442,1346802864.4624407,327.52502601944923,0.89732883840945,>$1B
3154,19.88204409694973,431183407.4805037,354.589529228447,0.9714781622697178,$400-500M
3155,20.22265009361202,606157307.4581892,307.26121059804166,0.8418115358850456,$500-750M
3156,19.829107034926718,408951463.1363458,364.61747414696373,0.9989519839642842,$400-500M
3157,19.742939108791806,375188494.1789587,307.5539941957285,0.8426136827280233,<$400M
3158,19.427708958992298,273745379.11089015,343.27718020952375,0.940485425231572,<$400M
3159,20.588047779307384,873525412.0298593,318.5221365152909,0.8726633877131258,$750M-1B
3160,19.51920921297589,299974855.1604553,306.1677533738866,0.8388157626681826,<$400M
3161,19.662220872383624,346093965.3761944,382.85482455030365,1.0489173275350785,<$400M
3162,19.826875253020493,408039790.36619896,325.9634843420153,0.8930506420329186,$400-500M
3163,19.62273063628272,332692978.5384124,343.13129940557246,0.9400857517960889,<$400M
3164,18.726792702486755,135813435.27679372,380.26993938306407,1.041835450364559,<$400M
3165,19.483326044911422,289401641.6984383,327.20852414097425,0.8964617099752719,<$400M
3166,19.779936643162046,389329521.9646437,338.12080752108085,0.9263583767700845,<$400M
3167,19.536055877886344,305071239.0293466,381.5909790467009,1.045454737114249,<$400M
3168,20.341409825303813,682593331.6223403,296.2154563942532,0.8115491956006936,$500-750M
3169,20.30119793521134,655689515.426067,311.4165881255086,0.8531961318507085,$500-750M
3170,19.329944751549437,248249476.35686773,348.05408053936105,0.9535728233955097,<$400M
3171,19.67655144105569,351089396.91097677,323.7125841719805,0.8868837922520013,<$400M
3172,18.70471878538384,132848346.72043312,299.03852225562656,0.8192836226181549,<$400M
3173,19.837666707816748,412466978.25387776,367.15787379777385,1.0059119830075995,$400-500M
3174,19.741511276147655,374653170.0668289,378.94398811211016,1.0382027071564661,<$400M
3175,19.231203557149524,224908352.9905884,328.09725521686465,0.8988965896352457,<$400M
3176,19.218414766346843,222050361.19669557,353.0330432789427,0.9672138172025828,<$400M
3177,19.802048706331615,398034286.42374325,382.52603374266107,1.0480165308018112,<$400M
3178,19.2297189561777,224574701.56206635,377.23319905842425,1.0335156138586965,<$400M
3179,19.37769685027312,260391506.40466532,326.1561529130489,0.8935785011316408,<$400M
3180,20.126446001117934,550559725.3281562,328.53896266259255,0.9001067470208015,$500-750M
3181,19.07438866941915,192265669.60359058,334.6108155209407,0.9167419603313445,<$400M
3182,19.498095060340393,293707537.6639062,328.7687419395257,0.9007362792863718,<$400M
3183,19.770003149886332,385481264.7384293,325.0684243730277,0.890598422939802,<$400M
3184,19.267094905272028,233127227.96521398,348.3612137059614,0.9544142841259217,<$400M
3185,19.64585614456671,340476322.798136,375.72927351857965,1.0293952699139168,<$400M
3186,20.373650415374485,704959149.6751047,325.93770079045254,0.8929800021656233,$500-750M
3187,19.193812851321542,216654147.8410784,346.87635999039946,0.9503461917545191,<$400M
3188,19.058072948952965,189154168.8948517,360.45000141165013,0.9875342504428771,<$400M
3189,19.34833843478083,252857952.0781616,386.7346607011192,1.0595470156195046,<$400M
3190,19.603746028117612,326436508.9231591,321.5422544054021,0.8809376833024716,<$400M
3191,20.330423112554985,675134921.4922789,309.50866230167287,0.8479689378128024,$500-750M
3192,20.116672462899004,545205018.6503531,375.5290823887559,1.0288468010650846,$500-750M
3193,19.64024547224091,338571370.744372,314.1694623615195,0.8607382530452589,<$400M
3194,20.36737611739703,700549872.9311103,326.4341356780641,0.8943400977481207,$500-750M
3195,19.509048255827913,296942256.65511614,329.6158806903213,0.9030572073707434,<$400M
3196,19.59533921655826,323703721.81451607,379.46792550332486,1.0396381520639038,<$400M
3197,19.582558674250528,319592937.68319577,339.76741848219075,0.9308696396772349,<$400M
3198,19.209531248754345,220086508.78040478,326.4762988463041,0.8944556132775454,<$400M
3199,20.303153893364584,656973271.7573119,385.6674082436599,1.0566230362839997,$500-750M
3200,19.379946543617258,260977966.8742556,384.47740040679764,1.0533627408405415,<$400M
3201,20.0970249465714,534597639.6939831,411.65930132907545,1.1278337022714395,$500-750M
3202,19.46735012707203,284814920.9403652,323.26135828826295,0.8856475569541451,<$400M
3203,20.242540071173337,618334462.9277343,322.4918394954041,0.8835392862887784,$500-750M
3204,19.811293822040618,401731222.4263819,315.3195572917538,0.8638891980595995,$400-500M
3205,19.362590876762766,256487599.598893,334.07040121784496,0.9152613731995752,<$400M
3206,20.777625961648663,1055864776.6841738,303.9980409681666,0.8328713451182647,>$1B
3207,19.92991946420807,452328599.72461426,315.03262121311707,0.863103071816759,$400-500M
3208,19.950882551023103,461910889.70829135,348.26955615548286,0.9541631675492681,$400-500M
3209,19.18737111404784,215263004.24278188,327.58653769948836,0.8974973635602421,<$400M
3210,19.654988276040555,343599837.809218,364.3136936847381,0.9981197087253099,<$400M
3211,19.591474985300835,322455269.48231864,345.0339916871429,0.9452986073620353,<$400M
3212,20.36906491530883,701733959.6537989,343.5122990371302,0.9411295864030965,$500-750M
3213,20.11940030732097,546694283.4371418,293.7076504499833,0.8046784943835159,$500-750M
3214,19.759129429018795,381312355.91822016,299.9721892174101,0.8218416142942743,<$400M
3215,20.16438059534733,571846179.0001762,381.5421508031227,1.0453209611044458,$500-750M
3216,19.56979883996525,315540891.4559279,347.637542830858,0.9524316241941315,<$400M
3217,19.719416256131577,366465981.8909373,323.091893028316,0.8851832685707288,<$400M
3218,20.145326916719327,561053551.8191584,330.5087696900795,0.9055034786029574,$500-750M
3219,20.045442239471665,507720795.5914735,327.51300885736,0.8972959146776985,$500-750M
3220,19.847991302585825,416747592.4383067,375.7582524970495,1.0294746643754782,$400-500M
3221,19.64919823914817,341616130.4832865,338.0939033133456,0.9262846666119058,<$400M
3222,19.54070680240631,306493406.9695694,311.4447935924589,0.8532734071026271,<$400M
3223,19.11489396246291,200213321.27420494,337.1309062051153,0.923646318370179,<$400M
3224,19.54738338361531,308546581.55768204,344.41064705352284,0.943590813845268,<$400M
3225,19.837184537315252,412268146.7833099,349.1002994253905,0.9564391765079192,$400-500M
3226,19.97049315871964,471058646.32490075,367.21069200262406,1.006056690418148,$400-500M
3227,20.204958365192795,595527642.8185134,407.744771506292,1.117108963030937,$500-750M
3228,19.603508525961466,326358988.75441307,352.86303229034223,0.9667480336721705,<$400M
3229,19.43574313441587,275953556.0708238,334.68825425983954,0.9169541212598343,<$400M
3230,19.551128724688212,309704360.5276561,319.55625854498186,0.8754965987533749,<$400M
3231,19.0790013945873,193154586.8861622,376.65883687888083,1.031942018846249,<$400M
3232,20.241197901087894,617505109.5999085,342.80487807203815,0.9391914467727073,$500-750M
3233,20.479565241692264,783722249.2995526,317.32997456298006,0.869397190583507,$750M-1B
3234,19.62573265548676,333693229.8847105,350.87715737758873,0.9613072804865445,<$400M
3235,19.557858992938943,311795783.97834337,355.0851893462257,0.972836135195139,<$400M
3236,20.477793155369678,782334655.6518457,398.9005503747003,1.0928782202046583,$750M-1B
3237,19.53337586356933,304254738.3465064,332.0680586077598,0.9097755030349584,<$400M
3238,19.195390907588422,216996310.18153113,323.89668065699317,0.8873881661835429,<$400M
3239,18.01907145626458,66924217.577297285,354.8143156340455,0.9720940154357411,<$400M
3240,19.661886884479326,345978393.4788903,310.6235520388433,0.8510234302434062,<$400M
3241,19.609381641878763,328281372.591769,327.47039222167655,0.8971791567717166,<$400M
3242,20.418196131416096,737071994.6066563,325.2705120885633,0.891152087913872,$500-750M
3243,19.451448566297426,280321738.1534111,389.20029722776576,1.0663021841856597,<$400M
3244,19.565835478253895,314292763.7928827,332.20021950253715,0.910137587678184,<$400M
3245,19.22329170393085,223135931.9274594,380.2991186418299,1.04191539353926,<$400M
3246,19.785730589585583,391591823.85523117,293.16637238278975,0.8031955407747664,<$400M
3247,20.37458134140551,705615720.060161,461.1771053204242,1.2634989186860937,$500-750M
3248,20.0133646666393,491692788.9071107,316.11720927044865,0.8660745459464346,$400-500M
3249,19.765305636246563,383674707.72460335,342.15892465357393,0.9374217113796546,<$400M
3250,20.112980512059597,543195859.6643535,321.794863180273,0.8816297621377343,$500-750M
3251,19.89605798131918,437268500.20108557,294.9423083029141,0.8080611186381209,$400-500M
3252,20.07387022434496,522361390.0166868,336.48998607884823,0.9218903728187623,$500-750M
3253,18.867198563624502,156286053.69702202,329.3031317910494,0.9022003610713683,<$400M
3254,19.309785498700162,243295058.85743687,318.5481418656988,0.8727346352484899,<$400M
3255,19.331338486476714,248595711.54673627,365.937556683243,1.002568648447241,<$400M
3256,18.85631390073392,154594157.25329295,405.19595124476956,1.1101258938212866,<$400M
3257,19.66085684425993,345622205.2941349,332.0703885613785,0.9097818864695301,<$400M
3258,19.57306507337141,316573206.63001174,337.82591335854147,0.9255504475576478,<$400M
3259,20.39106714713692,717344779.5963677,352.5917053255487,0.9660046721247909,$500-750M
3260,18.768462159327818,141592271.6976226,340.380040976248,0.9325480574691726,<$400M
3261,18.809365116524805,147503891.5114811,347.4226896664997,0.9518429853876704,<$400M
3262,20.31238097995261,663063274.3041828,336.25288560469994,0.92124078247863,$500-750M
3263,20.45893482204765,767719371.0423445,322.8108204730142,0.8844132067753814,$750M-1B
3264,20.018633125397567,494290087.96098644,440.71627719674154,1.2074418553335384,$400-500M
3265,19.129272110636258,203112812.7819315,337.7802667023912,0.9254253882257293,<$400M
3266,19.152735506374306,207934878.88767356,325.92706709920435,0.8929508687649435,<$400M
3267,19.323308534962194,246607493.36745617,324.8233665321868,0.8899270315950324,<$400M
3268,20.72243221177237,999166722.194894,432.40875913687853,1.184681531881859,$750M-1B
3269,19.82159854130234,405892352.710335,349.78438608807085,0.9583133865426599,$400-500M
3270,18.54860557926868,113646757.72606504,312.1756871585726,0.855275855228966,<$400M
3271,19.357425818033906,255166241.4674952,319.59718937544244,0.8756087380149108,<$400M
3272,19.635351903712127,336918595.82167464,366.93318421182846,1.0052963951009,<$400M
3273,19.89869804721908,438424443.06883556,355.65932203889196,0.9744091014764164,$400-500M
3274,19.58215970748828,319465456.1557481,332.30157171827454,0.9104152649815741,<$400M
3275,19.75549160957744,379927730.452331,385.6823793563788,1.0566640530311748,<$400M
3276,19.082323530176062,193797339.67820212,320.4518566225795,0.8779502921166562,<$400M
3277,19.093319438571445,195940076.55194578,300.33966934117245,0.8228484091538971,<$400M
3278,20.03804837790264,503980622.5134834,344.18055991164584,0.9429604381140982,$500-750M
3279,19.572651493715476,316442305.4630315,350.9228566291386,0.9614324839154482,<$400M
3280,19.480861093958097,288689159.323647,299.03077916207826,0.8192624086632281,<$400M
3281,19.41223296074077,269541509.54560703,298.5322239266191,0.8178965039085455,<$400M
3282,18.61496546042599,121444200.5382655,353.12800004542726,0.9674739727271979,<$400M
3283,19.762310675000602,382527335.8686752,290.95796099485204,0.797145098616033,<$400M
3284,19.940373474213747,457082050.4522053,322.357496192829,0.8831712224461068,$400-500M
3285,19.71198950986198,363754413.5553917,305.5844370101282,0.8372176356441869,<$400M
3286,19.574830750157275,317132666.3591652,403.44435855867295,1.105327009749789,<$400M
3287,19.29138753608319,238859849.9669776,350.7466044907518,0.9609496013445255,<$400M
3288,20.375297181268657,706121008.7519606,356.55372596019185,0.9768595231786078,$500-750M
3289,20.424907164282732,742035144.2903653,575.9900418294538,1.5780549091217912,$500-750M
3290,19.580336872123272,318883653.65055764,311.58112851510333,0.8536469274386392,<$400M
3291,19.410390440852414,269045331.2031359,415.0089134463635,1.137010721770859,<$400M
3292,19.042861949238276,186298717.0804786,310.2186774353996,0.8499141847545195,<$400M
3293,19.57359484449321,316740962.4049794,330.285723986741,0.904892394484222,<$400M
3294,19.83553095816826,411586992.0996182,300.99509756637684,0.8246441029215804,$400-500M
3295,19.134532834810063,204184148.79699224,339.2832615397565,0.9295431823007028,<$400M
3296,19.641653137884255,339048301.6316472,364.58315241081726,0.9988579518104582,<$400M
3297,19.705169417365582,361282015.3844283,332.2720827640892,0.9103344733262717,<$400M
3298,20.033949450092646,501919070.2874199,327.6251376382217,0.8976031168170457,$500-750M
3299,20.11153829701124,542413019.069275,345.3673217970969,0.9462118405399915,$500-750M
3300,19.643054678121292,339523824.62314636,290.98180935528313,0.7972104365898168,<$400M
3301,19.862504437610276,422840009.61772424,301.8889042491474,0.8270928883538285,$400-500M
3302,19.115450767475604,200324832.09710982,343.6885980501646,0.9416125973977113,<$400M
3303,19.54155851047424,306754561.0747952,329.4724219140615,0.9026641696275658,<$400M
3304,18.3842981210066,96427127.05752459,319.67441227805756,0.8758203076111166,<$400M
3305,19.93223485245917,453377129.45833457,349.93818924601766,0.9587347650575826,$400-500M
3306,19.732378548682366,371247141.60919297,306.0130577565175,0.8383919390589522,<$400M
3307,19.89652040057562,437470748.3339249,319.2427757598088,0.8746377418076954,$400-500M
3308,18.568914842529278,115978436.84562996,332.4251875993351,0.9107539386283154,<$400M
3309,19.14801944794912,206956554.58075944,321.8274613390574,0.881719072161801,<$400M
3310,20.22121402726288,605287450.0826076,336.3220827962944,0.9214303638254642,$500-750M
3311,20.132291699239968,553787556.5522045,326.4490522887276,0.8943809651745962,$500-750M
3312,19.601460709338838,325691349.2272735,374.48256440825065,1.0259796285157552,<$400M
3313,20.291667719365556,649470334.9537389,336.7357944912856,0.9225638205240702,$500-750M
3314,20.02268727605443,496298082.0507485,347.75589352034166,0.9527558726584703,$400-500M
3315,20.226213308441423,608321028.777714,353.70376067318176,0.9690513991046076,$500-750M
3316,18.977759425356545,174556569.1105957,318.3001941301919,0.8720553263840874,<$400M
3317,18.822045420844503,149386194.6110045,353.54760769689875,0.9686235827312295,<$400M
3318,19.3978212064153,265684801.24829465,313.40740330108434,0.8586504200029708,<$400M
3319,19.53140656080974,303656158.2368418,332.98837825725,0.9122969267321919,<$400M
3320,19.914976884127757,445619890.9364001,410.65009743165234,1.1250687600867186,$400-500M
3321,19.47391141468742,286689817.6959764,334.2369402266646,0.9157176444566154,<$400M
3322,20.139345337110992,557707582.4019939,341.8347014421103,0.9365334286085214,$500-750M
3323,19.65992747950806,345301145.4130485,352.3983660951924,0.9654749756032668,<$400M
3324,19.408407049267996,268512237.7986457,330.20575623626837,0.9046733047568997,<$400M
3325,19.459803258657317,282673550.6927328,330.26010891003034,0.904822216191864,<$400M
3326,19.973374735055657,472417995.36643064,346.310944504532,0.9487971082315946,$400-500M
3327,19.154205426218184,208240751.241232,349.50257431110464,0.9575412994824785,<$400M
3328,19.801764748672813,397921277.5852695,326.1183199937366,0.8934748492979084,<$400M
3329,20.194227549580738,589171310.7993778,323.310014112825,0.8857808605830821,$500-750M
3330,20.27569162546261,639176780.2329305,322.70744124293526,0.8841299760080418,$500-750M
3331,19.929414075518434,452100055.72295606,320.46285530518117,0.8779804254936471,$400-500M
3332,19.34249785770048,251385420.12282106,323.5597630368782,0.8864651042106253,<$400M
3333,19.873128705181422,427356323.8033369,323.28499969672384,0.8857123279362297,$400-500M
3334,19.99265470549873,481614570.3251898,307.03359243193864,0.8411879244710648,$400-500M
3335,19.721577881402705,367259000.81448454,320.23363115598755,0.8773524141259933,<$400M
3336,19.843175060121006,414745260.71456987,347.75225171607775,0.9527458951125418,$400-500M
3337,20.082800570125464,527047149.4366973,303.8585788897995,0.8324892572323274,$500-750M
3338,19.327469319093485,247635711.5260293,320.6059411110185,0.8783724414000508,<$400M
3339,19.396108291888112,265230095.43985388,330.29190836653976,0.9049093379905199,<$400M
3340,19.523166946061245,301164428.0226811,315.47954124448995,0.8643275102588766,<$400M
3341,20.007471768787482,488803814.10457474,320.9234763765745,0.879242401031711,$400-500M
3342,19.69715495917194,358398107.691305,329.18695241938275,0.9018820614229665,<$400M
3343,20.623198416432032,904776415.4882411,452.21075002948044,1.238933561724604,$750M-1B
3344,18.794409393064786,145314278.53690243,375.58741515271726,1.0290066168567595,<$400M
3345,19.70350190835085,360680076.37575513,357.9038632162244,0.9805585293595189,<$400M
3346,19.73946811598896,373888475.0995831,302.7899037145246,0.8295613800397934,<$400M
3347,20.07328282835217,522054647.12799335,360.55244318794337,0.9878149128436805,$500-750M
3348,20.5229472512244,818469958.6947703,386.03518186698705,1.0576306352520193,$750M-1B
3349,19.339497924244146,250632410.64445567,419.7684975417636,1.1500506781966127,<$400M
3350,20.034075257182916,501982219.2374137,316.306692070165,0.8665936769045617,$500-750M
3351,19.394947107132253,264922293.0385478,329.3985562052365,0.9024617978225657,<$400M
3352,18.95869600235856,171260440.96017194,319.79960980298387,0.8761633145287229,<$400M
3353,21.156342499398168,1541994429.2430367,335.2964702703696,0.9186204664941633,>$1B
3354,19.639861531760832,338441404.441007,314.83365946907077,0.862557971148139,<$400M
3355,19.291589262085804,238908039.0700308,346.0984767038812,0.9482150046681677,<$400M
3356,19.617168045638227,330847481.31996244,308.4485115145353,0.8450644151083159,<$400M
3357,20.161397139401878,570142643.5925734,318.32098366604214,0.8721122840165538,$500-750M
3358,18.65716944996427,126679324.83914767,319.93760709764047,0.876541389308604,<$400M
3359,20.315398942190537,665067396.889385,361.69216797598904,0.990937446509559,$500-750M
3360,18.59739330687827,119328804.86024009,337.50295151823485,0.9246656205979037,<$400M
3361,19.986153368275758,478493587.8647036,331.24498895376007,0.9075205176815344,$400-500M
3362,19.62422059418171,333189046.53817,301.74252392765317,0.826691846377132,<$400M
3363,18.213816931215973,81313038.04488303,319.94140262035387,0.8765517880009696,<$400M
3364,19.834451754371376,411143045.4525378,394.20502483527423,1.0800137666719842,$400-500M
3365,19.46635652683984,284532069.3127787,330.4751972927027,0.9054114994320622,<$400M
3366,19.48705866837806,290483887.60923725,314.0661289464417,0.8604551477984704,<$400M
3367,20.03908313211328,504502388.48792416,320.86960175484415,0.8790947993283401,$500-750M
3368,19.80748473381296,400203903.4493972,312.3544310701309,0.8557655645757011,$400-500M
3369,20.254871082503257,626006356.0850097,284.818725653859,0.7803252757639974,$500-750M
3370,19.420682895963665,271828767.82385504,334.4483848257799,0.9162969447281641,<$400M
3371,19.40677063025587,268073198.5917502,353.10213167245996,0.967403100472493,<$400M
3372,18.892128076382253,160231159.33204612,326.7900203985389,0.8953151243795586,<$400M
3373,20.342845503959435,683574020.1073354,387.38719138486044,1.061334770917426,$500-750M
3374,19.531549797473822,303699656.04714227,319.12312335030106,0.8743099269871262,<$400M
3375,18.48910262626366,107081697.1936756,326.08157702593326,0.8933741836326938,<$400M
3376,19.89432916788759,436513197.6214692,329.7593018876377,0.9034501421579115,$400-500M
3377,20.879534594411812,1169140376.0739818,345.3503712374976,0.9461654006506783,>$1B
3378,19.494517195255597,292658569.3722669,296.1174683543663,0.8112807352174418,<$400M
3379,20.66376611296743,942235793.6680778,337.40200922433917,0.9243890663680525,$750M-1B
3380,19.50690611588118,296306845.5979451,325.96007136856616,0.8930412914207292,<$400M
3381,19.239562376558204,226796200.3925356,339.33602793907085,0.9296877477782763,<$400M
3382,19.7656953515948,383824260.7866033,368.17165396124767,1.0086894629075278,<$400M
3383,19.355678906863194,254720877.8285044,317.14160246390526,0.8688811026408363,<$400M
3384,19.660332416017198,345440998.7674271,324.2843318023082,0.8884502241159129,<$400M
3385,19.777399069657683,388342822.1263929,392.8402263357551,1.076274592700699,<$400M
3386,19.570617342640745,315799268.2464343,309.86546805516656,0.8489464878223741,<$400M
3387,19.582522388405213,319581341.19369066,388.9864620602292,1.0657163344115868,<$400M
3388,18.704569927258486,132828572.63638708,333.2924849133644,0.913130095653053,<$400M
3389,19.389659644885512,263525223.14779004,318.26943077278673,0.8719710432131144,<$400M
3390,20.031677190357144,500779874.55797315,294.597355886178,0.8071160435237753,$500-750M
3391,19.247798880186323,228671922.21062487,361.81339544681447,0.991269576566615,<$400M
3392,19.705353459464032,361348512.6036281,327.9043379304542,0.8983680491245319,<$400M
3393,19.77776467294523,388484827.4960913,327.58047518436183,0.8974807539297585,<$400M
3394,19.355460626794954,254665283.40570801,332.8811560914033,0.9120031673737077,<$400M
3395,20.768288095552744,1046051143.2901912,377.957838833951,1.0355009283121945,>$1B
3396,20.05202394053116,511073483.18061954,306.51138307860725,0.8397572139139925,$500-750M
3397,19.728452694449103,369792536.5985766,312.67057500160564,0.8566317123331662,<$400M
3398,20.041538537846456,505742668.6173497,328.80865203535285,0.9008456220146653,$500-750M
3399,19.304718784398887,242065469.9216749,302.7279492382513,0.8293916417486338,<$400M
3400,19.36337011255761,256687541.80838028,316.0067895594204,0.8657720261901928,<$400M
3401,19.460333088948907,282823359.3856084,402.3408419128322,1.102303676473513,<$400M
3402,20.191890274420487,587795863.3552425,293.8575287341211,0.8050891198195099,$500-750M
3403,19.28105091414535,236403562.72830126,325.47480686787594,0.8917117996380163,<$400M
3404,19.163888318120634,210266917.66961905,336.6372152906942,0.9222937405224498,<$400M
3405,19.233391143402653,225400897.9576798,308.5953836577696,0.8454668045418345,<$400M
3406,19.331448758232288,248623126.14377677,313.72041770624526,0.8595079937157404,<$400M
3407,19.37506189505538,259706289.60046026,308.329494687271,0.8447383416089617,<$400M
3408,20.235881775625966,614231085.2366825,355.2387988135374,0.9732569830507874,$500-750M
3409,20.20300072750607,594362955.8509523,335.02193226307855,0.9178683075700782,$500-750M
3410,19.4357986403529,275968873.5566322,365.4177427788709,1.0011445007640298,<$400M
3411,19.29126200105527,238829866.57106575,364.3432438158637,0.9982006679886676,<$400M
3412,19.73836266671672,373475388.72197044,306.06311529229606,0.838529082992592,<$400M
3413,19.692936005328843,356889227.80292135,357.8006682780701,0.9802758035015618,<$400M
3414,19.190831174542645,216009117.31356287,329.8446524968068,0.9036839794433064,<$400M
3415,19.410688849483115,269125628.632144,363.76266768127437,0.9966100484418475,<$400M
3416,20.14997043956773,563664874.983421,340.08181205313366,0.9317309919263936,$500-750M
3417,20.674308572449796,952221822.5079037,325.2306545571065,0.891042889197552,$750M-1B
3418,19.84249248396166,414462262.082452,375.4673837598211,1.028677763725537,$400-500M
3419,19.993445716444427,481995683.43437296,368.56947509862783,1.0097793838318572,$400-500M
3420,20.75424553535798,1031464563.3049155,423.4585487055945,1.1601604074125877,>$1B
3421,18.950583890923745,169876776.98472083,349.0843115265884,0.9563953740454477,<$400M
3422,19.77887729260572,388917303.8992253,344.24452766590053,0.9431356922353439,<$400M
3423,19.01225200555989,180682518.12023583,323.7972554431498,0.8871157683373968,<$400M
3424,19.864354150991005,423622866.24840605,341.5805809103775,0.9358372079736369,$400-500M
3425,19.213424434426187,220945016.5035789,312.536824929673,0.856265273779926,<$400M
3426,19.11702558003318,200640554.6949961,311.45046777431,0.8532889528063289,<$400M
3427,19.685241978951932,354153849.2021977,320.8148807117936,0.8789448786624482,<$400M
3428,19.705559051838453,361422810.7396311,346.94657181885077,0.9505385529283583,<$400M
3429,19.921030561612945,448325711.8573586,344.3114000779874,0.9433189043232532,$400-500M
3430,19.607620483842332,327703726.0269696,357.3300699079759,0.9789864928985641,<$400M
3431,19.685974436394833,354413346.84886754,396.3896782262253,1.0859991184280147,<$400M
3432,19.095058670755943,196281158.36357108,347.9958528266622,0.9534132954155129,<$400M
3433,20.10677554987689,539835785.245351,391.2369351617848,1.0718820141418761,$500-750M
3434,18.71255656909817,133893674.50409755,351.47241938369035,0.9629381352977818,<$400M
3435,18.609989498704476,120841399.84546193,320.0896440191476,0.8769579288195825,<$400M
3436,19.555406981146938,311032193.58823305,338.02924235817284,0.9261075133100626,<$400M
3437,20.63794921493363,918221509.228546,403.91198018517713,1.1066081648908963,$750M-1B
3438,19.87239792852198,427044135.860361,364.5342938807292,0.9987240928239156,$400-500M
3439,19.41833464310564,271191194.0281442,355.09343899089015,0.9728587369613428,<$400M
3440,20.431586407406694,747007966.2817508,339.8924493915768,0.9312121901139091,$500-750M
3441,19.10602516280574,198445520.16334394,364.85510418864544,0.999603025174371,<$400M
3442,20.412925831831263,733197622.8971884,329.7746970474851,0.9034923206780414,$500-750M
3443,19.444757794858432,278452430.0043471,320.0935616971818,0.8769686621840598,<$400M
3444,19.393546445758613,264551486.36358812,326.25195495843633,0.8938409724888666,<$400M
3445,19.376856130350514,260172682.07542875,317.706893124647,0.8704298441771151,<$400M
3446,18.73783529768843,137321479.10017803,345.7743174649263,0.9473268971641816,<$400M
3447,19.569171447387472,315342985.5314882,323.2956343899627,0.8857414640820895,<$400M
3448,20.030274819057784,500078087.4326713,321.34583118964633,0.8803995375058804,$500-750M
3449,20.00489747118078,487547105.88028306,312.9245711683578,0.8573275922420761,$400-500M
3450,19.406507959466815,268002792.8403234,307.3122266839692,0.8419513059834772,<$400M
3451,20.006129228072382,488148015.39917624,334.85660027743614,0.9174153432258525,$400-500M
3452,19.784610181503556,391153326.9045627,343.2186602294314,0.9403250965189902,<$400M
3453,19.602264019073733,325953085.3722004,321.5521618759335,0.8809648270573521,<$400M
3454,19.13669093922139,204625275.3365902,319.6565124511885,0.8757712669895575,<$400M
3455,19.194011033700896,216697089.13055727,362.1514560196299,0.9921957699167943,<$400M
3456,19.28769713126622,237979984.95370048,316.58566586251914,0.867357988664436,<$400M
3457,19.7115041205655,363577893.9003463,331.5920139001871,0.9084712709594167,<$400M
3458,19.428464122922183,273952179.82155824,356.5442120268361,0.9768334576077701,<$400M
3459,19.34958942015344,253174471.6169378,321.46292820453584,0.8807203512453037,<$400M
3460,19.75519842780621,379816358.89423066,362.13253787788807,0.9921439393914742,<$400M
3461,19.192306379385982,216328010.16793865,417.9921762193642,1.1451840444366141,<$400M
3462,18.99444976534785,177494426.31560004,331.07520396767916,0.9070553533361073,<$400M
3463,19.959001740745062,465676498.0144919,332.81093405948064,0.9118107782451524,$400-500M
3464,19.297635323676737,240356867.22748125,292.06761785359384,0.8001852543934078,<$400M
3465,19.548491057911434,308888540.0295722,334.5308495840792,0.9165228755728198,<$400M
3466,18.689268118124033,130811526.75254306,336.43281757045554,0.9217337467683714,<$400M
3467,19.346608751020252,252420965.81768677,328.89930835701756,0.9010939954986783,<$400M
3468,19.647830148348657,341149088.1492131,350.70016347055036,0.9608223656727407,<$400M
3469,18.796809029677757,145663398.7133189,352.1519755031508,0.9647999328853447,<$400M
3470,19.834421786866034,411130724.70573914,305.80759827311147,0.837829036364689,$400-500M
3471,19.220923126692956,222608042.65818828,324.38264369197253,0.8887195717588289,<$400M
3472,19.383436313787435,261890311.0078832,361.98362532346084,0.9917359597903037,<$400M
3473,19.821575563458246,405883026.2862868,339.6964741308987,0.9306752715915033,$400-500M
3474,20.00424687532819,487230012.9161233,360.837925695819,0.988597056700874,$400-500M
3475,19.801116940749143,397663584.5054742,343.609224907229,0.9413951367321343,<$400M
3476,19.280354654387132,236239021.72915944,444.8308263612706,1.2187145927706045,<$400M
3477,19.176687371214584,212975431.34326315,378.2362856106396,1.036263796193533,<$400M
3478,19.571887567453352,316200659.187161,316.3221469739328,0.8666360191066651,<$400M
3479,19.27898045802388,235914605.88123307,402.87129745777423,1.1037569793363677,<$400M
3480,20.58663274452178,872290217.3135772,373.7462146252203,1.0239622318499186,$750M-1B
3481,19.297350071264066,240288314.62906462,344.72041291315446,0.9444394874332999,<$400M
3482,19.98367720395382,477310224.8194719,359.3607752000688,0.9845500690412844,$400-500M
3483,19.48989731388028,291309639.84471476,307.98131877248824,0.8437844349931185,<$400M
3484,20.054282338691838,512228994.90665656,371.2220857763373,1.0170468103461294,$500-750M
3485,19.433445781662297,275320321.06952214,314.088238715895,0.8605157225093013,<$400M
3486,19.71927011199773,366412428.9507488,354.3336291842532,0.9707770662582279,<$400M
3487,19.89238876853644,435667008.9335278,339.0622927437874,0.9289377883391435,$400-500M
3488,20.48274544892945,786218615.846236,354.6690246553054,0.9716959579597408,$750M-1B
3489,19.253172706503797,229904073.12159315,331.1813891219459,0.9073462715669751,<$400M
3490,18.893093891598006,160385987.77956674,330.3938439796782,0.905188613642954,<$400M
3491,20.35438596165635,691508472.7159997,333.3401772331763,0.9132607595429487,$500-750M
3492,19.486804098771355,290409948.6519189,298.74253720698573,0.8184727046766732,<$400M
3493,18.91561311988295,164038730.56411743,348.13511539074784,0.9537948366869804,<$400M
3494,19.720935498810046,367023155.78484505,400.6806483751963,1.097755201027935,<$400M
3495,20.009161633937687,489630524.953511,362.642036569034,0.9935398262165316,$400-500M
3496,20.06383490984927,517145544.28643584,339.62043973168034,0.9304669581689872,$500-750M
3497,20.06632223093978,518433452.36206317,314.05894210025156,0.8604354578089084,$500-750M
3498,18.79798807469439,145835243.70426053,325.69157199947205,0.8923056767108823,<$400M
3499,19.820046903285093,405263043.061607,324.2509121555312,0.8883586634398115,$400-500M
3500,20.024172059070132,497035524.34912336,335.73677687285505,0.9198267859530275,$400-500M
3501,18.678658759385176,129431036.34583017,330.9660571655564,0.9067563210015244,<$400M
3502,20.367513726134842,700646281.3480673,339.49601954090554,0.9301260809339877,$500-750M
3503,19.234722635935547,225701217.4624383,318.0772000246348,0.8714443836291365,<$400M
3504,19.749824076646096,377780567.8332896,323.89029742093953,0.8873706778655878,<$400M
3505,19.524493014931938,301564057.70532197,318.53811527772007,0.8727071651444386,<$400M
3506,20.041698495264225,505823572.3790828,343.79346738743845,0.9418999106505163,$500-750M
3507,19.404976352233835,267592632.00717992,316.0610197148689,0.8659206019585449,<$400M
3508,18.733264316413198,136695217.5957474,346.75378984086205,0.9500103831256494,<$400M
3509,19.87535768790679,428309956.0867811,378.8058735008996,1.0378243109613687,$400-500M
3510,20.217501498417615,603044469.1065105,319.00419102268035,0.8739840849936448,$500-750M
3511,19.471168091736516,285904412.7415866,312.65815657497876,0.8565976892465171,<$400M
3512,19.58250488985847,319575749.033581,325.6390605660283,0.8921618097699406,<$400M
3513,19.174205707745035,212447553.27416548,298.66107457888546,0.8182495193942068,<$400M
3514,19.423750161123092,272663818.73933285,343.71898652473624,0.941695853492428,<$400M
3515,19.511163951838043,297571161.2536448,323.2739110004457,0.8856819479464266,<$400M
3516,19.36721151443336,257675478.12831852,332.9247730259363,0.912122665824483,<$400M
3517,20.149920424769135,563636684.1032095,342.2028540794034,0.9375420659709681,$500-750M
3518,20.16527753455697,572359320.353904,432.00907397416603,1.183586504038811,$500-750M
3519,19.40288705546047,267034135.22047946,354.373266596282,0.9708856619076219,<$400M
3520,20.26438180225879,631988529.3974149,299.35519655967886,0.820151223451175,$500-750M
3521,19.743948691590422,375567469.3001128,384.9322108588251,1.0546087968734934,<$400M
3522,19.474657765914905,286903868.86205995,334.04594145218033,0.9151943601429599,<$400M
3523,19.787289239444817,392202654.30809796,336.2392425559239,0.9212034042628052,<$400M
3524,18.61364743761719,121284239.75109941,342.8293790587307,0.9392585727636458,<$400M
3525,19.623464751052985,332937303.03805983,317.1857313712708,0.8690020037569063,<$400M
3526,19.17470468121485,212553585.41838962,306.44374761278164,0.8395719112678949,<$400M
3527,19.666898424103262,347716629.88909924,338.15205427070043,0.9264439843032889,<$400M
3528,19.787152177359406,392148901.87818897,336.6484372015296,0.9223244854836428,<$400M
3529,19.834607470662267,411207072.1074685,347.21104794735544,0.9512631450612478,$400-500M
3530,19.48721450057982,290529157.8802104,326.65788016116204,0.8949530963319507,<$400M
3531,20.17696332491578,579087024.0893911,326.2932292372864,0.8939540527048944,$500-750M
3532,19.702691513420678,360387901.4749651,314.9162489064882,0.8627842435794197,<$400M
3533,19.129994733728964,203259639.83479246,343.28099410297574,0.940495874254728,<$400M
3534,19.723019253495035,367788739.372389,355.9888211561979,0.9753118387841039,<$400M
3535,19.85143881495298,418186814.3594364,307.0977088673852,0.8413635859380417,$400-500M
3536,18.97510540011804,174093905.8022553,303.08081932118296,0.8303584090991314,<$400M
3537,18.921278746540708,164970750.5143446,312.33738526440624,0.8557188637380992,<$400M
3538,19.880086066942948,430339963.44406813,438.0847605316889,1.2002322206347642,$400-500M
3539,19.40037983144938,266365459.4351505,349.5248702299298,0.9576023841915884,<$400M
3540,19.96324112950681,467654872.31265396,318.24165595833534,0.8718949478310557,$400-500M
3541,19.559847328477524,312416355.3640261,345.4577252905831,0.9464595213440632,<$400M
3542,19.96623004233353,469054742.96250236,298.7081131962808,0.8183783923185776,$400-500M
3543,20.0378593046671,503885342.27429116,370.41342948728413,1.014831313663792,$500-750M
3544,20.299017488359006,654261376.8420093,289.48999129533894,0.7931232638228464,$500-750M
3545,19.204449287876823,218970874.9578914,315.1516816065623,0.8634292646755132,<$400M
3546,19.75387969789642,379315813.8159513,311.0684860360827,0.8522424274961169,<$400M
3547,19.782194661808774,390209628.5595667,398.3428561650802,1.0913502908632335,<$400M
3548,19.86617908813335,424396657.1965378,328.05948949057324,0.8987931218919815,$400-500M
3549,19.09980224903264,197214445.21208784,330.68697947069523,0.9059917245772472,<$400M
3550,19.711979059504724,363750612.2116797,333.7046114286843,0.9142592093936556,<$400M
3551,19.491336721877392,291729255.1963393,308.28249754051143,0.8446095823027711,<$400M
3552,19.113441926728655,199922815.3407808,399.85748511180157,1.0954999592104153,<$400M
3553,19.46757347982157,284878542.2407989,377.3988610319412,1.0339694822792909,<$400M
3554,18.835312908591447,151381380.40208626,333.8206843687725,0.9145772174486918,<$400M
3555,19.748407692530034,377245864.1999111,312.54957809244644,0.856300213951908,<$400M
3556,19.33182036995179,248715534.58015636,329.0952115235715,0.9016307165029356,<$400M
3557,19.748399453862877,377242756.20960265,324.532604522903,0.8891304233504191,<$400M
3558,20.034869989789886,502381319.4431282,352.8779745948029,0.9667889714926107,$500-750M
3559,20.03843965243155,504177855.87781596,313.54606731709003,0.859030321416685,$500-750M
3560,20.215074043440087,601582381.1026587,289.0430445218992,0.7918987521147923,$500-750M
3561,20.124676443352403,549586339.5759712,378.56397884413,1.0371615858743288,$500-750M
3562,19.902189112056078,439957685.99374,362.5827546447488,0.9933774099856131,$400-500M
3563,18.79259101267753,145050281.99862862,308.4190104694887,0.8449835903273663,<$400M
3564,20.035565598431187,502730901.80232006,341.06056054248285,0.9344124946369393,$500-750M
3565,20.396728399246857,721417366.33643,351.83655135540386,0.9639357571380928,$500-750M
3566,20.10587132043014,539347870.4586262,334.81095155566436,0.9172902782346969,$500-750M
3567,19.59965510599757,325103810.4295196,322.67976826696406,0.8840541596355179,<$400M
3568,19.901016233172175,439441971.40852076,332.1873887549569,0.9101024349450874,$400-500M
3569,20.100271748535196,536336193.20257705,377.13675388997507,1.0332513805204797,$500-750M
3570,20.68672166735871,964115508.3713381,307.8222956950474,0.843348755328897,$750M-1B
3571,20.14162276159252,558979166.722714,338.7032547936294,0.9279541227222724,$500-750M
3572,18.50901726308687,109235565.87640168,313.33984862226816,0.8584653386911456,<$400M
3573,20.410336962198308,731301924.7527807,430.70971370374775,1.18002661288698,$500-750M
3574,19.093604399419387,195995919.75849175,340.2830224413972,0.9322822532641019,<$400M
3575,18.523561740284073,110835950.23809026,389.43256990745164,1.0669385476916484,<$400M
3576,19.814927080651994,403193470.60407126,329.85446555085707,0.9037108645228961,$400-500M
3577,19.680374041086207,352434039.6286131,335.52148895539995,0.9192369560421916,<$400M
3578,20.198292430251925,591571095.988525,400.48448370751953,1.0972177635822453,$500-750M
3579,19.843825254123384,415015013.281849,361.36030216162635,0.9900282251003462,$400-500M
3580,19.359788660454907,255769871.9482548,368.648932830374,1.0099970762476,<$400M
3581,20.039682680105177,504804952.57363087,327.36614496125725,0.896893547839061,$500-750M
3582,20.145119874837576,560937402.2603532,309.91047295344856,0.8490697889135577,$500-750M
3583,19.721135160695745,367096443.6363759,311.54125777200807,0.8535376925260495,<$400M
3584,18.782016581695824,143524538.9522039,358.00346497375733,0.9808314108870064,<$400M
3585,19.70210056422675,360174993.4501959,315.1259283523187,0.8633587078145717,<$400M
3586,19.204793123781176,219046177.95190412,308.0154004889641,0.8438778095588056,<$400M
3587,19.565957587884444,314331144.3094214,344.4462265989596,0.943688292051944,<$400M
3588,19.636341626853977,337252217.0219567,329.14244545699046,0.9017601245396999,<$400M
3589,19.553846850426165,310547321.0384957,329.9690743319914,0.9040248611835381,<$400M
3590,19.435744141670668,275953834.0265073,344.159709956407,0.9429033149490603,<$400M
3591,19.22763180784742,224106469.65337685,309.7251368947323,0.8485620188896775,<$400M
3592,19.433189314899483,275249719.61189127,360.70186476554517,0.9882242870288909,<$400M
3593,19.955305673756413,463958503.35025406,362.45593626399744,0.9930299623671163,$400-500M
3594,19.49230725040564,292012524.1991216,336.796790018996,0.9227309315588931,<$400M
3595,19.59457035946562,323454935.56487775,373.45661584294845,1.0231688105286258,<$400M
3596,19.825888849177712,407637496.79355633,320.1472222966611,0.8771156775250989,$400-500M
3597,19.894057976573915,436394835.0841409,346.79618980059035,0.9501265473988777,$400-500M
3598,19.72692465519997,369227910.5838352,333.4524962838023,0.9135684829693214,<$400M
3599,20.06077027774511,515563109.4776663,399.29619320228073,1.0939621731569336,$500-750M
3600,19.66143767435025,345823011.3823167,378.4286226850112,1.0367907470822224,<$400M
3601,19.207370786639434,219611533.48399767,368.463370274598,1.00948868568383,<$400M
3602,20.21841820784758,603597539.1215467,311.77174224981695,0.8541691568488136,$500-750M
3603,19.033582004414697,184577872.28716964,307.76422551017737,0.8431896589319928,<$400M
3604,19.418145513654363,271139908.63636786,332.72476254667174,0.9115746919086897,<$400M
3605,20.111117193465127,542184655.1092982,332.88117624718524,0.9120032225950281,$500-750M
3606,19.4311071274175,274677194.3506113,372.05145018048273,1.0193190415903637,<$400M
3607,19.259479443628834,231358599.51139963,306.36484658593014,0.8393557440710415,<$400M
3608,18.393338886156805,97302854.7266328,359.3230778669206,0.9844467886764947,<$400M
3609,20.39995853747243,723751411.7632895,358.6309880515905,0.9825506521961385,$500-750M
3610,19.104768550319445,198196307.65942338,332.9177345320305,0.9121033822795357,<$400M
3611,19.992888889351708,481727369.8883216,316.83236834940834,0.8680338858887899,$400-500M
3612,20.213437738566522,600598813.8480142,329.8856229551537,0.9037962272743937,$500-750M
3613,20.584601078429994,870519813.9001269,353.10902539434585,0.9674219873817694,$750M-1B
3614,20.01655153752804,493262249.84866905,402.39594986628646,1.1024546571679081,$400-500M
3615,19.515014197858747,298719091.922769,353.4173415647943,0.9682666892186145,<$400M
3616,19.109281919535608,199092862.49272436,305.3731131422978,0.8366386661432818,<$400M
3617,19.785573467595132,391530301.0018457,361.42078453670587,0.9901939302375503,<$400M
3618,19.1897036430397,215765697.4864191,316.7944449649086,0.8679299862052291,<$400M
3619,19.25425783300984,230153683.53012723,359.2078740988751,0.9841311619147263,<$400M
3620,20.091889896362943,531859490.2570447,327.1610970506248,0.8963317727414378,$500-750M
3621,20.597179530910047,881538761.3837523,293.27724567251505,0.80349930321237,$750M-1B
3622,19.52541832797889,301843228.0024488,303.06526117135996,0.8303157840311232,<$400M
3623,19.390142930093223,263652611.770035,347.4734170187005,0.9519819644347959,<$400M
3624,19.85697474917,420508288.8905342,344.03441284721737,0.9425600351978558,$400-500M
3625,19.606965876419004,327489278.93224776,320.34940437195746,0.8776696010190616,<$400M
3626,20.235506908041685,614000873.0658058,352.87741583910554,0.9667874406550837,$500-750M
3627,19.71024529680408,363120501.35707784,323.03817595962823,0.8850360985195294,<$400M
3628,19.505464046255916,295879858.4427499,335.31900643865293,0.9186822094209669,<$400M
3629,19.69917244677466,359121901.3072323,330.82078995750186,0.90635832865069,<$400M
3630,19.320527679013004,245922666.09672856,425.1321060055724,1.1647454959056778,<$400M
3631,19.59359000431145,323137990.23653287,383.5143483111,1.0507242419482192,<$400M
3632,20.433017117804155,748077483.2481825,360.2257758727596,0.9869199338979715,$500-750M
3633,20.0287831330373,499332684.03263205,319.9419049120713,0.8765531641426612,$400-500M
3634,20.229905285416347,610571087.0351421,318.8040591739983,0.8734357785588995,$500-750M
3635,19.963419489914646,467738290.8654689,345.68688444257805,0.9470873546372002,$400-500M
3636,19.804146335602272,398870091.0913737,335.1822323216408,0.9183074858127146,<$400M
3637,20.13001769622392,552529672.7362032,312.5099940854271,0.8561917646176085,$500-750M
3638,19.39314211541425,264444541.79192966,320.98689578261326,0.8794161528290775,<$400M
3639,19.57134175885451,316028121.2390479,516.8417440136776,1.4160047781196647,<$400M
3640,19.31638871520936,244906904.63330916,327.2871097873038,0.8966770131159008,<$400M
3641,19.30326393142874,241713556.3071451,334.6385062442135,0.9168178253266123,<$400M
3642,20.034770703966778,502331442.5763871,418.1204939727623,1.1455355999253762,$500-750M
3643,19.71237490202943,363894628.6744209,361.0551104327387,0.9891920833773662,<$400M
3644,19.684913024405326,354037367.8428911,332.6616357092103,0.9114017416690694,<$400M
3645,19.939097791921174,456499330.73582745,324.34455370038825,0.888615215617502,$400-500M
3646,19.706664420177134,361822536.9531501,302.98946234536487,0.8301081160146982,<$400M
3647,19.159355578928427,209315989.35422084,311.9898873975078,0.8547668147876926,<$400M
3648,19.901974675819453,439863353.23782325,341.7536262867238,0.9363113048951336,$400-500M
3649,19.552635275622833,310171297.5653636,380.7152655802526,1.0430555221376783,<$400M
3650,19.43458298363469,275633593.97520465,339.5829087258676,0.9303641334955276,<$400M
3651,19.23965513700335,226817239.08480546,320.60188802590113,0.8783613370572634,<$400M
3652,19.85228444140733,418540593.75404465,311.47911216910984,0.853367430600301,$400-500M
3653,19.795317787009363,395364146.084881,329.4510867363264,0.9026057170858257,<$400M
3654,19.316384344664726,244905834.2590904,351.890478527951,0.9640835028163042,<$400M
3655,19.75646353340606,380297170.7715532,378.97055324480993,1.038275488341945,<$400M
3656,19.36000030079319,255824008.8990555,397.6461863429431,1.0894416064190222,<$400M
3657,20.71846896548409,995214615.1516476,317.99528378527106,0.8712199555760851,$750M-1B
3658,19.475153730877796,287046198.42105305,331.07128047845066,0.9070446040505498,<$400M
3659,19.19253858367752,216378248.29280806,343.71623714335266,0.9416883209406922,<$400M
3660,19.972172323352723,471850295.8128169,335.7247971989926,0.9197939649287468,$400-500M
3661,19.46032745661733,282821766.4351561,335.1017816392833,0.9180870729843378,<$400M
3662,19.756504902863604,380312903.7846448,404.22839141645863,1.107475044976599,<$400M
3663,19.879805867125164,430219399.15656054,347.57094081700075,0.9522491529232897,$400-500M
3664,20.831428855544353,1114229370.6917093,311.7068660485148,0.8539914138315474,>$1B
3665,19.911181358898354,443931735.14321136,346.5091703364963,0.9493401927027296,$400-500M
3666,20.329361008842053,674418238.8484521,333.23276920517947,0.9129664909730945,$500-750M
3667,20.318680546193455,667253469.6720206,360.1339923726224,0.98666847225376,$500-750M
3668,20.069741251027082,520209020.37130994,312.20413681388385,0.8553537994900927,$500-750M
3669,19.067674999793468,190979184.76677707,322.02208958124265,0.8822523002225826,<$400M
3670,19.643864469789765,339798879.54113394,293.43647714872293,0.8039355538321176,<$400M
3671,19.354308400845483,254372020.4427816,356.93162773853777,0.9778948705165418,<$400M
3672,19.48311740408395,289341266.9989748,378.89652476579204,1.038072670591211,<$400M
3673,20.170828434607227,575545263.9807727,363.71584221269114,0.996481759486825,$500-750M
3674,19.234413873969196,225631540.2681139,331.6085006569136,0.9085164401559276,<$400M
3675,19.44443960639809,278363843.74867547,317.1857212136772,0.8690019759278828,<$400M
3676,20.01810470819535,494028965.57247865,318.47137872550485,0.8725243252753557,$400-500M
3677,19.10935463663123,199107340.47383612,306.3087755979683,0.8392021249259405,<$400M
3678,19.424759190455383,272939083.3819898,359.4602306741916,0.9848225497923058,<$400M
3679,19.49992393715135,294245184.06340003,324.7842266864218,0.8898197991408816,<$400M
3680,19.805565347787898,399436494.3826577,310.9324602718075,0.8518697541693355,<$400M
3681,20.072635066740705,521716589.6706395,308.3658192320278,0.8448378609096652,$500-750M
3682,19.325066408741467,247041379.46058208,289.34903903359253,0.7927370932427192,<$400M
3683,19.68708340792815,354806599.17406493,444.6531173105724,1.2182277186591024,<$400M
3684,19.275398587185077,235071101.7971518,357.9928742529071,0.980802395213444,<$400M
3685,20.16160881060988,570263339.1481131,395.1200804466701,1.0825207683470415,$500-750M
3686,19.622597444610975,332648669.5552817,340.3776358080516,0.9325414679672647,<$400M
3687,20.10340551971224,538019584.4098152,309.5337884100731,0.8480377764659537,$500-750M
3688,20.246269217412884,620644627.3582454,408.2891253692953,1.1186003434775214,$500-750M
3689,20.104284124381632,538492498.6508101,320.0823791599989,0.8769380250958874,$500-750M
3690,20.29624467941296,652449747.854503,340.3384524406631,0.9324341162757893,$500-750M
3691,19.630266362307758,335209531.7940794,417.69414917160526,1.1443675319770008,<$400M
3692,20.403176282200263,726084009.8928001,483.5781151730254,1.3248715484192477,$500-750M
3693,20.592890128691252,877765585.1851099,372.6020773511299,1.0208276091811777,$750M-1B
3694,19.942183372656014,457910071.63439995,387.2581641346045,1.0609812716016562,$400-500M
3695,19.27157039499688,234172924.73568857,326.7867870001557,0.8953062657538512,<$400M
3696,19.435254083187477,275818633.63992757,352.3003733303794,0.965206502275012,<$400M
3697,19.995866785930698,483164042.24428,331.50480609823717,0.9082323454746224,$400-500M
3698,18.157067187858065,76827037.57023911,329.5231871564964,0.9028032524835519,<$400M
3699,19.853510744460305,419054166.195325,311.64640636469346,0.8538257708621738,$400-500M
3700,19.5820222924327,319421559.80841327,380.06138817390615,1.041264077188784,<$400M
3701,20.116172569324142,544932542.2748163,332.0164282038973,0.9096340498736912,$500-750M
3702,19.760126254098743,381692647.1483215,321.54228963284345,0.8809377798160094,<$400M
3703,19.720164653136496,366740346.5882423,354.2314411596739,0.9704970990675997,<$400M
3704,19.79149938167683,393857364.1041199,354.5954657637996,0.9714944267501359,<$400M
3705,19.543446123027614,307334141.6748021,313.1242662235215,0.8578747019822507,<$400M
3706,19.640033371329178,338499567.0630332,348.4882586808196,0.9547623525501907,<$400M
3707,18.901436671428645,161729649.90873381,337.02174875118783,0.9233472568525694,<$400M
3708,19.907437117271495,442272655.39699596,350.4802609345124,0.9602198929712669,$400-500M
3709,18.56853300142066,115934159.96463385,313.48833525286875,0.8588721513777227,<$400M
3710,19.464660860215908,284050006.60373586,300.15627888824196,0.8223459695568273,<$400M
3711,19.861665841094343,422485566.09718394,382.1900204036853,1.0470959463114666,$400-500M
3712,19.633308691181735,336230902.3162073,314.85671820227157,0.8626211457596481,<$400M
3713,19.573421288882226,316685995.0038136,359.2474750584585,0.9842396576944069,<$400M
3714,19.359857824156148,255787562.55103135,348.4324661707381,0.9546094963581866,<$400M
3715,19.86870547813141,425470204.1946827,338.4302149425221,0.9272060683356771,$400-500M
3716,21.065686015493014,1408351932.4773328,343.6249711743274,0.9414382771899381,>$1B
3717,19.874583506618734,427978494.85538805,430.1023304559335,1.1783625491943384,$400-500M
3718,19.486253082881912,290249972.2345811,321.62493791285436,0.881164213459875,<$400M
3719,19.29732450966104,240282172.5530548,387.350901841978,1.0612353475122684,<$400M
3720,20.293676730547233,650776439.6690171,327.90283201646696,0.8983639233327861,$500-750M
3721,19.808866594789468,400757311.8849178,349.3714350112456,0.9571820137294399,$400-500M
3722,19.954431890527808,463553281.25517493,367.9879002743842,1.0081860281489978,$400-500M
3723,19.439803003554008,277076168.6848701,302.93159236382144,0.8299495681200587,<$400M
3724,19.97740237314633,474324560.98009425,364.4779720110225,0.9985697863315685,$400-500M
3725,19.602276644941487,325957200.838731,338.4601123981671,0.9272879791730605,<$400M
3726,19.459540105199636,282599173.9571499,434.90424186959353,1.1915184708755988,<$400M
3727,19.91259838937672,444561245.8548182,307.99798448927186,0.8438300944911558,$400-500M
3728,18.84780134982803,153283751.97876334,360.04254035278615,0.9864179187747566,<$400M
3729,19.543927679212768,307482175.97218955,326.04341957535837,0.8932696426722148,<$400M
3730,18.82577607422389,149944543.57841352,361.71151162659845,0.9909904428125985,<$400M
3731,20.008147884693223,489134413.8873693,361.8269354015044,0.9913066723328887,$400-500M
3732,20.22073768589887,604999195.2923076,350.2162497615992,0.9594965746893129,$500-750M
3733,19.10989579022169,199215117.28529412,316.329950162008,0.8666573977041315,<$400M
3734,19.516163026927,299062466.3002794,544.4757983992803,1.4917145161624117,<$400M
3735,19.820281748280316,405358228.23546225,328.4561054333092,0.8998797409131758,$400-500M
3736,19.331542298618906,248646383.53485432,339.5697382126881,0.9303280498977756,<$400M
3737,19.301079544457316,241186136.61799687,405.28523704823704,1.1103705124609233,<$400M
3738,19.487551806172455,290627171.51933163,349.58659700631426,0.9577714986474364,<$400M
3739,19.71709554108129,365616504.84967524,370.95854530625206,1.0163247816609646,<$400M
3740,18.957048808671164,170978574.05134916,359.1881430242268,0.9840771041759638,<$400M
3741,19.775183881448548,387483521.79308593,324.2458844989495,0.8883448890382178,<$400M
3742,19.331152926046208,248549586.29912257,356.24284775438554,0.9760078020668097,<$400M
3743,20.46172603793767,769865234.9413993,327.1468152230855,0.8962926444468097,$750M-1B
3744,20.271717463620746,636641629.1497451,401.63053636317625,1.1003576338717158,$500-750M
3745,19.50097715887964,294555252.74157155,374.6368135006025,1.026402228768774,<$400M
3746,19.88460762096258,432290174.505337,320.4218451490816,0.8778680689015934,$400-500M
3747,18.785310394301696,143998061.30669525,313.71959007276774,0.8595057262267609,<$400M
3748,19.52703759201541,302332387.8187877,304.93457017962794,0.8354371785743231,<$400M
3749,18.6947986201086,131536984.38419092,362.30795305490795,0.992624528917556,<$400M
3750,19.28511623520891,237366575.26263607,338.3487644240092,0.9269829162301622,<$400M
3751,19.665593915333883,347263326.22973305,347.8302701574863,0.9529596442670858,<$400M
3752,19.802056682863654,398037461.36964417,356.9799585042645,0.9780272835733275,<$400M
3753,19.79242370593912,394221584.3245056,363.87443781591486,0.9969162679888078,<$400M
3754,20.315535169553282,665158003.4383163,341.533479242014,0.9357081623068876,$500-750M
3755,19.6839831876286,353708323.88023144,324.7063712230336,0.889606496501462,<$400M
3756,18.831317340703563,150777732.5807343,330.2044349200713,0.9046696847125242,<$400M
3757,19.476704345744707,287491641.79011804,442.2658110901907,1.2116871536717553,<$400M
3758,19.8010639754668,397642522.6992205,318.6283329358828,0.8729543368106377,<$400M
3759,19.560881131135524,312739499.2273166,339.03021801632593,0.9288499123734957,<$400M
3760,20.27212644273169,636902055.5280688,313.47642376177635,0.8588395171555516,$500-750M
3761,19.768549416905092,384921285.03932667,324.468937088943,0.8889559920245014,<$400M
3762,19.928577079627217,451721808.15181094,336.33395587142905,0.9214628927984357,$400-500M
3763,18.59481318467843,119021318.8081129,330.0149596382831,0.9041505743514605,<$400M
3764,18.915557449183062,164029598.66737035,324.59599141496034,0.8893040860683845,<$400M
3765,20.05221404172567,511170648.09554446,316.52891996516365,0.8672025204525031,$500-750M
3766,19.6071721720751,327556845.51701623,314.72987710506806,0.8622736359042961,<$400M
3767,18.920143256079236,164783534.11204866,354.4916442127933,0.9712099841446391,<$400M
3768,20.312877387787378,663392505.8182843,328.1475063409691,0.8990342639478605,$500-750M
3769,20.208683442043192,597750166.0193973,321.85928065423013,0.8818062483677538,$500-750M
3770,19.534706421932167,304659836.47663385,407.19251091844603,1.1155959203245096,<$400M
3771,19.33377525305571,249202219.92787942,325.66856381737864,0.8922426405955579,<$400M
3772,19.637088103202576,337504061.8118713,337.51856616195965,0.924708400443725,<$400M
3773,19.626914982399168,334087997.6972084,290.01822305539827,0.7945704741243789,<$400M
3774,19.773639243457136,386885462.0360988,339.32193015992186,0.9296491237258133,<$400M
3775,18.50834479356237,109162132.98081748,316.19007471151735,0.8662741772918283,<$400M
3776,20.347424219163603,686711087.2542766,466.0475119576036,1.2768424985139826,$500-750M
3777,19.25451671184053,230213273.1595122,298.86395656337197,0.8188053604475944,<$400M
3778,19.80438111434387,398963748.3033515,569.606225736155,1.560565002016863,<$400M
3779,19.092667178337344,195812314.30339083,338.5094824550552,0.927423239602891,<$400M
3780,20.117713451976677,545772866.6303535,334.684087286713,0.9169427048951041,$500-750M
3781,19.60216943715605,325922257.56221104,312.82812706186684,0.8570633618133338,<$400M
3782,19.517626901359733,299500576.789622,327.8173393920874,0.898129696964623,<$400M
3783,19.54147129520193,306727808.55884993,313.6596616632125,0.8593415388033219,<$400M
3784,19.851213258400772,418092500.22039604,333.87211509986065,0.914718123561262,$400-500M
3785,20.71745354833529,994204570.0600258,378.18987972262823,1.036136656774324,$750M-1B
3786,20.219376568054958,604176280.2612556,390.0714206052769,1.0686888235761012,$500-750M
3787,19.144425450257216,206214088.2116719,354.1760959755311,0.9703454684261126,<$400M
3788,19.267241806116324,233161477.0673799,308.79588953995943,0.8460161357259163,<$400M
3789,19.806889027230874,399965570.3452834,337.3317749929978,0.9241966438164323,<$400M
3790,19.72839967341891,369772930.33710486,320.40502179510884,0.8778219775208461,<$400M
3791,19.05662914075626,188881263.61420888,314.11317189572827,0.8605840325910363,<$400M
3792,19.70835262408237,362433883.0662881,307.3136907265971,0.8419553170591701,<$400M
3793,19.955888326598753,464228908.85957825,305.2509619751086,0.8363040054112565,$400-500M
3794,19.451365140587136,280298353.08876723,331.57622978176335,0.9084280267993516,<$400M
3795,20.066838855240473,518701356.87887925,334.84545660004227,0.9173848126028555,$500-750M
3796,19.249987833418746,229173022.59648103,326.85397997295854,0.8954903560902974,<$400M
3797,20.735141464739268,1011946423.0289913,303.7207935184354,0.8321117630642066,>$1B
3798,19.610031344370164,328494727.1184012,307.0482578068074,0.8412281035802942,<$400M
3799,19.218285833266577,222021733.4052267,367.54605402173985,1.0069754904705202,<$400M
3800,19.48757578955751,290634141.8262793,358.1028795601431,0.9811037796168304,<$400M
3801,19.12773482112281,202800809.46595344,363.2227380506257,0.9951307891797965,<$400M
3802,19.705229008855458,361303545.35948575,325.5453078965277,0.8919049531411717,<$400M
3803,20.09430103866888,533143426.4292045,397.00893655054097,1.0876957165768246,$500-750M
3804,19.52781935272974,302568831.8115241,317.47379532834645,0.8697912200776615,<$400M
3805,19.22124706290595,222680165.14542082,301.5739669353656,0.8262300463982619,<$400M
3806,19.70230120631099,360247266.9618849,313.697601932396,0.8594454847462905,<$400M
3807,19.77302949413592,386649630.7945098,319.75734272546566,0.8760475143163443,<$400M
3808,19.002572990455864,178942125.52853456,352.87200054618654,0.9667726042361275,<$400M
3809,19.837071552128027,412221569.22089523,324.8959494182785,0.8901258888172014,$400-500M
3810,19.653541431837837,343103061.8412044,314.9674880616784,0.8629246248265162,<$400M
3811,20.045740492485034,507872247.43307024,376.589265127688,1.0317514113087343,$500-750M
3812,19.7783943056496,388729507.26974374,325.0988683141768,0.8906818309977447,<$400M
3813,19.25358145190259,229998064.5616212,320.9797435001763,0.8793965575347297,<$400M
3814,19.50545278794335,295876527.3535732,337.5108780652197,0.9246873371649854,<$400M
3815,19.931127149008145,452875200.0931846,365.134951666343,1.0003697305927206,$400-500M
3816,19.834006210455346,410959903.9718344,359.97017552963433,0.9862196589852995,$400-500M
3817,19.387327020119706,262911234.06732833,336.69084607328085,0.9224406741733722,<$400M
3818,19.751125253957152,378272447.2785006,300.4976073507083,0.8232811160293377,<$400M
3819,18.891328101787547,160103029.73234564,357.9070743114994,0.9805673268808203,<$400M
3820,19.370316010632184,258476673.68148586,309.24571978937615,0.8472485473681538,<$400M
3821,20.300499864975556,655231957.8136877,309.01494712033366,0.8466162934803662,$500-750M
3822,20.150930064038242,564206041.207269,355.08075375659837,0.9728239828947901,$500-750M
3823,20.387609307366322,714868599.8718498,333.06224536471,0.9124993023690685,$500-750M
3824,19.144465280992637,206222302.03403977,356.6341535455944,0.977079872727656,<$400M
3825,19.171927204154454,211964041.81170407,324.8171303331487,0.8899099461182157,<$400M
3826,20.62206146820561,903748316.1059768,331.0830279146943,0.9070767888073816,$750M-1B
3827,19.761453084699536,382199424.7623307,366.43446231117275,1.0039300337292405,<$400M
3828,20.246757469033067,620947732.0927784,421.66670325994534,1.1552512418080694,$500-750M
3829,18.774164985012096,142402054.57198206,338.57479495859997,0.927602177968767,<$400M
3830,19.626683723252206,334010745.7248079,413.40714547192783,1.1326223163614462,<$400M
3831,19.44777423514662,279293633.21434677,315.42193669968304,0.8641696895881728,<$400M
3832,19.8565598255138,420333846.24653727,387.930202921846,1.0628224737584822,$400-500M
3833,19.634673353032962,336690057.0260029,342.58796889775186,0.9385971750623339,<$400M
3834,19.50242354534192,294981601.729905,334.86874993885874,0.917448629969476,<$400M
3835,20.54560891427483,837229608.7200128,449.05029749976603,1.230274787670592,$750M-1B
3836,19.888585639784438,434013257.9128738,340.1676387635664,0.9319661335988121,$400-500M
3837,19.45587079313637,281564129.5109229,520.839764485667,1.4269582588648413,<$400M
3838,19.662867125064977,346317701.8166693,353.6376602748028,0.9688703021227474,<$400M
3839,20.420716613544514,738932114.6112816,362.3217420534838,0.992662306995846,$500-750M
3840,19.024644163496987,182935495.21366894,343.7723077425179,0.941841939020597,<$400M
3841,20.090116607987106,530917185.7411426,281.068206447367,0.7700498806777178,$500-750M
3842,19.87521413462037,428248475.19797707,327.38186127543275,0.8969366062340624,$400-500M
3843,20.047473736200633,508753277.1132779,394.0619348163276,1.0796217392228153,$500-750M
3844,20.384654403591234,712759349.7976356,383.0989671015887,1.0495862112372294,$500-750M
3845,20.531463405512945,825469939.2949425,307.38144575216694,0.8421409472662108,$750M-1B
3846,19.372023970019985,258918518.56197375,373.31184598770966,1.0227721807882457,<$400M
3847,19.335893403891955,249730627.2440523,324.9691843867754,0.890326532566508,<$400M
3848,18.908855974342966,162934033.49023324,301.0450640881642,0.8247809975018198,<$400M
3849,19.753283703819402,379089811.1924006,329.85375864979505,0.9037089278076577,<$400M
3850,19.65528018527107,343700152.4141454,313.7307151369801,0.85953620585474,<$400M
3851,19.146817597178348,206707973.09496707,350.44266857108965,0.9601169001947661,<$400M
3852,19.7839117078709,390880212.0122731,337.67934823134806,0.9251488992639673,<$400M
3853,19.562800257695383,313340262.19229525,382.9488315339062,1.0491748809148114,<$400M
3854,18.81550963266976,148413021.77675802,290.24054868318046,0.7951795854333711,<$400M
3855,20.73882883776043,1015684735.0077664,329.32326357077255,0.9022555166322536,>$1B
3856,20.065571914098875,518044608.9080065,388.9782757161388,1.065693906071613,$500-750M
3857,19.44045885558169,277257949.25598615,318.21126334825334,0.8718116804061735,<$400M
3858,19.355769889426067,254744054.04108638,340.21299960799337,0.9320904098849133,<$400M
3859,20.01236084274738,491199463.5854182,348.36359638844885,0.9544208120231475,$400-500M
3860,19.429345492265625,274193739.3103491,300.0909324185325,0.8221669381329657,<$400M
3861,19.282002641898835,236628661.65943152,329.2243415674073,0.9019844974449515,<$400M
3862,19.69188070673371,356512801.7580748,386.32877002832953,1.058434986378985,<$400M
3863,19.867079361372877,424778902.18660694,317.6188516165949,0.8701886345660134,$400-500M
3864,19.78272897251411,390418177.4514229,327.27042742479915,0.8966313080131484,<$400M
3865,20.62037572285709,902226109.9722981,392.53144900709304,1.0754286274166933,$750M-1B
3866,19.166551665480068,210827677.92777154,311.53943963818335,0.8535327113374886,<$400M
3867,18.956343072303316,170857950.82262444,360.2401834196275,0.9869594066291164,<$400M
3868,19.80343726835101,398587365.6198054,549.838645792263,1.5064072487459261,<$400M
3869,20.518981269458823,815230350.1234928,350.11546287239037,0.959220446225727,$750M-1B
3870,19.41591672387242,270536267.722755,341.5567882565022,0.935772022620554,<$400M
3871,19.51543846600044,298845855.8058242,399.7848230741557,1.0953008851346733,<$400M
3872,19.541918697674973,306865070.04222405,294.65320065851205,0.807269042900033,<$400M
3873,19.857500247763056,420729323.4763101,308.4043275338187,0.8449433631063525,$400-500M
3874,19.208536427249058,219867670.85882983,334.9357706777795,0.9176322484322725,<$400M
3875,20.333136807193767,676969519.6529307,293.1696874300138,0.8032046230959283,$500-750M
3876,19.08112825556588,193565837.0207501,324.0001495451096,0.8876716425893414,<$400M
3877,19.562749436015988,313324338.1185962,325.50026397133945,0.8917815451269574,<$400M
3878,20.098808450153314,535551947.2517727,330.2502247746905,0.904795136369015,$500-750M
3879,19.773725536861672,386918849.140306,322.54086869157715,0.883673612853636,<$400M
3880,19.62421875557702,333188433.9357887,321.41220954990877,0.8805813960271474,<$400M
3881,20.205512355699238,595857650.8811861,326.1561163100312,0.8935784008494007,$500-750M
3882,19.377029377926736,260217760.2667282,333.30273401807096,0.9131581753919752,<$400M
3883,20.37589871670219,706545893.337841,287.80648576088737,0.788510919892842,$500-750M
3884,19.24762131593924,228631321.857621,343.7396057302054,0.9417523444663163,<$400M
3885,20.0685643567672,519597149.4855872,326.0042640772119,0.893162367334827,$500-750M
3886,19.75090530910386,378189257.3495133,319.4576872361507,0.8752265403730156,<$400M
3887,19.241727126669097,227287689.27586055,322.2301273972227,0.8828222668417061,<$400M
3888,19.27783743071505,235645103.09802148,333.62650792733035,0.9140452271981654,<$400M
3889,19.78471574382958,391194620.13904923,324.3248413620671,0.8885612092111428,<$400M
3890,19.3624732704619,256457436.81478792,406.38038796141586,1.1133709259216873,<$400M
3891,19.338823988119717,250463557.31354043,309.2718159316689,0.847320043648408,<$400M
3892,19.983589109595904,477268178.33374554,400.78108326852896,1.0980303651192573,$400-500M
3893,19.001044190595223,178668767.8398037,361.6434376282786,0.9908039387076126,<$400M
3894,19.63692142442109,337447811.73407924,396.1532735420554,1.0853514343617956,<$400M
3895,19.36239310422179,256436878.41038617,287.5217358910723,0.7877307832632118,<$400M
3896,19.120883836392654,201416172.69549507,331.6868118162696,0.9087309912774509,<$400M
3897,19.5917062108135,322529837.9880541,370.417495987974,1.0148424547615726,<$400M
3898,19.893038763778254,435950282.46960235,283.10419653993927,0.775627935725861,$400-500M
3899,19.86885760204764,425534933.3116826,376.52999321284165,1.031589022500936,$400-500M
3900,19.185595736825668,214881170.25824663,358.3096526653552,0.9816702812749457,<$400M
3901,19.43876464769074,276788614.33825135,339.8710607682606,0.9311535911459193,<$400M
3902,20.001758355892804,486019038.95053923,333.8908699267467,0.9147695066486211,$400-500M
3903,18.702663204939345,132575546.73404746,341.8964690332347,0.9367026548855746,<$400M
3904,19.046443590711757,186967168.65438718,325.98635334491155,0.8931132968353741,<$400M
3905,19.667667324463636,347984092.1438638,349.84137013004505,0.9584695072056029,<$400M
3906,19.055103236802385,188593268.72939372,337.0794207482758,0.9235052623240434,<$400M
3907,20.207406949452388,596987629.1511945,291.6832037746415,0.7991320651360042,$500-750M
3908,20.53316936283248,826879357.6418949,314.1984764395395,0.8608177436699712,$750M-1B
3909,19.03229815956064,184341054.9865252,330.7238698835749,0.906092794201575,<$400M
3910,19.62060749159904,331987372.52661383,321.9690609539233,0.8821070163121186,<$400M
3911,20.292417339162952,649957373.2986279,347.7220544340105,0.9526631628329054,$500-750M
3912,19.924912686180388,450069550.8275304,339.3472248586256,0.9297184242702072,$400-500M
3913,20.063937306626325,517198501.0346934,375.535593301547,1.0288646391823206,$500-750M
3914,18.864464963605254,155859413.53507996,393.5767998126238,1.0782926022263666,<$400M
3915,19.610396774084638,328614790.78881866,435.8840519927377,1.194202882171884,<$400M
3916,19.32729688059579,247593013.27747458,416.5728012365476,1.141295345853555,<$400M
3917,19.566726048686096,314572788.3076403,398.07496427130934,1.0906163404693408,<$400M
3918,20.3733272178996,704731345.4728875,367.9773873251815,1.0081572255484426,$500-750M
3919,19.43134357314248,274742148.27770156,338.841537198814,0.9283329786268877,<$400M
3920,19.597276780329054,324331526.42770606,322.00983523607607,0.882218726674181,<$400M
3921,20.25977956049111,629086648.092373,389.3016815652359,1.066579949493797,$500-750M
3922,20.71530370149941,992069478.393234,348.3282000629248,0.9543238357888351,$750M-1B
3923,19.755222947543192,379825672.0056293,374.4550572547065,1.0259042664512508,<$400M
3924,19.78158462088503,389971657.31078726,318.60518314935246,0.8728909127379519,<$400M
3925,19.37200207780057,258912850.32300016,331.9668310880819,0.909498167364608,<$400M
3926,20.216042310095723,602165155.3578072,320.1589835451947,0.877147900123821,$500-750M
3927,20.128942054935923,551935668.5323602,372.7373282457391,1.0211981595773674,$500-750M
3928,18.687820512737925,130622300.27752791,373.9248097838903,1.024451533654494,<$400M
3929,20.181702878038987,581838152.2120024,311.2994633667101,0.8528752421005755,$500-750M
3930,19.23461254113149,225676370.29892313,328.3965886173851,0.8997166811435208,<$400M
3931,19.276317833776982,235287289.45599517,347.4909390524542,0.9520299700067238,<$400M
3932,19.791547114060137,393876164.30347764,316.39234317689125,0.8668283374709349,<$400M
3933,19.288881632446945,238262039.54088467,317.29173355093354,0.8692924206874891,<$400M
3934,19.56900823590991,315291522.13670295,344.6329620562198,0.9441998960444379,<$400M
3935,19.71351951885186,364311387.05681986,318.02761279237427,0.8713085281982856,<$400M
3936,20.1934597852207,588719139.6676403,417.9851233437978,1.145164721489857,$500-750M
3937,19.12742293065755,202737567.68989965,310.52048890352523,0.8507410654891102,<$400M
3938,20.519599521332513,815734523.652,350.7501684024535,0.9609593654861739,$750M-1B
3939,18.96688806094601,172669178.87967843,323.97165700117444,0.8875935808251354,<$400M
3940,19.456633473896495,281778954.96644986,399.8202550539893,1.0953979590520255,<$400M
3941,19.84341855896025,414846263.00060606,330.6404373354778,0.9058642118780215,$400-500M
3942,19.701543492938278,359974406.1784113,374.83373602615274,1.0269417425374048,<$400M
3943,19.94088825739783,457317409.17968464,290.61350764293707,0.7962013908025674,$400-500M
3944,19.55901983398079,312157939.4828787,380.0272360541862,1.0411705097374964,<$400M
3945,19.43870890791139,276773186.6319344,360.0511320598837,0.9864414576983115,<$400M
3946,20.801814537144764,1081716033.664941,348.9450942828028,0.9560139569391858,>$1B
3947,18.942199771727093,168458463.79930827,312.45688256021725,0.8560462535896363,<$400M
3948,19.43341696780948,275312388.14460355,333.4614944413837,0.9135931354558458,<$400M
3949,19.845476750765442,415700975.45889354,324.15083117509084,0.8880844689728516,$400-500M
3950,19.672816497315566,349780543.53414387,332.7901023003188,0.9117537049323802,<$400M
3951,19.697914367328604,358670381.5080124,307.28987929390985,0.8418900802572873,<$400M
3952,19.067944606466877,191030680.97102073,329.7513376428425,0.9034283223091575,<$400M
3953,18.764371674934917,141014273.67196438,324.1645526015618,0.8881220619220872,<$400M
3954,19.906015246148414,441644247.5431207,327.0347067824966,0.8959854980342372,$400-500M
3955,20.07772749536983,524380170.4595214,322.22213583569,0.8828003721525753,$500-750M
3956,20.075579313207818,523254915.3903852,353.7469998899957,0.9691698627123171,$500-750M
3957,19.285524190881212,237463430.05831757,315.42805760948335,0.864186459204064,<$400M
3958,20.48005404460094,784105428.6565679,409.8928413191265,1.122994085805826,$750M-1B
3959,19.55865177051013,312043066.68981487,373.9482572656241,1.0245157733304768,<$400M
3960,20.013351944007244,491686533.32046604,299.2890569458152,0.8199700190296307,$400-500M
3961,20.04583390281628,507919690.1637197,300.54001752093,0.8233973082765206,$500-750M
3962,19.35208947507524,253808213.56552827,320.2480491468052,0.8773919154706992,<$400M
3963,18.28475301453028,87290571.56096981,357.6116013848142,0.9797578120131896,<$400M
3964,19.604678536845345,326741055.7910179,316.76679987914946,0.8678542462442451,<$400M
3965,20.726107199346014,1002845402.8956776,318.30834565548537,0.872077659330097,>$1B
3966,19.296248871392866,240023854.80623007,325.0180971161859,0.8904605400443449,<$400M
3967,19.883422336300566,431778091.1341912,352.70566892085236,0.9663169011530202,$400-500M
3968,20.765667125811383,1043313064.6737446,458.9397472877291,1.2573691706513126,>$1B
3969,19.66285304798454,346312826.708838,342.3794073389927,0.9380257735314868,<$400M
3970,19.397286630941338,265542810.62547603,329.62516425161607,0.9030826417852496,<$400M
3971,19.898117445261978,438169966.8609884,383.2553308532562,1.0500146050774144,$400-500M
3972,19.2767568839676,235390615.06618544,322.6353413789161,0.8839324421340168,<$400M
3973,19.771271732249858,385970589.7812832,364.05368201499664,0.9974073479862922,<$400M
3974,18.65101987473052,125902691.23140067,390.0710861576232,1.0686879072811595,<$400M
3975,18.885033739767245,159098448.2192311,322.4279649820264,0.8833642876219902,<$400M
3976,19.524459095854727,301553829.1042379,314.56906381433197,0.861833051546115,<$400M
3977,19.399307391079663,266079951.4858433,369.5188499128917,1.0123804107202512,<$400M
3978,19.406346119526606,267959422.79395196,352.57094955819804,0.9659478070087617,<$400M
3979,19.431657479910097,274828405.2350083,329.8712877518077,0.9037569527446786,<$400M
3980,19.316152961433822,244849173.71129534,368.51082148339225,1.0096186889955951,<$400M
3981,18.577990807713245,117035844.33884035,334.97505161845044,0.9177398674478094,<$400M
3982,19.850246520143447,417688509.51343167,340.5307519374069,0.9329609642120736,$400-500M
3983,20.144694834778367,560699032.0557154,313.9134039146337,0.860036723053791,$500-750M
3984,19.11157829456263,199550579.71426803,361.63203672313944,0.9907727033510669,<$400M
3985,20.337057696474755,679629052.6461307,418.05111647120106,1.145345524578633,$500-750M
3986,19.565376502938467,314148544.27161586,343.8744831910227,0.9421218717562266,<$400M
3987,20.58009765056821,866608304.9259504,364.5815063675474,0.9988534421028695,$750M-1B
3988,19.207995689379704,219748812.22152907,315.91094476091166,0.8655094377011279,<$400M
3989,19.385983183369895,262558161.57807806,295.8353693098773,0.8105078611229515,<$400M
3990,20.152877917292074,565306102.811939,329.2457167663669,0.902043059633882,$500-750M
3991,19.108799263025958,198996792.21295536,356.3117614804666,0.9761966067957989,<$400M
3992,19.35092325933085,253512390.96083003,346.1686322504188,0.948407211644983,<$400M
3993,19.962294350356675,467212315.96471,339.3727935013755,0.9297884753462342,$400-500M
3994,19.89147452856728,435268886.75804985,311.0660698252142,0.8522358077403128,$400-500M
3995,20.160665985751486,569725934.0753728,326.2564714589167,0.8938533464627855,$500-750M
3996,19.638521547727056,337988202.0724686,353.60935343461466,0.9687927491359306,<$400M
3997,20.53333741107063,827018324.9373852,289.5994258144181,0.7934230844230633,$750M-1B
3998,19.667474205060856,347916896.1524456,373.6374501682568,1.02366424703632,<$400M
3999,20.892543848626083,1184449383.917581,311.04578210593996,0.8521802249477807,>$1B
4000,20.22346186609487,606649569.0558383,302.0327881914238,0.8274870909354076,$500-750M
4001,19.35821102410711,255366678.231756,365.15215280930835,1.0004168570118037,<$400M
4002,19.831979479664977,410127842.34812087,345.4823340068029,0.9465269424843915,$400-500M
4003,20.015941517592967,492961441.80182266,291.84421561717755,0.7995731934717193,$400-500M
4004,18.959637205618442,171421707.72599012,313.8846450562111,0.8599579316608524,<$400M
4005,19.625043556021414,333463361.26867336,354.02764123002004,0.9699387430959453,<$400M
4006,19.476403194656353,287405076.40458435,430.82313855660465,1.180337365908506,<$400M
4007,19.21367301171644,220999945.24381232,391.879042753869,1.0736412130242985,<$400M
4008,20.353839020158034,691130361.4476309,378.6970383941096,1.0375261325866016,$500-750M
4009,19.435000253769466,275748631.6413334,316.0004396157637,0.8657546290842841,<$400M
4010,19.897926506436182,438086311.18882906,309.509704805959,0.8479717939889289,$400-500M
4011,19.23456784709769,225666284.13699841,336.6503041045148,0.9223296002863419,<$400M
4012,19.044774228742344,186655313.14579228,344.54233193274086,0.9439515943362763,<$400M
4013,19.585438815187345,320514737.20519406,384.3597032389711,1.0530402828464962,<$400M
4014,19.14686710951863,206718207.94384366,346.84354502387873,0.950256287736654,<$400M
4015,19.95660094792894,464559846.1846146,313.01487101727946,0.8575749890884369,$400-500M
4016,19.697819779743394,358636457.3471669,322.31092449986437,0.8830436287667517,<$400M
4017,19.916776174526564,446422412.2956579,331.54207598856897,0.9083344547632026,$400-500M
4018,20.049533450940608,509802243.6522328,300.4414399691813,0.8231272327922776,$500-750M
4019,20.28678231567531,646305148.0857885,394.3955076113177,1.0805356372912815,$500-750M
4020,19.64973125353023,341798265.3299123,307.245698447689,0.8417690368429835,<$400M
4021,19.834699066991494,411244738.890869,315.80424542747505,0.8652171107602056,$400-500M
4022,19.700261443314233,359513196.8361086,335.15321951498584,0.9182279986711941,<$400M
4023,19.765015499358604,383563405.6861101,318.75633192040254,0.873305018960007,<$400M
4024,18.753241413607054,139453450.25451848,330.8538198698904,0.9064488215613435,<$400M
4025,18.482999037560944,106430105.1043297,397.93220365566987,1.0902252154949859,<$400M
4026,18.782272518474283,143561276.8614236,344.7346920747659,0.9444786084240162,<$400M
4027,20.245854774758158,620387459.0456815,389.00151979369264,1.0657575884758703,$500-750M
4028,18.468881427350524,104938122.75853014,316.2390638308675,0.8664083940571713,<$400M
4029,19.957692921451105,465067410.3089662,303.3032362667493,0.8309677705938338,$400-500M
4030,19.492624714042336,292105242.27354395,359.95884502997427,0.9861886165204774,<$400M
4031,20.35184633009762,689754524.1098828,313.46148974772626,0.8587986020485651,$500-750M
4032,18.947953804877155,169430573.47795436,383.0623308919618,1.0494858380601693,<$400M
4033,19.97720178501236,474229426.64324075,329.09618255255236,0.9016333768563078,$400-500M
4034,20.13951210343381,557800597.0003538,332.3902724889556,0.9106582807916591,$500-750M
4035,19.727670878046332,369503539.71381444,292.2719479263518,0.8007450628119227,<$400M
4036,19.531329514298413,303632763.4904605,307.2073993599787,0.8416641078355581,<$400M
4037,19.441699903397215,277602253.2329053,322.9131361199039,0.8846935236161751,<$400M
4038,19.36715954217849,257662086.50069517,309.4223666155679,0.8477325112755285,<$400M
4039,19.694169114782387,357329582.7307066,352.6996820104558,0.966300498658783,<$400M
4040,19.93380933983894,454091528.2853282,586.8612868398826,1.6078391420270757,$400-500M
4041,18.778119390572165,142966284.9108873,329.5598886178861,0.9029038044325646,<$400M
4042,19.895590821179084,437064273.4942742,351.2610543142757,0.9623590529158239,$400-500M
4043,19.65525546083005,343691654.72504836,309.51412107072724,0.8479838933444582,<$400M
4044,19.81909555219407,404877678.96078354,333.89891037085573,0.9147915352626185,$400-500M
4045,19.713333070806875,364243468.242799,327.2200094415951,0.8964931765523153,<$400M
4046,19.92888159097235,451859383.5128025,338.45614494808484,0.9272771094468077,$400-500M
4047,19.326900647838418,247494928.24865186,421.43690421604356,1.1546216553864208,<$400M
4048,19.689803788921818,355773122.3624815,355.0224338248897,0.9726642022599717,<$400M
4049,19.559158777015423,312201314.66754484,325.0354897582679,0.8905081911185422,<$400M
4050,19.968234365115475,469995822.86869746,347.23635594806535,0.9513324820494942,$400-500M
4051,19.447649185721065,279258709.8895683,296.08422329941357,0.8111896528751057,<$400M
4052,20.388755913465392,715688742.6690092,371.53952440592354,1.0179165052217083,$500-750M
4053,19.157503539871733,208928686.72724792,335.56155307346455,0.919346720749218,<$400M
4054,20.89953080268017,1192754055.738195,435.8357439939919,1.1940705314903888,>$1B
4055,19.665386128133648,347191176.8515496,342.8110159736696,0.9392082629415606,<$400M
4056,19.39861055736111,265894602.5899972,310.1866104245818,0.849826329930361,<$400M
4057,19.700167819473364,359479539.40537155,347.1770923395751,0.9511701159988358,<$400M
4058,19.87265259125378,427152901.93534267,312.6330044274823,0.8565287792533762,$400-500M
4059,20.409530010460237,730712037.4308568,370.4524722052131,1.0149382800142825,$500-750M
4060,20.557796185205465,847495582.8301424,419.0854661921239,1.1481793594304763,$750M-1B
4061,19.8869470237435,433302659.1847151,347.22478432926795,0.9513007789842958,$400-500M
4062,19.81901983617255,404847024.3942659,428.71454567144,1.1745603990998357,$400-500M
4063,18.592247929369123,118716390.01543808,358.90708721268606,0.9833070882539344,<$400M
4064,19.710699137342516,363285337.5627783,325.18721276156975,0.8909238705796432,<$400M
4065,20.1702849018585,575232521.282074,327.8271159383729,0.8981564820229395,$500-750M
4066,19.04550542359584,186791844.45955634,321.6360782802984,0.8811947350145162,<$400M
4067,19.843165700680757,414741378.94924945,389.3302483699447,1.0666582147121773,$400-500M
4068,19.097592164030598,196779065.81449386,353.3253562796743,0.9680146747388336,<$400M
4069,18.453128066225094,103297947.66995676,309.4565828833818,0.8478262544750187,<$400M
4070,19.325924231278844,247253388.04341754,340.11536249712276,0.9318229109510212,<$400M
4071,19.68509954285516,354103408.5026336,308.8420471102039,0.8461425948224764,<$400M
4072,19.304442611392147,241998627.203521,318.28294982046856,0.8720080816999138,<$400M
4073,19.344870578964336,251982595.8401662,312.9203333886708,0.8573159818867694,<$400M
4074,19.68485504420354,354016841.27993715,325.0696750359535,0.8906018494135712,<$400M
4075,19.881891180397,431117477.44126356,328.0786649159515,0.8988456573039767,$400-500M
4076,20.48406506793769,787256809.7358748,332.69134828990343,0.9114831459997355,$750M-1B
4077,19.518458615862652,299749779.38130987,326.7521795124296,0.8952114507189852,<$400M
4078,19.152582377828022,207903040.55968842,333.6379110305055,0.9140764685767274,<$400M
4079,19.467303885050924,284801750.82728827,372.55924376720805,1.0207102568964603,<$400M
4080,19.96250721059851,467311777.4765995,349.80330544985094,0.9583652204105505,$400-500M
4081,19.497228696247507,293453190.1941309,318.8427519744508,0.873541786231372,<$400M
4082,19.776202581284366,387878452.3167953,350.4253990820466,0.9600695865261551,<$400M
4083,19.462492210768936,283434669.1807464,365.66150733524387,1.0018123488636819,<$400M
4084,19.95704945703757,464768252.2396453,302.2250398632132,0.8280138078444198,$400-500M
4085,18.910025905196704,163124766.5936534,332.6094271480606,0.9112587045152345,<$400M
4086,19.73975721635226,373996582.01969016,340.5088486587613,0.9329009552294829,<$400M
4087,19.282224937522084,236681269.0222304,333.68909843170997,0.9142167080320821,<$400M
4088,20.16583431403302,572678087.0095335,434.9880298089131,1.1917480268737346,$500-750M
4089,19.340472169134404,250876706.9727611,325.8789775456117,0.8928191165633197,<$400M
4090,19.527904130892665,302594484.1286064,316.9906756359295,0.8684676044819987,<$400M
4091,19.678234725228563,351680877.8116193,366.16737042736816,1.0031982751434745,<$400M
4092,19.46446404508785,283994106.7664589,300.16605117274185,0.8223727429390187,<$400M
4093,20.105889907527605,539357895.4632293,384.3101371050969,1.0529044852194436,$500-750M
4094,19.246987876612863,228486543.64606187,340.19327037451353,0.9320363571904481,<$400M
4095,19.70667033667841,361824677.68298465,330.97462631836845,0.9067797981325163,<$400M
4096,19.633971322658187,336453773.32795674,303.6660987045721,0.8319619142591017,<$400M
4097,19.461322857586854,283103427.65533805,313.11577295037614,0.8578514327407566,<$400M
4098,19.692951516142227,356894763.48806393,328.3717844734801,0.899648724584877,<$400M
4099,19.145003741679847,206333374.53791568,328.4572855358286,0.8998829740707632,<$400M
4100,19.80015556896577,397281465.66462237,303.64290599717873,0.8318983725950102,<$400M
4101,20.35679982705041,693179697.3321364,361.1085550429558,0.9893385069670022,$500-750M
4102,19.95450347318669,463586464.8192509,323.74120394472453,0.8869622025882864,$400-500M
4103,20.223011257192642,606376268.9398466,515.4600827123656,1.4122194046914127,$500-750M
4104,19.005264201141518,179424345.07502463,349.7906725770596,0.9583306098001633,<$400M
4105,19.97788700213227,474554488.1212673,347.693740720083,0.952585591013926,$400-500M
4106,19.849436018544566,417350109.46405226,326.18694036618143,0.8936628503183053,$400-500M
4107,19.082395430100775,193811274.19327378,400.6884652232778,1.097776617050076,<$400M
4108,19.432625279857515,275094512.89986515,321.83851742969387,0.8817493628210791,<$400M
4109,20.17812096559691,579757786.9626783,304.96294500052807,0.8355149178096659,$500-750M
4110,20.12481665829809,549663405.1974754,330.926270817859,0.9066473173092028,$500-750M
4111,20.60934889446442,892332067.6913776,365.92630750057253,1.002537828768692,$750M-1B
4112,19.643992361689385,339842339.8443783,334.1066409283528,0.9153606600776789,<$400M
4113,19.437589563965243,276463555.56518096,361.2397057348104,0.9896978239309874,<$400M
4114,19.83794209031839,412580580.08345383,340.50681339844596,0.9328953791738246,$400-500M
4115,20.53624106318896,829423188.2019885,355.0683593013406,0.9727900254831249,$750M-1B
4116,19.762967657460887,382778732.19136524,331.1455523236707,0.9072480885580019,<$400M
4117,19.93513896184608,454695699.9455495,300.8077126482694,0.8241307195842997,$400-500M
4118,19.646990038333225,340862605.7387243,364.4998055857759,0.9986296043445915,<$400M
4119,20.46199503683056,770072355.6936523,305.31094505605193,0.8364683426193203,$750M-1B
4120,20.67639548505315,954211101.2339295,406.0311518203865,1.1124141145764015,$750M-1B
4121,19.821687321087907,405928389.34601086,397.4536846918953,1.0889142046353297,$400-500M
4122,19.282824295968123,236823168.4599033,326.45046340534606,0.8943848312475234,<$400M
4123,19.862208221800348,422714776.2707694,316.96817574723536,0.8684059609513297,$400-500M
4124,19.332786895261183,248956040.6480456,375.6440724652349,1.0291618423705067,<$400M
4125,19.15189163943033,207759483.53245988,352.6131011969132,0.9660632909504471,<$400M
4126,20.012971766978538,491499640.9235226,314.2344880932323,0.860916405734883,$400-500M
4127,19.90193714505296,439846845.1388061,390.8423224487744,1.0708008834212996,$400-500M
4128,18.616361159027257,121613818.3792463,330.1353163182526,0.9044803186801441,<$400M
4129,19.259069201636223,231263705.96451807,364.2550911951615,0.9979591539593466,<$400M
4130,19.66214259844934,346066876.30009013,348.1961070640161,0.9539619371616879,<$400M
4131,19.095976053682573,196461305.96660644,400.07878562238017,1.0961062619791238,<$400M
4132,19.345049359689774,252027649.49869117,402.24916525372294,1.1020525075444465,<$400M
4133,20.180280969063688,581011419.2300167,362.00042894714875,0.991781997115476,$500-750M
4134,18.634564538461493,123847872.8402527,307.58274048151026,0.8426924396753706,<$400M
4135,19.634291248511317,336561430.80871505,329.46112103677217,0.9026332083199238,<$400M
4136,19.428658412991872,274005411.1806622,336.4641264004588,0.9218195243848186,<$400M
4137,19.769984144305027,385473938.51253086,310.93631404903726,0.8518803124631158,<$400M
4138,19.47123020120141,285922170.6631351,319.7053541534777,0.8759050798725416,<$400M
4139,20.379588944411466,709158025.287878,281.71382576097534,0.7718187007150009,$500-750M
4140,19.425488117880892,273138108.69405204,308.9506716244478,0.8464401962313639,<$400M
4141,19.30070780116544,241096493.95267785,374.6022069657297,1.026307416344465,<$400M
4142,19.12638153957161,202526548.48995036,315.7911250073174,0.8651811644036094,<$400M
4143,18.77908879893288,143104944.82095933,310.02611663208063,0.84938662090981,<$400M
4144,19.53693802278849,305340474.80267066,338.5522426872818,0.9275403909240598,<$400M
4145,20.077993739998085,524519802.4503778,321.9621954764075,0.882088206784678,$500-750M
4146,20.115638006741218,544641319.5728132,324.3391773124865,0.8886004857876343,$500-750M
4147,19.744500708638526,375774846.17839986,353.4782941193921,0.9684336825188825,<$400M
4148,19.942191123509765,457913620.8421509,298.4708137156795,0.8177282567552864,$400-500M
4149,19.638427121346208,337956288.5765393,345.92009230730474,0.9477262802939856,<$400M
4150,18.820491372167492,149154221.48835358,326.10288404560504,0.8934325590290549,<$400M
4151,19.14793702236551,206939496.7689759,353.76401617671695,0.9692164826759369,<$400M
4152,19.81648271645318,403821180.9194786,350.91159501070996,0.9614016301663286,$400-500M
4153,19.99517311237282,482829000.3423473,323.4149021153255,0.8860682249734946,$400-500M
4154,19.41573276861261,270486505.7304683,294.6471587610508,0.8072524897563035,<$400M
4155,19.545037950424582,307823754.16744727,330.9978651485767,0.9068434661604841,<$400M
4156,19.527029752043514,302330017.55065525,329.8179798979296,0.9036109038299441,<$400M
4157,19.61824872044524,331205213.1190453,331.69027542292395,0.9087404806107505,<$400M
4158,19.156939830185713,208810944.79210493,326.9532392068823,0.8957622991969378,<$400M
4159,20.21996343844525,604530957.4952621,387.14057297785115,1.0606591040489073,$500-750M
4160,19.93247965991289,453488133.1456821,318.2095260046873,0.8718069205607871,$400-500M
4161,19.801242860839753,397713661.4928509,343.4076470587483,0.9408428686541049,<$400M
4162,18.723051313796454,135306253.79920688,332.61725824713955,0.9112801595812042,<$400M
4163,20.259399022307417,628847302.1449457,424.66872186508425,1.1634759503152994,$500-750M
4164,20.25273627901288,624671380.9927835,369.1407935226265,1.0113446397880177,$500-750M
4165,19.604969099458838,326836008.32028353,373.1452624160064,1.0223157874411135,<$400M
4166,20.17543232497793,578201120.2239264,361.15867035304956,0.9894758091864372,$500-750M
4167,19.46514870271573,284188612.0751029,309.0907009240349,0.8468238381480407,<$400M
4168,19.215358366296265,221372722.55640823,310.750855265073,0.8513722062056795,<$400M
4169,19.08133641807667,193606134.36544046,346.5917241003185,0.9495663673981329,<$400M
4170,20.233680968496905,612880767.5248541,335.8747913447654,0.9202049077938779,$500-750M
4171,20.64862396759409,928075799.2063535,353.97989826737154,0.9698079404585521,$750M-1B
4172,18.6060301395112,120363891.27583428,302.91005922308494,0.8298905732139313,<$400M
4173,19.009175118667773,180127432.85381383,342.43415046921035,0.9381757547101653,<$400M
4174,19.629199415471504,334852071.7739787,328.19419313145875,0.8991621729629007,<$400M
4175,19.976896986713577,474084904.3469599,342.16093993498396,0.9374272326985862,$400-500M
4176,19.781480352751675,389930997.81379956,343.18055922959496,0.9402207102180684,<$400M
4177,19.69234560430959,356678582.22786623,299.6992549849329,0.8210938492737888,<$400M
4178,19.456791912212438,281823603.08643585,541.9708671897286,1.4848516909307632,<$400M
4179,20.385784086337193,713564996.7141533,324.92240426222884,0.8901983678417228,$500-750M
4180,19.149253352989476,207212076.92932814,336.9935822124791,0.9232700882533674,<$400M
4181,19.213104154423657,220874263.5641148,301.9350950334159,0.8272194384477148,<$400M
4182,20.142119697030235,559257012.3095453,308.7777204241659,0.845966357326482,$500-750M
4183,19.55177879918447,309905756.88804084,338.0451434491345,0.9261510779428342,<$400M
4184,20.051904832288965,511012613.7415031,309.10479029620285,0.846862439167679,$500-750M
4185,18.862300464399834,155522420.8001486,318.17838119779157,0.8717215923227166,<$400M
4186,19.800968811947993,397604683.43802017,312.57960533462773,0.8563824803688431,<$400M
4187,19.448814628118637,279584359.5560691,323.96399454676884,0.8875725877993667,<$400M
4188,19.18517669134675,214791144.13918188,328.4738214375805,0.8999282779111795,<$400M
4189,19.216918067968614,221718267.3653504,350.10857381455406,0.9592015720946687,<$400M
4190,20.113732860835036,543604686.1749738,414.87566003624823,1.1366456439349266,$500-750M
4191,19.75852218256765,381080875.6332146,368.2103310244755,1.0087954274643165,<$400M
4192,20.324788222400695,671341308.7039098,444.7940967524339,1.2186139637052984,$500-750M
4193,20.575870676613167,862952905.2740452,301.2612866826871,0.8253733881717455,$750M-1B
4194,19.82105958745148,405673654.40324825,362.94075478710135,0.9943582322934283,$400-500M
4195,18.994926696150465,177579099.06471875,318.2244858005643,0.8718479063029159,<$400M
4196,19.413113061811618,269778837.73787516,327.1981060576321,0.8964331672811838,<$400M
4197,20.00508321680048,487637674.0306557,362.0777313475603,0.9919937845138639,$400-500M
4198,19.028654282111276,183670561.11391166,311.24209954649274,0.8527180809492951,<$400M
4199,18.321440414251153,90552505.73041679,312.6916755164811,0.8566895219629619,<$400M
4200,20.147852101888756,562472106.2299562,337.0283030422352,0.9233652138143431,$500-750M
4201,19.296755684124815,240145532.7831868,355.38705316972806,0.973663159369118,<$400M
4202,18.96666127181365,172630023.82655263,362.50216107327,0.9931566056801917,<$400M
4203,20.443728817353577,756133735.5340226,322.5026061620796,0.8835687840056975,$750M-1B
4204,19.381987103336833,261511051.71190384,406.2258788222011,1.11294761321151,<$400M
4205,18.941168318764067,168284796.39795044,338.32166778392764,0.9269086788600757,<$400M
4206,19.80306723566857,398439902.5524782,317.44999995082526,0.869726027262535,<$400M
4207,18.80554911813238,146942089.49812588,339.9692130731965,0.9314225015704014,<$400M
4208,19.809238924596727,400906553.5594475,315.2640838074453,0.863737215910809,$400-500M
4209,18.343815949212082,92601504.72478503,310.40627001859633,0.8504281370372502,<$400M
4210,20.44349326210709,755955645.2414466,336.1937878952962,0.921078870946017,$750M-1B
4211,20.070278416789673,520488533.9122754,362.32963620492,0.992683934808,$500-750M
4212,20.108545130524693,540791913.9278164,337.99390470820117,0.9260106978306881,$500-750M
4213,19.32389659089365,246752555.014673,313.66492263384237,0.8593559524214859,<$400M
4214,19.68607277353983,354448200.5592248,289.72555252113494,0.7937686370442053,<$400M
4215,19.791507346917587,393860501.2853437,319.2434566009313,0.8746396071258392,<$400M
4216,19.757805026551726,380807679.1646553,337.9776247444444,0.9259660951902587,<$400M
4217,19.776410799803905,387959224.20270723,314.26127692309376,0.860989799789298,<$400M
4218,19.643426867996244,339650215.4722141,297.7898229869758,0.8158625287314406,<$400M
4219,19.111665543295526,199567991.00904247,331.30165647168656,0.9076757711553056,<$400M
4220,19.81270634739417,402299078.9248059,345.3263602518506,0.9460996171283578,$400-500M
4221,19.182245930112817,214162564.13941935,423.7208684721223,1.1608790917044447,<$400M
4222,19.67127528414872,349241872.365119,351.70665367240383,0.963579873075079,<$400M
4223,19.883575890694612,431844397.64803576,323.3174420114834,0.8858012109903656,$400-500M
4224,19.650624673721097,342103771.2536203,305.51102292353,0.8370165011603562,<$400M
4225,19.076288839795193,192631354.45503232,336.2999539231968,0.9213697367758817,<$400M
4226,19.576053350981827,317520630.1326369,384.3929443195163,1.0531313543000447,<$400M
4227,19.830650766101666,409583261.7972042,328.9603484395557,0.9012612286015224,$400-500M
4228,19.641883605753407,339126450.37630516,363.33390094666265,0.9954353450593497,<$400M
4229,20.020589458460112,495258030.5028389,418.5534594668801,1.1467218067585756,$400-500M
4230,19.257479088737636,230896262.77818605,324.0288166656889,0.887750182645723,<$400M
4231,19.69604393824508,358000141.0091053,330.28450995770663,0.9048890683772784,<$400M
4232,19.768281636032764,384818224.281307,329.58833190375725,0.9029817312431706,<$400M
4233,19.482178173237532,289069636.3377844,293.49252017303206,0.8040890963644715,<$400M
4234,19.12289994923331,201822660.05208427,354.0834828467322,0.9700917338266635,<$400M
4235,19.80049773472126,397417425.03645813,408.51486214378133,1.1192188003939214,<$400M
4236,18.749888244947673,138986622.42930645,410.99957563134507,1.126026234606425,<$400M
4237,19.69766330391292,358580343.79998595,317.25046575652846,0.8691793582370643,<$400M
4238,20.330218876360902,674997048.585219,396.2414919971699,1.0855931287593694,$500-750M
4239,19.41610918913981,270588341.5689033,346.4497721538695,0.9491774579558069,<$400M
4240,20.470539881918928,776680698.102356,297.93731701920717,0.8162666219704307,$750M-1B
4241,20.081776889887614,526507897.7431458,394.03046176619955,1.079535511688218,$500-750M
4242,19.11859250426948,200955189.68315104,345.28425407458826,0.945984257738598,<$400M
4243,20.565869609219376,854365468.4550471,336.43317357443794,0.9217347221217478,$750M-1B
4244,20.3663084248908,699802300.2414386,318.3442287250626,0.8721759691097605,$500-750M
4245,20.014839861908023,492418667.0573392,335.2477635909491,0.9184870235368469,$400-500M
4246,19.419617957095955,271539440.8887307,313.40277770141944,0.8586377471271766,<$400M
4247,19.4305598866397,274526920.91075766,371.84093497902074,1.0187422876137555,<$400M
4248,19.449040683559584,279647568.26581776,290.1102699414446,0.7948226573738207,<$400M
4249,19.361930540201417,256318287.3670259,319.65491526989655,0.8757668911504015,<$400M
4250,18.614941346959064,121441272.13285978,323.48684060595974,0.8862653167286568,<$400M
4251,19.122652471623546,201772719.64239967,356.9246243728757,0.9778756832133582,<$400M
4252,20.25425668018328,625621854.4589506,320.6879088013984,0.8785970104147901,$500-750M
4253,19.290452283631787,238636560.13920975,326.5590791476367,0.8946824086236621,<$400M
4254,18.869779296899136,156689907.21111524,449.95454313612066,1.232752172975673,<$400M
4255,19.47334586400584,286527725.91405505,457.23586798089843,1.252701008166845,<$400M
4256,19.62644856561759,333932209.78243196,377.7665153611542,1.034976754414121,<$400M
4257,19.379817252418192,260944226.9011764,363.6076851832193,0.996185438858135,<$400M
4258,19.409955260535707,268928273.4431583,389.03905521972126,1.0658604252595103,<$400M
4259,19.949094235712483,461085585.564051,298.988259995102,0.8191459177948,$400-500M
4260,18.876154331160755,157692001.53702077,380.41195784034323,1.0422245420283376,<$400M
4261,19.614813222353053,330069310.554021,314.5142868048059,0.8616829775474135,<$400M
4262,19.648811494602455,341484037.8527926,423.2688605060559,1.1596407137152216,<$400M
4263,19.78769914825461,392363454.5857968,364.45031036319506,0.9984940009950549,<$400M
4264,19.047687015066977,187199792.780799,298.9890014222357,0.8191479491020155,<$400M
4265,19.155324244248035,208473865.12996468,345.0068326408484,0.9452241990160231,<$400M
4266,19.454312067339,281125590.10877043,367.39186204930314,1.0065530467104196,<$400M
4267,19.50738993797311,296450240.0817478,316.13111640179943,0.8661126476761628,<$400M
4268,20.60955753892055,892518267.2544063,416.0999846046517,1.1399999578209636,$750M-1B
4269,19.408476641044523,268530924.6925127,315.1621851681683,0.8634580415566255,<$400M
4270,19.630620936205094,335328409.4183978,376.533835814984,1.0315995501780384,<$400M
4271,19.340560136850492,250898776.99440348,384.80505081699596,1.0542604131972493,<$400M
4272,19.971252703622465,471416572.4319154,348.10731947012505,0.9537186834797946,$400-500M
4273,19.696269904162083,358081045.97979456,321.08369107861694,0.8796813454208683,<$400M
4274,20.611126131845474,893919363.6814755,313.6441079681774,0.8592989259402121,$750M-1B
4275,20.190657130487796,587071473.183153,333.2212739311597,0.9129349970716705,$500-750M
4276,19.72391575099269,368118608.8984104,330.1557997881501,0.9045364377757537,<$400M
4277,21.056028432933935,1394816124.215756,430.76350807998466,1.180173994739684,>$1B
4278,19.950458064290395,461714856.2736564,330.2220227519874,0.9047178705533903,$400-500M
4279,19.414730631283227,270215576.8826114,368.660036791663,1.0100274980593507,<$400M
4280,20.42505907750821,742147877.8051904,294.45369397191274,0.8067224492381171,$500-750M
4281,20.024141748115344,497020458.95614123,345.3738361679929,0.9462296881314874,$400-500M
4282,19.451279480423896,280274343.7144239,317.0245238892165,0.8685603394225109,<$400M
4283,19.55970609442244,312372234.651031,385.4172697129539,1.0559377252409696,<$400M
4284,19.45755181363665,282037842.6339566,301.6127614079968,0.8263363326246488,<$400M
4285,19.45012823364592,279951864.4415023,306.8373930950815,0.8406503920413192,<$400M
4286,19.686373583211417,354554838.04401857,343.22788216620694,0.9403503620991971,<$400M
4287,20.30509487686788,658249684.3870966,344.8625194692635,0.9448288204637355,$500-750M
4288,19.29562526051416,239874219.9810259,323.73972158594427,0.8869581413313542,<$400M
4289,19.478714072954542,288070002.54422927,387.96264485634117,1.0629113557707977,<$400M
4290,19.220168582584805,222440138.4247147,419.6365125659974,1.1496890755232805,<$400M
4291,19.42993105804071,274354344.7977814,351.6727499908118,0.9634869862761967,<$400M
4292,19.311380787994192,243683494.6114435,328.54324052158853,0.9001184671824344,<$400M
4293,19.797790331182075,396342910.9213909,328.89199119630933,0.9010739484830392,<$400M
4294,19.658430106702415,344784487.7792287,412.8153806650283,1.1310010429178856,<$400M
4295,19.941722403361172,457699037.79537445,304.30960005378,0.8337249316541918,$400-500M
4296,20.283651825763858,644285059.9225267,335.21860319086034,0.9184071320297543,$500-750M
4297,19.92273544901901,449090708.64872026,365.6527324543212,1.0017883080940306,$400-500M
4298,19.177526998350228,213154326.38670117,444.1249491599599,1.2167806826300271,<$400M
4299,19.17188916540981,211955979.11899203,306.59616906483075,0.8399895042872075,<$400M
4300,19.82195104477448,406035456.3947714,317.7925466789297,0.8706645114491224,$400-500M
4301,19.95980700479782,466051641.5831006,340.0657820844865,0.9316870742040726,$400-500M
4302,20.543040071205017,835081657.2980584,380.3922135669282,1.0421704481285705,$750M-1B
4303,19.789641837208503,393126435.6123779,321.9988297202951,0.8821885745761509,<$400M
4304,20.716535340517126,993292102.6324149,354.5936838185804,0.9714895447084395,$750M-1B
4305,19.246158084004623,228297025.84217295,351.61778786541805,0.9633364051107344,<$400M
4306,19.728880572789098,369950796.67089283,316.8315196202391,0.8680315606033947,<$400M
4307,18.988554192192254,176451073.5438931,346.68057807046273,0.9498098029327746,<$400M
4308,20.000562952084437,485438397.0603465,322.91262715097105,0.8846921291807426,$400-500M
4309,18.923520261640935,165340949.69123876,381.2212692598712,1.0444418335886883,<$400M
4310,19.941844891563914,457755103.96156245,336.1489045610914,0.9209559029070997,$400-500M
4311,18.37661808872075,95689400.11795036,336.23738525907044,0.9211983157782752,<$400M
4312,19.983584147789013,477265810.2270846,354.24012025441283,0.9705208774093502,$400-500M
4313,19.45775818371798,282096052.81269306,343.99694704444806,0.9424573891628714,<$400M
4314,20.24461242911012,619617201.9476851,340.98440859205,0.9342038591563013,$500-750M
4315,19.611487548106556,328973430.82788926,331.91894801276766,0.9093669808568977,<$400M
4316,20.765137358651607,1042760498.053463,357.21074901391387,0.97865958633949,>$1B
4317,20.04214144089133,506047674.34738505,322.24022697268157,0.8828499369114563,$500-750M
4318,20.01300978766944,491518328.43470204,353.49508872220906,0.9684796951293398,$400-500M
4319,19.59440722215414,323402172.3002497,330.5646265841916,0.905656511189566,<$400M
4320,20.366093649742986,699652016.2381757,376.9092860753853,1.0326281810284528,$500-750M
4321,19.264314214048547,232479873.5918938,365.8398136785743,1.0023008593933542,<$400M
4322,20.819256739171006,1100749049.5807943,321.7481742397733,0.8815018472322556,>$1B
4323,19.587619633077068,321214484.21107435,419.45902411399584,1.1492028057917694,<$400M
4324,18.546499233838677,113407630.32815604,333.20189110168667,0.9128818934292785,<$400M
4325,19.873583691196213,427550809.19471145,343.4432036719377,0.940940284032706,$400-500M
4326,19.918786775994942,447320892.79376364,318.9188626630509,0.8737503086658929,$400-500M
4327,19.53618178102566,305109650.8740908,316.7949854469293,0.8679314669778885,<$400M
4328,19.352258311225416,253851069.18487707,365.7047905227345,1.0019309329389987,<$400M
4329,19.95908919603664,465717225.669305,362.50499780377413,0.9931643775445866,$400-500M
4330,20.51396822166904,811153787.9563392,332.14775627544816,0.909993852809447,$750M-1B
4331,18.93349330285855,166998151.733974,347.7964743435865,0.9528670529961274,<$400M
4332,19.473104193057004,286458488.8532959,343.7535371419555,0.9417905127176863,<$400M
4333,19.54755482209199,308599482.8481381,315.2283527597105,0.8636393226293438,<$400M
4334,19.799664518842036,397086428.4421955,429.2190686210318,1.1759426537562514,<$400M
4335,19.09898324881243,197052992.66189274,366.00923132486207,1.0027650173283893,<$400M
4336,20.38843296969775,715457652.7665228,342.87031267584945,0.9393707196598615,$500-750M
4337,19.142554394830913,205828610.96005312,436.34042891820155,1.195453229912881,<$400M
4338,19.663246948033226,346449266.21813947,310.15381730406176,0.8497364857645527,<$400M
4339,19.374079432432524,259451263.17548522,342.52802384396773,0.9384329420382678,<$400M
4340,19.596728064865154,324153609.521068,306.71008542130943,0.8403016038939984,<$400M
4341,19.39247607749179,264268470.34034932,321.76263537862815,0.8815414667907621,<$400M
4342,19.961728764983793,466948142.22621316,329.2057311103084,0.901933509891256,$400-500M
4343,20.014826269889618,492411974.13923883,322.4711645885607,0.8834826427083855,$400-500M
4344,20.45507433518627,764761313.9412454,388.5091526555322,1.064408637412417,$750M-1B
4345,19.506520322321684,296192554.3731059,405.9714661139334,1.1122505920929682,<$400M
4346,19.64453002526336,340025109.8213839,319.99900744663256,0.8767096094428289,<$400M
4347,18.91773071485463,164386466.2068022,361.67958068750085,0.9909029607876736,<$400M
4348,19.444889029325743,278488974.9585965,302.26306576819775,0.8281179884060212,<$400M
4349,19.93767692882171,455851168.2659676,361.5120332776936,0.9904439267882017,$400-500M
4350,19.594423891880847,323407563.37101257,300.23784141400677,0.8225694285315254,<$400M
4351,19.793559528270187,394669604.39080167,363.7257453736551,0.9965088914346716,<$400M
4352,19.078639054787928,193084611.9700159,335.4441528800285,0.9190250763836398,<$400M
4353,20.200971068221545,593157824.9754806,306.9035905010379,0.8408317547973642,$500-750M
4354,19.332288113233915,248831896.8123213,352.74140598465124,0.9664148109168527,<$400M
4355,19.918863819301276,447355357.20194554,323.5506764733912,0.8864402095161403,$400-500M
4356,19.820833775457203,405582058.76840764,318.8125925075071,0.873459157554814,$400-500M
4357,20.31254558030843,663172423.7378358,319.30616458333776,0.8748114098173637,$500-750M
4358,19.586047677262158,320709945.8946503,378.3369168148547,1.0365394981228897,<$400M
4359,20.090751785092095,531254519.30410725,570.1383513465734,1.5620228804015708,$500-750M
4360,20.089338077616787,530504011.4431577,356.2056830526848,0.9759059809662597,$500-750M
4361,20.463700116256934,771386510.274747,342.4850506373397,0.9383152072255883,$750M-1B
4362,19.94642790225265,459857815.1894166,359.96791167372976,0.9862134566403555,$400-500M
4363,19.926803512293233,450921359.1437516,374.7204504624653,1.0266313711300419,$400-500M
4364,20.192675931757467,588257850.9461404,414.8966402864605,1.1367031240724945,$500-750M
4365,19.15867618934532,209173830.54755044,363.9320733491904,0.9970741735594257,<$400M
4366,19.546455076214404,308260288.3870923,358.83646665611724,0.9831136072770336,<$400M
4367,19.565121289134677,314068379.45669603,324.51060994797626,0.8890701642410309,<$400M
4368,19.25736207354993,230869245.98937488,319.0861391677574,0.8742086004596092,<$400M
4369,19.075860111206357,192548785.5873529,352.855635503976,0.9667277685040437,<$400M
4370,19.435192668555512,275801694.8602033,316.56030050599713,0.8672884945369784,<$400M
4371,19.255269088186992,230386545.35565624,347.83988909378627,0.9529859975172227,<$400M
4372,19.667536132697617,347938442.4907635,365.90925674439967,1.0024911143682183,<$400M
4373,20.42081788948857,739006954.4484571,331.0195774597179,0.9069029519444326,$500-750M
4374,19.366639152858358,257528036.78472233,322.0989556312322,0.8824628921403621,<$400M
4375,19.180550370845733,213799746.49546218,368.29249340231473,1.0090205298693555,<$400M
4376,19.502475324131993,294996875.9157725,308.07584470387064,0.8440434101475908,<$400M
4377,19.135653750037388,204413150.2401822,311.25610975457147,0.8527564650810178,<$400M
4378,19.640794293395622,338757236.87398314,328.82170177255233,0.9008813747193215,<$400M
4379,19.66902189825792,348455781.6729231,343.4652664093577,0.9410007298886512,<$400M
4380,19.055432286478066,188655335.4942692,331.9327000332163,0.9094046576252501,<$400M
4381,19.116826060794335,200600527.03751874,356.1131699852179,0.9756525205074463,<$400M
4382,20.039902444133833,504915902.734675,330.7946138824364,0.9062866133765382,$500-750M
4383,19.724666216205627,368394972.79639906,358.7150524581964,0.9827809656388943,<$400M
4384,19.4872129084942,290528695.33328396,400.32140424112595,1.0967709705236328,<$400M
4385,19.767279541516192,384432793.20031804,323.88488955576236,0.8873558617966092,<$400M
4386,19.264575680317623,232540667.18446788,330.7461035356938,0.9061537083169693,<$400M
4387,19.532225660285604,303904984.72981,315.2569917354411,0.8637177855765509,<$400M
4388,19.760094309349395,381680454.2671303,326.04638031486587,0.8932777542873037,<$400M
4389,19.29425131578449,239544872.36521918,360.87058593808877,0.9886865368166815,<$400M
4390,18.92734729837371,165974927.93437,298.88017104014585,0.8188497836716325,<$400M
4391,19.493994310955287,292505582.8016147,392.8229833783259,1.0762273517214407,<$400M
4392,19.248917324495125,228927822.09881496,311.7625474521523,0.8541439656223351,<$400M
4393,18.99165661622937,176999349.6485491,303.86140439491936,0.8324969983422448,<$400M
4394,18.937698001284797,167701806.89193523,346.0345752165563,0.9480399321001541,<$400M
4395,18.967334102224044,172746213.6399669,369.1844601115374,1.0114642742781847,<$400M
4396,19.3908007136492,263826095.17355725,311.26030085994984,0.8527679475615064,<$400M
4397,19.865115850791042,423945662.6222785,336.3502800130662,0.9215076164741539,$400-500M
4398,19.77562168159562,387653199.27561814,312.4161945519508,0.8559347795943858,<$400M
4399,19.465815348854985,284378128.4793339,374.24509530310905,1.0253290282276961,<$400M
4400,19.22176208135102,222794879.07518148,339.8339924824159,0.9310520341983998,<$400M
4401,19.36162188673602,256239186.0474619,357.1148751855316,0.978396918316525,<$400M
4402,20.234931410392242,613647618.6648889,348.20323955851114,0.9539814782424962,$500-750M
4403,19.288695208206885,238217625.86125016,349.8524134887732,0.9584997629829403,<$400M
4404,19.342601094391565,251411373.66143736,313.2956032392973,0.8583441184638282,<$400M
4405,19.43800009813684,276577076.6024796,301.89827350407325,0.8271185575454062,<$400M
4406,20.336238872509945,679072783.8648278,315.7035025624247,0.8649411029107527,$500-750M
4407,20.403759495499195,726507595.2518117,359.1879816117584,0.984076661950023,$500-750M
4408,19.238871732742965,226639619.07659727,330.29762273963195,0.9049249938072108,<$400M
4409,19.013160925069954,180846818.64274675,299.5748240461317,0.8207529425921417,<$400M
4410,19.512908815423348,298090835.58551437,329.41633619929394,0.9025105101350519,<$400M
4411,19.27513020502795,235008021.37298194,291.2827784203413,0.7980350093707981,<$400M
4412,20.38952104178425,716236545.9366846,348.93082722490936,0.9559748691093407,$500-750M
4413,20.140919993068977,558586471.7620164,312.4715207539728,0.8560863582300625,$500-750M
4414,19.56446946874564,313863729.98800796,308.69245923650595,0.8457327650315232,<$400M
4415,20.26342357957129,631383233.7006552,390.40560869669105,1.0696044073881947,$500-750M
4416,19.629212305816775,334856388.1606185,329.79542328601224,0.9035491048931842,<$400M
4417,19.34113059275842,251041944.51552898,301.5566613030437,0.8261826337069691,<$400M
4418,20.38045291203641,709770979.6109138,339.84050078284724,0.9310698651584856,$500-750M
4419,19.879544046321232,430106773.51211816,370.01042569357406,1.0137271936810248,$400-500M
4420,19.82316146088058,406527225.81361103,332.8283764555968,0.911858565631772,$400-500M
4421,19.979669753966768,475401255.56937855,320.9173749575068,0.8792256848150871,$400-500M
4422,19.551573533190243,309842150.3030949,316.5687767465206,0.8673117171137551,<$400M
4423,19.469922064417396,285548389.885819,313.5341161185907,0.8589975784070978,<$400M
4424,20.284687713012634,644952812.3991034,382.8078658438818,1.0487886735448817,$500-750M
4425,20.072117381663528,521446574.6750483,358.4369236962084,0.982018969030708,$500-750M
4426,19.16398029765722,210286258.81274644,312.08098822075317,0.8550164060842552,<$400M
4427,20.185483236209805,584041871.6246893,374.04032536346534,1.0247680146944256,$500-750M
4428,18.681270588697448,129769529.97183938,362.7487275106679,0.9938321301662134,<$400M
4429,19.84491638688472,415468096.9015249,301.99543843065317,0.8273847628237073,$400-500M
4430,19.416376251369662,270660615.14511645,365.075565792715,1.0002070295690821,<$400M
4431,20.100056012943792,536220498.87688595,323.9274974057502,0.8874725956321924,$500-750M
4432,19.135881373218222,204459684.70760494,387.2209816948293,1.0608794019036418,<$400M
4433,19.45302777295427,280764773.83873963,363.11710766267515,0.9948413908566442,<$400M
4434,19.249600999861496,229084387.925462,350.5418033579635,0.9603885023505849,<$400M
4435,20.28224222881592,643377517.453277,373.78630261826163,1.02407206196784,$500-750M
4436,20.047814587216568,508926715.74132913,402.6826474308404,1.1032401299475079,$500-750M
4437,19.427565237461316,273706038.8329953,416.97543005154415,1.1423984384973813,<$400M
4438,19.466606016737458,284603066.04573655,354.4517467883962,0.9711006761325923,<$400M
4439,19.416984873833297,270825395.4149152,375.806697427129,1.0296073902113123,<$400M
4440,19.434156649358993,275516106.97270685,324.59074674822114,0.8892897171184141,<$400M
4441,20.750291150418825,1027393809.3391802,460.2730099956561,1.2610219451935782,>$1B
4442,19.459626491199376,282623587.62380224,344.96067391998207,0.9450977367670742,<$400M
4443,19.237490858601713,226326874.2675367,343.59058691818103,0.9413440737484412,<$400M
4444,19.7668499847708,384267692.96334803,347.497297583646,0.952047390640126,<$400M
4445,20.15855527107467,568524673.3898159,398.3832072093521,1.0914608416694578,$500-750M
4446,18.64852558349001,125589044.57716915,338.2205998137603,0.9266317803116721,<$400M
4447,20.093830688061242,532892721.0589584,423.9454011512576,1.161494249729473,$500-750M
4448,18.8262813582463,150020327.30507195,328.0720291122028,0.8988274770197338,<$400M
4449,19.2961322687115,239995869.01280874,342.2498719752273,0.9376708821239104,<$400M
4450,19.422348374910065,272281870.1251278,330.15792120082045,0.9045422498652615,<$400M
4451,19.600435807701174,325357718.62855566,328.4363465115522,0.8998256068809649,<$400M
4452,18.841598666965005,152335924.05403274,366.5904203306467,1.0043573159743744,<$400M
4453,19.594116536410823,323308177.5615317,365.1346908580878,1.0003690160495557,<$400M
4454,19.417728236234275,271026791.67702717,354.5009518400012,0.971235484493154,<$400M
4455,19.084560830596416,194231407.93721572,358.6531012160309,0.9826112362083038,<$400M
4456,20.1813432948445,581628970.6019047,336.7206096868672,0.9225222183201841,$500-750M
4457,19.11884831360554,201006602.47245717,306.61630612058923,0.8400446743029842,<$400M
4458,19.996151520018625,483301635.1049268,362.4148245965929,0.9929173276618983,$400-500M
4459,19.488131220437925,290795613.8426732,313.84945707438607,0.8598615262311947,<$400M
4460,19.33827215251671,250325380.73424307,321.4761270988873,0.8807565125996911,<$400M
4461,19.88166473048375,431019861.9788188,318.4370421893313,0.8724302525735104,$400-500M
4462,19.2806384005955,236306063.1667706,403.1278130615829,1.104459761812556,<$400M
4463,20.172353419338258,576423631.2985084,314.35740253324957,0.8612531576253413,$500-750M
4464,20.1126697515533,543027082.0700504,371.13082815714137,1.01679678947162,$500-750M
4465,19.341404188177034,251110637.83808857,342.14463758075095,0.9373825687143862,<$400M
4466,20.714060162196127,990836567.7505667,371.5162942896417,1.0178528610675115,$750M-1B
4467,19.236221838146232,226039842.9972626,318.0881041055325,0.8714742578233767,<$400M
4468,19.62267024500463,332672887.3908979,337.61373498992674,0.9249691369587034,<$400M
4469,19.68653084161872,354610599.15748775,323.96579555114,0.8875775220579177,<$400M
4470,19.87303977441367,427318320.36721957,328.63145215448645,0.900360142889004,$400-500M
4471,19.94894473103418,461016656.2646666,319.96965437117484,0.8766291900580132,$400-500M
4472,19.740578881501,374304008.26030195,302.90592459987266,0.8298792454791032,<$400M
4473,20.530228183917544,824450930.4799826,299.20117143020195,0.8197292367950738,$750M-1B
4474,19.733497927334152,371662940.4087803,375.9580782705432,1.0300221322480636,<$400M
4475,20.21018356222237,598647536.0186875,314.1594452972255,0.8607108090334945,$500-750M
4476,19.511010445451106,297525485.6856595,397.4234692281432,1.088831422542858,<$400M
4477,19.796994261133467,396027519.7544151,362.5035555137256,0.9931604260650017,<$400M
4478,19.748245443261844,377184661.29971427,332.12657688388833,0.9099358270791461,<$400M
4479,20.551814841887055,842441550.8066785,354.10845982167814,0.9701601638950086,$750M-1B
4480,19.557176371864276,311583018.2326605,301.82276872354424,0.8269116951329979,<$400M
4481,20.214593560589172,601293400.5157944,337.0018529006926,0.9232927476731304,$500-750M
4482,19.661226214035235,345749891.27066386,330.59608466503363,0.9057426977124209,<$400M
4483,19.264574338500264,232540355.15757322,314.9921022963848,0.8629920610859858,<$400M
4484,20.0639576894611,517209043.11372316,364.76479514674423,0.999355603141765,$500-750M
4485,20.24024663812397,616917979.161108,418.6579947230617,1.1470082047207169,$500-750M
4486,20.128480177397467,551680800.7077852,423.6724408893328,1.1607464133954324,$500-750M
4487,19.191306805774666,216111882.43337145,322.2683560041727,0.8829270027511581,<$400M
4488,18.731636540116764,136472889.3601162,317.26014882023765,0.8692058871787333,<$400M
4489,19.47868988876438,288063035.8887492,324.0343643492079,0.8877653817786518,<$400M
4490,18.97727377081991,174471815.50306037,335.2994209925145,0.9186285506644233,<$400M
4491,19.644376013736125,339972746.067336,305.96694848966865,0.838265612300462,<$400M
4492,20.213288431233472,600509146.7350309,453.39006471272904,1.242164560856792,$500-750M
4493,19.955843455155907,464208078.70597,338.19671776524535,0.9265663500417681,$400-500M
4494,19.713776326594786,364404957.0560878,370.48814515224274,1.0150360141157335,<$400M
4495,19.491660182963077,291823633.52098596,329.06401414428314,0.9015452442309126,<$400M
4496,19.47678693653949,287515386.9338585,354.2113408824828,0.9704420298150213,<$400M
4497,19.65551829785476,343782001.4897113,376.106868666054,1.0304297771672712,<$400M
4498,19.817398392698944,404191119.72862464,314.31536316593713,0.8611379812765401,$400-500M
4499,19.995855044898246,483158369.4328827,310.3992327223945,0.8504088567736836,$400-500M
4500,19.340645848637603,250920282.89860532,386.95432714290524,1.0601488414874116,<$400M
4501,20.341491267731328,682648925.9441106,346.7818773801804,0.9500873352881655,$500-750M
4502,19.148860699267832,207130730.30772433,342.5208364999257,0.9384132506847279,<$400M
4503,18.47836198820408,105937725.9294434,337.4539571478942,0.9245313894462854,<$400M
4504,20.134204108648547,554847638.4178885,373.85553956335855,1.0242617522283797,$500-750M
4505,19.192874538443967,216450953.8088756,333.4267481123296,0.9134979400337798,<$400M
4506,18.88079210901049,158425040.53092396,352.3968507438646,0.9654708239557934,<$400M
4507,18.543057129786863,113017940.52547751,328.9084204718017,0.901118960196717,<$400M
4508,20.415071370575014,734772415.5891988,336.7106739988036,0.9224949972569961,$500-750M
4509,19.54428833975769,307593092.6617636,368.2576689559848,1.0089251204273557,<$400M
4510,19.32399833588595,246777662.12872282,308.0270050568359,0.8439096028954408,<$400M
4511,20.0326141637515,501249311.8676539,343.6494889329289,0.941505449131312,$500-750M
4512,20.49084780845219,792614718.505911,402.57770347328204,1.1029526122555673,$750M-1B
4513,19.147025809889993,206751016.80353183,340.94676948770274,0.9341007383224732,<$400M
4514,19.58164140180731,319299918.2982608,313.70022939214914,0.859452683266162,<$400M
4515,19.12061213640313,201361455.35717016,306.38067310767593,0.8393991044045916,<$400M
4516,19.628482370271488,334612053.76536214,310.86966197446594,0.8516977040396327,<$400M
4517,19.86299863574585,423049028.00611806,375.32611414627354,1.0282907236884207,$400-500M
4518,19.263645422554756,232324445.01040798,365.7873291805146,1.002157066247985,<$400M
4519,19.110491988736737,199333924.4552046,309.0268859591861,0.8466490026279071,<$400M
4520,18.83886083159389,151919423.78761184,332.07708018012045,0.9098002196715629,<$400M
4521,19.892434778050113,435687054.2218663,387.8969301699256,1.0627313155340428,$400-500M
4522,19.60506931638849,326868764.46286994,323.33313513654423,0.8858442058535458,<$400M
4523,19.947525958871232,460363042.44029087,414.1332818123435,1.134611730992722,$400-500M
4524,19.350736127030707,253464955.04252997,300.77210676723087,0.82403316922529,<$400M
4525,19.5649781382795,314023423.51741016,352.1409822145947,0.9647698142865608,<$400M
4526,19.414150570329564,270058880.8284153,344.1450181258393,0.9428630633584637,<$400M
4527,19.870818903326732,426370354.50921535,317.08929698271004,0.8687377999526302,$400-500M
4528,19.98901572944686,479865171.3784632,328.62861647824593,0.9003523739130026,$400-500M
4529,19.441381163757022,277513784.49058974,331.7828068991739,0.908993991504586,<$400M
4530,18.95155319320274,170041518.76119176,328.58958266206497,0.9002454319508629,<$400M
4531,20.346189081508218,685863428.1276548,314.92064954795484,0.8627963001313831,$500-750M
4532,19.736754097456735,372875110.6161999,401.4981347005924,1.0999948895906642,<$400M
4533,19.869720418973845,425902250.4957896,385.06316303787213,1.0549675699667729,$400-500M
4534,20.395366605244835,720435613.1185403,361.38919066015507,0.9901073716716577,$500-750M
4535,19.23517962914514,225804384.95784232,323.38126150168665,0.8859760589087305,<$400M
4536,19.039125312336758,185603885.39485148,341.48640488762913,0.9355791914729565,<$400M
4537,19.536208859702334,305117912.95153934,322.30946541628623,0.8830396312774965,<$400M
4538,20.32271325925273,669949744.4501929,329.2313544961395,0.9020037109483273,$500-750M
4539,19.26478099653576,232588416.45649913,322.57789434822473,0.8837750530088349,<$400M
4540,18.567223346334693,115782425.58393823,356.7794163663542,0.9774778530585047,<$400M
4541,18.850156601112136,153645199.21489245,338.6909520058711,0.9279204164544415,<$400M
4542,19.353362765068564,254131590.85692942,319.9294489142706,0.8765190381212893,<$400M
4543,19.69037891454968,355977795.4535848,294.0741539039972,0.8056826134356089,<$400M
4544,19.70773570070321,362210358.0864075,339.8763119393839,0.9311679779161204,<$400M
4545,19.362037699455307,256345755.71517608,337.53509245377643,0.9247536779555519,<$400M
4546,19.019180556322276,181938732.96771762,345.3450088464034,0.9461507091682285,<$400M
4547,19.91708773396304,446561521.08006483,339.82079237569326,0.9310158695224473,$400-500M
4548,20.555528260471537,845575704.528595,341.7069145120522,0.93618332743028,$750M-1B
4549,18.597238585006227,119310343.51238741,378.08171816533337,1.0358403237406393,<$400M
4550,19.811589567093186,401850050.01834685,383.8794960971452,1.0517246468414936,$400-500M
4551,19.86719997184804,424830138.06156904,382.1807271195341,1.0470704852589976,$400-500M
4552,19.94460040110521,459018191.94439787,356.8510977298994,0.9776742403558887,$400-500M
4553,19.95385752788255,463287110.01306266,399.08146554150994,1.0933738781959177,$400-500M
4554,19.572993819272522,316550650.2950665,319.0580496350019,0.8741316428356216,<$400M
4555,19.47376874637454,286648919.0609041,372.17055081974775,1.0196453447116376,<$400M
4556,19.544956067779662,307798549.77620184,329.70253626301246,0.9032946198986643,<$400M
4557,20.073736959689384,522291782.34418356,359.49009880287383,0.9849043802818461,$500-750M
4558,19.458091993443446,282190234.9372172,356.58385889333016,0.9769420791598087,<$400M
4559,19.943869718736224,458682917.9488161,385.0057082013749,1.0548101594558217,$400-500M
4560,19.635246622851934,336883126.6092388,355.4882042976941,0.9739402857471071,<$400M
4561,19.909535969380972,443201895.1199938,340.24334400886437,0.9321735452297654,$400-500M
4562,19.61820824204897,331191806.7345176,306.29354510752773,0.8391603975548705,<$400M
4563,19.378658096089016,260641926.9892785,343.87250990894796,0.942116465503967,<$400M
4564,19.639477993367493,338311624.05797875,329.8268075316399,0.9036350891277805,<$400M
4565,19.431037452682002,274658056.9564514,339.2617582542419,0.9294842691897038,<$400M
4566,18.807941679117164,147294078.31793162,371.7805645435635,1.018576889160448,<$400M
4567,19.824953200547633,407256269.70322657,299.4316796599389,0.8203607661916134,$400-500M
4568,19.41012351286206,268973525.05752546,336.0223047067586,0.9206090539911194,<$400M
4569,20.684395598640332,961875515.6448916,379.66701247132437,1.0401835958118475,$750M-1B
4570,19.3009581490684,241156859.5102298,331.48372186232996,0.9081745804447396,<$400M
4571,19.627251530055,334200453.151923,343.06080919487255,0.9398926279311577,<$400M
4572,20.489253573691006,791352111.2830225,433.7497222141674,1.188355403326486,$750M-1B
4573,19.409240061309173,268736004.91334635,321.79936481425085,0.8816420953815092,<$400M
4574,19.586726713976088,320927793.67738575,324.23711682524873,0.88832086801438,<$400M
4575,19.105328634443342,198307345.35708162,329.3914095692455,0.9024422179979329,<$400M
4576,18.62342506251943,122475928.00032844,386.764431237356,1.0596285787324822,<$400M
4577,19.98258783530444,476790541.139472,342.2709357911891,0.9377285912087373,$400-500M
4578,20.07381697078766,522333573.1551518,317.520886842974,0.8699202379259562,$500-750M
4579,18.939566554276215,168015459.5519178,329.7309508892469,0.9033724681897176,<$400M
4580,19.81687335629674,403978960.3778838,337.62671063090926,0.9250046866600253,$400-500M
4581,20.1054424419576,539116605.3636311,349.0185192809148,0.9562151213175748,$500-750M
4582,19.386645688357948,262732165.30258098,310.4108640174545,0.8504407233354918,<$400M
4583,20.10966064221799,541395510.2282171,326.27882995694256,0.8939146026217605,$500-750M
4584,18.941642866396922,168364674.50120997,334.1666833115259,0.9155251597576052,<$400M
4585,20.171903449603334,576164316.4562203,313.189025856563,0.8580521256344191,$500-750M
4586,20.107977437839892,540484997.4396455,353.8256286854835,0.9693852840698177,$500-750M
4587,19.18817172248425,215435414.62742072,516.8427966890666,1.4160076621618265,<$400M
4588,19.631989383164253,335787602.67973816,389.40032719514744,1.0668502114935545,<$400M
4589,19.788862971686846,392820362.19651586,336.26064845474247,0.9212620505609382,<$400M
4590,19.79074725339226,393561244.2145239,347.90845745739546,0.9531738560476588,<$400M
4591,19.587854138113684,321289819.45835805,354.50512417856464,0.9712469155577114,<$400M
4592,20.237473641055985,615209637.1221322,327.46771864961437,0.8971718319167516,$500-750M
4593,20.193537466526166,588764873.9152879,339.4462959319256,0.9299898518682893,$500-750M
4594,19.82794137616328,408475043.0051161,333.1183976388443,0.9126531442160118,$400-500M
4595,20.014240359023027,492123549.1166801,325.22190425561286,0.8910189157688023,$400-500M
4596,21.18028012843958,1579351455.3786895,502.6709165588176,1.377180593311829,>$1B
4597,20.281184558601048,642697395.9516774,337.7838185477195,0.9254351193088205,$500-750M
4598,19.481132471291115,288767513.6490885,392.94014201286393,1.076548334281819,<$400M
4599,20.27664867816599,639788798.9187448,315.46074112564054,0.8642760030839467,$500-750M
4600,19.065521225336145,190568301.31072423,328.38145479126473,0.8996752186062047,<$400M
4601,19.802867744339245,398360425.17444897,310.7375329732008,0.8513357067758927,<$400M
4602,19.55625574229737,311296297.6954827,329.24213509838717,0.9020332468448964,<$400M
4603,20.078386946548594,524726087.6262564,319.2351830136423,0.8746169397634036,$500-750M
4604,19.57615997204773,317554486.32552755,346.92701209322496,0.9504849646389725,<$400M
4605,19.499147740426984,294016880.53105867,306.49966400588335,0.8397251068654338,<$400M
4606,19.601206323909718,325608508.6308068,315.63717651657515,0.8647593877166443,<$400M
4607,19.56292211611135,313378447.66686785,343.95763190685244,0.94234967645713,<$400M
4608,19.416646180956654,270733684.3144992,393.208023261153,1.0772822555100083,<$400M
4609,19.63021187508179,335191267.65416,338.2243747579966,0.9266421226246482,<$400M
4610,20.039918310796672,504923914.1286225,305.75642178141317,0.8376888267983922,$500-750M
4611,19.64050801897646,338660273.2225282,308.0839093409664,0.8440655050437436,<$400M
4612,20.72539333670148,1002129764.4884608,396.438472288702,1.0861328007909643,>$1B
4613,19.021270396677426,182319353.4535363,310.3083347508964,0.8501598212353326,<$400M
4614,20.19789226739077,591334418.5640938,359.86556402047967,0.9859330521109032,$500-750M
4615,18.82755038295838,150210827.65699804,324.4948195614379,0.8890269029080491,<$400M
4616,19.059874267170894,189495202.8083658,320.5670905640145,0.8782660015452453,<$400M
4617,19.583611076659647,319929455.1055648,329.0381335614689,0.9014743385245724,<$400M
4618,19.817129698931225,404082530.6830394,342.44186210857464,0.9381968824892456,$400-500M
4619,18.89226473655479,160253058.04623312,316.53154289816064,0.8672097065703032,<$400M
4620,19.05865143303252,189263623.2258803,372.12896668435985,1.0195314155735886,<$400M
4621,19.22876490443364,224360547.84947464,344.80474950416834,0.9446705465867625,<$400M
4622,20.266216378577198,633149024.7701305,328.776334413537,0.9007570805850328,$500-750M
4623,19.456257256101644,281672964.6483488,356.4920759398167,0.9766906190131964,<$400M
4624,19.80562643079135,399460893.9086134,321.28461431271063,0.8802318200348237,<$400M
4625,20.068375720768,519499144.0020836,352.3851048642237,0.9654386434636266,$500-750M
4626,20.164931910880775,572161533.6033589,398.63155829176424,1.0921412555938745,$500-750M
4627,19.71414260673882,364538455.80372334,344.16936705990753,0.94292977276687,<$400M
4628,20.169123490267893,574564827.3733375,381.8467807048547,1.0461555635749444,$500-750M
4629,20.048828904014883,509443190.5484726,338.5571564278585,0.9275538532270096,$500-750M
4630,19.15239928562644,207864978.61880553,360.4320030280709,0.987484939802934,<$400M
4631,19.720029664586257,366690844.18174607,354.6090190678093,0.9715315590898885,<$400M
4632,19.533423002683854,304269080.98350894,386.8682434340663,1.0599129957097706,<$400M
4633,19.6971011914359,358378837.9545039,317.8716391165724,0.8708812030591024,<$400M
4634,20.228568266931163,609755287.6961832,345.8293822233121,0.9474777595159236,$500-750M
4635,19.49843881850999,293808519.3851014,295.38619725339964,0.8092772527490402,<$400M
4636,20.266736185852388,633478225.7926159,334.4543113401818,0.9163131817539227,$500-750M
4637,19.192979067422186,216473580.38845795,323.8781162193468,0.8873373047105392,<$400M
4638,19.400777152611994,266471313.0967305,347.8063653133251,0.9528941515433564,<$400M
4639,19.795487519064213,395431257.7491493,477.5662640832695,1.3084007235158068,<$400M
4640,19.451475861009083,280329389.5588462,362.39269219168773,0.9928566909361307,<$400M
4641,20.245846115028744,620382086.6814163,319.62285118937297,0.8756790443544464,$500-750M
4642,19.06186782107667,189873348.511735,355.1372912514254,0.9729788801408914,<$400M
4643,19.10967727330247,199171590.16748217,394.12962844625594,1.079807201222619,<$400M
4644,19.544201214630615,307566294.7418815,394.58994052096256,1.081068330194418,<$400M
4645,19.061286819223067,189763063.78521731,320.3884456914764,0.8777765635382916,<$400M
4646,19.483512543240344,289455619.65424526,323.11989703764954,0.8852599918839713,<$400M
4647,19.863446675703806,423238613.3425707,404.1037995785771,1.1071336974755537,$400-500M
4648,19.547502464679184,308583325.8005974,341.9208985626022,0.9367695851030197,<$400M
4649,20.781773247955265,1060252843.2086891,359.9077007759299,0.9860484952765204,>$1B
4650,19.17063650696921,211690636.89899585,337.6084518545488,0.9249546626152021,<$400M
4651,20.503307097163095,802551910.7450907,313.57677594737925,0.8591144546503541,$750M-1B
4652,19.85554281134787,419906578.07620406,366.79395300739384,1.0049149397462844,$400-500M
4653,20.214916509982686,601487619.2145323,317.21314873689397,0.8690771198271068,$500-750M
4654,20.084482954558794,527934591.65670955,317.611237266021,0.8701677733315645,$500-750M
4655,19.244480621004133,227914387.0491347,326.5105701085584,0.8945495071467353,<$400M
4656,19.423463890885902,272585774.3746916,323.489156555471,0.8862716617958111,<$400M
4657,19.634227046888114,336539823.71216214,315.7387589762585,0.8650376958253658,<$400M
4658,19.669110788792214,348486757.4702408,348.8794689516435,0.955834161511352,<$400M
4659,19.95157750511947,462232008.1416122,347.9738797884763,0.9533530953108941,$400-500M
4660,19.029107495739392,183753821.98134702,327.0025346925572,0.8958973553220746,<$400M
4661,18.890641534787086,159993146.00104588,313.5684085198707,0.8590915301914265,<$400M
4662,19.866986875809786,424739618.08728325,326.3740372308587,0.8941754444681059,$400-500M
4663,20.279563109727423,641656139.3832055,324.13140225055105,0.8880312390426056,$500-750M
4664,19.999743936904295,485040978.41229856,345.57683232576744,0.946785841988404,$400-500M
4665,20.604886739978614,888359214.4869683,440.2851809735226,1.2062607697904728,$750M-1B
4666,19.487992209360154,290755192.8405306,360.011502310849,0.9863328830434218,<$400M
4667,19.025295942846054,183054767.65709582,348.38838690609737,0.9544887312495818,<$400M
4668,19.897424416954852,437866407.8702578,378.4037699219283,1.0367226573203514,$400-500M
4669,19.931580459317242,453080539.62786925,319.97730736044053,0.8766501571518919,$400-500M
4670,20.11130765067098,542287927.9179802,329.68095876690523,0.9032355034709733,$500-750M
4671,19.38227979604027,261587605.29139832,333.75239254429675,0.9143901165597171,<$400M
4672,19.763039437435012,382806209.0249888,359.22721430669077,0.9841841487854541,<$400M
4673,19.956463991595616,464496226.1281554,355.7723663359581,0.9747188118793373,$400-500M
4674,18.266065265763828,85674455.1120639,363.5053591343364,0.9959050935187299,<$400M
4675,20.000521104485255,485418083.0539282,355.63463014950906,0.9743414524644084,$400-500M
4676,19.237680042190625,226369695.64830136,305.4175630694558,0.8367604467656323,<$400M
4677,19.44959277667442,279802002.38992393,373.7236664074886,1.0239004559109277,<$400M
4678,19.76752054491498,384525453.9754172,338.5796694272883,0.9276155326775022,<$400M
4679,19.625967580041927,333771631.8272131,333.4843498487166,0.9136557530101824,<$400M
4680,18.808715894425873,147408159.80436575,339.8262411286003,0.9310307976126037,<$400M
4681,20.499606792801536,799587712.0103493,307.7358951046198,0.8431120413825199,$750M-1B
4682,19.436562715554864,276179815.106772,314.230531216392,0.8609055649764165,<$400M
4683,19.58661263197058,320891183.679371,321.66373565699683,0.8812705086493064,<$400M
4684,19.27126029475529,234100318.91327798,355.7522866398784,0.9746637990133654,<$400M
4685,19.340242934520905,250819203.9388969,325.73538685255176,0.8924257174042514,<$400M
4686,19.388548443873642,263232556.28914428,337.7855704711344,0.9254399190989984,<$400M
4687,20.65969270628118,938405490.573481,324.59703453232504,0.8893069439241782,$750M-1B
4688,19.843849646979695,415025136.8069052,320.74981599724686,0.8787666191705393,$400-500M
4689,19.24137098253024,227206756.51021063,386.30200936118,1.058361669482685,<$400M
4690,18.96474593851488,172299696.23824906,335.17405424904814,0.9182850801343785,<$400M
4691,19.50601353029375,296042484.37816656,324.600582286002,0.8893166637972658,<$400M
4692,18.931052778405554,166591085.59054643,328.7006371166585,0.9005496907305713,<$400M
4693,19.325175132737325,247068240.24667883,345.86615206828674,0.9475784988172239,<$400M
4694,20.3057306719399,658668329.3646939,310.6618638531239,0.8511283941181477,$500-750M
4695,18.841202006832656,152275510.4488624,320.0931928388635,0.8769676516133247,<$400M
4696,19.416850872854774,270789106.978318,308.2170706532386,0.844430330556818,<$400M
4697,20.19208151562822,587908284.8955244,354.1562763572965,0.9702911681021823,$500-750M
4698,18.438685593647627,101816791.41819288,338.83718497354033,0.9283210547220283,<$400M
4699,20.39613461490665,720989127.154988,307.29387551514753,0.8419010288086234,$500-750M
4700,19.962457341705992,467288473.73686695,766.5161640983961,2.100044285201085,$400-500M
4701,19.80539558551658,399368690.891525,353.8455261109263,0.9694397975641816,<$400M
4702,19.77122575672477,385952844.98866624,327.4160204063912,0.8970301928942226,<$400M
4703,20.737277616494627,1014110404.6305419,322.0643867639302,0.8823681829148773,>$1B
4704,19.59657809472329,324104999.8033571,344.3409313205719,0.9433998118371832,<$400M
4705,19.79553293689947,395449217.7887189,331.05481566789814,0.9069994949805429,<$400M
4706,19.10606824209163,198454069.23878363,353.7311045376154,0.969126313801686,<$400M
4707,19.983589798648485,477268507.1967286,364.2425321497994,0.9979247456158887,$400-500M
4708,20.616178304220018,898447026.0305558,312.11588859908267,0.8551120235591306,$750M-1B
4709,19.952796512013194,462795815.71888113,349.6071495997787,0.9578278071226815,$400-500M
4710,19.7729516842798,386619546.8127995,319.59898887418314,0.875613668148447,<$400M
4711,18.93445911961711,167159519.26075414,410.5290884994315,1.1247372287655657,<$400M
4712,19.946436699622215,459861860.7463586,327.46857055951597,0.8971741659164821,$400-500M
4713,19.552900022037587,310253425.1753689,324.6903562708992,0.8895626199202717,<$400M
4714,19.692950137957137,356894271.62136126,371.5548084448034,1.0179583793008313,<$400M
4715,19.65408540375934,343289751.04526633,349.84424894771837,0.9584773943773106,<$400M
4716,19.9471767270481,460202297.0860067,350.93249029244777,0.9614588775135555,$400-500M
4717,19.610238328174646,328562727.243992,317.3813428261424,0.869537925551075,<$400M
4718,20.10430602693966,538504293.1431742,294.9757849366673,0.8081528354429242,$500-750M
4719,19.92183337129853,448685776.5935245,429.9256765374737,1.1778785658560924,$400-500M
4720,19.944959288801954,459182957.490464,350.49802906985514,0.9602685727941237,$400-500M
4721,19.7014283139995,359932947.09597296,358.06591977281835,0.9810025199255297,<$400M
4722,20.074375925516694,522625615.5876456,338.18611469274606,0.9265373005280714,$500-750M
4723,20.07485154716025,522874246.76439327,356.42581034340725,0.9765090694339925,$500-750M
4724,19.573422114171034,316686256.3613288,325.84136461387385,0.8927160674352709,<$400M
4725,19.501541728162405,294721596.5412282,324.71071726294133,0.8896184034601132,<$400M
4726,20.41830296165382,737150740.3891994,350.98018636397245,0.9615895516821164,$500-750M
4727,19.04623848424,186928824.4105508,333.1849572473398,0.9128354993077803,<$400M
4728,19.985802441337526,478325701.0346791,319.18267510002215,0.8744730824658141,$400-500M
4729,19.142802034201818,205879588.53955275,314.78650187348404,0.8624287722561207,<$400M
4730,19.880362688689218,430459021.3024829,331.5222561360843,0.9082801537974913,$400-500M
4731,19.61743658361001,330936338.36177707,371.51716266986494,1.0178552401914107,<$400M
4732,20.0388478680704,504383711.1771644,348.71167062608646,0.9553744400714698,$500-750M
4733,19.206663763891274,219456318.01096728,349.1201720143534,0.9564936219571326,<$400M
4734,20.114671553471602,544115203.4630122,373.71039421848826,1.0238640937492829,$500-750M
4735,20.82582125296486,1107998701.0850017,313.4948578506707,0.8588900215086869,>$1B
4736,19.50092571744513,294540100.7865513,340.9704826047608,0.9341657057664678,<$400M
4737,18.669058949269346,128194467.88149704,390.17210549274023,1.0689646725828499,<$400M
4738,19.461762925188623,283228039.7186538,333.75522703874645,0.9143978822979355,<$400M
4739,19.15935266315929,209315379.03800893,344.9314202245722,0.9450175896563622,<$400M
4740,19.870251725795615,426128595.3908542,309.48016848818617,0.8478908725703731,$400-500M
4741,19.40489018427897,267569575.09074068,320.2048705532305,0.8772736179540561,<$400M
4742,19.94420399357129,458836269.73495436,343.12991393629443,0.9400819559898478,$400-500M
4743,20.452775052170683,763004931.2253842,338.420847074907,0.9271804029449506,$750M-1B
4744,20.07817568689492,524615245.8833167,626.5819461776331,1.7166628662400907,$500-750M
4745,19.595872678960887,323876451.6480349,298.93816464069835,0.8190086702484887,<$400M
4746,19.156184344344997,208653250.655272,338.84472818781705,0.9283417210625124,<$400M
4747,18.946706780239847,169219421.06200957,417.7381437181355,1.1444880649811933,<$400M
4748,19.262339022367275,232021134.4774964,318.3986229238158,0.8723249943118242,<$400M
4749,19.365094672334113,257130596.74566627,333.3447188399636,0.9132732023012702,<$400M
4750,19.807379211818557,400161675.36337256,394.6059991420825,1.0811123264166644,$400-500M
4751,19.873017254810005,427308697.43635905,364.3718317999933,0.9982789912328583,$400-500M
4752,19.991749378328777,481178748.8794945,350.7958684251254,0.9610845710277408,$400-500M
4753,20.414542580347245,734383977.8262991,300.19390707129793,0.8224490604693094,$500-750M
4754,19.422788947765085,272401856.5554602,337.17968852973206,0.9237799685746084,<$400M
4755,19.97908288715521,475122340.20140433,315.63088906088154,0.8647421618106343,$400-500M
4756,19.07372071681039,192137288.12914717,314.83257015639134,0.8625549867298393,<$400M
4757,19.968107817038305,469936349.5642314,349.4599421877888,0.9574244991446268,$400-500M
4758,19.908249040236363,442631892.539354,301.9396973128322,0.827232047432417,$400-500M
4759,20.07733461810541,524174193.8770423,317.1488022903056,0.868900828192618,$500-750M
4760,19.241558296978805,227249319.6047339,331.7432439901985,0.9088855999731466,<$400M
4761,20.240178638045244,616876030.1162423,341.46075503846316,0.9355089179135977,$500-750M
4762,20.17373224291919,577218965.9810523,365.1164337845321,1.0003189966699508,$500-750M
4763,20.15701322314844,567648656.6996562,331.3887865444816,0.9079144836835112,$500-750M
4764,19.248139255697886,228749769.78107905,309.94813963065263,0.8491729852894593,<$400M
4765,19.429418482601026,274213753.53375965,400.4942265801647,1.097244456384013,<$400M
4766,19.66408706225793,346740445.4696173,348.89841742353565,0.9558860751329744,<$400M
4767,19.803541455047423,398628895.2840424,323.3903867537983,0.8860010595994473,<$400M
4768,19.487460815715643,290600728.4232861,337.89424732000214,0.9257376638904168,<$400M
4769,19.964504684446347,468246153.4159743,312.3072624941166,0.8556363356003195,$400-500M
4770,19.07860854264956,193078720.63549817,313.17289140825824,0.8580079216664609,<$400M
4771,19.436920393445167,276278616.1888117,340.4755916543026,0.9328098401487742,<$400M
4772,19.3850870380527,262322976.70673823,332.6064976073646,0.9112506783763413,<$400M
4773,20.408637062161137,730059840.5922661,362.6259062399685,0.9934956335341603,$500-750M
4774,20.02454989558523,497223358.0024959,348.12827636966256,0.9537760996429111,$400-500M
4775,19.563850161478122,313669412.07647467,336.4140146417578,0.9216822318952268,<$400M
4776,19.24934299520834,229025290.71141803,399.33447853015707,1.0940670644661838,<$400M
4777,19.867707673041064,425045879.59097666,440.8569376720143,1.2078272264986694,$400-500M
4778,19.36915443242746,258176607.12003613,302.4696913248976,0.8286840858216373,<$400M
4779,18.651920501247965,126016133.6106809,340.0709929726109,0.9317013506098929,<$400M
4780,20.242740289347015,618458277.1191357,363.2547953858845,0.9952186174955739,$500-750M
4781,19.749571543028832,377685177.5850918,357.9043382845865,0.9805598309166754,<$400M
4782,19.29267287726423,239167063.76361403,305.8320901996717,0.8378961375333471,<$400M
4783,19.8687690816466,425497266.45589674,309.399559350954,0.847670025619052,$400-500M
4784,20.275747586580614,639212550.2810115,403.5008346343786,1.105481738724325,$500-750M
4785,19.573082618204907,316578760.902936,376.64359072347435,1.031900248557464,<$400M
4786,19.7704919281954,385669725.6732426,328.1586934592133,0.8990649135868857,<$400M
4787,18.82698246956872,150125545.13553488,331.14369357115686,0.9072429960853613,<$400M
4788,19.675372610771504,350675765.94569564,330.4104050457641,0.9052339864267509,<$400M
4789,19.775283175351696,387521998.4545875,324.14163233389667,0.88805926666821,<$400M
4790,20.22888153676371,609946335.5562569,325.83005683521105,0.8926850872197563,$500-750M
4791,19.72706660690777,369280326.83651024,338.1253114323617,0.9263707162530457,<$400M
4792,20.56524157692443,853829067.8052654,336.0063276799094,0.9205652813148203,$750M-1B
4793,20.08358511463608,527460803.6284688,320.9582425400847,0.8793376507947527,$500-750M
4794,19.670425146874706,348945095.00039905,310.59004478282384,0.8509316295419831,<$400M
4795,19.155849182703196,208583329.80726308,381.1659379381273,1.0442902409263761,<$400M
4796,19.33178496637589,248706729.3167201,338.47489139904417,0.9273284695864223,<$400M
4797,19.426619363506628,273447269.82034993,349.80494003481573,0.9583696987255226,<$400M
4798,19.03349444866312,184561712.14030427,310.90028023610887,0.8517815896879695,<$400M
4799,20.600240228621665,884241018.3397304,379.6904812139383,1.0402478937368174,$750M-1B
4800,18.8365423684699,151567612.19443515,346.4262918660384,0.9491131284001052,<$400M
4801,20.055804370975245,513009217.58483326,305.87906613593816,0.8380248387285977,$500-750M
4802,20.000490196325035,485403079.90590465,320.9715347946395,0.8793740679305192,$400-500M
4803,19.717590988966307,365797693.65482974,413.54396614277124,1.1329971675144417,<$400M
4804,20.23153918361797,611569513.4776767,321.9254667977662,0.8819875802678526,$500-750M
4805,19.650046779975238,341906128.7374654,316.00657553410764,0.865771439819473,<$400M
4806,19.456634001037095,281779103.50361633,352.1480541954348,0.9647891895765337,<$400M
4807,19.89097904831295,435053273.0399183,292.543711412154,0.8014896203072712,$400-500M
4808,19.66516290027124,347113682.75703704,327.22030212148576,0.8964939784150294,<$400M
4809,19.039977321280492,185762088.95105195,338.1233876456797,0.926365445604602,<$400M
4810,19.66492823291898,347032236.0649849,309.85528738326934,0.8489185955706009,<$400M
4811,19.421838218166556,272142999.11895025,429.7677596690639,1.1774459169015448,<$400M
4812,19.271975037742315,234267700.2846866,328.3610538349379,0.8996193255751722,<$400M
4813,19.109074641068617,199051599.10605145,368.9882616122812,1.0109267441432361,<$400M
4814,19.071156204512636,191645180.96802083,370.84233021777294,1.016006384158282,<$400M
4815,19.655471543965465,343765928.71980774,345.6660792626074,0.94703035414413,<$400M
4816,19.45359881790021,280925148.9301726,316.276776474576,0.8665117163687014,<$400M
4817,19.042864303986907,186299155.76764405,372.30419509325816,1.0200114934061868,<$400M
4818,18.583398637361274,117670468.6712665,334.6295121856581,0.9167931840702961,<$400M
4819,19.90949792503064,443185034.1125626,296.93707583569926,0.8135262351662993,$400-500M
4820,19.830677303862835,409594131.36421096,300.0874607003808,0.8221574265763858,$400-500M
4821,20.372035461880834,703821592.231876,438.6944635765636,1.2019026399357906,$500-750M
4822,19.515740139893406,298936023.39846265,320.5654086133053,0.8782613934611104,<$400M
4823,19.8183370352821,404570688.8373308,385.22801194504285,1.0554192108083367,$400-500M
4824,18.871230410580786,156917447.1324641,311.9324924915107,0.8546095684698923,<$400M
4825,19.55774886314634,311761447.86406875,419.75936863434856,1.150025667491366,<$400M
4826,19.27926868432446,235982612.47551262,328.10621972053536,0.898921149919275,<$400M
4827,19.83885613649721,412957870.1901567,395.5853263785276,1.083795414735692,$400-500M
4828,19.4693353659513,285380908.218899,309.6168846250518,0.848265437328909,<$400M
4829,18.71629484538143,134395142.78146967,304.43720350172345,0.8340745301417081,<$400M
4830,19.62132851578591,332226829.7687986,347.4175482541538,0.9518288993264488,<$400M
4831,19.342756601392864,251450472.9302742,330.13792227744364,0.9044874582943662,<$400M
4832,19.67297796522452,349837026.4270653,346.02438287002224,0.9480120078630746,<$400M
4833,20.24105966287368,617419752.6962191,385.7739937304585,1.0569150513163248,$500-750M
4834,20.091999534889002,531917805.7443805,345.6147046768579,0.9468896018544052,$500-750M
4835,19.07909404090321,193172482.77601957,336.2188060122054,0.9211474137320695,<$400M
4836,20.20003062093242,592600253.5313307,319.57163491058816,0.8755387257824333,$500-750M
4837,19.929894650533022,452317375.92897856,377.48561729192863,1.0342071706628182,$400-500M
4838,19.265810575709946,232828007.96428862,361.6473089120018,0.9908145449643885,<$400M
4839,20.164330032958972,571817265.8225594,357.2619119726902,0.9787997588292883,$500-750M
4840,19.440236564684678,277196324.1873424,341.5708652564506,0.9358105897437002,<$400M
4841,19.320426337585822,245897745.20555046,381.69676091945684,1.0457445504642653,<$400M
4842,18.643430997802664,124950847.48342474,335.75871983639894,0.9198869036613669,<$400M
4843,19.578251479765594,318219349.02488846,337.66261125323535,0.9251030445294119,<$400M
4844,19.924259288752463,449775572.5934023,346.87483004024904,0.9503420001102714,$400-500M
4845,19.021110634586947,182290228.05912256,337.41716865462155,0.9244305990537577,<$400M
4846,19.98367077609066,477307156.7445212,314.488097990187,0.8616112273703753,$400-500M
4847,19.905947113896456,441614158.3510053,354.36916965042,0.9708744373984111,$400-500M
4848,20.286183729644605,645918394.6167316,329.5994563228258,0.9030122091036323,$500-750M
4849,19.74544606862685,376130256.65154696,306.86097921426517,0.840715011545932,<$400M
4850,19.83167096767869,410001332.5087509,325.07942417124804,0.8906285593732823,$400-500M
4851,18.96100085787082,171655626.77971044,334.23220227901226,0.9157046637781158,<$400M
4852,19.677086651954856,351277354.0766602,303.38122331730784,0.8311814337460489,<$400M
4853,19.280451568814943,236261917.80823922,350.07793998553916,0.9591176437959977,<$400M
4854,20.563093164487988,851996659.9061743,343.0350302765963,0.939822000757798,$750M-1B
4855,19.626652772870116,334000408.1245827,330.220336940703,0.9047132518923371,<$400M
4856,20.054859305637606,512524619.37995577,424.70567444054205,1.1635771902480605,$500-750M
4857,19.657867561033896,344590585.3036684,449.6184738057602,1.2318314350842745,<$400M
4858,19.4892387210218,291117848.55942386,356.5038904660844,0.9767229875783134,<$400M
4859,19.010678606212505,180398455.8944035,335.9545515099877,0.9204234287944869,<$400M
4860,19.233809113415862,225495128.46536812,319.5330087999059,0.8754329008216599,<$400M
4861,19.290065801649725,238544349.22853023,326.28530769119516,0.8939323498388908,<$400M
4862,19.587065185211838,321036436.88956225,385.4107283239042,1.055919803627135,<$400M
4863,19.89506544539839,436834710.81898916,384.84182163697,1.054361155169781,$400-500M
4864,19.831042389793556,409743695.71913743,315.1242348325532,0.8633540680343924,$400-500M
4865,20.58500559701047,870872026.5730028,293.80824916532384,0.8049541073022571,$750M-1B
4866,18.47628182522935,105717587.23589727,307.57316542250237,0.8426662066369928,<$400M
4867,19.776871158429064,388137865.69419944,369.97598624078444,1.0136328390158478,<$400M
4868,20.387332376000902,714670657.7438484,310.52175496151864,0.8507445341411469,$500-750M
4869,19.326453856307758,247384374.30994993,325.19422078097716,0.8909430706328142,<$400M
4870,19.87717108468579,429087356.6363558,344.74303319310735,0.9445014608030339,$400-500M
4871,19.25395144371351,230083177.70664895,345.3389281587433,0.9461340497499816,<$400M
4872,18.981287266312417,175173464.43871683,337.5086334826092,0.9246811876235868,<$400M
4873,18.92065934044771,164868598.26643798,341.008528160163,0.9342699401648301,<$400M
4874,18.9274478372183,165991615.70072547,317.22920127441034,0.8691210993819461,<$400M
4875,19.866838185340956,424676468.0493599,313.90726003180066,0.860019890498084,$400-500M
4876,19.19585694483659,217097462.1132436,281.83640783864587,0.7721545420236873,<$400M
4877,20.06408991935602,517277438.13298094,449.15944980119167,1.230573835071758,$500-750M
4878,18.812681295639287,147993852.78647935,337.0130030826092,0.9233232961167376,<$400M
4879,19.38022499002738,261050645.370316,368.3923714714733,1.0092941684149954,<$400M
4880,19.34636199026274,252358685.9133837,301.41825205543864,0.825803430288873,<$400M
4881,19.928808727289326,451826460.573369,322.5552435898146,0.8837129961364784,$400-500M
4882,19.55858638370927,312022663.8589979,343.44531181146687,0.9409460597574435,<$400M
4883,18.989742467596518,176660870.63831875,345.2361185450199,0.945852379575397,<$400M
4884,19.798061504086064,396450402.9533256,332.8662711442801,0.9119623866966579,<$400M
4885,20.239746543728153,616609539.0680594,383.73462583392427,1.0513277420107514,$500-750M
4886,19.872866668310763,427244355.36016214,439.4554776244447,1.2039876099299855,$400-500M
4887,19.559278566037417,312238715.1977359,303.67102328999175,0.8319754062739501,<$400M
4888,20.440424301895572,753639203.7959622,336.1688492117288,0.9210105457855583,$750M-1B
4889,20.25384380253481,625363602.4957515,315.63876816410396,0.8647637483948054,$500-750M
4890,19.32556999250212,247165816.8171743,333.0991635804403,0.9126004481655898,<$400M
4891,19.73031141227951,370480515.7614006,327.09915884114343,0.8961620790168313,<$400M
4892,20.0328999475543,501392581.27321225,349.8381266837094,0.9584606210512586,$500-750M
4893,20.30403262255413,657550827.0681467,327.0780218011943,0.8961041693183406,$500-750M
4894,19.288999957591518,238290233.59915975,339.28090121216525,0.9295367156497678,<$400M
4895,19.54376349584343,307431696.65657216,368.2799090923554,1.0089860523078231,<$400M
4896,19.612655820249675,329357985.91170895,332.08943622544166,0.9098340718505251,<$400M
4897,19.039890395457963,185745942.1304731,367.9923920473696,1.008198334376355,<$400M
4898,19.647374298386644,340993610.7902061,324.7178181279862,0.8896378578848938,<$400M
4899,20.1421177110521,559255901.6384504,368.55336822996924,1.0097352554245733,$500-750M
4900,20.766267046459106,1043939157.5075126,340.799354174507,0.933696860752074,>$1B
4901,19.80313921538951,398468583.1776743,358.4415420080508,0.9820316219398653,<$400M
4902,19.596059312819627,323936903.6009758,359.189856175068,0.9840817977399122,<$400M
4903,19.2436397346702,227722817.51114976,319.7508197105841,0.8760296430426961,<$400M
4904,19.071215590859712,191656562.413201,376.0714050087175,1.0303326164622397,<$400M
4905,19.52528266761197,301802282.6167819,318.6237372075967,0.8729417457742376,<$400M
4906,20.18253560055897,582322863.7314249,346.7929794435362,0.9501177519000992,$500-750M
4907,20.53526984322215,828618026.8983283,311.915043626467,0.8545617633601836,$750M-1B
4908,20.17469768506198,577776506.5897214,326.19894690721634,0.8936957449512777,$500-750M
4909,19.7101459992346,363084446.1639919,347.69747257146645,0.9525958152642916,<$400M
4910,19.156274353089607,208672032.11765763,368.73029865356153,1.0102199963111276,<$400M
4911,19.77998045002007,389346577.64131194,319.1431977679872,0.8743649253917458,<$400M
4912,19.11662123587397,200559443.258178,345.14669810179186,0.9456073920597037,<$400M
4913,19.659032558795104,344992266.4974955,308.9943615572245,0.8465598946773275,<$400M
4914,20.200164648651157,592679683.7142384,383.669648656394,1.051149722346285,$500-750M
4915,19.486961042526314,290455530.2565183,322.34145438487417,0.8831272722873265,<$400M
4916,19.921261106961666,448429083.18037033,356.18565870133676,0.9758511197296897,$400-500M
4917,19.161418696902427,209748278.71274087,354.74834946458293,0.9719132862043368,<$400M
4918,19.4399140532349,277106939.6135048,369.4280456372593,1.0121316318829021,<$400M
4919,19.32015614571404,245831314.60841444,368.0105903386869,1.0082481927087312,<$400M
4920,19.895622151334138,437077967.0002398,352.1353105527229,0.9647542754869121,$400-500M
4921,19.417149424031862,270869963.45424664,346.8948218243591,0.9503967721215317,<$400M
4922,19.85429874519199,419384511.32391024,370.5107167970331,1.015097854238447,$400-500M
4923,19.872683653889005,427166170.63620085,316.7226922918208,0.8677334035392351,$400-500M
4924,20.052975531659573,511560047.641677,315.82570170967415,0.8652758950949977,$500-750M
4925,19.423710904923208,272653115.20405483,344.9035253597888,0.9449411653692843,<$400M
4926,20.16001039467513,569352549.2442795,348.77887599368665,0.9555585643662649,$500-750M
4927,19.20692826503837,219514372.1361717,342.761710358368,0.939073179064022,<$400M
4928,19.289195370420426,238336803.11780116,316.0315875444646,0.8658399658752456,<$400M
4929,19.36566008419766,257276022.544409,353.3987299713918,0.9682156985517584,<$400M
4930,19.45556711908236,281478638.7715673,335.4051183732516,0.9189181325294564,<$400M
4931,19.766674356569585,384200210.64571995,319.8771764471907,0.8763758258827143,<$400M
4932,20.868714902996405,1156558824.9725823,355.6094556310632,0.9742724811809951,>$1B
4933,19.227106747262074,223988831.06563628,339.1822356300373,0.9292663989864036,<$400M
4934,19.493765385600312,292438628.52129835,333.11771804034106,0.9126512823023043,<$400M
4935,19.956586441740793,464553107.24095833,332.7659560588496,0.9116875508461633,$400-500M
4936,20.147990650400367,562550041.3018664,396.297867172351,1.0857475812941124,$500-750M
4937,20.105387440787393,539086954.1348919,344.3261673079135,0.9433593624874343,$500-750M
4938,19.20106591409547,218231266.53209504,312.4646744722834,0.8560676012939271,<$400M
4939,20.29204316366764,649714220.6702559,305.1820819171295,0.8361152929236424,$500-750M
4940,19.766623516445375,384180678.3558054,384.0654448374691,1.0522340954451208,<$400M
4941,19.902284891905396,439999827.0927124,321.99835309873095,0.8821872687636464,$400-500M
4942,19.2613654417118,231795353.1153249,344.7834255273431,0.9446121247324469,<$400M
4943,19.301693039552372,241334148.52745542,344.20562935122837,0.9430291215102147,<$400M
4944,19.748011412042008,377096398.6418383,321.27025056280587,0.8801924672953585,<$400M
4945,18.927110533361997,165935635.53033024,333.8844578692435,0.9147519393677903,<$400M
4946,20.410049781776227,731091939.3106587,309.7554880384377,0.8486451727080485,$500-750M
4947,19.89541980900117,436989536.57161903,292.48172295509255,0.8013197889180618,$400-500M
4948,20.103242717419587,537932000.7175874,311.5060575336508,0.8534412535168515,$500-750M
4949,19.217517701560677,221851256.95496464,329.55558655315343,0.902892017953845,<$400M
4950,19.83009137042937,409354206.7652792,319.9720193099892,0.8766356693424362,$400-500M
4951,19.53886930108537,305930742.03649837,394.3866104053998,1.080511261384657,<$400M
4952,19.074049215829447,192200415.40787905,372.69856979438254,1.0210919720394043,<$400M
4953,19.416818449861765,270780327.32732767,333.70687618283506,0.9142654141995481,<$400M
4954,19.490154184406858,291384478.31678605,307.95888725048667,0.8437229787684566,<$400M
4955,20.446413682705366,758166580.5382881,316.73346266302235,0.8677629114055407,$750M-1B
4956,19.90067814895965,439293428.12715024,393.4287510709133,1.0778869892353788,$400-500M
4957,19.246786292022307,228440488.9218307,348.9329741807686,0.955980751180188,<$400M
4958,20.25682609608418,627231404.115482,479.1205215233863,1.3126589630777707,$500-750M
4959,19.636662588872195,337360479.5473306,326.9143752279709,0.895655822542386,<$400M
4960,19.523188287285514,301170855.3088641,329.8621928223481,0.9037320351297209,<$400M
4961,19.61116687976191,328867956.3744563,309.8646357907288,0.8489442076458323,<$400M
4962,19.09430746329348,196133765.86077252,335.8787434994237,0.9202157356148595,<$400M
4963,19.612475187436186,329298498.42492646,340.4504158696699,0.9327408653963558,<$400M
4964,19.363067924842856,256609985.70555598,353.3017942745612,0.9679501213001677,<$400M
4965,19.019530551482084,182002421.7883774,374.88761358698133,1.0270893522930995,<$400M
4966,20.141077871154298,558674667.2865518,361.48135725903296,0.9903598829014602,$500-750M
4967,19.680111633101177,352341570.25529975,307.5708782808007,0.8426599404953443,<$400M
4968,19.97311174245804,472293769.2666571,312.99584273296534,0.8575228568026447,$400-500M
4969,20.735242355116192,1012048523.8354454,348.3728555840506,0.9544461796823305,>$1B
4970,19.962930625901173,467509686.33015954,369.50090042022606,1.0123312340280166,$400-500M
4971,19.293689912519273,239410428.83375743,362.8322019142491,0.9940608271623262,<$400M
4972,19.964555924212252,468270146.85396546,374.62984257006065,1.0263831303289332,$400-500M
4973,19.279102496815057,235943398.37142015,348.6716456291393,0.9552647825455871,<$400M
4974,19.963076970125368,467578108.67899483,356.90488762625,0.9778216099349315,$400-500M
4975,20.246717793943382,620923096.4245327,316.73439195299596,0.8677654574054684,$500-750M
4976,19.37880332205617,260679781.71388486,350.46115604919027,0.9601675508196994,<$400M
4977,19.363533338525652,256729443.30048886,461.82325447088766,1.265269190331199,<$400M
4978,19.175381915719328,212697582.7949781,315.5697063780218,0.8645745380219776,<$400M
4979,20.05659313631965,513414021.1035295,296.7239687894283,0.812942380245009,$500-750M
4980,19.258471825643852,231125595.83461332,391.41449818774583,1.072368488185605,<$400M
4981,19.273823831260106,234701213.50513628,333.2839683167431,0.9131067625116249,<$400M
4982,19.285368454592827,237426451.26463804,318.90781669302913,0.8737200457343264,<$400M
4983,18.84032875854481,152142594.16298804,350.733216964845,0.9609129231913561,<$400M
4984,19.724056344637912,368170367.6739023,315.5185236304502,0.8644343113163019,<$400M
4985,19.30516142703211,242172642.13643956,328.48828107917456,0.8999678933676015,<$400M
4986,18.77634165288258,142712354.13589156,326.31657374165866,0.8940180102511196,<$400M
4987,19.748076944926172,377121111.66619843,404.4605091378662,1.1081109839393595,<$400M
4988,19.562696644187998,313307797.59063935,318.35797183517394,0.8722136214662299,<$400M
4989,19.099910392327594,197235773.78525618,342.800072131697,0.9391782798128685,<$400M
4990,20.30056978201972,655277771.2969735,320.77986761997454,0.8788489523834919,$500-750M
4991,20.525295729799144,820394376.6995748,320.8809356606256,0.8791258511250016,$750M-1B
4992,19.089700125020347,195232189.7825093,308.46751800875137,0.8451164876952092,<$400M
4993,19.136894346619012,204666901.86476287,307.68094743393317,0.842961499818995,<$400M
4994,20.412926007899006,733197751.9896507,331.9068264264747,0.9093337710314375,$500-750M
4995,19.117830423036636,200802103.84378272,339.24837629978106,0.9294476063007701,<$400M
4996,20.084836961062084,528121517.01991284,305.9695126066725,0.8382726372785547,$500-750M
4997,19.129972030642303,203255025.26595742,316.04932292692473,0.8658885559641774,<$400M
4998,18.952919387426686,170273987.2643589,345.3335040007287,0.9461191890430922,<$400M
4999,19.51371563670747,298331438.6650574,345.2110214789009,0.9457836204901394,<$400M
5000,20.02442323184224,497160381.81935155,316.124874263561,0.8660955459275644,$400-500M
5001,19.942822624306068,458202884.9840054,348.744656665987,0.955464812783526,$400-500M
5002,19.470642092316922,285754066.73084885,372.639959076323,1.020931394729652,<$400M
5003,19.13470508183129,204219321.9375514,333.57570051568064,0.913906028810084,<$400M
5004,19.829073473961216,408937738.56070584,358.9949787769451,0.9835478870601236,$400-500M
5005,20.21057410283224,598881377.8518959,331.3087032405301,0.9076950773713154,$500-750M
5006,19.607733360231236,327740718.1279221,357.32614340840155,0.9789757353654837,<$400M
5007,19.3854967340606,262430471.40164542,398.4493151023872,1.0916419591846225,<$400M
5008,19.25733094843632,230862060.26969272,336.27699517801216,0.9213068361041429,<$400M
5009,19.870108802643074,426067696.1006758,339.3123693057411,0.9296229296047701,$400-500M
5010,20.079092253456707,525096311.1059677,320.6811857143107,0.8785785909981114,$500-750M
5011,19.23247111641774,225193618.4151428,361.40570246605995,0.9901526094960547,<$400M
5012,19.705332028723983,361340768.7205665,454.92575268516634,1.2463719251648393,<$400M
5013,20.026087912571356,497988684.3646093,360.6187129313696,0.9879964737845742,$400-500M
5014,20.404148683196407,726790398.0979398,360.8788557710685,0.9887091938933384,$500-750M
5015,19.376450638886947,260067205.660132,331.4692854726034,0.9081350286920642,<$400M
5016,19.613597482152908,329668275.8507465,345.2686637189218,0.9459415444354022,<$400M
5017,20.214551948526676,601268379.9778153,367.86080675844187,1.007837826735457,$500-750M
5018,18.903826729368934,162116655.44127458,348.38567979981906,0.9544813145200522,<$400M
5019,19.816666985860635,403895599.6655431,299.39298134463957,0.8202547434099714,$400-500M
5020,20.18648598480992,584627812.5204788,346.9030517839663,0.9504193199560721,$500-750M
5021,20.346235179718636,685895045.9330395,370.41543900013704,1.0148368191784576,$500-750M
5022,19.712649373808638,363994521.18880796,345.0828677493564,0.9454325143817984,<$400M
5023,18.640761416936847,124617725.93710545,330.8664351919549,0.9064833840875477,<$400M
5024,19.906534485885466,441873626.33222306,299.2763398810642,0.8199351777563403,$400-500M
5025,19.58402911577919,320063226.0920981,339.91500135557516,0.9312739763166442,<$400M
5026,19.973715409994238,472578963.7553779,330.321811523229,0.9049912644472027,$400-500M
5027,18.856344933121875,154598954.75359502,376.972670259302,1.0328018363268547,<$400M
5028,20.003629455727406,486929280.4046863,323.9664305488705,0.8875792617777274,$400-500M
5029,19.13297908460318,203867143.97048825,312.87551386825396,0.8571931886801478,<$400M
5030,19.430797865002106,274592260.152187,340.4819697207843,0.9328273143035187,<$400M
5031,19.857898415096255,420896877.50409365,349.6740043209495,0.9580109707423274,$400-500M
5032,19.06438595748767,190352078.00421453,330.52618647124774,0.9055511958116377,<$400M
5033,19.479398432282814,288267213.411517,297.67303424606547,0.8155425595782616,<$400M
5034,18.685278698716434,130290704.28936096,338.70451077537876,0.927957563768161,<$400M
5035,19.342466280596952,251377482.22471312,321.0156254978828,0.8794948643777611,<$400M
5036,19.413714361819945,269941104.53587776,313.71666754684514,0.859497719306425,<$400M
5037,19.690975178302114,356190115.4027397,331.06760873369814,0.9070345444758853,<$400M
5038,21.12959755109384,1501300472.4761608,312.2149921769535,0.8553835402108315,>$1B
5039,19.89637241348032,437406013.09870815,351.7701359203286,0.9637537970419962,$400-500M
5040,19.69974683967121,359328237.6297245,341.1549696558206,0.9346711497419742,<$400M
5041,19.594469782087554,323422404.95148516,310.1922113118148,0.8498416748268899,<$400M
5042,19.96738898509187,469598665.68689305,328.6033016271252,0.9002830181565074,$400-500M
5043,19.517580661026827,299486728.10343194,313.6822363348524,0.8594033872187737,<$400M
5044,18.989124296449273,176551697.73248973,355.9253426116773,0.9751379249634995,<$400M
5045,19.773678971911984,386900832.7030329,311.78614775679983,0.8542086239912324,<$400M
5046,19.877093608641506,429054113.9330838,365.01926757300123,1.0000527878712362,$400-500M
5047,20.01434160536386,492173377.34768635,350.3055878407022,0.9597413365498689,$400-500M
5048,19.600496387497795,325377429.3300083,307.65043527786287,0.8428779048708571,<$400M
5049,19.33322453026959,249065016.37104392,328.62738480744014,0.9003489994724387,<$400M
5050,18.959311119304612,171365818.5660476,307.0904169252654,0.8413436080144258,<$400M
5051,19.699084363984653,359090270.2413091,317.6009205513342,0.8701395083598197,<$400M
5052,19.19562112552231,217046272.3745986,331.0854599738254,0.9070834519830833,<$400M
5053,19.557266312204863,311611043.3757179,356.8596890813007,0.9776977783049334,<$400M
5054,19.576408182667752,317633316.50430816,321.11073142932395,0.8797554285734903,<$400M
5055,19.86123816166645,422304916.3448271,341.5847128812427,0.9358485284417608,$400-500M
5056,20.40426237759812,726873034.7949976,374.3255993672408,1.025549587307509,$500-750M
5057,19.86986201781003,425962562.02870834,358.45379318086657,0.9820651867968947,$400-500M
5058,19.31601060451997,244814320.2194433,301.8365086755315,0.8269493388370726,<$400M
5059,19.143603396609667,206044638.82606652,328.74434192861685,0.900669429941416,<$400M
5060,18.704954195403303,132879624.23369585,320.94252471122206,0.8792945882499235,<$400M
5061,19.933070430154167,453756119.5909315,346.80749975784784,0.9501575335831448,$400-500M
5062,19.19380330351434,216652079.2789203,350.5610209559716,0.9604411533040319,<$400M
5063,19.420191784250367,271695302.30788696,331.9218970110883,0.9093750603043514,<$400M
5064,19.493354088125137,292318373.983633,359.6460016346359,0.9853315113277696,<$400M
5065,19.76966559751174,385351166.5808623,313.51685279668663,0.858950281634758,<$400M
5066,19.216290222516353,221579106.24991,308.3409958140541,0.8447698515453538,<$400M
5067,19.03663323384253,185141921.80745807,346.67824792730795,0.9498034189789258,<$400M
5068,19.34754427634059,252657222.51742426,317.60732015118947,0.8701570415101081,<$400M
5069,19.419332306724908,271461886.6239164,339.504356934696,0.9301489231087561,<$400M
5070,19.261696760709746,231872164.04320508,307.2860411600311,0.8418795648220031,<$400M
5071,19.318792802003717,245496390.39213145,314.08814065853136,0.86051545385899,<$400M
5072,20.531308574497604,825342140.8399462,324.7305405555389,0.8896727138507915,$750M-1B
5073,19.161765028967704,209820933.84797105,348.8309620148486,0.9557012657941057,<$400M
5074,20.65797733547137,936797157.0257702,328.3798630276553,0.8996708576100145,$750M-1B
5075,19.471043403910596,285868766.1643342,382.69482537901604,1.0484789736411397,<$400M
5076,20.023381234443608,496642611.7991486,347.25455043319386,0.9513823299539558,$400-500M
5077,19.915058184703323,445656121.56278235,315.97295735975086,0.8656793352321942,$400-500M
5078,19.194551766966658,216814296.1412529,371.15560747109583,1.0168646780030022,<$400M
5079,20.344284461588384,684558362.2019553,341.28933174188944,0.9350392650462724,$500-750M
5080,19.49486688790462,292760927.81860536,316.60756622921207,0.8674179896690741,<$400M
5081,19.578835281323506,318405180.21559834,303.87437865798535,0.832532544268453,<$400M
5082,20.079587248469828,525356295.50155437,373.5742768707987,1.0234911695090376,$500-750M
5083,19.45760340975748,282052395.0679851,364.7655953517676,0.9993577954842948,<$400M
5084,19.21163957524923,220551012.4887092,332.05324563806124,0.9097349195563321,<$400M
5085,19.67371777801739,350095936.0951699,315.5228003550211,0.8644460283699208,<$400M
5086,18.51149375867011,109506422.52203943,334.2264896105566,0.9156890126316619,<$400M
5087,19.61940264694543,331587620.183855,329.503972044151,0.9027506083401398,<$400M
5088,19.8945261321444,436599183.5868287,329.7736696040013,0.9034895057643872,$400-500M
5089,20.235827068913608,614197483.592507,317.95303660752137,0.8711042098836201,$500-750M
5090,19.718998902924447,366313068.0498518,389.005513640256,1.0657685305212494,<$400M
5091,20.43658601726118,750752066.3922694,309.1623932721473,0.8470202555401296,$750M-1B
5092,18.619331894744096,121975638.06239834,394.91088096019547,1.0819476190690287,<$400M
5093,18.948449830244147,169514636.18723798,376.4376537522545,1.0313360376774097,<$400M
5094,19.834986189422704,411362833.43310654,289.5969728949465,0.7934163640957438,$400-500M
5095,19.691138455256848,356248277.78824824,357.5542369670274,0.9796006492247327,<$400M
5096,18.353973095187275,93546864.67778772,338.05530597739283,0.9261789204860078,<$400M
5097,19.600935578258873,325520363.4762141,359.5124719386715,0.9849656765443056,<$400M
5098,19.421129861033133,271950292.9446677,400.6490396469913,1.097668601772579,<$400M
5099,19.526298032463988,302108877.67339057,305.56554755787727,0.8371658837202117,<$400M
5100,20.00936020426823,489727760.7024428,354.24278487813046,0.9705281777483027,$400-500M
5101,18.924415970833362,165489113.44567436,341.75278288199615,0.9363089941972498,<$400M
5102,19.710489350944183,363209133.2338391,408.17460945746353,1.1182866012533248,<$400M
5103,18.994052433979558,177423916.22119188,336.4520217766614,0.9217863610319491,<$400M
5104,19.645118349314316,340225213.62859005,340.7034408976948,0.9334340846512187,<$400M
5105,18.67539352432396,129009102.81889677,340.23632478561865,0.9321543144811469,<$400M
5106,19.777418290269413,388350286.3847286,397.26167036364876,1.0883881379825993,<$400M
5107,19.685022874084652,354076260.8703723,377.69163269596476,1.0347715964273008,<$400M
5108,19.521340080400424,300614743.3237943,358.57433713920733,0.9823954442170064,<$400M
5109,19.91274417853249,444626062.7882276,476.2093737096161,1.3046832156427839,$400-500M
5110,19.590273638002316,322068121.3116995,326.88705304936974,0.8955809672585472,<$400M
5111,19.827452114210274,408275240.58966655,354.9034772276165,0.9723382937742918,$400-500M
5112,19.442834187034826,277917311.57549345,410.64364892349545,1.1250510929410835,<$400M
5113,19.101806350720764,197610079.3277402,336.21047977613955,0.9211246021264097,<$400M
5114,20.292464512078503,649988034.4060912,434.4793671765275,1.1903544306206233,$500-750M
5115,20.100100802360192,536244516.417954,414.18793701052755,1.1347614712617193,$500-750M
5116,20.11978143025472,546902680.8763084,331.7264053988251,0.9088394668460961,$500-750M
5117,20.89288601287949,1184854729.5001576,374.1886555457911,1.0251743987555921,>$1B
5118,18.77220439479776,142123136.00913444,422.87442215035287,1.1585600606858983,<$400M
5119,19.20073087065376,218158161.82477793,364.5994586585079,0.9989026264616655,<$400M
5120,19.424454657786548,272855977.1694187,357.69155969097454,0.9799768758656837,<$400M
5121,19.584090457241984,320082859.8407481,339.6667846775252,0.9305939306233567,<$400M
5122,19.696951733367694,358325279.3481793,361.50406460459976,0.9904220948071226,<$400M
5123,19.517864168871128,299571646.97712797,317.9955983821458,0.8712208174853309,<$400M
5124,19.776074545897167,387828793.32808846,382.6822418039601,1.0484444980930414,<$400M
5125,19.190280259755543,215890147.47081786,308.98941954911385,0.846546354929079,<$400M
5126,20.4685551358219,775140712.8635358,363.3191177454147,0.9953948431381224,$750M-1B
5127,20.033136707409827,501511304.9622649,307.0714851572167,0.8412917401567581,$500-750M
5128,19.574120257246218,316907425.8732116,338.63220421603023,0.9277594636055623,<$400M
5129,20.095991894156903,534045657.4738858,324.3927977591244,0.8887473911208887,$500-750M
5130,19.300529382286076,241053481.62362787,415.8208659725422,1.1392352492398417,<$400M
5131,20.044894110795166,507442575.5209203,327.36899960263753,0.8969013687743495,$500-750M
5132,19.37415641132892,259471236.21613422,327.7610818663504,0.8979755667571244,<$400M
5133,20.00104357694752,485671766.9006505,334.48756951929965,0.9164043000528758,$400-500M
5134,19.491139057279273,291671596.3490956,307.56345365475136,0.8426395990541133,<$400M
5135,20.222047646427846,605792239.6732152,382.115308755264,1.046891256863737,$500-750M
5136,19.51113556301522,297562713.6785796,340.20492533437744,0.9320682885873355,<$400M
5137,18.503472789147597,108631588.04507999,360.7378888424447,0.9883229831299855,<$400M
5138,20.38862476793545,715594889.4439287,388.65779739761695,1.0648158832811423,$500-750M
5139,20.127577005491606,551182763.048249,343.6173778109205,0.9414174734545767,$500-750M
5140,19.517654967613886,299508982.7668907,307.9734257465953,0.8437628102646446,<$400M
5141,19.574420092490232,317002460.1351769,331.91548933788346,0.9093575050352971,<$400M
5142,19.85587328610481,420045369.53280437,562.2590851396507,1.540435849697673,$400-500M
5143,19.493607607103918,292392491.6340027,365.7400323696187,1.0020274859441607,<$400M
5144,19.531092566405537,303560826.8698951,364.2518528215503,0.9979502817028776,<$400M
5145,19.79720815834574,396112237.99704885,297.82773987579804,0.8159664106186247,<$400M
5146,19.16487754078301,210475021.38321045,338.81918944943965,0.928271751916273,<$400M
5147,19.053723359668243,188333212.6542005,371.79796335155015,1.0186245571275347,<$400M
5148,20.05119016077939,510647538.0555638,353.24835359571733,0.9678037084814174,$500-750M
5149,19.62379255189949,333046458.0574056,302.2901940784924,0.8281923125438148,<$400M
5150,19.09163527191251,195610358.53584713,310.7208021313285,0.8512898688529549,<$400M
5151,19.39420456899795,264725651.14942527,355.07264054371154,0.9728017549142782,<$400M
5152,19.75495226094246,379722872.199496,416.5608760856251,1.141262674207192,<$400M
5153,20.135767746450618,555715897.8044031,336.0005145334189,0.9205493548860791,$500-750M
5154,19.940897052814005,457321431.49431133,320.2473773831258,0.8773900750222625,$400-500M
5155,19.649616507023147,341759047.42294043,365.4048033819092,1.001109050361395,<$400M
5156,18.97160177393248,173485013.12417236,302.85753803331374,0.8297466795433254,<$400M
5157,18.799832248001312,146104437.31144723,309.91382802893486,0.8490789809011914,<$400M
5158,19.633992108977882,336460767.0363381,345.5221237130585,0.9466359553782424,<$400M
5159,19.254429968081535,230193304.46092024,325.12872190625563,0.8907636216609743,<$400M
5160,18.923019048479617,165258099.39571244,309.8123880608827,0.8488010631805005,<$400M
5161,20.13561665328731,555631939.2744434,332.5940457713128,0.9112165637570213,$500-750M
5162,19.804927609248196,399181839.5462592,311.0744662776938,0.852258811719709,<$400M
5163,19.599482683886762,325047760.17658406,310.06186948959345,0.8494845739440916,<$400M
5164,19.390241500287356,263678601.3400383,331.4031167001877,0.9079537443840758,<$400M
5165,19.940383414164295,457086593.8477637,459.8277968936519,1.2598021832702793,$400-500M
5166,19.543209050919973,307261289.95798147,353.15633086724756,0.9675515914171166,<$400M
5167,19.390388711021874,263717420.51784799,345.1629367264908,0.9456518814424405,<$400M
5168,19.270389688320893,233896598.36241654,355.5410082558598,0.9740849541256433,<$400M
5169,19.480445602041243,288569236.22672856,331.9584683186971,0.9094752556676633,<$400M
5170,18.594799661681844,119019709.2941078,328.96286899566576,0.9012681342347008,<$400M
5171,19.46358819638324,283745479.79163045,372.9362373165415,1.0217431159357302,<$400M
5172,19.113717158249635,199977847.97433606,315.8635385558707,0.865379557687317,<$400M
5173,20.087759785644376,529667381.61730486,357.20114010674206,0.9786332605664166,$500-750M
5174,19.50817787958012,296683917.61035055,391.80444911491463,1.0734368468901772,<$400M
5175,19.486837887768743,290419761.4786973,354.0049128431229,0.9698764735428025,<$400M
5176,20.740178592932004,1017056586.3549832,330.1110352794465,0.9044137952861548,>$1B
5177,19.611188139045204,328874947.94582474,357.36345473653677,0.9790779581822925,<$400M
5178,19.02529915797448,183055356.2026291,334.8967023217649,0.9175252118404518,<$400M
5179,20.322949141147003,670107792.1045389,354.60312467803965,0.971515410076821,$500-750M
5180,19.39001911982701,263619970.8906635,317.78224321987216,0.8706362827941703,<$400M
5181,19.468055497319273,285015891.7826609,596.6191560961249,1.6345730304003423,<$400M
5182,19.729812220836692,370295621.2109304,336.4883280212258,0.9218858301951393,<$400M
5183,19.001404850710305,178733218.15980557,409.7991749979583,1.1227374657478308,<$400M
5184,19.38996907075433,263606777.2857471,343.32513055280765,0.9406167960350894,<$400M
5185,19.596715023091576,324149382.01065546,381.08844771611575,1.0440779389482624,<$400M
5186,19.475982602240773,287284221.4263746,327.7416139110298,0.8979222298932323,<$400M
5187,19.904260337915808,440869882.08611673,348.79772198401645,0.9556101972164834,$400-500M
5188,20.178731983875018,580112137.8137864,334.83739923079656,0.9173627376186207,$500-750M
5189,19.381164686723398,261296069.09313512,325.7820538391703,0.8925535721621105,<$400M
5190,19.214779518940052,221244618.6211079,331.8112520998497,0.909071923561232,<$400M
5191,19.73472062757159,372117650.7048093,320.87369130240916,0.8791060035682443,<$400M
5192,19.12114522529759,201468827.52970707,338.728367197815,0.92802292382963,<$400M
5193,19.411981906733022,269473848.56301695,350.55159922418403,0.9604153403402302,<$400M
5194,19.033204562194502,184508217.9513252,337.3070533414442,0.9241289132642307,<$400M
5195,19.846008432431226,415922054.81270504,379.02230098671373,1.0384172629772979,$400-500M
5196,20.149156786638493,563206433.9380233,327.03138982402595,0.8959764104767834,$500-750M
5197,19.056399255703475,188837847.6254873,312.5783558140306,0.8563790570247414,<$400M
5198,19.942559225044768,458082210.5760478,327.6608945910774,0.897701081071445,$400-500M
5199,19.2687586538413,233515415.8912086,338.0000975073905,0.9260276644038096,<$400M
5200,18.58855777505621,118279115.51820089,333.725524418417,0.9143165052559371,<$400M
5201,19.946696054751865,459981143.7465339,360.8645507746664,0.9886700021223737,$400-500M
5202,19.23476480397102,225710735.04005015,328.9367770237849,0.9011966493802326,<$400M
5203,19.678758871482618,351865258.34330815,648.3965686005027,1.7764289550698706,<$400M
5204,19.222894527351254,223047325.15866283,296.93719825966986,0.813526570574438,<$400M
5205,19.401536160226332,266673643.627867,323.92813640445024,0.8874743463135623,<$400M
5206,20.095302756077857,533677753.05840236,293.9253025534928,0.8052748015164187,$500-750M
5207,20.00673367083012,488443162.1224517,362.382696528608,0.9928293055578301,$400-500M
5208,19.947937442393112,460552513.22571725,329.1587973445353,0.9018049242316035,$400-500M
5209,20.460064974274015,768587501.266004,416.8953756254013,1.1421791113024693,$750M-1B
5210,18.728142036790135,135996816.69746986,320.3375182169217,0.8776370362107444,<$400M
5211,19.595004444297086,323595372.9247275,354.03992837388756,0.9699724065038016,<$400M
5212,19.692285538263526,356657158.5991388,396.0957935148622,1.085193954835239,<$400M
5213,19.32138574859603,246133775.41657248,376.13217581164406,1.0304991118127234,<$400M
5214,19.74425422717463,375682236.058026,330.5696206751291,0.9056701936304907,<$400M
5215,19.82656579959293,407913540.58970904,316.1331169217823,0.8661181285528282,$400-500M
5216,19.617462572254173,330944939.0602745,348.26634599131944,0.9541543725789574,<$400M
5217,20.243874366226983,619160054.2118143,357.5603326254374,0.9796173496587326,$500-750M
5218,19.69203517527729,356567876.0248418,332.43202814422733,0.9107726798471981,<$400M
5219,19.25770290987612,230947948.02650246,357.6262586610299,0.9797979689343285,<$400M
5220,19.886188583407904,432974149.5636899,348.872839772118,0.9558159993756659,$400-500M
5221,19.446811700245508,279024932.68228465,322.2097626508765,0.8827664730161,<$400M
5222,19.690495237984145,356019206.42183167,388.74835189035207,1.0650639777817865,<$400M
5223,19.49303580991928,292225350.2205261,310.90779036957036,0.8518021653960832,<$400M
5224,19.215559210983688,221417188.55690467,326.1144128211461,0.8934641447154689,<$400M
5225,19.480717157621942,288647609.4541061,308.4596417989413,0.8450949090381953,<$400M
5226,19.03795993896201,185387713.55348212,329.7440489989326,0.9034083534217332,<$400M
5227,19.518002242668725,299613012.82778287,303.274386415749,0.8308887299061617,<$400M
5228,20.156973499806966,567626108.2460824,325.7266262791558,0.8924017158333036,$500-750M
5229,19.92799233499609,451457743.46246034,333.64715262037134,0.9141017880010174,$400-500M
5230,20.560869895970573,850104546.6725346,349.25127031434204,0.956852795381759,$750M-1B
5231,19.676758961914533,351162262.8444937,324.04813257519214,0.887803102945732,<$400M
5232,20.32347366668099,670459372.9505258,367.7376918684958,1.0075005256671117,$500-750M
5233,18.7663882297986,141298923.6010252,337.00128360131214,0.9232911879488004,<$400M
5234,20.421143233556283,739247425.092812,335.6937105972171,0.9197087961567592,$500-750M
5235,19.43940999417075,276967296.54598683,376.01245209548,1.030171101631452,<$400M
5236,19.50142641890125,294687614.3709519,344.00687055016664,0.9424845768497716,<$400M
5237,19.292039879771046,239015719.51711714,350.64185250074627,0.9606626095910856,<$400M
5238,19.487678559034446,290664011.6798427,377.49807170109244,1.03424129233176,<$400M
5239,19.991142191282485,480886672.0578288,350.79654738319795,0.9610864311868437,$400-500M
5240,19.514488591827174,298562124.6214022,342.1621742854984,0.9374306144808175,<$400M
5241,19.020361093191624,182153645.18088457,296.0979069509404,0.8112271423313435,<$400M
5242,18.844362062215502,152757470.60465518,352.3551794335442,0.9653566559823129,<$400M
5243,19.279912324688663,236134549.3012435,317.0098979671771,0.8685202684032249,<$400M
5244,19.577651074998677,318028345.95612293,387.4096231852836,1.0613962279048865,<$400M
5245,19.133547960322517,203983152.03262025,336.7039380928457,0.9224765427201252,<$400M
5246,19.645299507958516,340286853.9501835,423.83212677375434,1.16118390896919,<$400M
5247,19.35656530149191,254946761.14252168,303.76424940981457,0.8322308203008618,<$400M
5248,20.131149876105727,553155589.9743692,367.8083651433174,1.0076941510775819,$500-750M
5249,20.717293780053414,994045740.392344,359.6125205933497,0.9852397824475334,$750M-1B
5250,19.974934382117844,473155375.5819987,344.20822847501563,0.9430362423973031,$400-500M
5251,20.109599945428368,541362650.2560885,305.97015331674066,0.8382743926486046,$500-750M
5252,19.332833304984288,248967594.89706996,322.79847399709246,0.884379380813952,<$400M
5253,19.477814415302035,287810954.70663977,298.37058336102353,0.8174536530439,<$400M
5254,19.917680602052652,446826351.6530025,397.86674189151057,1.0900458681959193,$400-500M
5255,19.096943331894447,196651430.6442496,333.0892579666666,0.9125733094977166,<$400M
5256,20.56341124406505,852267705.7482047,305.09580653208616,0.8358789220057155,$750M-1B
5257,19.588912892815664,321630166.70573896,314.7450419242167,0.8623151833540184,<$400M
5258,19.75907573676496,381291882.94804037,324.3066873178772,0.8885114721037732,<$400M
5259,19.919665765012553,447714255.80143243,326.70245001533,0.895075205521452,$400-500M
5260,18.47411558819356,105488825.7483526,311.1671147793226,0.8525126432310208,<$400M
5261,19.71286520565571,364073091.27729887,328.14712738968495,0.8990332257251643,<$400M
5262,20.112062269320187,542697302.9432148,314.2590906125649,0.8609838098974381,$500-750M
5263,19.804205907201062,398893853.1281737,360.8305522820282,0.9885768555672005,<$400M
5264,19.461912677048556,283270456.82032746,347.77138961718197,0.9527983277183067,<$400M
5265,19.017807055642344,181689011.5298212,385.97361333995894,1.057461954356052,<$400M
5266,19.17241475225153,212067409.67329258,316.52429692714594,0.8671898545949204,<$400M
5267,19.540725198489078,306499045.29951364,312.16669487262544,0.8552512188291108,<$400M
5268,20.309343063149214,661051999.8305458,381.25822088402526,1.0445430709151378,$500-750M
5269,18.831281173641976,150772279.49180576,330.8157111511907,0.9063444141128513,<$400M
5270,20.296856415118125,652848996.7660472,381.4497368958872,1.0450677723174993,$500-750M
5271,19.26922033181913,233623249.7065433,349.1364768636119,0.956538292777019,<$400M
5272,19.608379259750635,327952474.07942,315.8187296372242,0.8652567935266416,<$400M
5273,19.571294091690312,316013057.43372947,335.79273120786826,0.919980085501009,<$400M
5274,20.070199501371686,520447460.96273005,367.51409923524375,1.0068879431102569,$500-750M
5275,19.49394353909693,292490732.126597,365.61972057124865,1.0016978645787635,<$400M
5276,19.501355744884318,294666788.3494421,320.6925640343561,0.878609764477688,<$400M
5277,19.187303052210677,215248353.54582247,353.53831758124755,0.9685981303595823,<$400M
5278,19.593985096547136,323265684.77142876,325.97606693662567,0.8930851148948649,<$400M
5279,18.927300544337083,165967168.1179128,399.75211909814186,1.0952112852003886,<$400M
5280,20.160439324576874,569596813.95976,346.14332802913896,0.9483378850113396,$500-750M
5281,19.870537426878695,426250358.1851413,439.2059545896995,1.203303985177259,$400-500M
5282,19.147639449412935,206877926.33322033,337.6059507866351,0.9249478103743427,<$400M
5283,19.158719969975465,209182988.51013055,332.9530118908919,0.912200032577786,<$400M
5284,19.163505288354553,210186394.60367963,330.3880872582409,0.9051728418033997,<$400M
5285,20.317444720679315,666429370.1363025,405.5866245358414,1.111196231605045,$500-750M
5286,20.015161344164362,492576996.3701571,326.6152752808042,0.8948363706323403,$400-500M
5287,19.12371727510114,201987682.36217362,352.44608025736886,0.9656056993352572,<$400M
5288,19.420558689183036,271795006.94442964,459.9941900477807,1.2602580549254265,<$400M
5289,18.905479513624183,162384820.84563512,309.84416613249215,0.8488881263903895,<$400M
5290,19.46687963399371,284680949.0103644,333.27804659487566,0.9130905386160977,<$400M
5291,19.827878888680722,408449519.2254572,332.6516172294367,0.9113742937792786,$400-500M
5292,19.537153336617806,305406225.9078525,332.32313834690837,0.9104743516353654,<$400M
5293,20.22876881413121,609877584.6745938,385.17824399364093,1.0552828602565505,$500-750M
5294,19.332119315587782,248789898.1185967,335.28347091615495,0.9185848518250821,<$400M
5295,18.859331307619964,155061335.20645648,342.78933035300435,0.9391488502822037,<$400M
5296,19.69865143122336,358934841.94648844,341.8299223378927,0.9365203351723087,<$400M
5297,19.549847866755247,309307927.18219703,329.0342848317712,0.901463794059647,<$400M
5298,19.919823352507997,447784815.52919817,305.2454725324693,0.8362889658423817,$400-500M
5299,20.19373234052457,588879620.0605439,343.7361360699751,0.941742838547877,$500-750M
5300,19.176815726839347,213002769.6922904,295.16816131126944,0.808679894003478,<$400M
5301,18.875615009092655,157606977.6903083,355.3040039388935,0.9734356272298452,<$400M
5302,19.52915866846593,302974338.4993783,364.64679288552844,0.9990323092754204,<$400M
5303,19.681407027019993,352798287.1330218,384.2214664311125,1.0526615518660616,<$400M
5304,20.19992552023464,592537974.1040426,309.82382061000885,0.8488323852329009,$500-750M
5305,20.177454077003084,579371281.9995708,374.5630947052438,1.0262002594664215,$500-750M
5306,20.02850859105547,499195615.06441873,311.3458684618854,0.8530023793476312,$400-500M
5307,19.68439815356191,353855131.24289143,394.2968965664941,1.0802654700451895,<$400M
5308,19.855483157074946,419881529.60172457,598.4393383147602,1.639559830999343,$400-500M
5309,18.58746531113962,118149970.40844177,329.889318355236,0.9038063516581809,<$400M
5310,19.915168401184218,445705242.919132,297.67686418962853,0.8155530525743248,$400-500M
5311,19.80321794400876,398499955.293968,354.18750310635966,0.9703767208393416,<$400M
5312,19.708370268216512,362440277.9547549,296.03067391916403,0.811042942244285,<$400M
5313,19.013652618372895,180935761.6768867,316.3873587032306,0.8668146813787139,<$400M
5314,20.587795809616285,873305337.8288013,359.7859108895544,0.9857148243549435,$750M-1B
5315,19.32469114409924,246948690.95815027,320.53558275231376,0.8781796787734624,<$400M
5316,19.07809183962252,192978982.045923,360.4143232504126,0.987436502055925,<$400M
5317,20.17888216971465,580199268.9850556,335.7728104355756,0.9199255080426728,$500-750M
5318,19.143519150099667,206027281.0155191,316.8056338052591,0.8679606405623537,<$400M
5319,19.108677053949553,198972474.4847252,371.16347061925006,1.0168862208746576,<$400M
5320,19.885369106759523,432619482.6992243,331.4916680501269,0.9081963508222656,$400-500M
5321,19.402228479762442,266858330.92505145,329.59332978763456,0.9029954240757111,<$400M
5322,19.257477244446715,230895836.93869764,351.0766961913506,0.9618539621680838,<$400M
5323,20.75305082500544,1030232997.7414097,355.3684349575699,0.9736121505686847,>$1B
5324,19.774120487722797,387071693.2539298,372.815562908922,1.0214125011203343,<$400M
5325,20.297052716631203,652977164.5912815,361.7048520574075,0.9909721974175548,$500-750M
5326,20.294954551944517,651608547.2576915,310.2226474210367,0.8499250614274978,$500-750M
5327,20.147082249546386,562039252.3996037,349.36324276135883,0.9571595692092023,$500-750M
5328,19.824888483195643,407229914.00871485,323.92615824464866,0.8874689266976675,$400-500M
5329,19.60632675526112,327280040.47658604,347.35687865871415,0.9516626812567511,<$400M
5330,20.15380344346842,565829550.6026902,353.7066553998165,0.969059329862511,$500-750M
5331,19.02543296090768,183079851.18494046,297.9487108418756,0.8162978379229469,<$400M
5332,19.413152128429193,269789377.2904298,313.17022189328907,0.8580006079268193,<$400M
5333,20.00440994201786,487309470.3796938,369.1623736935504,1.0114037635439737,$400-500M
5334,18.86383146153139,155760707.54190105,331.68884379349714,0.9087365583383483,<$400M
5335,18.54014388698387,112689170.94895567,357.76959785075536,0.9801906790431654,<$400M
5336,20.435662851663455,750059317.722223,426.10891155713506,1.1674216754990001,$750M-1B
5337,19.973718097329687,472580233.7352862,333.37727539881223,0.9133623983529102,$400-500M
5338,19.076314299951004,192636258.9417651,327.70616097646433,0.8978250985656557,<$400M
5339,19.907311227244556,442216981.18498087,315.66508860086134,0.864835859180442,$400-500M
5340,19.862497951970965,422837267.23882866,368.2801332215499,1.0089866663604106,$400-500M
5341,19.905862097601737,441576615.5474646,366.0729879784715,1.0029396930917027,$400-500M
5342,19.2847242107686,237273540.0010603,352.0087122084916,0.9644074307081961,<$400M
5343,19.279115367769172,235946435.20761797,362.78420443230414,0.9939293272117922,<$400M
5344,19.720137613649346,366730430.25142,343.59113722706013,0.9413455814440004,<$400M
5345,20.03960446785659,504765472.1871382,319.4192008749598,0.8751210982875611,$500-750M
5346,19.778771262750798,388876069.240007,336.75891611348334,0.9226271674342009,<$400M
5347,19.51385925084183,298374286.35306656,324.70993325524597,0.8896162554938246,<$400M
5348,19.618997544855244,331453320.55020595,401.98986102165975,1.1013420849908486,<$400M
5349,19.51223662144438,297890528.05095,366.26206312446755,1.0034577071903221,<$400M
5350,20.2710588559354,636222470.125805,383.7744725074947,1.0514369109794375,$500-750M
5351,19.572238735566838,316311718.27519476,340.9773543770058,0.9341845325397419,<$400M
5352,20.00632522316977,488243699.3934853,379.1358994134058,1.0387284915435775,$400-500M
5353,19.844008575965166,415091101.57256055,423.3726032490096,1.1599249404082455,$400-500M
5354,19.12065095788292,201369272.65857857,307.3882373255965,0.8421595543167028,<$400M
5355,19.874424489156166,427910444.2118661,340.97546371370083,0.9341793526402763,$400-500M
5356,18.733211223369413,136687960.22323403,390.3592229464775,1.0694773231410342,<$400M
5357,19.855584989755684,419924289.4406137,363.10782844192386,0.994815968334038,$400-500M
5358,20.220985896242127,605149380.9882905,345.95520968177345,0.9478224922788314,$500-750M
5359,19.307773655430548,242806079.37071818,319.2831511702993,0.874748359370683,<$400M
5360,18.4434134365299,102299304.93606445,333.2958155284581,0.9131392206259126,<$400M
5361,20.95812622434415,1264732183.8550882,395.59523071631315,1.0838225499077072,>$1B
5362,19.60215458113318,325917415.6896648,330.2839103488906,0.9048874256133989,<$400M
5363,19.36849607204356,258006689.8094084,342.51985369371965,0.9384105580649853,<$400M
5364,19.560243133213614,312540035.71213037,305.5518899767652,0.8371284656897677,<$400M
5365,19.63258526985596,335987753.6711483,326.30518770303496,0.8939868156247534,<$400M
5366,20.28927925799921,647920951.2082921,336.46361757761485,0.9218181303496298,$500-750M
5367,19.311410951610135,243690845.09764463,312.63161260318157,0.8565249660361138,<$400M
5368,19.269054042815963,233584403.9591325,349.8221390663468,0.9584168193598542,<$400M
5369,20.12101967416581,547580299.2326862,483.4296157196104,1.3244647006016723,$500-750M
5370,19.340396693967097,250857772.72587058,343.25457688346313,0.9404234983108579,<$400M
5371,19.924010789576094,449663817.6201466,311.58321746737323,0.8536526505955431,$400-500M
5372,19.832222073972098,410227349.0972637,393.88474146785694,1.0791362779941287,$400-500M
5373,19.413083743624266,269770928.4273107,350.08200037068826,0.9591287681388719,<$400M
5374,19.468070792182566,285020251.09509933,356.6218321997433,0.9770461156157352,<$400M
5375,19.668148098688242,348151434.1495776,363.3497557734439,0.9954787829409423,<$400M
5376,19.63762490360407,337685282.76314604,317.0351014739589,0.8685893191067366,<$400M
5377,18.56909162334681,115998941.42086612,311.628066327406,0.853775524184674,<$400M
5378,19.9143654850647,445347522.62395185,664.0994431289478,1.8194505291204048,$400-500M
5379,19.997887757656954,484141490.4777366,303.25400189121723,0.8308328818937458,$400-500M
5380,19.738822790193165,373647273.05717176,326.04441403963966,0.8932723672318895,<$400M
5381,19.882000177195646,431164470.4271403,292.2958958814139,0.8008106736477093,$400-500M
5382,20.06525025662025,517878002.78177917,309.8811545390877,0.8489894644906512,$500-750M
5383,19.106396222861687,198519169.03238994,334.04562769487575,0.9151935005339061,<$400M
5384,19.901385393604865,439604225.94396275,287.84622492881545,0.7886197943255218,$400-500M
5385,19.819366954130647,404987578.4597238,389.24194750344407,1.0664162945299838,$400-500M
5386,19.43398364301428,275468445.06115526,328.03411269476317,0.8987235964240087,<$400M
5387,19.557286998140732,311617489.40844816,766.6892822992725,2.1005185816418424,<$400M
5388,19.236467547001844,226095389.8123009,317.57804422045905,0.8700768334807097,<$400M
5389,19.4845206259032,289747561.9723565,315.112879698241,0.8633229580773726,<$400M
5390,20.083769417175027,527558024.95256615,360.4159462228511,0.9874409485557565,$500-750M
5391,19.36349065031449,256718484.21371502,308.1255749197047,0.8441796573142595,<$400M
5392,20.127813996470067,551313403.8703114,359.01667663036693,0.983607333233882,$500-750M
5393,19.691521350760603,356384709.7699631,329.70620734934664,0.9033046776694429,<$400M
5394,20.138712874208178,557354964.5661106,425.15908088548264,1.1648193996862537,$500-750M
5395,19.750980439333986,378217671.8628302,323.67860137052696,0.8867906886863752,<$400M
5396,19.911292816931176,443981217.6586787,323.29129361133056,0.8857295715378919,$400-500M
5397,20.003449649151428,486841735.1888716,332.59781565756134,0.9112268922124969,$400-500M
5398,19.97931172502109,475231078.62502766,301.092755990541,0.8249116602480575,$400-500M
5399,19.721357001062383,367177889.4796777,310.40655422978085,0.8504289156980297,<$400M
5400,19.92520705388222,450202056.2685771,444.4414685383149,1.2176478590090818,$400-500M
5401,19.85789296872664,420894585.15037227,330.4185465400745,0.9052562918906151,$400-500M
5402,19.800018843442945,397227150.8617151,340.8039514714116,0.9337094560860592,<$400M
5403,20.243904946132346,619178988.3571777,363.60983872954455,0.9961913389850535,$500-750M
5404,20.326393121138594,672419608.572549,321.0484721929546,0.8795848553231632,$500-750M
5405,20.589922840487628,875164862.1742347,394.04185031748403,1.0795667131985864,$750M-1B
5406,19.590118061447377,322018018.960407,370.6043184131371,1.0153542970222935,<$400M
5407,19.12204891473285,201650975.07068852,319.7017741092082,0.8758952715320772,<$400M
5408,20.7329536064857,1009734847.8838502,353.9965281100279,0.9698535016713093,>$1B
5409,19.434253359056612,275542753.3405616,395.7748549222314,1.084314671019812,<$400M
5410,18.87092505664482,156869539.0871876,331.5276437305272,0.9082949143302115,<$400M
5411,19.92357927375314,449469822.426842,346.2387675381948,0.9485993631183419,$400-500M
5412,19.86362843349886,423315547.2511709,329.47294426432325,0.9026656007241732,$400-500M
5413,20.505223529468246,804091421.8666455,341.48870531497215,0.9355854940136223,$750M-1B
5414,19.850640452132716,417853082.7920903,313.6691796541081,0.8593676154907072,$400-500M
5415,19.655636437624675,343822618.215447,335.71325079165365,0.9197623309360374,<$400M
5416,20.18428528392361,583342636.2382804,366.55051984088607,1.0042479995640714,$500-750M
5417,19.701944834783454,360118907.9661706,423.4970779143442,1.1602659668886142,<$400M
5418,19.30762466162895,242769905.46481228,371.8451260194106,1.0187537699161935,<$400M
5419,19.444043516058787,278253608.352384,339.4748763369371,0.9300681543477728,<$400M
5420,19.821470845684978,405840525.3449073,325.0099190354743,0.8904381343437652,$400-500M
5421,19.99107509981583,480854409.74798083,400.6108287042278,1.0975639142581584,$400-500M
5422,19.555781573865378,311148725.8078496,370.7400237639433,1.0157260925039544,<$400M
5423,19.149684210714298,207301375.08936924,323.4000978644188,0.8860276653819693,<$400M
5424,20.02942800677269,499654794.414886,312.66630935440634,0.8566200256285105,$400-500M
5425,19.990575029909476,480614009.0419168,312.7701558505391,0.8569045365768194,$400-500M
5426,19.364319826644714,256931437.38001758,317.0066147844265,0.8685112733819904,<$400M
5427,19.504064338135077,295466002.70827925,301.1555853259236,0.8250837954134893,<$400M
5428,20.125041157921846,549786818.2777108,339.455635783424,0.9300154405025315,$500-750M
5429,19.470906106283465,285829519.7553501,327.7667656242962,0.897991138696702,<$400M
5430,19.788580881695022,392709567.1315797,323.9224039396571,0.8874586409305674,<$400M
5431,18.764220867719757,140993009.30550432,340.466151600677,0.9327839769881562,<$400M
5432,19.575487606407876,317341045.3633662,326.84816515932994,0.8954744250940546,<$400M
5433,20.46218166698627,770216087.8292617,321.63362892651224,0.8811880244561979,$750M-1B
5434,19.44170289221861,277603082.93769944,320.59576142954006,0.8783445518617536,<$400M
5435,19.859437507660303,421545175.5258492,326.7734873887236,0.8952698284622564,$400-500M
5436,20.169641210771292,574862368.3798947,370.4698182930851,1.0149858035426989,$500-750M
5437,19.577062749087336,317841296.6680227,319.28736294255316,0.8747598984727484,<$400M
5438,20.181814063497637,581902847.7503508,334.76675500924694,0.917169191806156,$500-750M
5439,20.09917275371653,535747086.2772071,314.84119164830025,0.8625786072556171,$500-750M
5440,20.33047277338737,675168450.0869745,303.74186208094824,0.8321694851532828,$500-750M
5441,19.698834108463107,359000417.1620312,369.58762636707684,1.0125688393618544,<$400M
5442,20.007165306943993,488654037.3382036,359.8089278873718,0.9857778846229365,$400-500M
5443,19.381859507363494,261477686.08342692,357.70816148752624,0.9800223602397979,<$400M
5444,19.96120431117271,466703313.6996837,360.5371284256704,0.9877729545908778,$400-500M
5445,20.13111498247959,553136288.706765,321.51930632399336,0.8808748118465571,$500-750M
5446,19.100947349679583,197440404.9495168,311.109376959468,0.8523544574232,<$400M
5447,19.861139097593433,422263083.17187583,316.16112678678985,0.8661948679090133,$400-500M
5448,19.11824130419838,200884626.5978524,317.37561984185396,0.8695222461420656,<$400M
5449,19.573321703357603,316654459.23313963,350.9326343885416,0.9614592722973743,<$400M
5450,20.160870441597762,569842429.7820781,407.31790445597795,1.1159394642629532,$500-750M
5451,19.996428623749907,483435578.3485782,312.47908605710825,0.8561070850879678,$400-500M
5452,19.84976219032386,417486259.49478734,306.65607153708294,0.8401536206495422,$400-500M
5453,20.54587906223526,837455815.1444482,334.34931043544674,0.9160255080423199,$750M-1B
5454,19.496275871748296,293173713.9721818,347.3630976167101,0.9516797194978359,<$400M
5455,19.781682196596286,390009710.92914283,343.13358046241694,0.9400920012668957,<$400M
5456,19.052010788275048,188010954.60554057,336.84387003197855,0.9228599178958317,<$400M
5457,19.610134325167547,328528557.50924635,344.9656060497684,0.9451112494514202,<$400M
5458,19.543478093540102,307343967.4618834,297.7956874539455,0.8158785957642343,<$400M
5459,18.940680780752235,168202771.15972853,328.9991874465067,0.9013676368397444,<$400M
5460,19.815408111849145,403387465.89707243,323.16036986375514,0.8853708763390552,$400-500M
5461,19.70180115640973,360067170.3840013,315.37959310277864,0.8640536797336401,<$400M
5462,19.995480565438747,482977470.4214413,388.19932140047626,1.0635597846588392,$400-500M
5463,19.925835063817456,450484876.43041694,401.7819752263021,1.100772534866581,$400-500M
5464,19.409685783385957,268855813.18217444,367.57321255750196,1.0070498974178137,<$400M
5465,19.65993812721077,345304822.096564,326.64148148056387,0.8949081684399011,<$400M
5466,19.942857425243147,458218831.1512446,314.5287536206247,0.8617226126592457,$400-500M
5467,19.756666844407526,380374497.2305915,316.69726328335094,0.8676637350228793,<$400M
5468,21.077264181384887,1424752827.711973,302.0300726215103,0.8274796510178365,>$1B
5469,18.976297799592302,174301619.0980078,333.3878042824809,0.9133912446095367,<$400M
5470,19.556047148268075,311231369.9184503,291.8284607550758,0.7995300294659611,<$400M
5471,20.001848349197438,486062779.3781128,520.9078707451713,1.4271448513566336,$400-500M
5472,19.130288684029782,203319396.8494321,352.43687701321835,0.9655804849677215,<$400M
5473,20.224813199210047,607469908.8591475,306.90523213285655,0.8408362524187851,$500-750M
5474,19.551566640679326,309840014.720051,311.2489676293415,0.8527368976146342,<$400M
5475,19.438359946107074,276676620.2113169,320.3631723647019,0.8777073215471285,<$400M
5476,20.337902174199645,680203226.6467328,332.50667711020105,0.9109771975621946,$500-750M
5477,19.69539319471469,357767250.5176739,306.5708756015039,0.8399202071274079,<$400M
5478,19.536907476205798,305331147.8370619,347.4292768404755,0.9518610324396589,<$400M
5479,19.67291364864508,349814526.8297204,310.4925697424043,0.8506645746367242,<$400M
5480,19.697065759268437,358366140.0404602,348.2046390786864,0.9539853125443463,<$400M
5481,19.858211401791742,421028633.2447459,311.63692046562824,0.8537997820976116,$400-500M
5482,19.696778924909708,358263363.05918103,334.2625405152864,0.9157877822336613,<$400M
5483,19.501634062996413,294748810.8673192,344.0087670342083,0.9424897726964611,<$400M
5484,19.95798938500707,465205306.28674614,442.3461674190865,1.2119073079974974,$400-500M
5485,19.35381297896236,254246030.18914133,361.79230481122204,0.991211794003348,<$400M
5486,19.41469118497369,270204918.0855507,362.1319502149475,0.9921423293560205,<$400M
5487,20.027272533156,498578961.56926244,290.6754340209783,0.7963710521122693,$400-500M
5488,18.95815576479481,171167944.624028,308.68122821623507,0.8457019951129728,<$400M
5489,19.454871760262225,281282978.1524704,303.6458300514424,0.8319063837025819,<$400M
5490,20.039079178599877,504500393.93491226,368.29160634076436,1.009018099563738,$500-750M
5491,20.407425931167424,729176177.715824,401.45699466958405,1.0998821771769427,$500-750M
5492,19.72654746577043,369088667.9809421,338.30089765077133,0.9268517743856749,<$400M
5493,19.835977099587563,411770659.07211566,359.0444961149523,0.9836835509998694,$400-500M
5494,19.4353484367362,275844659.3346041,320.34478563194335,0.877656946936831,<$400M
5495,19.979743191074608,475436168.9446041,437.10838943144284,1.1975572313190215,$400-500M
5496,19.918689678857262,447277461.32401896,390.86050099816407,1.070850687666203,$400-500M
5497,19.56381499745839,313658382.39300436,354.83051358224736,0.9721383933760201,<$400M
5498,20.003236767854965,486738106.71978515,303.62379180584963,0.8318460049475332,$400-500M
5499,19.12113989891759,201467754.43303168,324.727735439923,0.8896650286025287,<$400M
5500,20.18127458367403,581589007.5675242,335.5745477947331,0.9193823227252962,$500-750M
5501,20.332163269377485,676310784.9286884,328.618689527964,0.9003251767889425,$500-750M
5502,19.007561945441783,179837090.35120726,324.1093538038619,0.8879708323393477,<$400M
5503,19.521908056226838,300785533.7288851,363.5883688091851,0.9961325172854386,<$400M
5504,19.660127080308072,345370074.67685753,324.4871628179694,0.8890059255286833,<$400M
5505,19.04463095861095,186628572.93013498,385.8883075819833,1.0572282399506392,<$400M
5506,19.737233916533597,373054066.1372636,316.8164195582566,0.867990190570566,<$400M
5507,19.539694024973294,306183154.49849266,338.42480917804215,0.9271912580220333,<$400M
5508,19.829636271109898,409167952.329706,322.6177777686964,0.8838843226539627,$400-500M
5509,20.485930123607268,788726457.5737982,359.09959438427023,0.9838345051623842,$750M-1B
5510,19.166325358621382,210779971.57659656,330.01028356157286,0.9041377631823914,<$400M
5511,19.734734648253546,372122868.0846155,334.56951503504484,0.9166288083151913,<$400M
5512,20.600441101391596,884418656.1230699,315.69364499283586,0.8649140958707832,$750M-1B
5513,19.726604774076787,369109820.4334992,290.8057840178553,0.7967281753913843,<$400M
5514,20.15105428881827,564276133.9321643,364.9638360856262,0.9999009207825376,$500-750M
5515,20.46609244980299,773234133.2843027,330.146639365892,0.9045113407284712,$750M-1B
5516,18.763450343429163,140884412.610599,340.4749785701344,0.9328081604661216,<$400M
5517,19.511589045931796,297697683.8868718,305.16543460674995,0.8360696838541095,<$400M
5518,20.246092250279133,620534803.3753685,338.64497362784306,0.9277944482954604,$500-750M
5519,18.930190105532947,166447433.9512843,332.79385879163044,0.9117639966893984,<$400M
5520,19.829171883896752,408977984.0774426,274.7914920652493,0.7528534029184912,$400-500M
5521,19.6115354769711,328989198.52875465,319.9621490122062,0.876608627430702,<$400M
5522,19.87109444705155,426487854.3722805,392.5195015113906,1.0753958945517552,$400-500M
5523,19.115775794088012,200389953.58120203,312.9420438747672,0.8573754626705951,<$400M
5524,19.241115877120098,227148802.22994396,364.52562105633933,0.9987003316612036,<$400M
5525,19.28650178400055,237695686.1811336,339.3192369978535,0.9296417451995987,<$400M
5526,19.624766884012313,333371114.0522496,336.56375421231286,0.9220924772940078,<$400M
5527,19.423541850588357,272607025.9089263,350.50215980800283,0.9602798898849393,<$400M
5528,19.289566751716123,238425333.3867807,372.2168708382344,1.019772248871875,<$400M
5529,19.743737851688756,375488293.03886765,330.8669028112374,0.9064846652362669,<$400M
5530,19.684429265692014,353866140.6010335,324.5041150903222,0.8890523701104718,<$400M
5531,20.063774917149363,517114520.25960636,422.84339364118284,1.1584750510717339,$500-750M
5532,18.72150503692719,135097194.5420919,394.4803775630325,1.0807681577069383,<$400M
5533,19.174189513150314,212444112.79999933,342.98455952165193,0.9396837247168546,<$400M
5534,19.929360853960137,452075994.89376765,359.4580304115851,0.9848165216755757,$400-500M
5535,19.272757670714217,234451117.6760679,324.9994899834465,0.8904095615984835,<$400M
5536,19.27154203708466,234166284.17460185,335.8232733680829,0.9200637626522818,<$400M
5537,19.568021744835026,314980643.2289741,387.469453009913,1.0615601452326384,<$400M
5538,19.75958836597791,381487394.41406274,333.22402685152025,0.9129425393192335,<$400M
5539,20.195944642309545,590183841.6290563,421.62736182650576,1.1551434570589199,$500-750M
5540,19.08646236213224,194601096.46045476,327.73820732270315,0.8979128967745291,<$400M
5541,19.368856951379012,258099815.8947985,318.55780252846546,0.8727611028177136,<$400M
5542,19.278930357041855,235902786.62388477,316.7629826467303,0.8678437880732336,<$400M
5543,19.133051564460732,203881920.76754677,429.16531304372245,1.1757953782019792,<$400M
5544,18.915183152620095,163968214.44103342,306.8738509079713,0.8407502764601954,<$400M
5545,18.658199098320658,126809827.17198306,326.0023486810197,0.8931571196740267,<$400M
5546,20.544058901171752,835932897.0758488,364.5584386924495,0.9987902429930123,$750M-1B
5547,19.854074001986184,419290268.0950295,313.84909544581524,0.8598605354679869,$400-500M
5548,19.669001157543253,348448554.5259296,332.2854307714239,0.9103710432093804,<$400M
5549,19.61520387323858,330198277.61138207,305.6165296842538,0.8373055607787776,<$400M
5550,19.751720450759056,378497660.8459178,349.19247061206863,0.9566917003070373,<$400M
5551,19.52318102384616,301168667.78056586,318.2413303613847,0.8718940557846157,<$400M
5552,19.348661558118714,252939669.58535382,329.70296305892606,0.9032957892025372,<$400M
5553,19.96001171238715,466147055.6568114,322.67512465477125,0.8840414374103323,$400-500M
5554,19.178242883019482,213306974.93400487,353.1935433614025,0.9676535434558972,<$400M
5555,18.79266236910358,145060632.63763773,290.31442203904555,0.7953819781891659,<$400M
5556,19.563974269770622,313708343.4674212,315.7014244332972,0.8649354094062937,<$400M
5557,20.730004787792954,1006761708.6683578,308.383704085928,0.8448868605093918,>$1B
5558,19.230210252704982,224685061.4405521,343.5952556714998,0.9413568648534241,<$400M
5559,18.65266173294965,126109575.3905634,334.2373541368285,0.9157187784570644,<$400M
5560,20.14897669985766,563105017.0365865,371.1810971553384,1.0169345127543519,$500-750M
5561,19.960061755732774,466170383.7987335,303.3309707997653,0.8310437556157952,$400-500M
5562,19.679268947194334,352044782.04683393,343.17602186896676,0.9402082790930596,<$400M
5563,19.461715987120584,283214745.85365164,310.4885180572853,0.8506534741295488,<$400M
5564,20.481079795620257,784910138.2445467,345.0572077037399,0.9453622128869587,$750M-1B
5565,19.829184977585292,408983339.14284474,354.1090921491021,0.9701618962989098,$400-500M
5566,20.21389864499214,600875697.5043606,369.4893832887541,1.0122996802431619,$500-750M
5567,19.09645172978399,196554780.1446616,323.3292508650661,0.8858335640138798,<$400M
5568,20.074041855620685,522451051.2625608,356.24457783598206,0.9760125420163892,$500-750M
5569,19.719028992299943,366324090.3471316,322.5682484355932,0.8837486258509403,<$400M
5570,19.767624349654135,384565371.61164945,328.05165302372615,0.8987716521197977,<$400M
5571,19.839790588134854,413343939.70178443,311.9611264936144,0.8546880177907245,$400-500M
5572,20.091872935155724,531850469.3545218,326.74205044240693,0.8951836998422108,$500-750M
5573,19.687086252318313,354807608.3839008,370.0552608521978,1.0138500297320487,<$400M
5574,19.394347421541177,264763470.58318633,322.95043455160607,0.8847957111002905,<$400M
5575,20.64342458140903,923262897.6267678,379.23993618113155,1.039013523783922,$750M-1B
5576,19.155416828862773,208493167.49598783,329.172541720565,0.9018425800563424,<$400M
5577,19.97226828970083,471895579.7353902,323.44175819146176,0.8861418032642788,$400-500M
5578,20.476497353538864,781321561.499129,359.12546612373006,0.9839053866403563,$750M-1B
5579,20.21311302236699,600403821.3440634,336.2491545698015,0.9212305604652096,$500-750M
5580,19.308815969717703,243059291.55666927,319.4432509385944,0.8751869888728614,<$400M
5581,19.686094006958346,354455726.78611267,335.8783078827436,0.920214542144503,<$400M
5582,20.031302031112986,500592037.5953343,338.38983786883915,0.9270954462159977,$500-750M
5583,19.62631577917786,333887871.0570402,327.88761840440463,0.8983222422038483,<$400M
5584,19.557138225047858,311571132.55916655,319.7827167615374,0.8761170322233902,<$400M
5585,19.827111599823002,408136240.66335934,345.8431809011905,0.9475155641128508,$400-500M
5586,20.16800089920291,573920187.9328104,347.20976601124903,0.9512596329075316,$500-750M
5587,19.628345359130424,334566211.3265962,359.9704615528608,0.9862204426105775,<$400M
5588,19.68140563710413,352797796.773427,305.0768915857956,0.8358271002350564,<$400M
5589,20.173356846559024,577002320.7486643,353.0019090894084,0.9671285180531737,$500-750M
5590,20.48130647214815,785088079.1161408,337.6958138330339,0.9251940105014628,$750M-1B
5591,19.900530315861904,439228490.8189109,369.0147475954902,1.0109993084807951,$400-500M
5592,19.506860518451273,296293335.075347,370.8513822903597,1.01603118435715,<$400M
5593,18.835263311120194,151373872.45461258,312.02560346922445,0.8548646670389711,<$400M
5594,19.711977304664764,363749973.88812983,402.5374423399322,1.1028423077806362,<$400M
5595,19.11597142315296,200429159.51523104,366.7420053954317,1.0047726175217306,<$400M
5596,19.906389121541114,441809398.3305887,329.2709138182209,0.90211209265266,$400-500M
5597,19.254414779815665,230189808.25036138,309.1199494206681,0.8469039710155291,<$400M
5598,19.256882665844874,230758592.02028874,491.4678541122439,1.3464872715403944,<$400M
5599,20.10405513590115,538369204.188837,356.95010789250347,0.9779455010753519,$500-750M
5600,19.203976303415743,218867329.62620404,359.1219637642448,0.9838957911349173,<$400M
5601,20.07449805688492,522689448.4670663,321.0822157541999,0.8796773034361641,$500-750M
5602,19.869393500525653,425763037.94979084,319.40341968507965,0.8750778621509032,$400-500M
5603,19.437033633773723,276309903.84156054,324.5678373659247,0.8892269516874649,<$400M
5604,19.636230660879686,337214795.5774053,378.48187452861134,1.0369366425441406,<$400M
5605,18.838799402415415,151910091.78884542,324.64163941959134,0.8894291490947708,<$400M
5606,19.168981218204348,211340517.62030795,353.87167785204156,0.9695114461699769,<$400M
5607,20.060239589886294,515289578.9810891,306.289317232004,0.8391488143342576,$500-750M
5608,20.221661914750857,605558611.4784936,359.8012775588964,0.9857569248188942,$500-750M
5609,19.727678711946112,369506434.37885094,308.66437943196325,0.8456558340601733,<$400M
5610,19.87267032481344,427160476.9439799,312.3528041800873,0.8557611073427048,$400-500M
5611,19.184706648249563,214690206.76885766,304.82584968732584,0.8351393142118516,<$400M
5612,19.64186376467802,339119721.80958927,316.8061272723102,0.8679619925268773,<$400M
5613,19.02113955772379,182295500.54058164,352.2223749885227,0.9649928081877334,<$400M
5614,19.305928522880805,242358483.0346675,330.11300891760135,0.9044192025139763,<$400M
5615,20.11992438507386,546980868.8386799,341.9765205179169,0.9369219740216902,$500-750M
5616,20.23569890448202,614118770.3653661,374.97964309771874,1.0273414879389555,$500-750M
5617,20.15265139265426,565178061.5545429,362.3965255643649,0.9928671933270271,$500-750M
5618,19.26730690717527,233176656.62053978,341.2949132729823,0.9350545569122802,<$400M
5619,20.34089862117122,682244476.2660817,317.62378210734386,0.8702021427598462,$500-750M
5620,19.655282458602628,343700933.7594361,300.34528937258204,0.8228638065002247,<$400M
5621,20.268891762641417,634845209.5424021,363.9258536251954,0.9970571332197133,$500-750M
5622,20.193190783427493,588560794.4619017,352.8714613614413,0.9667711270176473,$500-750M
5623,19.703927266093704,360833527.0723414,298.4004333438496,0.817535433818766,<$400M
5624,19.940337668073646,457065684.4012735,359.5315699322092,0.9850179998142718,$400-500M
5625,19.778474799125945,388760798.7185042,333.8045007125234,0.9145328786644477,<$400M
5626,19.34069547547097,250932735.58666414,312.82262786354244,0.8570482955165546,<$400M
5627,18.868520229526673,156492748.2056326,337.46152772404537,0.9245521307508092,<$400M
5628,20.496827579303886,797368572.2086114,323.94189827011274,0.8875120500551034,$750M-1B
5629,19.724037522509875,368163437.9893182,316.02394091802404,0.8658190162137644,<$400M
5630,19.666434047078123,347555195.76097107,349.73628796069863,0.9581816108512291,<$400M
5631,19.11967689668162,201173222.1610409,320.0460588550566,0.8768385174111138,<$400M
5632,18.602331091494623,119919481.91506104,366.5448631491927,1.00423250177861,<$400M
5633,19.793525384850394,394656129.2508645,355.39905073294915,0.9736960294053402,<$400M
5634,19.688444341500027,355289796.1112924,374.7197551116781,1.0266294660593922,<$400M
5635,20.230780540281213,611105726.2880886,327.3815890343478,0.8969358603680763,$500-750M
5636,19.332475172288063,248878447.4253021,348.532906102688,0.9548846742539397,<$400M
5637,19.72887233407245,369947748.7636603,319.1769297354516,0.8744573417409633,<$400M
5638,19.648961089745907,341535126.02759767,337.9761507840709,0.92596205694266,<$400M
5639,18.73830240961518,137385638.58452815,297.4834460330815,0.8150231398166617,<$400M
5640,19.457310420573076,281969768.8716776,320.3025479920775,0.8775412273755548,<$400M
5641,20.254941924104195,626050704.9483255,329.1230193643866,0.9017069023681825,$500-750M
5642,20.261133711772146,629939103.6293839,300.56842884285595,0.8234751475146739,$500-750M
5643,18.826727896761582,150087332.11829072,325.71060108015513,0.8923578111785072,<$400M
5644,19.211844446503964,220596201.68019578,317.5294513212685,0.8699437022500507,<$400M
5645,19.2249156784205,223498593.38540825,326.8805080997072,0.8955630358896087,<$400M
5646,20.09929494814052,535812555.58373016,331.01563685679304,0.9068921557720357,$500-750M
5647,19.103762985831334,197997108.6612709,381.68642100636293,1.045716221935241,<$400M
5648,20.11399711241457,543748353.5532672,302.3434308385444,0.8283381666809436,$500-750M
5649,20.248226755822085,621860752.9727186,285.18584324185935,0.7813310773749571,$500-750M
5650,20.072738444827813,521770526.5215882,335.9023967363495,0.9202805390036972,$500-750M
5651,19.46614000779415,284470469.369684,346.5252853895884,0.949384343533119,<$400M
5652,19.40587663678898,267833649.99695498,377.64961603951053,1.0346564823000288,<$400M
5653,19.351224299730905,253588719.9208982,304.9466739418881,0.8354703395668167,<$400M
5654,19.222961401651826,223062241.79129136,318.4412313960489,0.8724417298521888,<$400M
5655,19.84645250958544,416106797.31210667,423.9793597050186,1.1615872868630648,$400-500M
5656,19.84243618262363,414438927.9594108,325.2642940752803,0.891135052261042,$400-500M
5657,20.28921733683932,647880832.4335917,349.4210736914207,0.9573180101134814,$500-750M
5658,19.722759901122327,367693364.85851514,318.5045952296255,0.8726153293962343,<$400M
5659,19.239063674862333,226683124.94058597,312.0851508720262,0.8550278106082909,<$400M
5660,20.577571672160282,864422033.459307,354.1037736206974,0.970147324988212,$750M-1B
5661,19.643000104664406,339505296.1399278,344.1622579081048,0.9429102956386433,<$400M
5662,20.10160899047697,537053884.2113285,326.7353710320151,0.8951654000877126,$500-750M
5663,20.283138145797928,643954188.583161,358.95339034932897,0.9834339461625451,$500-750M
5664,20.6354590569324,915937837.1226885,332.837335526193,0.9118831110306658,$750M-1B
5665,19.40557350558344,267752473.5639235,339.9233065640866,0.931296730312566,<$400M
5666,19.82332861585944,406595184.54311013,418.97212363097594,1.1478688318656876,$400-500M
5667,19.46922424038135,285349196.8648248,338.41032552644856,0.9271515767847905,<$400M
5668,20.115535007021425,544585224.5584443,330.1378093598442,0.90448714893108,$500-750M
5669,19.486179167596156,290228519.1178088,310.129569079705,0.8496700522731644,<$400M
5670,20.089973600021423,530841265.7831725,324.2318628213532,0.8883064734831595,$500-750M
5671,19.168230950455246,211182015.1129539,349.2367328012656,0.9568129665788099,<$400M
5672,20.135024133791187,555302814.0339442,304.3187813096734,0.8337500857799272,$500-750M
5673,19.947031388195505,460135416.67246616,290.7957009832773,0.7967005506391159,$400-500M
5674,19.52115862020144,300560198.6616455,346.0860455012052,0.9481809465786444,<$400M
5675,19.33431416968827,249336555.3436133,366.92394091041774,1.005271070987446,<$400M
5676,19.70172862376892,360041054.708395,388.3321166859485,1.063923607358763,<$400M
5677,19.76377729500759,383088769.71710104,314.393877093923,0.8613530879285561,<$400M
5678,19.709893118949772,362992640.87419194,347.1752655773438,0.9511651111708049,<$400M
5679,20.15311715157698,565441359.591582,321.9924434792963,0.8821710780254693,$500-750M
5680,19.539306916518814,306064651.3490325,351.1668260565993,0.9621008933057514,<$400M
5681,19.013510564930115,180910060.95449984,311.65475247830585,0.8538486369268653,<$400M
5682,19.433407083747902,275309666.95345366,338.033344050774,0.9261187508240384,<$400M
5683,20.49903882426045,799133700.2884798,312.06905433550816,0.8549837105082415,$750M-1B
5684,20.231908929140957,611795680.3768039,410.1599301061691,1.1237258359073126,$500-750M
5685,20.333667965902613,677329193.4223888,315.8864244869226,0.8654422588682811,$500-750M
5686,19.012652693333898,180754929.9025126,343.76817032875744,0.9418306036404314,<$400M
5687,19.138850537801936,205067661.30687228,328.36174956954295,0.899621231697378,<$400M
5688,20.793524244671946,1072785361.4651638,448.59279183808326,1.2290213475015979,>$1B
5689,18.553561524020584,114211382.74813163,310.10443440134554,0.8496011901406727,<$400M
5690,20.14723612101368,562125740.8579296,297.59992120723865,0.8153422498828456,$500-750M
5691,19.036649647686687,185144960.72304973,308.19282248838664,0.8443638972284565,<$400M
5692,19.471440119004185,285982197.11705536,333.77472094348707,0.9144512902561289,<$400M
5693,19.015512204740087,181272540.3901405,308.6620670392272,0.8456494987376089,<$400M
5694,19.856489634752016,420304343.7290805,336.7348932520956,0.9225613513756045,$400-500M
5695,19.891189256960647,435144734.61279035,498.09360317100163,1.3646400086876758,$400-500M
5696,20.23394406269966,613042034.1149918,343.3605399571809,0.9407138081018654,$500-750M
5697,19.185375203725815,214833787.072642,371.7558449145114,1.0185091641493462,<$400M
5698,19.524170933761244,301466945.2404647,353.2342810602578,0.9677651535897474,<$400M
5699,20.701696323972286,978661445.4368861,342.6980298546544,0.9388987119305601,$750M-1B
5700,19.71964521437338,366549896.90398175,297.02535113359255,0.8137680852975139,<$400M
5701,19.648766860776206,341468796.4537237,329.63961836312086,0.9031222420907421,<$400M
5702,19.48629702965477,290262728.06447,310.8098016139793,0.851533703051998,<$400M
5703,20.09357473636164,532756343.71504796,371.35148952565464,1.017401341166177,$500-750M
5704,19.921499318269653,448535916.78279525,382.23021895851144,1.0472060793383875,$400-500M
5705,19.243451292699987,227679909.01776302,388.4426913132369,1.0642265515431146,<$400M
5706,20.169153120333554,574581852.0191188,318.1979548641374,0.8717752188058558,$500-750M
5707,20.276914911500445,639959154.7002147,317.300455261297,0.8693163157843753,$500-750M
5708,20.424250178469226,741547797.8348266,323.4406803057002,0.8861388501526033,$500-750M
5709,19.386073304836927,262581824.77104557,327.3512786421591,0.8968528181976962,<$400M
5710,19.345342002148207,252101414.28246096,397.8309566668498,1.08994782648452,<$400M
5711,20.004691074432703,487446488.127041,420.5866200363399,1.1522921096886025,$400-500M
5712,19.299819150030125,240882338.4484653,326.1489026832395,0.8935586374883274,<$400M
5713,19.072296430707095,191863824.45122716,350.777501360067,0.9610342503015534,<$400M
5714,19.477194164673715,287632495.1316987,312.95447210772323,0.8574095126238993,<$400M
5715,19.310260374718055,243410621.28290078,310.391575896834,0.8503878791694083,<$400M
5716,19.91313165216821,444798377.04677343,346.09771514388905,0.9482129182024357,$400-500M
5717,19.083598763415317,194044634.13298035,369.1065147265678,1.0112507252782679,<$400M
5718,19.74836342478795,377229164.74691886,326.0346606427782,0.8932456455966525,<$400M
5719,19.42106976294501,271933949.7430996,333.5342849712543,0.9137925615650803,<$400M
5720,20.19376015952407,588896002.3302693,303.46661106316077,0.8314153727757829,$500-750M
5721,19.636087388334413,337166485.4161817,355.01115114631847,0.9726332908118315,<$400M
5722,19.20287401801575,218626208.28090474,309.63333508557054,0.8483105070837549,<$400M
5723,19.692124108842194,356599588.2873081,333.8785677506846,0.9147358020566702,<$400M
5724,18.82086187061948,149209493.13492018,310.53162722719867,0.8507715814443799,<$400M
5725,18.903026515539132,161986979.34277272,357.89523277943096,0.9805348843272081,<$400M
5726,20.16109010306217,569967615.9534703,343.52449189717385,0.9411629914991064,$500-750M
5727,19.65494090230606,343583560.58728814,421.6222333154271,1.155129406343636,<$400M
5728,19.646823989516317,340806010.6052207,395.27951354139043,1.0829575713462751,<$400M
5729,20.391301710774155,717513062.3327554,322.4742127789665,0.8834909939149767,$500-750M
5730,19.14920714453654,207202502.20104197,323.71837658217,0.8868996618689589,<$400M
5731,19.218725761453797,222119428.51176697,307.5824270796557,0.8426915810401526,<$400M
5732,19.26658123935608,233007509.2044842,328.7625984740704,0.9007194478741655,<$400M
5733,19.20918346997405,220009980.67101935,333.6269595590454,0.9140464645453299,<$400M
5734,18.976434370476817,174325425.2498769,328.4418435880361,0.8998406673644824,<$400M
5735,19.717173895716574,365645153.7199381,306.1721712420465,0.8388278664165657,<$400M
5736,19.29945093979729,240793659.43380144,351.45632505423265,0.962894041244473,<$400M
5737,20.20628280555063,596316906.2136414,392.2764834229428,1.0747300915697064,$500-750M
5738,19.752192714185277,378676453.663377,338.58974400024414,0.9276431342472442,<$400M
5739,19.36377107274017,256790483.92847115,332.66397886342435,0.9114081612696557,<$400M
5740,19.489715936649965,291256807.7004942,383.294830258309,1.0501228226255042,<$400M
5741,20.08251320271252,526895715.02056414,383.9755193378044,1.0519877242131628,$500-750M
5742,19.395693498345594,265120102.5227369,317.27817911192193,0.8692552852381422,<$400M
5743,19.122451620224574,201732197.37899795,311.83975377019334,0.8543554897813516,<$400M
5744,19.210596818788105,220321151.3608452,353.69746093088526,0.969034139536672,<$400M
5745,20.138657622327102,557324170.5066142,362.23640037145884,0.9924284941683804,$500-750M
5746,19.971091639010922,471340650.0191727,332.5741253854973,0.911161987357527,$400-500M
5747,20.487254599006544,789771798.4749519,297.2226077713039,0.8143085144419285,$750M-1B
5748,20.658913381607338,937674452.9154489,454.7273359415447,1.2458283176480678,$750M-1B
5749,18.88297475593471,158771204.09735492,356.51963963655624,0.976766135990565,<$400M
5750,20.385557322562622,713403204.367112,322.2106045981276,0.8827687797208975,$500-750M
5751,20.594289054696052,878994373.5799694,329.7354131446152,0.903384693546891,$750M-1B
5752,19.53896895827717,305961231.7543697,335.0365539643994,0.9179083670257517,<$400M
5753,19.271834439194024,234234764.9015027,322.65493621968085,0.8839861266292626,<$400M
5754,18.587289379636726,118129185.93495627,327.58049775819484,0.8974808157758762,<$400M
5755,19.819354944055352,404982714.5576209,504.00274250946705,1.3808294315327865,$400-500M
5756,20.15316825945604,565470258.8386886,406.3257629544239,1.1132212683682847,$500-750M
5757,19.69944703446513,359220525.300557,330.1985256550603,0.9046534949453706,<$400M
5758,19.95876742862137,465567397.1476161,321.6037687102797,0.881106215644602,$400-500M
5759,19.58911187357883,321694171.2893965,335.2248227046187,0.9184241717934759,<$400M
5760,19.774295555089992,387139462.8081291,329.1027351207985,0.9016513290980781,<$400M
5761,19.78545612561243,391484360.7554511,312.17994468738,0.855287519691452,<$400M
5762,19.641201909578584,338895347.9520713,417.56219465381446,1.1440060127501765,<$400M
5763,19.853212002448995,418928995.80862546,386.07494246010265,1.0577395683838429,$400-500M
5764,19.386497122924364,262693135.28385404,322.910938274922,0.8846875021230739,<$400M
5765,19.514765229835028,298644729.6781005,343.0187276242365,0.9397773359568122,<$400M
5766,18.820427970962466,149144765.2307488,300.63731142931186,0.8236638669296216,<$400M
5767,18.956371679661814,170862838.68718997,343.20792714814604,0.9402956908168385,<$400M
5768,19.603752244248213,326438538.10143816,344.6647742021391,0.9442870526086002,<$400M
5769,19.176187984295677,212869100.7510649,349.63538159534755,0.9579051550557467,<$400M
5770,19.423755722631864,272665335.1657693,333.439844244103,0.9135338198468577,<$400M
5771,19.543929436388662,307482716.2729319,332.3274221715661,0.9104860881412771,<$400M
5772,20.2999607836437,654878829.6881375,319.0263878856685,0.8740448983169,$500-750M
5773,19.753512413146147,379176522.48335665,333.3060640375305,0.9131672987329603,<$400M
5774,20.48300485896831,786422595.3039418,363.0584861705953,0.9946807840290283,$750M-1B
5775,19.09195914487823,195673721.70304677,316.5386437534417,0.8672291609683335,<$400M
5776,19.744468448993857,375762724.01091594,312.71541104774036,0.856754550815727,<$400M
5777,20.37421626302087,705358162.0302005,352.42790950370176,0.9655559164484979,$500-750M
5778,19.493249780755487,292287884.61310303,328.5127626713868,0.9000349662229775,<$400M
5779,20.24580504464203,620356607.8724213,376.43874984222174,1.0313390406636211,$500-750M
5780,19.712851576325345,364068129.23867565,306.12479221532163,0.8386980608638949,<$400M
5781,19.299736477873896,240862425.00930324,314.5002356852564,0.8616444813294697,<$400M
5782,20.04206849702436,506010762.6194047,305.8716824009057,0.8380046093175498,$500-750M
5783,20.166854563918726,573262659.9168646,341.09942340334953,0.9345189682283549,$500-750M
5784,18.52165867063205,110625222.28342566,315.9200062925956,0.8655342638153304,<$400M
5785,19.429874510396512,274338831.14454174,368.1156442517198,1.0085360116485473,<$400M
5786,19.133787819207075,204032085.0722131,323.8569422732325,0.8872792938992672,<$400M
5787,20.015124121351178,492558661.60988045,336.5999148049936,0.9221915474109413,$400-500M
5788,18.883372279976467,158834332.01472318,343.48487741536644,0.9410544586722368,<$400M
5789,19.635716280975128,337041383.6666651,387.541728795516,1.0617581610836055,<$400M
5790,19.394932938716206,264918539.53587043,323.5960361737088,0.8865644826676954,<$400M
5791,19.726295212706898,368995575.9755941,384.4521491414464,1.053293559291634,<$400M
5792,18.90979637990067,163087329.6298398,319.3378735880615,0.8748982838029081,<$400M
5793,19.85437184739262,419415170.3752068,383.78966467005455,1.051478533342615,$400-500M
5794,20.194106091797092,589099755.7033302,325.1786822493142,0.8909004993131896,$500-750M
5795,19.445252279911827,278590154.61764073,425.5216678646408,1.1658127886702487,<$400M
5796,21.13897789011601,1515449437.1769545,399.6217184601304,1.0948540231784394,>$1B
5797,19.480659357259817,288630925.9999126,403.60453259069413,1.1057658427142305,<$400M
5798,19.772743800443777,386539183.21176296,362.34910677715567,0.9927372788415224,<$400M
5799,19.29420949635544,239534854.9448878,323.83181164995153,0.8872104428765796,<$400M
5800,20.08214041559969,526699331.6950596,356.1174278076107,0.9756641857742758,$500-750M
5801,19.36668260655604,257539227.5733162,407.0274293483902,1.1151436420503842,<$400M
5802,21.13265277633732,1505894297.5895586,390.21151529173443,1.0690726446348888,>$1B
5803,19.93933790215225,456608954.05592996,363.64843439544194,0.9962970805354574,$400-500M
5804,19.564209723706565,313782216.02808005,388.84113395050923,1.0653181752068746,<$400M
5805,19.562028370572605,313098492.2004371,376.49060641300895,1.0314811134602986,<$400M
5806,19.383865596099923,262002760.02067024,372.69397711388336,1.0210793893531052,<$400M
5807,19.973976763377422,472702490.0076758,362.3099040337109,0.9926298740649614,$400-500M
5808,19.20359836761918,218784627.45667946,330.64334400160357,0.905872175346859,<$400M
5809,19.762859479789594,382737326.31913185,315.74299179158055,0.8650492925796728,<$400M
5810,19.835614506940985,411621381.12423813,394.3989883433086,1.0805451735433111,$400-500M
5811,19.985320104958802,478095042.780097,330.6743046912061,0.9059569991539893,$400-500M
5812,20.267262827259913,633811929.5204716,307.16871231477774,0.8415581159308979,$500-750M
5813,19.509169497607946,296978260.6454297,300.82089041323377,0.8241668230499555,<$400M
5814,20.456303294780298,765701752.4572572,495.0027717383935,1.3561719773654617,$750M-1B
5815,20.00625167158623,488207789.6168681,346.28259918597956,0.9487194498246015,$400-500M
5816,19.525562313169473,301886692.08617604,374.45396195832546,1.0259012656392479,<$400M
5817,19.56881776944419,315231475.3934379,460.11707206771763,1.260594717993747,<$400M
5818,19.947520130931718,460360359.4801431,340.14494248157786,0.9319039520043229,$400-500M
5819,19.23744452467817,226316387.898388,324.31126462035303,0.8885240126585014,<$400M
5820,19.673475598286544,350011160.22150916,310.4007660820278,0.8504130577589804,<$400M
5821,20.023714210809164,496808009.5862544,348.2165460314891,0.9540179343328468,$400-500M
5822,19.37779125022373,260416088.5102653,338.21993531651896,0.9266299597712848,<$400M
5823,19.64396366672875,339832588.2217268,335.32424883683996,0.9186965721557259,<$400M
5824,19.906623171129876,441912815.7405083,301.66956530318134,0.8264919597347434,$400-500M
5825,19.96302034665169,467551633.5318298,296.5095495842,0.8123549303676711,$400-500M
5826,20.207340815203587,596948149.1283025,383.83364311702604,1.0515990222384275,$500-750M
5827,18.90448663175381,162223671.91515785,330.4255622224636,0.9052755129382565,<$400M
5828,19.92965554680119,452209238.08501744,300.1507173904433,0.8223307325765569,$400-500M
5829,19.835147346439268,411429132.7822269,305.5292624818742,0.83706647255308,$400-500M
5830,18.416496320288875,99582431.88388452,338.50721746664374,0.9274170341551883,<$400M
5831,19.840757062713763,413743619.22078913,341.8662360246935,0.9366198247251876,$400-500M
5832,19.81472328019112,403111307.9616175,371.8408236766817,1.0187419826758402,$400-500M
5833,19.60896087972782,328143273.2708443,339.66724818462916,0.9305952005058333,<$400M
5834,19.39963174585757,266166269.7875327,362.2082591116561,0.9923513948264551,<$400M
5835,19.28248764154075,236743454.3105506,357.1644648023306,0.9785327802803578,<$400M
5836,20.382198436093233,711010983.8444265,428.520110156094,1.1740276990577918,$500-750M
5837,19.748394981768445,377241069.14814556,355.5894158342844,0.9742175776281765,<$400M
5838,20.281217770745283,642718741.6647576,325.0374853267542,0.8905136584294636,$500-750M
5839,19.86438659743516,423636611.5270702,373.3349188731195,1.02283539417293,$400-500M
5840,19.60652809456987,327345941.44770944,324.43849465001495,0.8888725880822327,<$400M
5841,19.37643229024273,260062433.823281,356.5486869632656,0.976845717707577,<$400M
5842,19.588405230927712,321466928.76643306,346.4825286897769,0.9492672018897998,<$400M
5843,20.493301131451837,794561645.6687603,310.5728218669253,0.8508844434710283,$750M-1B
5844,19.750040955839793,377862509.463632,341.20771859784435,0.9348156673913544,<$400M
5845,19.855116252605473,419727501.45040095,333.51113801387226,0.9137291452434856,$400-500M
5846,19.021129179734242,182293608.68959942,416.67576433463154,1.1415774365332372,<$400M
5847,19.771778220194747,386166128.74697363,312.7336737441317,0.8568045856003608,<$400M
5848,19.5666797108167,314558212.0125801,368.8962940833305,1.0106747783104943,<$400M
5849,19.006287339713154,179608014.9870248,334.2825943685881,0.9158427242975016,<$400M
5850,20.016664385457155,493317916.6129547,318.9707701312445,0.8738925209075191,$400-500M
5851,18.746890870883945,138570651.25407004,359.14931316865767,0.983970721010021,<$400M
5852,18.780280779766237,143275624.8758129,325.6613903947258,0.8922229873828104,<$400M
5853,18.999971168337634,178477155.0959299,312.03837183781394,0.8548996488707231,<$400M
5854,19.699352491544786,359186565.14841884,316.3152445298683,0.8666171083010091,<$400M
5855,19.439560571882833,277009004.7879098,317.1125815188108,0.8688015932022215,<$400M
5856,20.038123727374163,504018598.6177692,346.8380023697298,0.9502411023828213,$500-750M
5857,19.065473801274887,190559264.00222376,344.4142598552465,0.9436007119321822,<$400M
5858,19.785745038367,391597481.92077494,392.77207686284765,1.0760878818160209,<$400M
5859,19.917034341151062,446537678.541249,362.5039116775218,0.993161401856224,$400-500M
5860,20.172349637923233,576421451.6056496,338.02593010350625,0.9260984386397432,$500-750M
5861,20.004783474083826,487491530.0933841,504.49362542567854,1.3821743162347357,$400-500M
5862,19.553045394496237,310298530.7570666,331.79096589116995,0.909016344907315,<$400M
5863,18.805174084342312,146886991.58181694,336.1606391918035,0.9209880525802836,<$400M
5864,18.982938671667338,175462985.82872066,323.90994423327953,0.887424504748711,<$400M
5865,19.796393539053025,395789688.7211646,351.964040427789,0.964285042267915,<$400M
5866,19.718435505378682,366106746.29237425,388.4993320557996,1.0643817316597248,<$400M
5867,20.003240315039992,486739833.2729718,360.8673675777444,0.9886777193910805,$400-500M
5868,19.48788107829361,290722882.70121074,344.477927438622,0.9437751436674575,<$400M
5869,18.58621545471092,118002392.15340297,343.6512825076863,0.941510363034757,<$400M
5870,19.663966394559335,346698607.6223415,444.35008357745045,1.2173974892532888,<$400M
5871,19.776438942672627,387970142.6418607,399.8900014609243,1.0955890450984227,<$400M
5872,19.874775767556667,428060786.31268686,385.43960173641295,1.0559989088668849,$400-500M
5873,19.706572241865388,361789186.2996691,361.1513108968888,0.989455646292846,<$400M
5874,19.86826043702203,425280894.5914023,332.10203804648665,0.9098685973876347,$400-500M
5875,19.227823972400255,224149539.11098433,373.55048111253734,1.0234259756507873,<$400M
5876,19.63168102857393,335684076.99320865,309.491292119544,0.8479213482727234,<$400M
5877,20.621922227763513,903622486.5513808,452.1245100063805,1.2386972876887137,$750M-1B
5878,19.90402590244132,440766538.6602777,311.0486178806657,0.8521879941936046,$400-500M
5879,19.326794485062884,247468654.89478913,326.7402032718917,0.8951786391010731,<$400M
5880,20.074063585073333,522462403.96128356,351.0183923108764,0.9616942255092503,$500-750M
5881,19.188243946929813,215450974.892706,325.5316573056112,0.8918675542619484,<$400M
5882,18.39830990470034,97787753.2430484,349.97720813158,0.9588416661139179,<$400M
5883,20.138713950812534,557355564.6172162,360.56691173968704,0.9878545527114714,$500-750M
5884,19.21044033901212,220286678.25367793,317.80724574243817,0.870704782855995,<$400M
5885,19.937095318397475,455586117.5602031,385.14047474186106,1.0551793828544138,$400-500M
5886,20.669530986732546,947683351.2294858,298.1950037005887,0.8169726128783252,$750M-1B
5887,19.547374487416732,308543836.6782321,312.5279790282755,0.8562410384336315,<$400M
5888,18.53932675299313,112597126.4084679,316.18422762584436,0.8662581578790256,<$400M
5889,20.105922901652534,539375691.3985927,547.732640704425,1.500637371792945,$500-750M
5890,19.31370687167356,244250982.56755295,391.3772813028728,1.0722665241174598,<$400M
5891,19.24745315550847,228592878.34847876,332.4853176096335,0.9109186783825576,<$400M
5892,19.84305172559533,414694111.45886314,348.5226750916083,0.954856644086598,$400-500M
5893,19.38994011330937,263599144.01752302,335.62896007528195,0.9195313974665259,<$400M
5894,19.58061933300569,318973738.53088456,297.1886088976456,0.8142153668428647,<$400M
5895,19.28007893435475,236173894.87724015,317.25530296179846,0.8691926108542424,<$400M
5896,18.782441362596852,143585518.3857121,325.9290947644306,0.8929564240121386,<$400M
5897,20.145796382415554,561317009.052712,423.55522020267574,1.1604252608292487,$500-750M
5898,19.028519263130796,183645763.77609926,338.50403854609635,0.9274083247838256,<$400M
5899,19.422985233367854,272455330.3659674,332.6437196330444,0.9113526565288887,<$400M
5900,19.34159179102723,251157751.3286361,368.23363434064464,1.0088592721661498,<$400M
5901,19.849974653537576,417574969.3906221,335.7529451060103,0.91987108248222,$400-500M
5902,19.60152502137718,325712295.7753636,298.8451339237641,0.8187537915719564,<$400M
5903,20.532777481817742,826555382.8040956,359.8401141646438,0.9858633264784762,$750M-1B
5904,19.625172020052876,333506202.06809884,323.5422293372107,0.8864170666772896,<$400M
5905,20.127869476517667,551343991.6126972,323.5129705863994,0.8863369057161626,$500-750M
5906,19.571582580727867,316104236.88802737,391.82324815328514,1.0734883511048907,<$400M
5907,19.685972343530956,354412605.1107526,349.03741689951016,0.9562668956150964,<$400M
5908,20.430076452387798,745880869.001151,335.2113901152907,0.9183873701788787,$500-750M
5909,20.005633442735288,487906058.75504416,327.7201802174071,0.897863507444951,$400-500M
5910,19.27961294527763,236063866.06003082,348.7159134591396,0.9553860642716153,<$400M
5911,20.185274165541223,583919778.3636135,296.56997530409626,0.8125204802851952,$500-750M
5912,19.65924563712646,345065784.706262,367.00614590114645,1.0054962901401272,<$400M
5913,19.799880940212546,397172375.73132944,310.80477583381656,0.8515199337912782,<$400M
5914,19.78133524528228,389874420.01849705,335.3151174929071,0.918671554775088,<$400M
5915,18.976148088750453,174275526.20911977,369.60516334949295,1.0126168858890219,<$400M
5916,19.967831160589515,469806356.6251252,362.29696080375805,0.992594413160981,$400-500M
5917,18.910520504190306,163205467.8947881,347.9447080811299,0.9532731728250133,<$400M
5918,19.69763950091733,358571808.61522615,339.86628304481604,0.9311405014926467,<$400M
5919,19.5681288226449,315014372.47219884,299.348837586341,0.8201338016064137,<$400M
5920,19.741556359729266,374670061.1543499,345.8093403683045,0.9474228503241219,<$400M
5921,19.163411134448328,210166605.6652098,394.9225318140953,1.0819795392166995,<$400M
5922,19.751572735943462,378441755.26288646,330.4124192078362,0.9052395046790033,<$400M
5923,19.543356360014336,307306555.67428184,350.0378390270858,0.9590077781563995,<$400M
5924,19.571176914824722,315976030.18358475,340.22210451800777,0.9321153548438569,<$400M
5925,19.724727414298393,368417518.5559904,351.7877084734777,0.9638019410232266,<$400M
5926,19.00124503170348,178704655.4768832,324.305790853913,0.8885090160381177,<$400M
5927,19.835105514004304,411411922.05977356,379.55833566367704,1.0398858511333617,$400-500M
5928,19.405665998623906,267777239.94963714,322.8999589740645,0.884657421846752,<$400M
5929,19.136255762799745,204536246.61449686,379.2596879356847,1.0390676381799582,<$400M
5930,20.580600568346288,867044247.261515,336.7423642754787,0.9225818199328183,$750M-1B
5931,18.89479377240754,160658856.69892415,329.535315155597,0.9028364798783479,<$400M
5932,19.921838537991587,448688094.82120013,379.43773450002584,1.0395554369863722,$400-500M
5933,19.44163258433963,277583565.93984663,310.85503838734996,0.8516576394173971,<$400M
5934,19.188981571685524,215609955.4922336,367.70294520673167,1.0074053293335115,<$400M
5935,18.531381949407592,111706108.5226457,318.0155083717107,0.8712753654019472,<$400M
5936,18.9683612783506,172923745.58925143,320.7969303273469,0.8788956995269778,<$400M
5937,19.22870402342014,224346888.96771967,296.5120426671381,0.8123617607318852,<$400M
5938,18.6227326221043,122391150.0731195,359.73666059033775,0.9855798920283226,<$400M
5939,19.202127146442987,218462983.54242504,358.48815221141706,0.98215932112717,<$400M
5940,19.263637827191403,232322680.42853358,362.12985265005085,0.9921365826028791,<$400M
5941,19.103036407172986,197853300.4380225,327.18862848458053,0.8964072013276179,<$400M
5942,19.098591927492127,196975896.710263,325.862769941251,0.8927747121678109,<$400M
5943,18.69712457179602,131843289.14191799,332.18719402622804,0.9101019014417207,<$400M
5944,18.90172195797539,161775795.78414834,315.35250286045704,0.8639794598916631,<$400M
5945,19.93883289803094,456378422.8668052,455.05179841208275,1.2467172559235145,$400-500M
5946,19.67920273588109,352021473.47114855,352.87142608320397,0.9667710303649424,<$400M
5947,19.770245114340188,385574548.7873804,303.04682588829473,0.8302652764062869,<$400M
5948,19.432270694518675,274996985.71067303,313.52525931264785,0.8589733131853365,<$400M
5949,19.74240772103322,374989176.5681495,335.4523811070219,0.9190476194712929,<$400M
5950,19.327278910072426,247588563.9414236,334.89962333303106,0.917533214611044,<$400M
5951,20.20460346441078,595316327.0926423,332.52644907478566,0.9110313673281799,$500-750M
5952,19.545685822612903,308023249.23335123,313.8513569189186,0.8598667312847085,<$400M
5953,19.912681866621224,444598358.15163064,306.4234543321525,0.8395163132387741,$400-500M
5954,20.21168628926631,599547816.1290696,324.6597362880876,0.8894787295564043,$500-750M
5955,18.897010616963456,161015407.47355953,331.4701332953491,0.9081373514941071,<$400M
5956,19.662385431711,346150923.0526759,380.985094365927,1.0437947790847315,<$400M
5957,19.177200092957527,213084656.47628304,310.8909233124925,0.8517559542808013,<$400M
5958,19.831342884471077,409866840.0200258,429.3345721685492,1.1762591018316415,$400-500M
5959,20.324903399741967,671418636.4640495,347.641331823928,0.952442004997063,$500-750M
5960,19.78557457129142,391530733.1326241,303.6654170677673,0.8319600467610063,<$400M
5961,19.58659511641896,320885563.14250165,368.51002407374153,1.0096165043116205,<$400M
5962,19.805109908516815,399254616.7370674,345.98520917705537,0.947904682676864,<$400M
5963,20.049964999923045,510022295.7699437,325.3853032363041,0.8914665842090522,$500-750M
5964,19.337035666605587,250016048.20983464,401.0217375498349,1.0986896919173559,<$400M
5965,19.40695138612584,268121658.77557656,325.01358547755643,0.8904481793905655,<$400M
5966,19.482259500054194,289093146.4070881,352.2641184579048,0.9651071738572733,<$400M
5967,19.360100127391014,255849548.2142362,328.2068716806892,0.8991969087142169,<$400M
5968,19.585848300935506,320646010.2975511,302.336797207298,0.8283199923487616,<$400M
5969,19.132807793234768,203832226.2790586,329.97442955859134,0.9040395330372365,<$400M
5970,20.178674186844184,580078610.0235826,369.86008375340543,1.0133152979545355,$500-750M
5971,19.384519543313587,262174152.03011355,330.4087866259814,0.9052295523999491,<$400M
5972,20.15843866334735,568458382.8847957,324.9377347577192,0.8902403691992308,$500-750M
5973,20.02600854841594,497949163.4815602,307.0694747577018,0.8412862322128817,$400-500M
5974,18.871789085454363,157005137.46031353,412.0153181624997,1.1288090908561634,<$400M
5975,20.328262372966886,673677705.6390471,361.10176828549936,0.9893199131109571,$500-750M
5976,19.589191009081965,321719629.7268171,317.5098831299289,0.8698900907669285,<$400M
5977,19.489848977201476,291295559.2445281,342.3509239088055,0.9379477367364534,<$400M
5978,19.066352111030888,190726707.5857955,377.82026285371387,1.035124007818394,<$400M
5979,19.159960823614597,209442715.09067872,322.5614449508472,0.8837299861667046,<$400M
5980,19.785415455020217,391468439.1784292,313.8982227140976,0.859995130723555,<$400M
5981,19.581891092728352,319379654.5432431,341.41019925771786,0.9353704089252545,<$400M
5982,19.766357870975508,384078636.0531277,321.3045222650657,0.8802863623700431,<$400M
5983,20.054328758668678,512252773.1166247,335.8878983021441,0.9202408172661483,$500-750M
5984,19.406726929178046,268061483.760013,377.04046525252744,1.0329875760343217,<$400M
5985,20.398373540320453,722605176.4667119,345.0659632925758,0.9453862008015775,$500-750M
5986,19.59895072364691,324874893.6752468,334.9871749962867,0.9177730821816074,<$400M
5987,19.514564111602095,298584672.8172601,336.7624701520348,0.9226369045261227,<$400M
5988,19.254172055971438,230133942.475453,339.3531425357937,0.9297346370843663,<$400M
5989,20.378706480823677,708532495.1969309,334.1667893364487,0.9155254502368457,$500-750M
5990,19.307528545021086,242746572.36637467,361.9796013232509,0.9917249351321943,<$400M
5991,18.799209656248088,146013502.20432892,334.6664178518087,0.9168942954844075,<$400M
5992,19.176802720439422,212999999.311099,374.7705022725695,1.0267684993769028,<$400M
5993,20.113275009329996,543355852.919949,409.8613315787324,1.1229077577499518,$500-750M
5994,19.321607397126105,246188336.65258107,382.91854855485855,1.0490919138489274,<$400M
5995,19.810577923724615,401443726.6419139,363.4929577840151,0.9958711172164798,$400-500M
5996,18.855811962158413,154516579.95336798,328.60088595885776,0.9002763998872816,<$400M
5997,19.71509356219253,364885280.5176457,353.793331946124,0.9692967998523945,<$400M
5998,19.05098381260925,187817971.04193035,369.2783435727588,1.011721489240435,<$400M
5999,20.362473924282956,697124046.0610515,312.1349688619569,0.8551642982519367,$500-750M
6000,19.677656587989173,351477616.7618275,333.0104872607809,0.9123574993446052,<$400M
6001,20.503201489117085,802467159.2812728,383.5155704929168,1.050727590391553,$750M-1B
6002,19.99665096844505,483543079.6355948,324.3514194217798,0.8886340258130953,$400-500M
6003,18.67213920111625,128589947.90429588,333.1745398722673,0.9128069585541569,<$400M
6004,20.29681776853668,652823766.8716506,314.16575443740834,0.8607280943490639,$500-750M
6005,19.243800533710836,227759438.0659325,309.4440105472149,0.847791809718397,<$400M
6006,19.563873099994648,313676607.26999056,328.44957477138826,0.899861848688735,<$400M
6007,19.157351852805608,208896997.3512238,321.1631221465748,0.8798989647851364,<$400M
6008,19.946582591844184,459928955.90923387,311.34348844710274,0.8529958587591856,$400-500M
6009,19.903819301151252,440675485.13098437,333.1317539242667,0.9126897367788129,$400-500M
6010,19.653517070097116,343094703.3551854,322.7437765171955,0.8842295247046452,<$400M
6011,20.64895697932942,928384910.8048021,314.39506698815404,0.8613563479127508,$750M-1B
6012,18.894488365463832,160609797.8603567,366.492277455564,1.0040884313851068,<$400M
6013,20.05996734494682,515149313.0950531,303.6105348022328,0.8318096843896788,$500-750M
6014,19.560261839624044,312545882.26899797,307.4561184558958,0.842345530016153,<$400M
6015,19.210817271754653,220369727.16639954,347.26400268990346,0.9514082265476808,<$400M
6016,19.917706549251157,446837945.6954621,302.88726440686077,0.8298281216626322,$400-500M
6017,20.058009107824738,514141515.6619572,336.7784833776278,0.9226807763770625,$500-750M
6018,18.83139334566458,150789192.87193525,377.30361619766757,1.0337085375278563,<$400M
6019,19.306395793174882,242471756.41688955,373.04098301960596,1.022030090464674,<$400M
6020,19.60935099978234,328271313.51641256,362.46299304056646,0.9930492960015519,<$400M
6021,20.36459083062479,698601355.48636,332.3549164725497,0.9105614149932868,$500-750M
6022,20.63861830149475,918836084.479593,368.464208434792,1.0094909820131288,$750M-1B
6023,19.15036771666251,207443115.24691787,310.75388798450757,0.8513805150260482,<$400M
6024,19.6046390206021,326728144.4670844,339.8369398459869,0.9310601091670874,<$400M
6025,19.325974529971276,247265824.87831125,342.9150762445745,0.9394933595741767,<$400M
6026,19.756084829136366,380153177.87631303,378.50364831694895,1.0369962967587643,<$400M
6027,19.969303976856143,470498804.86867523,402.2010205631763,1.1019206042826748,$400-500M
6028,20.524319308186826,819593716.8539423,442.9417132121444,1.213538940307245,$750M-1B
6029,19.145517185945405,206439342.42784002,335.88386320158645,0.9202297621961273,<$400M
6030,19.574060170905174,316888384.637606,317.40831749538347,0.8696118287544753,<$400M
6031,19.31740722860612,245156472.66925624,338.6689934199778,0.9278602559451448,<$400M
6032,19.86612267596054,424372716.73424494,363.5224574821576,0.9959519383072811,$400-500M
6033,19.09864073251015,196985510.35704768,316.8278896116432,0.8680216153743648,<$400M
6034,19.881225746034882,430830692.48652804,318.8918896021789,0.8736764098689832,$400-500M
6035,19.702286263978998,360241884.06783867,338.0686121085567,0.9262153756398813,<$400M
6036,20.034755727905615,502323919.6863109,337.0685868816045,0.9234755804975466,$500-750M
6037,19.85329854181729,418965251.2280205,396.77520254192837,1.0870553494299406,$400-500M
6038,20.462509424217707,770468573.0964913,335.85687889274266,0.9201558325828566,$750M-1B
6039,19.784634808135024,391162959.81200457,335.59022073115386,0.9194252622771338,<$400M
6040,19.756029580837563,380132175.64012486,348.99118635448065,0.9561402365876183,<$400M
6041,19.82144454586454,405829851.95231944,364.2193360952816,0.9978611947815935,$400-500M
6042,19.998252690860397,484318202.02477056,353.1913843208317,0.9676476282762512,$400-500M
6043,19.29048414391764,238644163.28934982,341.24982666706325,0.9349310319645568,<$400M
6044,19.963545717963054,467797336.28360635,321.74557310126977,0.8814947208253966,$400-500M
6045,20.261211035217656,629987814.5745625,332.12868502067994,0.9099416027963834,$500-750M
6046,19.53658384616169,305232349.4921387,322.0385746422787,0.8822974647733663,<$400M
6047,18.700201992638096,132249651.38091788,325.215698828045,0.8910019145973835,<$400M
6048,19.21481360572422,221252160.2672058,341.1543264868699,0.93466938763526,<$400M
6049,20.049223952570753,509644485.10314006,356.21075343646925,0.9759198724286828,$500-750M
6050,19.22251156573667,222961922.94881934,335.0392684210457,0.9179158038932759,<$400M
6051,19.49200056067803,291922980.68935484,322.6892382687559,0.8840801048459066,<$400M
6052,19.531765705506544,303765234.32160103,360.259451805915,0.9870121967285341,<$400M
6053,19.504955310805634,295729372.1518368,356.21998052954297,0.9759451521357342,<$400M
6054,19.11753117577282,200742023.3535487,359.96396013600764,0.98620263050961,<$400M
6055,19.032811176761733,184435649.38080207,346.96506644292236,0.9505892231312941,<$400M
6056,19.70910351192098,362706132.46297127,340.1391968012345,0.9318882104143411,<$400M
6057,19.406007235319166,267868630.96216002,321.4790205999076,0.8807644399997469,<$400M
6058,19.63504190741014,336814168.4897791,310.68183811975643,0.851183118136319,<$400M
6059,20.54018938164871,832704488.6337018,358.74546956504986,0.9828643001782188,$750M-1B
6060,20.012327010380726,491182845.42618334,333.2797850108715,0.9130953013996479,$400-500M
6061,19.412458069784854,269602192.60705864,378.9489278806335,1.0382162407688589,<$400M
6062,19.838119993382204,412653985.9620929,324.30655823641814,0.8885111184559401,$400-500M
6063,20.16924543598419,574634897.3650521,355.974651489168,0.9752730177785426,$500-750M
6064,19.766340110092738,384071814.5380766,347.17401819674296,0.9511616936897067,<$400M
6065,19.443120500782967,277996894.51494515,326.50795150602227,0.8945423328932117,<$400M
6066,20.047091185045822,508558690.1817052,311.4927386856892,0.8534047635224361,$500-750M
6067,19.078636358970567,193084091.44986838,375.55588951411846,1.0289202452441601,<$400M
6068,19.30667113095096,242538527.24290654,551.7866201021604,1.5117441646634533,<$400M
6069,19.32006309849364,245808441.7520473,369.7129488832718,1.0129121887212926,<$400M
6070,19.014788894472115,181141471.5078235,334.45164465312513,0.9163058757619866,<$400M
6071,19.846009876699384,415922655.51611865,323.37200924375634,0.8859507102568667,$400-500M
6072,19.78375659921878,390819587.8112382,314.91327174618084,0.862776086975838,<$400M
6073,19.827139907076305,408147794.04282707,404.96421125169263,1.1094909897306648,$400-500M
6074,19.482131667173853,289056193.1594662,318.06495696828927,0.8714108410090117,<$400M
6075,19.991207656233946,480918154.3109544,408.9957264445598,1.1205362368344105,$400-500M
6076,19.458607635775305,282335781.6897965,348.2406864649717,0.9540840725067717,<$400M
6077,19.03376877012647,184612348.3242357,386.34227590730177,1.0584719887871281,<$400M
6078,19.53602538971512,305061938.10696054,357.61552355732994,0.9797685576913149,<$400M
6079,19.683990090012664,353710765.3193558,349.50882740773494,0.9575584312540684,<$400M
6080,19.190887875436253,216021365.57078248,304.0804057019785,0.8330970019232288,<$400M
6081,19.73265610045042,371350196.2105634,337.2307783360184,0.9239199406466256,<$400M
6082,18.85134586206382,153828032.1472169,333.69458023288416,0.9142317266654361,<$400M
6083,19.485369815757796,289993717.1638303,303.20180057306044,0.8306898645837272,<$400M
6084,20.48429295722106,787436237.5701396,319.65065845546326,0.8757552286451048,$750M-1B
6085,19.5003203376602,294361846.1250114,305.17758246032236,0.8361029656447188,<$400M
6086,19.457454618353385,282010431.2181025,354.93023385119307,0.9724115995923097,<$400M
6087,20.059727446385132,515025744.33836323,346.9272801843231,0.9504856991351317,$500-750M
6088,19.90096489181889,439419410.4421789,325.16400227792536,0.8908602802134942,$400-500M
6089,19.965525470573155,468724376.63359994,342.23416808734663,0.9376278577735524,$400-500M
6090,19.32051965207555,245920692.0987918,302.5764440776288,0.8289765591167912,<$400M
6091,20.134200676750044,554845734.2403767,337.1701505248763,0.9237538370544557,$500-750M
6092,19.6945018493198,357448498.40669936,296.49597500597906,0.8123177397424084,<$400M
6093,19.628372819809204,334575398.8680035,349.8664842414549,0.9585383129902874,<$400M
6094,20.525482759611062,820547829.255202,337.3095845491934,0.924135848079982,$750M-1B
6095,20.25281544248258,624720834.104139,325.307739158663,0.891254079886748,$500-750M
6096,20.025953613456497,497921809.41581345,337.8983317239309,0.9257488540381668,$400-500M
6097,20.107179483756877,540053887.2550709,346.4489555470847,0.9491752206769445,$500-750M
6098,19.01992890592977,182074937.70514646,294.89107857306414,0.8079207632138743,<$400M
6099,19.81544916157421,403404025.18151736,338.3541228329639,0.9269975968026409,$400-500M
6100,18.818893340664594,148916058.69013533,372.59765320654134,1.0208154882370997,<$400M
6101,20.122017358218127,548126883.9786967,342.6800504209266,0.938849453208018,$500-750M
6102,19.657079757613417,344319222.5661823,323.40104290072117,0.8860302545225237,<$400M
6103,20.199974324815955,592566893.3774728,338.1928616934966,0.9265557854616344,$500-750M
6104,19.728159398852043,369684093.97941506,319.9816115863593,0.8766619495516693,<$400M
6105,19.572114803841426,316272519.6472079,313.31793085965506,0.8584052900264523,<$400M
6106,20.124061240563652,549248336.5080801,382.53492359897746,1.048040886572541,$500-750M
6107,19.42908118703042,274121278.0459564,363.9228161034877,0.997048811242432,<$400M
6108,19.5045345782636,295604975.3520626,342.46480786388076,0.938259747572276,<$400M
6109,20.215208588792084,601663326.6611819,367.3297394121683,1.0063828477045706,$500-750M
6110,19.367314653339918,257702055.86595497,340.30018742355423,0.9323292806124773,<$400M
6111,19.68859341068777,355342762.8203659,354.7333302044193,0.9718721375463543,<$400M
6112,19.164693745221225,210436340.563204,360.01603415199673,0.9863452990465664,<$400M
6113,19.218772036792775,222129707.4014426,319.03402013419,0.8740658085868218,<$400M
6114,20.959974308338506,1267071676.2846148,372.9971989351058,1.021910134068783,>$1B
6115,19.66695066149369,347734794.1728762,325.3125520559117,0.8912672659066073,<$400M
6116,20.11486487902257,544220405.0032564,321.3096167595154,0.8803003198890833,$500-750M
6117,19.375868371913533,259915821.19277295,361.22260692880195,0.9896509778871286,<$400M
6118,21.05530695594624,1393810159.4139304,527.1898062996089,1.4443556336975587,>$1B
6119,19.743678648877506,375466063.7343532,334.3220154940673,0.9159507273810062,<$400M
6120,19.3896584508762,263524908.49640778,330.5179755630244,0.9055287001726695,<$400M
6121,19.258316036224358,231089591.71681103,379.16869451868297,1.0388183411470766,<$400M
6122,19.739194091190182,373786034.4217129,349.2822418553135,0.9569376489186671,<$400M
6123,19.30658319218951,242517199.64299208,313.4345041235499,0.8587246688316436,<$400M
6124,19.294406987772597,239582165.69442922,295.679898220938,0.8100819129340767,<$400M
6125,19.44444890994326,278366433.53131646,386.5626817094326,1.0590758402998153,<$400M
6126,20.05799425156477,514133877.4986785,329.0879391538744,0.9016107922023956,$500-750M
6127,19.698461974709552,358866845.84400445,382.63594130220423,1.0483176474032994,<$400M
6128,20.047323455073126,508676826.84183097,399.7299406527773,1.0951505223363762,$500-750M
6129,19.917055324069505,446547048.3032416,352.60463538719034,0.9660400969512064,$400-500M
6130,19.080408042222736,193426478.5121036,350.0218545192343,0.9589639849842035,<$400M
6131,19.692777765746172,356832758.2684297,344.3298248181342,0.9433693830633815,<$400M
6132,19.728297254843515,369735060.65967244,310.95317955110266,0.8519265193180895,<$400M
6133,20.045862230853682,507934078.73549896,332.7298288023973,0.9115885720613626,$500-750M
6134,19.38357295623386,261926098.7856832,303.15135638600304,0.8305516613315151,<$400M
6135,18.750724585949147,139102911.26208153,316.3867231674879,0.8668129401848984,<$400M
6136,19.27986973530226,236124492.68983412,321.7689809880633,0.8815588520220912,<$400M
6137,19.492439972787857,292051283.3690177,302.28298175012924,0.8281725527400801,<$400M
6138,20.271913029429413,636766146.6600679,364.0319520356471,0.9973478137962934,$500-750M
6139,19.853373907428615,418996827.99019,394.3265003210902,1.080346576222165,$400-500M
6140,19.38559940212003,262457416.01203132,314.33848851224826,0.8612013383897212,<$400M
6141,19.187344585825258,215257293.77363664,330.7910041017829,0.9062767235665286,<$400M
6142,19.8248180353882,407201226.56464386,365.2270932906466,1.000622173399032,$400-500M
6143,19.699544597048927,359255573.4928264,313.9422636871849,0.8601157909237942,<$400M
6144,19.09537122065373,196342515.60765547,318.9808222455372,0.8739200609466772,<$400M
6145,19.61010792924675,328519885.80991274,318.68019243771806,0.8730964176375837,<$400M
6146,20.680424251007178,958063148.7202209,314.91295157632334,0.8627752097981461,$750M-1B
6147,20.051719861906065,510918100.2840372,353.9408275000927,0.969700897260528,$500-750M
6148,19.83557109282975,411603511.33571434,336.34868908747694,0.9215032577739094,$400-500M
6149,19.638672678509522,338039286.3540187,353.68432236229006,0.9689981434583289,<$400M
6150,20.62808905424276,909212187.2713302,307.82709031621835,0.8433618912773105,$750M-1B
6151,19.294203157683445,239533336.61682317,334.1278803913502,0.9154188503872608,<$400M
6152,19.47916351594591,288199502.68718195,319.00509772349665,0.8739865691054702,<$400M
6153,19.56169030041499,312992660.8340515,330.9814211329821,0.9067984140629647,<$400M
6154,19.792621923565186,394299733.73613316,310.4262212629945,0.8504827979808068,<$400M
6155,20.145130317617287,560943260.0366625,490.1074973022778,1.342760266581583,$500-750M
6156,18.85309285830433,154097004.0190791,343.3216107201277,0.9406071526578841,<$400M
6157,20.064749612906787,517618795.306057,331.0574561507611,0.9070067291801673,$500-750M
6158,20.423933348141137,741312890.2176389,314.5991112187752,0.8619153732021239,$500-750M
6159,20.81728513325165,1098580944.2658799,357.8342552936891,0.9803678227224359,>$1B
6160,19.544184109494307,307561033.8234806,336.3597555880813,0.9215335769536475,<$400M
6161,18.606640819985877,120437417.6023534,322.82327051710524,0.8844473164852198,<$400M
6162,19.511187270963582,297578100.43381834,342.2494291788491,0.9376696689831482,<$400M
6163,19.391988259581776,264139586.88585004,301.6757212354998,0.8265088253027392,<$400M
6164,20.09964532785619,536000326.32821685,407.27963434174177,1.115834614634909,$500-750M
6165,19.840514485351765,413643266.5572292,314.9664026871709,0.8629216511977285,$400-500M
6166,19.064423295226273,190359185.453033,373.18637740476754,1.0224284312459384,<$400M
6167,19.302785311140205,241597894.97621995,373.92289060292853,1.0244462756244617,<$400M
6168,19.828951632361235,408887915.96764094,309.5844221458726,0.848176499029788,$400-500M
6169,19.346831759102756,252477264.01050016,419.5436832637075,1.149434748667692,<$400M
6170,19.33463620736957,249416864.04027876,318.0005088782251,0.8712342708992469,<$400M
6171,19.807460846628107,400194343.8189537,499.79790777006184,1.3693093363563338,$400-500M
6172,19.090087570732337,195307846.31273562,323.5198148645724,0.8863556571632121,<$400M
6173,20.662229670767488,940789214.4096721,404.170135069826,1.1073154385474686,$750M-1B
6174,19.35782638534269,255268473.19610956,339.5785427683292,0.9303521719680252,<$400M
6175,19.358909938727468,255545220.12222537,341.5047444647174,0.9356294368896367,<$400M
6176,20.237831266793744,615429691.2686527,349.09420131227165,0.9564224693486895,$500-750M
6177,19.109864190335067,199208822.20963687,313.4539580890704,0.8587779673673162,<$400M
6178,19.705697091104522,361472704.7227515,339.2708177587509,0.9295090897500026,<$400M
6179,18.94450496004703,168847240.2117158,317.04200665201716,0.8686082374027867,<$400M
6180,20.267962877857656,634255785.2832084,310.59719403473974,0.8509512165335336,$500-750M
6181,19.318401593749726,245400368.96129793,341.5704794409204,0.9358095327148503,<$400M
6182,19.230398117212673,224727275.75416654,360.30808879487034,0.9871454487530694,<$400M
6183,20.247789024044202,621588604.328125,364.2743438336416,0.9980119009140865,$500-750M
6184,19.333816018650005,249212379.01154375,359.08305568734573,0.9837891936639609,<$400M
6185,19.166263398699275,210766912.07056317,294.00040716064586,0.8054805675634134,<$400M
6186,19.294705521573366,239653699.74608552,337.6483690931526,0.9250640249127469,<$400M
6187,20.511492421898787,809148017.5619633,288.559768566171,0.7905747084004685,$750M-1B
6188,19.514247560427275,298490170.4465041,297.4031128979097,0.814803049035369,<$400M
6189,18.99440993684724,177487357.11951232,386.6385673567378,1.0592837461828433,<$400M
6190,19.35245848236076,253901887.92765704,339.0844186573059,0.9289984072802902,<$400M
6191,19.55281701174072,310227672.01534504,371.0856790523987,1.016673093294243,<$400M
6192,19.357257659754787,255123336.7589326,314.6311421149928,0.8620031290821721,<$400M
6193,18.96462014541605,172278023.48870125,349.76175641084393,0.9582513874269697,<$400M
6194,20.3468361311742,686307359.4370484,341.9299901363756,0.9367944935243167,$500-750M
6195,19.45084672702221,280153080.2792507,305.1725297350981,0.8360891225619127,<$400M
6196,19.365821703937886,257317606.7886658,336.5872818189279,0.9221569364902135,<$400M
6197,19.483037985395143,289318288.8073933,342.96123365253385,0.9396198182261202,<$400M
6198,19.615743714898375,330376580.520968,332.64893034560606,0.9113669324537153,<$400M
6199,20.0409201803261,505430035.50432533,361.2114009202557,0.9896202764938512,$500-750M
6200,20.112328066380364,542841569.4628619,366.8564081451392,1.00508604971271,$500-750M
6201,19.904000879746025,440755509.63147384,365.799133530765,1.0021894069336028,$400-500M
6202,19.565464132095045,314176074.04977864,309.6974599755756,0.8484861917139058,<$400M
6203,19.42847915817775,273956298.79356027,297.69794443284684,0.8156108066653338,<$400M
6204,19.241506245289433,227237491.20158648,472.62083311296215,1.2948515975697592,<$400M
6205,18.938865555503035,167897722.1925902,307.12437844078846,0.8414366532624341,<$400M
6206,19.484339876249894,289695194.93378806,382.05074765604763,1.0467143771398566,<$400M
6207,20.34652920243224,686096744.3061906,312.17624055821454,0.8552773713923686,$500-750M
6208,20.06928116455765,519969734.2901262,311.24607146991787,0.8527289629312819,$500-750M
6209,20.423247475663366,740804618.433561,314.8765602191094,0.8626755074496149,$500-750M
6210,19.47092740081928,285835606.42710215,339.608685366438,0.9304347544285972,<$400M
6211,19.242019714607405,227354200.64200577,322.23913459767664,0.8828469441032236,<$400M
6212,20.815680122953427,1096819124.7843187,327.1526210244716,0.896308550751977,>$1B
6213,19.050270999080862,187684139.55541104,351.0052711520482,0.9616582771288992,<$400M
6214,18.945874915425076,169078711.9132614,335.96561739528806,0.9204537462884604,<$400M
6215,19.617970233708657,331112989.7021997,359.5174415155116,0.9849792918233196,<$400M
6216,20.189301314452837,586276051.6106534,334.08391710466685,0.9152984030264846,$500-750M
6217,19.195282832709516,216972859.59881753,371.3783945752168,1.017475053630731,<$400M
6218,19.024969104196504,182994948.0602519,332.0686268514481,0.909777059866981,<$400M
6219,19.809098891100337,400850417.14360803,334.5223013702088,0.9164994558087913,$400-500M
6220,19.812613683785152,402261802.16737455,370.12430638991646,1.0140391955888122,$400-500M
6221,19.164230959777218,210338976.2190395,313.61451831033304,0.8592178583844741,<$400M
6222,18.646241679819397,125302538.59783933,326.3695303880907,0.8941630969536731,<$400M
6223,20.362396774813064,697070265.3850511,361.2455651101876,0.9897138770142127,$500-750M
6224,19.39525917424318,265004979.47434372,358.41870433363096,0.981969052968852,<$400M
6225,19.76328570658655,382900493.99455243,321.0985325686108,0.8797220070372898,<$400M
6226,20.067181620224734,518879180.0153371,370.6325826330235,1.0154317332411602,$500-750M
6227,18.918980363043943,164592019.86477336,330.212428328175,0.9046915844607535,<$400M
6228,19.13095978775543,203455891.0499145,321.2556594302637,0.8801524915897635,<$400M
6229,19.113733505623014,199981117.11360517,325.7862809125179,0.8925651531849805,<$400M
6230,19.62359374055696,332980251.2255063,312.2435002260018,0.8554616444547994,<$400M
6231,19.517018224509982,299318333.1913993,310.17001597428685,0.8497808656829777,<$400M
6232,19.858670150403352,421221823.85526913,337.57857412651026,0.9248728058260555,$400-500M
6233,19.911021753609596,443860886.9444591,357.50811400410686,0.9794742849427586,$400-500M
6234,19.716047041955772,365233357.16417354,336.75162792792054,0.922607199802522,<$400M
6235,19.729633424138193,370229419.4948897,339.7107098443538,0.9307142735461748,<$400M
6236,19.403864713400143,267295330.92216226,388.8108123914418,1.0652351024423063,<$400M
6237,19.915708313263714,445945949.5380372,325.8005159173666,0.8926041531982647,$400-500M
6238,19.669423485344232,348595745.11686856,354.62202209343667,0.9715671838176347,<$400M
6239,19.36325568481553,256658171.3129829,341.5155924359126,0.9356591573586647,<$400M
6240,20.24732009951784,621297194.5161918,304.4189845425597,0.8340246151850951,$500-750M
6241,20.2303795430201,610860723.6915642,309.65740204656623,0.8483764439631951,$500-750M
6242,19.259893061442728,231454313.34266344,325.21372975782793,0.89099651988446,<$400M
6243,19.156716710442915,208764360.1449798,308.6620557652273,0.8456494678499378,<$400M
6244,19.317718120448028,245232701.66547295,329.6714213517716,0.9032093735664974,<$400M
6245,20.818212884665286,1099600627.222928,520.038117658084,1.4247619661865316,>$1B
6246,20.103260184187324,537941396.7329609,296.4735594539506,0.8122563272710975,$500-750M
6247,19.58921543161326,321727487.03048897,339.1935785865396,0.9292974755795606,<$400M
6248,19.824158706839196,406932835.6593955,361.84881388420405,0.991366613381381,$400-500M
6249,19.849630102962283,417431118.4780714,348.42437930138504,0.9545873405517399,$400-500M
6250,20.210454184846924,598809565.5095024,336.87187281209475,0.9229366378413555,$500-750M
6251,18.98717799044126,176208408.2839944,334.32386560693504,0.9159557961833836,<$400M
6252,19.613388584500367,329599416.11437297,389.12408222415826,1.066093375956598,<$400M
6253,20.547582498164477,838883583.1795349,387.1902194199738,1.0607951216985583,$750M-1B
6254,20.24723934535236,621247024.2054912,377.5762570426558,1.0344554987470023,$500-750M
6255,19.963058317225023,467569387.07247233,383.7495513661505,1.0513686338798645,$400-500M
6256,20.047467188992286,508749946.21047944,337.3661353291467,0.9242907817236895,$500-750M
6257,19.86418398938458,423550788.0336125,328.8316521152084,0.9009086359320778,$400-500M
6258,19.30604100015381,242385744.3890419,325.53772178523536,0.8918841692746174,<$400M
6259,19.550536207138627,309520909.6131708,316.2156103715803,0.8663441380043295,<$400M
6260,19.775863857013157,387747090.71965307,347.1318214476196,0.9510460861578619,<$400M
6261,19.71383548198868,364426514.21246463,320.01294141381277,0.8767477846953774,<$400M
6262,19.693960702639536,357255118.66654295,305.9788663559278,0.8382982639888432,<$400M
6263,18.84080291231385,152214750.25263113,387.9640674182843,1.0629152532007788,<$400M
6264,19.59494865985964,323577321.8423781,321.1012168517077,0.8797293612375554,<$400M
6265,20.385343715522332,713250832.6945039,386.42681159653506,1.0587035934151645,$500-750M
6266,19.927293186265768,451142217.6669063,333.42921964113964,0.9135047113455881,$400-500M
6267,19.142774152237855,205873848.29230952,352.62095611815744,0.9660848112826231,<$400M
6268,19.912756287234522,444631446.6653342,375.97010325008006,1.0300550773974797,$400-500M
6269,19.795352255126907,395377773.7776001,326.1646547883534,0.8936017939406943,<$400M
6270,19.683180812181444,353424630.835083,408.20400313381145,1.118367131873456,<$400M
6271,19.326892063892664,247492803.77473176,394.0894475072079,1.079697116458104,<$400M
6272,20.753324015286367,1030514485.8316356,322.655699323027,0.8839882173233617,>$1B
6273,19.629945184125354,335101887.0934235,312.74436218740243,0.856833869006582,<$400M
6274,19.95053017364261,461748151.4332816,364.10262841731185,0.9975414477186626,$400-500M
6275,20.390529424791065,716959150.9685543,428.61473099731967,1.174286934239232,$500-750M
6276,19.704310040341422,360971671.29155624,463.34361680161055,1.2694345665797548,<$400M
6277,19.20384642811873,218838906.01256502,347.30257358944925,0.9515139002450664,<$400M
6278,18.917030014124553,164271320.83584997,346.7965605313544,0.950127563099601,<$400M
6279,20.305623343826866,658597639.5293583,311.90102262394487,0.8545233496546435,$500-750M
6280,18.629324942824802,123200657.121121,326.7862952754126,0.8953049185627743,<$400M
6281,19.571588742125698,316106184.537987,311.4803523265217,0.8533708282918403,<$400M
6282,19.714869887091385,364803673.8926456,336.83829279534376,0.9228446377954623,<$400M
6283,19.503850883232595,295402940.77216345,330.15727202311285,0.9045404712961996,<$400M
6284,20.4395525793174,752982525.7483425,493.18247037378256,1.3511848503391304,$750M-1B
6285,19.358850537636613,255530040.9082227,328.94801105542587,0.901227427549112,<$400M
6286,20.406902906128366,728794900.0345727,357.02400303566554,0.9781479535223714,$500-750M
6287,19.88816679027167,433831509.73648626,358.48021918907403,0.9821375868193809,$400-500M
6288,19.704791945988603,361145667.4999344,310.9940885007477,0.8520385986321855,<$400M
6289,20.07464997495747,522768860.4725264,369.66622663735285,1.01278418256809,$500-750M
6290,19.512113221004675,297853770.49680036,301.70200153522626,0.8265808261239076,<$400M
6291,20.339221989192474,681101561.7511,320.89367438000727,0.8791607517260474,$500-750M
6292,19.679016791712083,351956023.21602625,374.16021299231414,1.0250964739515456,<$400M
6293,19.720722917471306,366945141.8034918,320.51765978692634,0.8781305747587023,<$400M
6294,19.18863563480169,215535380.9558925,295.93453191810863,0.8107795395016675,<$400M
6295,19.03511219103079,184860527.079108,325.9535636680753,0.8930234621043158,<$400M
6296,19.85294966366115,418819108.8981015,326.67869957687867,0.8950101358270649,$400-500M
6297,20.545086443048138,836792294.591295,317.2606951273393,0.8692073839105187,$750M-1B
6298,19.78674949410561,391991021.87235874,319.52549641369137,0.8754123189416202,<$400M
6299,20.39784293298822,722221858.5664062,377.52080916460017,1.0343035867523291,$500-750M
6300,19.559078750995813,312176331.4386825,369.4409335950505,1.0121669413563028,<$400M
6301,20.547891323381965,839142691.5921037,361.68918852374304,0.9909292836266933,$750M-1B
6302,19.89545368251974,437004339.19550866,314.482021087839,0.8615945783228465,$400-500M
6303,19.824620240754548,407120692.3120964,343.8331316961237,0.94200857998938,$400-500M
6304,20.70260940848136,979555454.1329771,390.5498491942736,1.0699995868336263,$750M-1B
6305,20.111543726761504,542415964.2445041,339.96519092848354,0.9314114819958453,$500-750M
6306,18.367162280104964,94788843.91747332,327.10860861284766,0.8961879688023223,<$400M
6307,19.781899264551804,390094378.728727,375.43237102015854,1.0285818384113932,<$400M
6308,18.571091792062145,116231191.06631587,369.35842938354676,1.011940902420676,<$400M
6309,18.854159281055946,154261424.225263,352.0319295403642,0.9644710398366143,<$400M
6310,19.155776101353393,208568086.81297028,335.3908839195925,0.9188791340262809,<$400M
6311,18.988664853260648,176470600.88864923,308.95877960375105,0.8464624098732906,<$400M
6312,19.570338431429697,315711200.57218146,386.0433442849885,1.0576529980410645,<$400M
6313,19.161487662329492,209762744.5911755,327.8582671287557,0.8982418277500156,<$400M
6314,20.45470226101678,764476818.9404049,360.66603692183526,0.9881261285529733,$750M-1B
6315,20.008600980949705,489356089.07552475,416.82911807111606,1.1419975837564824,$400-500M
6316,19.780397510685166,389508992.6500377,305.03612581400034,0.8357154131890421,<$400M
6317,19.386312985540044,262644768.11028314,325.05422354396785,0.890559516558816,<$400M
6318,20.091336382222657,531565179.96850944,330.90446319262537,0.9065875703907544,$500-750M
6319,19.625765833831014,333704301.45723385,384.83052720094724,1.0543302115094446,<$400M
6320,19.864312142217603,423605070.7451961,312.4167607127892,0.8559363307199704,$400-500M
6321,19.628057406323766,334469885.9162833,331.719459228976,0.9088204362437698,<$400M
6322,19.980036540538634,475575658.34851354,334.704177532299,0.9169977466638329,$400-500M
6323,19.861594959909183,422455620.88083494,308.19916171561886,0.8443812649742982,$400-500M
6324,19.595790185622736,323849735.1003735,374.348902321438,1.0256134310176384,<$400M
6325,18.993377306398152,177304172.86731854,369.5176150256325,1.0123770274674864,<$400M
6326,20.22686354049693,608716707.2381318,372.75675688721964,1.0212513887321086,$500-750M
6327,20.14554059818737,561173451.3754625,366.09099197176056,1.0029890191007138,$500-750M
6328,20.73484669990003,1011648180.7621148,355.37816782475176,0.973638815958224,>$1B
6329,19.52409311252716,301443485.623591,357.4489647705062,0.9793122322479623,<$400M
6330,20.295407226174405,651903580.4269276,307.34741698199133,0.8420477177588803,$500-750M
6331,19.8998544721712,438931741.30405253,320.179619015602,0.8772044356591835,$400-500M
6332,20.161592422239103,570253993.5376501,335.13564882195334,0.9181798597861736,$500-750M
6333,19.77156277994109,386082941.979453,318.4592675230949,0.8724911438988902,<$400M
6334,19.389757487423907,263551008.3859799,322.0438734727929,0.8823119821172408,<$400M
6335,19.771051973635405,385885778.7385734,400.0353469193962,1.0959872518339622,<$400M
6336,20.125409960569815,549989618.5064423,357.26473272152134,0.9788074869082777,$500-750M
6337,19.546002188887687,308120712.8175408,342.54580864906103,0.9384816675316741,<$400M
6338,19.649326198450336,341659846.24181104,329.78415613581876,0.9035182359885445,<$400M
6339,20.33532804233988,678454545.4834411,365.26500344710354,1.0007260368413795,$500-750M
6340,20.44000288067185,753321671.152652,360.7659936485075,0.9883999825986507,$750M-1B
6341,19.45695724571086,281870201.82073194,341.16070275821403,0.9346868568718193,<$400M
6342,18.624939922910176,122661602.5324659,332.96159693413085,0.9122235532441941,<$400M
6343,19.48440115319761,289712947.11499554,328.9794472062772,0.9013135539898005,<$400M
6344,20.216106243152094,602203654.8473111,365.24480577160557,1.000670700744125,$500-750M
6345,18.851855395910867,153906432.70839414,424.82108925350883,1.1638933952150927,<$400M
6346,19.59229450002065,322719634.63291174,309.58521622095185,0.8481786745779503,<$400M
6347,19.881944889562813,431140633.02317166,345.43367648384145,0.9463936342023054,$400-500M
6348,18.529651093595398,111512928.58698721,310.3726557863565,0.8503360432502919,<$400M
6349,19.54782738233855,308683606.2631003,334.2679032440062,0.915802474641113,<$400M
6350,19.85462274127619,419520412.2778536,326.19998574762184,0.8936985910893749,$400-500M
6351,20.134582611048756,555057689.33066,350.19457166899605,0.9594371826547837,$500-750M
6352,19.912745374842622,444626594.69921035,329.6078906745743,0.903035316916642,$400-500M
6353,19.04894265917228,187434996.73244312,379.28855203561534,1.0391467179057954,<$400M
6354,19.051708422706255,187954115.15989074,363.50433783460335,0.9959022954372695,<$400M
6355,19.80378393576867,398725566.82610005,302.6960168106001,0.8293041556454798,<$400M
6356,19.6808225016328,352592127.8361755,321.10383189065993,0.8797365257278355,<$400M
6357,18.911746585631487,163405693.8116307,349.75363260251373,0.9582291304178459,<$400M
6358,19.82900924894795,408911475.3724081,369.54501450031114,1.0124520945214004,$400-500M
6359,19.56731935009467,314759480.1628365,345.2373557659106,0.9458557692216728,<$400M
6360,19.522367938503535,300923891.47663355,337.02962662132046,0.9233688400584122,<$400M
6361,20.18266833520642,582400163.2814938,344.19601219596785,0.943002773139638,$500-750M
6362,20.19158514308208,587616535.7773696,398.8563752487557,1.0927571924623443,$500-750M
6363,19.909578411162176,443220705.79703224,330.0726570655226,0.9043086494945825,$400-500M
6364,19.394104195579764,264699081.06442556,310.8725436444582,0.8517055990259128,<$400M
6365,19.392080348687433,264163912.38421437,305.349198806122,0.8365731474140329,<$400M
6366,19.67994712749285,352283612.85823464,336.5983528851651,0.9221872681785346,<$400M
6367,18.715675050427873,134311871.1585226,398.0382170775938,1.0905156632262845,<$400M
6368,20.04144699877997,505696375.52442837,365.0061305214904,1.0000167959492887,$500-750M
6369,20.325095430347858,671547581.7719429,391.10504968431985,1.0715206840666298,$500-750M
6370,19.787134961793196,392142150.8709159,315.66950438481183,0.8648479572186626,<$400M
6371,19.804379710754887,398963188.32262325,371.47872801980077,1.017749939780276,<$400M
6372,19.368868166071277,258102710.42103788,340.1112455488595,0.9318116316407109,<$400M
6373,20.704954741507247,981855534.0626369,481.74538315868995,1.3198503648183286,$750M-1B
6374,19.285435155842496,237442288.43381533,368.4380670687596,1.009419361832218,<$400M
6375,19.89840151601769,438294455.81560314,355.8889366967337,0.9750381827307772,$400-500M
6376,20.096570389026425,534354689.52493477,340.99186330711325,0.9342242830331869,$500-750M
6377,19.311872181309955,243803268.47748566,331.84504334671334,0.9091645023197625,<$400M
6378,19.95584020265056,464206568.8691669,310.93942426772975,0.8518888336102185,$400-500M
6379,19.704322619904282,360976212.185947,333.08209893356,0.9125536957083836,<$400M
6380,19.949222600557956,461144776.54293096,390.67001979178883,1.0703288213473667,$400-500M
6381,19.572266192270696,316320403.2716004,366.36193293246095,1.0037313231026328,<$400M
6382,19.58098247436775,319089592.1230991,308.36157436432586,0.8448262311351393,<$400M
6383,18.93698335284295,167582001.8712797,371.0184368900586,1.0164888681919413,<$400M
6384,19.836512477563296,411991171.03739387,315.59777718192174,0.8646514443340322,$400-500M
6385,19.551285682131514,309752974.747346,303.84006065740937,0.8324385223490668,<$400M
6386,20.70118613106394,978162266.6573159,321.88545110845155,0.881877948242333,$750M-1B
6387,19.40220437399284,266851898.17714357,350.68794498678307,0.9607888903747481,<$400M
6388,19.343375329277006,251606100.48994726,344.20665543434393,0.9430319326968327,<$400M
6389,20.084926872750994,528169003.45221853,324.5073806895857,0.8890613169577691,$500-750M
6390,19.602540413685414,326043189.5002324,345.13732128039834,0.9455817021380777,<$400M
6391,20.149854836852665,563599717.5597454,332.3364958045912,0.910510947409839,$500-750M
6392,19.018125220214973,181746827.73357219,389.9385318911144,1.0683247449071627,<$400M
6393,19.373405760369472,259276536.96845075,314.7891350201681,0.8624359863566249,<$400M
6394,20.360779402700985,695943754.6167771,379.2060831489711,1.0389207757506058,$500-750M
6395,19.60360259418507,326389690.20873517,328.3499466154588,0.8995888948368734,<$400M
6396,19.681403556273988,352797062.66190094,339.9294908746617,0.9313136736292102,<$400M
6397,19.150306500819543,207430416.83042604,360.3620508197013,0.98729328991699,<$400M
6398,19.542906819608362,307168440.0070981,412.31421157944453,1.129627976929985,<$400M
6399,20.159874188557172,569275005.2249024,389.1332582247558,1.0661185156842625,$500-750M
6400,20.44881114493284,759986436.9240495,444.2479978597885,1.2171178023555849,$750M-1B
6401,18.75826200871264,140155350.06734422,354.96341412153515,0.972502504442562,<$400M
6402,20.48156737811701,785292940.0056139,361.005574667971,0.9890563689533453,$750M-1B
6403,20.453736061681095,763738538.6661874,455.70298901929226,1.248501339778883,$750M-1B
6404,19.423892888483927,272702738.1039397,320.8758911608829,0.8791120305777613,<$400M
6405,20.26847688941191,634581883.8872424,319.68683528010627,0.8758543432331678,$500-750M
6406,19.939918692875754,456874225.3268044,333.29874224105583,0.9131472390165913,$400-500M
6407,19.25532754864231,230400014.25169182,306.82402932276966,0.8406137789664923,<$400M
6408,19.36869315964192,258057544.73953778,344.01736613702826,0.9425133318822692,<$400M
6409,19.702801170343168,360427422.6699901,316.3816342402729,0.8667989979185559,<$400M
6410,19.482445923301388,289147045.1140125,345.92786171611715,0.9477475663455265,<$400M
6411,19.71028002091944,363133110.6141789,365.11363671707545,1.0003113334714395,<$400M
6412,19.69845729038369,358865164.7986946,399.5016929618607,1.0945251861968788,<$400M
6413,19.425421291892047,273119856.57971174,321.7748318539934,0.8815748817917628,<$400M
6414,19.173126427821398,212218386.58483967,356.8919044111087,0.9777860394824897,<$400M
6415,20.074853717881698,522875381.7799672,345.4893854686663,0.9465462615579898,$500-750M
6416,19.60192850256455,325843741.07527345,322.588981836171,0.8838054296881397,<$400M
6417,19.726343243712172,369013299.6296891,336.78514190134814,0.9226990189078031,<$400M
6418,20.341405412002533,682590319.1389637,320.52785472298325,0.878158506090365,$500-750M
6419,18.513872919819327,109767266.1195302,352.0089377016739,0.9644080484977368,<$400M
6420,19.38193665732186,261497859.8542144,315.46223967577396,0.8642801087007506,<$400M
6421,19.402191407657913,266848438.10848778,302.5080880219646,0.8287892822519579,<$400M
6422,19.50380041778595,295388033.5069713,330.9697465959637,0.9067664290300376,<$400M
6423,19.081961643547622,193727219.7008517,314.219016501368,0.8608740178119672,<$400M
6424,19.690775177341408,356118884.16086084,335.43586484824823,0.9190023694472554,<$400M
6425,20.34806927595926,687154197.8081362,369.64298689984616,1.012720512054373,$500-750M
6426,19.6278147470594,334388733.5463997,322.84038339151135,0.8844942010726339,<$400M
6427,19.224699548554845,223450293.88411593,439.94192420032755,1.20532034027487,<$400M
6428,19.930721157162136,452691373.77320576,340.82603400510646,0.9337699561783739,$400-500M
6429,20.26934474250502,635132846.7808497,312.99285553099253,0.8575146726876508,$500-750M
6430,19.896950411603065,437658906.03193563,305.66732753713,0.8374447329784384,$400-500M
6431,19.166192960533383,210752066.55869764,358.54491280870167,0.9823148296128813,<$400M
6432,19.75669011574289,380383349.15607864,305.61823362452503,0.8373102291082878,<$400M
6433,20.03936464424573,504644432.02368456,319.0916049061589,0.8742235750853669,$500-750M
6434,19.149313147861747,207224467.5194444,322.6860394144076,0.8840713408613907,<$400M
6435,19.282389487252704,236720218.0657302,377.5223332984528,1.0343077624615145,<$400M
6436,19.68647478778122,354590722.4296752,331.1555241084692,0.9072754085163539,<$400M
6437,19.732357745121483,371239418.427015,346.5640281409062,0.9494904880572773,<$400M
6438,19.42492202320582,272983530.42225736,306.3598205507374,0.8393419741116094,<$400M
6439,19.94786747553866,460520290.9423166,379.8617252221819,1.0407170554032381,$400-500M
6440,19.511691006939913,297728038.99032706,377.5601440421578,1.0344113535401582,<$400M
6441,20.18654474619061,584662167.0672823,343.1325789287287,0.9400892573389827,$500-750M
6442,20.323826422133653,670695922.8698074,372.24266735904655,1.0198429242713605,$500-750M
6443,19.082018756062084,193738284.26544803,320.708445112022,0.8786532742795123,<$400M
6444,19.384422940286758,262148826.43675515,318.8278708986748,0.8735010161607529,<$400M
6445,18.114017899334854,73589867.12837617,395.26858934114614,1.0829276420305374,<$400M
6446,20.0912544516539,531521630.31503105,324.07194353761747,0.887868338459226,$500-750M
6447,20.740656786707387,1017543052.7871299,345.70726011774195,0.9471431784047725,>$1B
6448,20.364537693934132,698564235.108477,345.7724620129553,0.9473218137341242,$500-750M
6449,20.59757511247163,881887550.8463691,306.7396476069638,0.8403825961834624,$750M-1B
6450,19.708319897946517,362422022.19987446,317.17123430171984,0.8689622857581365,<$400M
6451,19.299457311451683,240795193.69266737,306.8453117526914,0.840672086993675,<$400M
6452,19.921449088667607,448513387.56801355,347.34637963784905,0.9516339168160248,$400-500M
6453,19.21324000814375,220904272.19283837,306.8232738189763,0.8406117090930858,<$400M
6454,19.510027089101033,297233055.9149028,308.90078792912,0.8463035285729315,<$400M
6455,19.46447856537578,283998230.4725983,347.11294779198226,0.9509943775122802,<$400M
6456,20.243620016068494,619002590.7801689,378.66783421969023,1.0374461211498363,$500-750M
6457,20.196095729422353,590273017.5382099,341.89743508815883,0.9367053016113941,$500-750M
6458,19.29620713345468,240013836.9144794,423.3203023379338,1.1597816502409146,<$400M
6459,19.720672747725384,366926732.7207535,320.2850536476352,0.877493297664754,<$400M
6460,19.784492646283997,391107355.3140972,318.1943228091826,0.8717652679703634,<$400M
6461,19.32105272833732,246051821.52991617,316.98201625796224,0.8684438801588007,<$400M
6462,18.693942738821942,131424452.50458753,293.5247702399355,0.804177452712152,<$400M
6463,20.112052683980902,542692101.0303681,315.40612636639463,0.8641263736065606,$500-750M
6464,19.443547984261432,278115758.9989062,382.14202096324726,1.046964440995198,<$400M
6465,19.922383483639898,448932672.08052605,341.19184012062175,0.9347721647140322,$400-500M
6466,19.17806723000299,213269510.21091127,313.31820355221527,0.8584060371293569,<$400M
6467,20.034357755735314,502124048.5200181,317.4029991757299,0.8695972580156984,$500-750M
6468,19.811927866242083,401986018.5459741,315.62458953475914,0.8647249028349565,$400-500M
6469,19.87662623226961,428853631.0321024,321.3091386483639,0.8802990099955176,$400-500M
6470,19.68069954185503,352548775.85182333,306.5225104460499,0.8397876998521916,<$400M
6471,19.744330154043073,375710761.5166506,312.8257121241006,0.8570567455454812,<$400M
6472,19.195654145094768,217053439.26803875,337.1246213987447,0.9236290997225882,<$400M
6473,18.952160530095995,170144822.61586595,347.9850174401,0.9533836094249316,<$400M
6474,19.68568715237905,354311544.183177,335.27208054109093,0.9185536453180574,<$400M
6475,19.352343979495103,253872817.09827211,306.9452898338247,0.8409459995447252,<$400M
6476,20.194015001915137,589046097.1200372,312.16074500558494,0.8552349178235203,$500-750M
6477,19.647137624248455,340912915.97080916,298.96057985110207,0.8190700817838413,<$400M
6478,18.82422717459924,149712474.3035495,303.08472406378723,0.8303691070240746,<$400M
6479,18.244729206570447,83865862.59449327,350.6695336384078,0.9607384483244049,<$400M
6480,19.83914608699829,413077624.8921726,335.4902964859166,0.9191514972216893,$400-500M
6481,20.065153805099914,517828055.0698679,347.43323619113704,0.9518718799757179,$500-750M
6482,19.443478359260453,278096395.86300063,373.2521037715758,1.0226085034837693,<$400M
6483,20.111624446970787,542459749.9418279,307.17309968053485,0.8415701361110544,$500-750M
6484,19.941130130754225,457428035.45461535,321.86878810271907,0.881832296171833,$400-500M
6485,20.58380285884244,869825225.1873552,404.36057556251137,1.1078371933219489,$750M-1B
6486,19.775918666662893,387768343.5843073,330.2642349341046,0.9048335203674098,<$400M
6487,19.21413879534738,221102907.37792233,329.4435071713231,0.9025849511543099,<$400M
6488,18.719966958963056,134889564.2408781,339.92639487938754,0.9313051914503768,<$400M
6489,19.64204283497949,339180453.5178687,321.33628598447774,0.8803733862588431,<$400M
6490,19.226271216547513,223801759.68038955,320.7695735242239,0.8788207493814354,<$400M
6491,19.34216894728902,251302750.4370594,326.0658686872149,0.89333114708826,<$400M
6492,19.874004810334508,427730896.93959343,411.3421608255115,1.1269648241794836,$400-500M
6493,19.670912920608988,349115342.7702664,302.50116117754555,0.8287703045960152,<$400M
6494,20.434660159232198,749307615.8472191,329.7598192661503,0.9034515596332885,$500-750M
6495,19.370278330202233,258466934.35278136,314.0753697156417,0.8604804649743609,<$400M
6496,18.901962866482652,161814773.6444824,343.82345631710666,0.9419820721016621,<$400M
6497,19.284839926881908,237300997.9615333,329.32066076441333,0.9022483856559269,<$400M
6498,19.527080002642972,302345210.19698775,327.14049411268286,0.8962753263361174,<$400M
6499,20.289611570968678,648136299.5231067,342.30297155390747,0.9378163604216643,$500-750M
6500,18.88502464207871,159097000.7976872,334.07485184941413,0.9152735667107237,<$400M
6501,19.063744806050526,190230072.61198458,351.71830253370996,0.9636117877635889,<$400M
6502,19.160448040003203,209544783.87671867,305.2216887115354,0.8362238046891382,<$400M
6503,18.427572732411168,100691579.28664052,372.7864528002512,1.0213327473979485,<$400M
6504,20.19548490498844,589912574.4513471,348.16194246306827,0.9538683355152555,$500-750M
6505,20.17370828984613,577205139.9785763,366.1315577200265,1.0031001581370589,$500-750M
6506,20.472851407672028,778478092.0988989,330.4585789260444,0.9053659696603957,$750M-1B
6507,19.623907004792336,333084578.36943036,351.06966874167944,0.9618347088813135,<$400M
6508,20.08832046483904,529964438.36725724,397.167478731465,1.0881300787163424,$500-750M
6509,19.362765885378362,256532491.06669852,350.17515560703845,0.9593839879644889,<$400M
6510,20.04525643654556,507626468.3454191,319.21256779054886,0.8745549802480791,$500-750M
6511,20.33079132502571,675383560.3629519,366.1291164152654,1.0030934696308642,$500-750M
6512,19.602733241176892,326106065.65250784,333.5596368586612,0.9138620187908525,<$400M
6513,19.34615855081908,252307351.42462587,286.35962309544135,0.7845469125902502,<$400M
6514,19.712543751243167,363956077.18397564,398.3908777560687,1.0914818568659417,<$400M
6515,19.87160224205469,426704477.76911414,328.9620340071963,0.9012658465950583,$400-500M
6516,19.374015169199286,259434590.53417057,339.4181237346567,0.9299126677661828,<$400M
6517,19.96087829489506,466551185.6220464,308.4651607352659,0.8451100294116873,$400-500M
6518,20.309654781038624,661258093.6846251,422.0563378347366,1.156318733793799,$500-750M
6519,20.289492751116573,648059292.6389174,314.11066381250106,0.8605771611301399,$500-750M
6520,20.02830211659395,499092554.558652,299.3819899332551,0.8202246299541236,$400-500M
6521,19.53012592735844,303267534.89804745,338.8630999286111,0.9283920545989346,<$400M
6522,19.678054860887183,351617628.65046066,308.5347964191556,0.8453008121072757,<$400M
6523,19.83479158640793,411282788.7742735,302.4585115208945,0.8286534562216288,$400-500M
6524,19.106107462537835,198461852.8485676,358.07724554762996,0.9810335494455615,<$400M
6525,19.795905408133322,395596538.6814888,318.4685045802626,0.8725164509048291,<$400M
6526,19.830366711680377,409466934.3832449,357.7298662387663,0.9800818253116885,$400-500M
6527,19.43181080845267,274870547.50456464,328.5808874217177,0.9002216093745691,<$400M
6528,19.655576332227646,343801953.24151593,327.8912435491691,0.8983321741073126,<$400M
6529,19.692057708937323,356575910.894666,329.1370295371257,0.9017452864030842,<$400M
6530,19.070145425988624,191451568.0012664,312.81142706112655,0.8570176083866481,<$400M
6531,19.53710182380977,305390493.9807659,315.2973725667599,0.8638284179911231,<$400M
6532,20.07338401799225,522107476.3226771,305.03292375917187,0.8357066404360873,$500-750M
6533,18.84984940769413,153598007.66982248,341.0176204591849,0.9342948505731093,<$400M
6534,19.877403245870205,429186985.6298346,320.15501735686104,0.8771370338544138,$400-500M
6535,19.462868646348536,283541384.1591154,359.44930164719,0.9847926072525753,<$400M
6536,20.008028635106005,489076088.2881399,345.26359838906166,0.945927666819347,$400-500M
6537,20.36985994457685,702292080.5219016,394.0609141896134,1.0796189429852423,$500-750M
6538,20.15665403976059,567444803.3445952,403.0349285473419,1.1042052836913476,$500-750M
6539,19.69421182376924,357344844.24105734,367.25080642081764,1.0061665929337469,<$400M
6540,19.95314056012348,462955067.1382314,329.74007562014924,0.9033974674524636,$400-500M
6541,20.012530768914292,491282938.3195243,324.4803413271098,0.8889872365126296,$400-500M
6542,19.202182172524108,218475005.03502417,334.12676576556106,0.9154157966179756,<$400M
6543,20.456990254751897,766227939.6254467,467.56000234546036,1.2809863077957817,$750M-1B
6544,19.841348416756638,413988360.5399812,331.2817458947031,0.9076212216293235,$400-500M
6545,20.390822069723747,717168996.1345894,317.3840671340466,0.8695453894083468,$500-750M
6546,20.416836409304175,736070462.5744431,308.7443917905085,0.8458750460013931,$500-750M
6547,19.381801255558994,261462454.98,314.00041438694996,0.8602751079094519,<$400M
6548,19.79193193350896,394027764.6794448,317.26709605656004,0.8692249207029042,<$400M
6549,18.614537764588047,121392270.46508276,331.2527731020728,0.907541844115268,<$400M
6550,19.504961709705277,295731264.50046515,306.76962816423463,0.8404647346965333,<$400M
6551,19.613452559942964,329620503.0574146,342.4565527461754,0.9382371308114396,<$400M
6552,20.67526939578551,953137179.133328,510.3783313081603,1.3982967981045487,$750M-1B
6553,20.438535453860524,752217037.4176494,392.64423874673815,1.0757376404020222,$750M-1B
6554,19.495209195373562,292861159.2248125,311.4240049319316,0.8532164518683059,<$400M
6555,19.431587886566884,274809279.6729918,333.006153915854,0.9123456271667233,<$400M
6556,19.79470359071827,395121389.4504684,349.53010765407174,0.9576167332988267,<$400M
6557,19.34785390061732,252735463.4392265,333.91279330499407,0.9148295706986139,<$400M
6558,19.53144162225158,303666805.046219,375.81141942919976,1.0296203272032871,<$400M
6559,20.872241560796695,1160644812.8798358,307.7356020977931,0.8431112386240907,>$1B
6560,20.230460340523873,610910081.7071674,362.1797780969598,0.9922733646492049,$500-750M
6561,19.729047935540454,370012717.8355935,318.66424506615,0.8730527262086301,<$400M
6562,20.179569717179124,580598320.689109,374.108087033611,1.0249536631057836,$500-750M
6563,19.29030053590669,238600350.33153158,320.39008731550865,0.8777810611383798,<$400M
6564,19.658438164609105,344787266.0316529,331.65260794678693,0.9086372820459916,<$400M
6565,20.074952516760657,522927043.8335567,376.77430477514315,1.0322583692469676,$500-750M
6566,20.026413360668347,498150780.20972013,343.8066106128386,0.941935919487229,$400-500M
6567,20.356259325742034,692805134.0338844,380.06684376589504,1.041279024016151,$500-750M
6568,20.159004410613793,568780077.651386,369.9015097319109,1.0134287937860573,$500-750M
6569,19.766361425188077,384080001.15266925,322.7124879867172,0.8841438027033347,<$400M
6570,19.243849053191067,227770489.1035783,326.5503779709069,0.8946585697833065,<$400M
6571,19.505350922937787,295846389.424494,372.0588253047605,1.0193392474103027,<$400M
6572,18.786588751177238,144182259.92913434,339.3506650981622,0.929727849584006,<$400M
6573,19.67128119084668,349243935.23746675,384.44356118780183,1.053270030651512,<$400M
6574,20.093095946610067,532501326.4922803,294.8012264986623,0.80767459314702,$500-750M
6575,20.274319608565897,638300420.2183119,308.25183310287315,0.844525570144858,$500-750M
6576,18.581428377359344,117438855.49744676,307.87034565829407,0.8434803990638193,<$400M
6577,19.811072158577797,401642183.1612362,318.25278004845063,0.8719254247902757,$400-500M
6578,19.986524783125862,478671340.4968563,347.1698773961782,0.9511503490306252,$400-500M
6579,18.999094506609623,178320759.56773633,360.5459174269633,0.9877970340464748,<$400M
6580,20.446629008793415,758329851.1597468,355.9498884687272,0.9752051738869237,$750M-1B
6581,19.82739722630606,408252831.8323591,346.7491486229952,0.9499976674602609,$400-500M
6582,19.616008563917188,330464092.02231365,291.78040846019405,0.7993983793429974,<$400M
6583,19.847402289716115,416502195.021153,326.9923736253946,0.895869516781903,$400-500M
6584,20.594651885761895,879313357.9106182,326.4145252516481,0.8942863705524606,$750M-1B
6585,19.871361015960467,426601557.9285297,318.75446231672043,0.8732998967581381,$400-500M
6586,19.318316735865093,245379545.68862146,386.5590097839836,1.059065780230092,<$400M
6587,19.65641139251884,344089168.5050437,384.10819916111075,1.0523512305783855,<$400M
6588,19.86185113785117,422563858.5558326,378.8507859251604,1.0379473586990695,$400-500M
6589,20.61662748733156,898850683.9126283,311.56850815203694,0.853612351101471,$750M-1B
6590,20.21107561711341,599181800.7425028,312.4939187474211,0.8561477225956743,$500-750M
6591,19.22612069822066,223768075.94904912,308.1056591753002,0.8441250936309596,<$400M
6592,20.458976282543286,767751201.7278318,353.1982013259738,0.9676663050026679,$750M-1B
6593,19.511865366516144,297779955.2509546,298.8101200680783,0.8186578632002145,<$400M
6594,19.972688267105337,472093806.83870494,349.08916327148273,0.956408666497213,$400-500M
6595,19.252472499138996,229743148.9431181,351.23944366229057,0.9622998456501112,<$400M
6596,20.427069981012885,743641767.1038624,313.0387475227866,0.857640404172018,$500-750M
6597,19.98026432647629,475684000.1346765,326.49396345638326,0.8945040094695431,$400-500M
6598,19.408719147181614,268596052.9864358,328.48291302215586,0.8999531863620709,<$400M
6599,20.05610246229875,513162163.9763366,350.59918408736837,0.9605457098284065,$500-750M
6600,19.437127001267623,276335703.4092237,331.53069114697826,0.9083032634163788,<$400M
6601,19.591170839744915,322357211.0578958,337.03936262744656,0.9233955140477988,<$400M
6602,19.74008121013701,374117774.21948206,361.7041265370762,0.9909702096906198,<$400M
6603,20.697140040343005,974212529.2728953,326.99961683630863,0.8958893611953661,$750M-1B
6604,20.630031098961283,910979633.6721109,301.80325898089177,0.8268582437832651,$750M-1B
6605,18.950062305484995,169788194.83505163,339.6747571387968,0.9306157729830049,<$400M
6606,20.01839281985222,494171321.58252054,351.73435022258514,0.9636557540344798,$400-500M
6607,19.832035361448444,410150761.663781,368.97203699458055,1.0108822931358372,$400-500M
6608,19.31962551926038,245700904.612302,327.517785898034,0.8973090024603672,<$400M
6609,19.402596801312136,266956638.70237145,373.57989643042157,1.0235065655627988,<$400M
6610,19.492535604331025,292079214.0194348,338.36261333229925,0.9270208584446554,<$400M
6611,19.41704576259664,270841886.1403688,332.2158317080552,0.9101803608439868,<$400M
6612,19.719737594965792,366583760.56475514,319.5754608118759,0.8755492077037696,<$400M
6613,19.815305540163358,403346091.8866074,352.9374651819729,0.9669519594026655,$400-500M
6614,20.591114276255606,876208186.2973279,338.2122851419554,0.9266090003889189,$750M-1B
6615,19.035493596142906,184931047.27669138,309.74229622456517,0.8486090307522334,<$400M
6616,19.517713456728572,299526501.29444975,350.9231105674799,0.9614331796369313,<$400M
6617,19.68459056511329,353923223.6083257,324.1436140711734,0.8880646960854065,<$400M
6618,19.38355821111567,261922236.68287337,342.071487828966,0.9371821584355232,<$400M
6619,19.014663830974268,181118818.7383383,336.702811362889,0.922473455788737,<$400M
6620,19.026492691977204,183273969.42984602,333.0433440246002,0.912447517875617,<$400M
6621,19.80786733349234,400357050.62970644,374.578000523425,1.026241097324452,$400-500M
6622,19.739764313362482,373999236.2866745,306.05864315049445,0.8385168305492998,<$400M
6623,20.480094486033334,784137139.6444646,316.67938335239273,0.867614748910665,$750M-1B
6624,19.626020977173187,333789454.7506911,343.13444675990144,0.9400943746846615,<$400M
6625,19.370504117296598,258525299.43967208,357.72388831447455,0.9800654474369166,<$400M
6626,19.321098672308814,246063126.3874834,318.6064273163753,0.8728943214147268,<$400M
6627,19.07319705779958,192036700.04613242,329.98936253382277,0.9040804452981446,<$400M
6628,19.40209621572707,266823037.49940756,332.31926143195585,0.910463729950564,<$400M
6629,19.686431657669765,354575429.2220976,435.020136783111,1.1918359911866054,<$400M
6630,19.462468769055178,283428025.0642375,325.7727328440978,0.892528035189309,<$400M
6631,19.702280732139574,360239891.2730942,328.8223499713466,0.9008831506064291,<$400M
6632,20.45617571521896,765604070.7947882,376.6041278854864,1.0317921311931133,$750M-1B
6633,20.41258094481748,732944796.159351,342.5950361463158,0.9386165373871665,$500-750M
6634,19.947472197008082,460338293.13069445,342.58641424436263,0.9385929157379798,$400-500M
6635,18.930296581887344,166465157.61080867,317.8751556672584,0.8708908374445435,<$400M
6636,19.328865942379913,247981806.95350793,314.1979127083937,0.8608161992010785,<$400M
6637,20.15366336254454,565750294.2277653,321.505059824867,0.8808357803421013,$500-750M
6638,19.676086501951954,350926199.6627767,352.9122861264232,0.9668829756888307,<$400M
6639,20.316998686516442,666132186.1521112,386.20310882302374,1.0580907091041747,$500-750M
6640,19.33366655948319,249175134.7203368,333.49787741973506,0.9136928148485892,<$400M
6641,19.821133129234394,405703489.46412265,315.6818809416774,0.8648818655936367,$400-500M
6642,20.502299644350437,801743784.7080824,318.6385535536601,0.8729823385031783,$750M-1B
6643,19.376908643219366,260186344.8480939,333.854497943022,0.9146698573781425,<$400M
6644,19.04480981040305,186661954.76997256,335.2977802091012,0.9186240553674004,<$400M
6645,19.66697755438061,347744145.8911202,309.8964744812124,0.8490314369348285,<$400M
6646,19.270307020490886,233877263.437383,371.00247814381106,1.0164451455994823,<$400M
6647,18.829945253799874,150570994.29237545,307.2182817108703,0.8416939224955351,<$400M
6648,19.386777245110263,262766731.7666529,322.8013596609544,0.8843872867423408,<$400M
6649,19.33444988779506,249370397.12527743,370.44879306549757,1.0149282001794453,<$400M
6650,19.102694076736153,197785580.82315865,356.3850339301553,0.9763973532333022,<$400M
6651,19.28789442901468,238026942.5010674,352.8531244021483,0.966720888773009,<$400M
6652,19.765580222663687,383780074.05335784,365.8397592083918,1.0023007101599775,<$400M
6653,20.011254565380387,490656361.20250106,321.49158086060226,0.8807988516728829,$400-500M
6654,18.98182170963648,175267109.74916574,336.543080795573,0.9220358377960904,<$400M
6655,19.697064582731027,358365718.40953815,324.4991909479734,0.8890388793095161,<$400M
6656,18.659183609659838,126934734.36093625,394.1521815552031,1.0798689905622,<$400M
6657,20.677995266179803,955738851.8519986,367.35062604956954,1.0064400713686836,$750M-1B
6658,19.642017578560992,339171887.1425662,330.0500650337518,0.9042467535171282,<$400M
6659,19.91761005140397,446794828.87603396,292.348691942494,0.8009553203903945,$400-500M
6660,19.57114654569703,315966434.4128846,370.40786580835606,1.0148160707078249,<$400M
6661,19.97033163471851,470982565.1922082,296.1588728714941,0.8113941722506688,$400-500M
6662,19.280967353893264,236383809.6123047,302.3288573872858,0.8282982394172214,<$400M
6663,19.80126203210323,397721286.23933196,345.21548890760766,0.9457958600208429,<$400M
6664,19.382433715174763,261627871.72800714,335.21564185519213,0.9183990187813483,<$400M
6665,20.377725141264854,707837525.2871877,297.8306572311784,0.8159744033730916,$500-750M
6666,19.882094466989,431205126.75266606,360.5280228156749,0.9877480077141778,$400-500M
6667,19.424786927101504,272946653.9017481,342.0668183561763,0.9371693653593872,<$400M
6668,19.86336191938914,423202742.71763146,453.5273994309321,1.242540820358718,$400-500M
6669,20.11740011134403,545601880.6048753,319.3991868538969,0.8750662653531421,$500-750M
6670,18.870045670945174,156731650.8951426,328.76884786069377,0.9007365694813528,<$400M
6671,20.502184131089287,801651178.0176573,316.8278236421953,0.8680214346361516,$750M-1B
6672,19.61111598894748,328851220.44217205,309.10924510006777,0.8468746441097748,<$400M
6673,20.105592415324008,539197464.5590354,316.1778633317988,0.8662407214569829,$500-750M
6674,20.069649351581408,520161215.64735025,430.6684315532978,1.1799135111049255,$500-750M
6675,19.183388498101017,214407399.27323383,296.56378306707893,0.812503515252271,<$400M
6676,19.65538036721048,343734586.68680674,314.7043452167316,0.862203685525292,<$400M
6677,19.576628545695367,317703318.8562865,675.8002097926957,1.8515074240895772,<$400M
6678,19.976002337440658,473660954.30356055,304.6472225494868,0.8346499247931145,$400-500M
6679,20.013581843393858,491799584.7476118,396.9128861890034,1.0874325649013792,$400-500M
6680,20.354960372817008,691905797.0032438,325.82558867002524,0.892672845671302,$500-750M
6681,20.016704718918707,493337814.2334445,335.9277472827923,0.9203499925555955,$400-500M
6682,19.989888531434804,480284181.4838151,341.88673957397225,0.9366759988328007,$400-500M
6683,19.49553838112965,292957580.8163769,349.5225423209147,0.9575960063586704,<$400M
6684,18.866643515276806,156199331.45089573,331.3162490217513,0.907715750744524,<$400M
6685,20.067810429647434,519205558.7372274,311.5714936526552,0.8536205305552197,$500-750M
6686,18.808490725523242,147374971.8073764,323.91233184530677,0.8874310461515253,<$400M
6687,20.58021410911357,866709234.7454951,441.7894434003401,1.2103820367132605,$750M-1B
6688,20.202433141928214,594025699.7291095,313.9702411200295,0.8601924414247384,$500-750M
6689,20.11406989832174,543787932.2108206,343.176737336176,0.9402102392771946,$500-750M
6690,19.50884958114698,296883267.6070284,329.2187186382624,0.901969092159623,<$400M
6691,20.3919909358396,718007760.7798023,307.96342884160634,0.8437354214838529,$500-750M
6692,19.51496627584147,298704777.04428655,341.8834893174227,0.9366670940203361,<$400M
6693,19.532142647524967,303879757.7851499,297.4435686582238,0.8149138867348598,<$400M
6694,19.74803533597814,377105420.3799129,289.10846048064616,0.7920779739195786,<$400M
6695,19.36611139315254,257392159.72216198,317.60079069876804,0.8701391525993645,<$400M
6696,19.52357368237216,301286947.4459737,332.37738794135487,0.9106229806612463,<$400M
6697,19.59375583413029,323191580.59423107,358.75218006035533,0.9828826850968639,<$400M
6698,19.498482845709972,293821455.2363038,347.7474638323199,0.9527327776227943,<$400M
6699,19.504257749721262,295523154.7832854,349.9391679073423,0.9587374463214858,<$400M
6700,19.56681867124107,314601926.1924103,304.6503568357566,0.8346585118787853,<$400M
6701,19.62745314468482,334267839.64539516,411.8471167675245,1.1283482651165053,<$400M
6702,18.71156374402488,133760807.47466803,335.14955645730697,0.9182179628967314,<$400M
6703,19.89953744014461,438792607.94060355,336.9342128853406,0.9231074325625771,$400-500M
6704,19.44220925229077,277743685.64960265,329.4287989648993,0.9025446546983542,<$400M
6705,19.861809060651524,422546078.6260611,370.2927407003148,1.0145006594529173,$400-500M
6706,19.378896823994157,260704156.91821554,316.14680457468637,0.8661556289717435,<$400M
6707,20.441330545118085,754322493.7833182,347.22852156896397,0.9513110179971616,$750M-1B
6708,20.250162766741337,623065848.3432207,300.33796690072165,0.822843744933484,$500-750M
6709,20.95756412921627,1264021483.8156981,304.235434650396,0.8335217387682081,>$1B
6710,19.38717229889827,262870559.26677307,362.91856318354235,0.9942974333795681,<$400M
6711,19.486512247481713,290325204.5008263,342.3806521944474,0.9380291840943764,<$400M
6712,19.046209753014363,186923453.7934712,347.18558127641967,0.9511933733600539,<$400M
6713,19.352587104651565,253934547.47044978,338.6229480987415,0.9277341043801137,<$400M
6714,19.604641994629006,326729116.1668218,301.1038858105317,0.8249421529055664,<$400M
6715,18.531928552819245,111767184.15322003,314.4719815826661,0.8615670728292222,<$400M
6716,20.464146500531395,771730921.9467235,371.2274414126534,1.017061483322338,$750M-1B
6717,20.337478091994413,679914825.7195437,391.8872771199789,1.0736637729314489,$500-750M
6718,19.61552281860817,330303609.61975765,330.58602710623563,0.90571514275681,<$400M
6719,19.97232481567678,471922254.847494,383.82445227779397,1.0515738418569698,$400-500M
6720,20.045648339648732,507825447.7213863,309.53693129415046,0.8480463871072615,$500-750M
6721,19.643110376776843,339542736.17037433,316.5109860531746,0.8671533864470536,<$400M
6722,19.87368112679879,427592469.89502215,330.7197099763265,0.906081397195415,$400-500M
6723,20.043537431456492,506754605.4460627,365.9562621457041,1.0026198962896002,$500-750M
6724,19.983651459603262,477297936.9358913,334.67510308756414,0.9169180906508606,$400-500M
6725,20.74785489133997,1024893858.3442802,434.90175527476305,1.191511658287022,>$1B
6726,19.805313470021165,399335897.88004416,324.52884311299783,0.8891201181178023,<$400M
6727,19.30059452464152,241069184.92667878,307.62572556300063,0.8428102070219196,<$400M
6728,18.577258659546413,116950188.12030192,322.1528225484725,0.882610472735541,<$400M
6729,19.105040939761285,198250301.59439644,333.8444736660991,0.914642393605751,<$400M
6730,19.26972652776697,233741538.785066,311.69654430186006,0.8539631350735892,<$400M
6731,19.74879730363253,377392872.01305217,318.4920129026974,0.8725808572676641,<$400M
6732,18.82673916622919,150089023.53214878,386.4692788731515,1.0588199421182232,<$400M
6733,19.317349819104102,245142398.7622361,325.2523261359104,0.8911022633860558,<$400M
6734,19.608223021035133,327901239.2086638,375.4330938299709,1.0285838187122491,<$400M
6735,19.460353531780985,282829141.15514964,369.76436099959636,1.0130530438345107,<$400M
6736,19.768953863593804,385076996.6648788,352.50521814591264,0.9657677209477058,<$400M
6737,19.97928991190622,475220712.4679793,315.52443253308337,0.8644505000906394,$400-500M
6738,19.600593084974275,325408894.02758175,361.75876789412604,0.9911199120387014,<$400M
6739,19.237403695598193,226307147.79711983,309.54823377192696,0.8480773527997999,<$400M
6740,20.33707695084475,679642138.6013504,326.6103448760122,0.8948228626740061,$500-750M
6741,20.04847247063656,509261640.3482001,357.76984347224794,0.9801913519787615,$500-750M
6742,19.203538341852674,218771495.13585967,394.5584927652201,1.080982171959507,<$400M
6743,18.581095253414087,117399740.31804015,324.56212140850647,0.8892112915301548,<$400M
6744,19.28809700431349,238075165.76432487,337.6395048812787,0.9250397394007636,<$400M
6745,20.335064168079317,678275542.4101154,318.13913364760543,0.8716140647879601,$500-750M
6746,19.334915049039886,249486421.55256835,344.17402025583186,0.9429425212488545,<$400M
6747,19.612663740273234,329360594.4450467,343.4686964247171,0.9410101271910057,<$400M
6748,18.934278421694117,167129316.61167544,305.58594804616627,0.8372217754689487,<$400M
6749,19.407559643409666,268284795.33694944,363.78206523731416,0.9966631924309977,<$400M
6750,20.037744067770316,503827279.4366664,300.0399205614594,0.8220271796204367,$500-750M
6751,20.094051061866725,533010169.5966277,360.6453837800979,0.988069544603008,$500-750M
6752,20.546364216072455,837862208.620351,397.3507914492879,1.0886323053405147,$750M-1B
6753,20.185818518732308,584237723.4876736,304.73714806301734,0.8348962960630613,$500-750M
6754,19.538201407298736,305726481.01467866,325.64581261279966,0.8921803085282183,<$400M
6755,20.245024633215046,619872663.3493125,296.7958704408538,0.8131393710708322,$500-750M
6756,19.32934113850206,248099674.94952428,330.68952060352615,0.9059986865850032,<$400M
6757,19.01391675395718,180983559.56229854,344.4248952353604,0.9436298499598915,<$400M
6758,19.583099085658095,319765696.02858335,328.3343943711845,0.8995462859484507,<$400M
6759,19.627772554014467,334374624.96518403,354.39654512900273,0.9709494387095965,<$400M
6760,20.685597038692237,963031845.905985,326.3384156305639,0.8940778510426407,$750M-1B
6761,20.075509349302592,523218307.71369886,413.19490297282755,1.1320408300625413,$500-750M
6762,19.632397544817213,335924686.2769219,317.7891508803492,0.8706552078913677,<$400M
6763,19.736936123440252,372942989.75263447,322.8502854963506,0.8845213301269879,<$400M
6764,18.938799869655156,167886694.0505514,326.7195977048681,0.8951221854927892,<$400M
6765,19.696150411169228,358038260.3602675,366.5986336794862,1.0043798182999624,<$400M
6766,18.963650425374404,172111043.0118318,387.61565336433694,1.0619606941488684,<$400M
6767,20.462312757071278,770317062.1399089,350.0511279722841,0.959044186225436,$750M-1B
6768,18.420994289493912,100031359.47020875,411.31517589963227,1.1268908928757049,<$400M
6769,19.884008904568123,432031432.75489116,365.5819264253218,1.0015943189734844,$400-500M
6770,19.73959247007765,373934972.55119014,315.36045376263615,0.8640012431853046,<$400M
6771,18.93875361004303,167878927.85683534,321.6537280804086,0.8812430906312564,<$400M
6772,19.728975263647403,369985829.28796816,323.21134239908923,0.8855105271207924,<$400M
6773,19.447331136435373,279169905.97912335,335.48084896238817,0.919125613595584,<$400M
6774,19.81430669310975,402943411.9724441,395.96836558346087,1.0848448372149613,$400-500M
6775,20.413130233197872,733347504.8108155,360.9091165066353,0.988792100018179,$500-750M
6776,19.587148601683797,321063217.7334641,329.88607323016544,0.9037974609045628,<$400M
6777,19.02622119175453,183224217.26050368,325.91852044152694,0.8929274532644573,<$400M
6778,19.573494787925366,316709271.9768293,330.33120019701005,0.9050169868411234,<$400M
6779,19.609911808195115,328455462.4620179,326.26846315655575,0.8938862004289199,<$400M
6780,18.94150782170888,168341939.28143427,414.8912159437321,1.13668826285954,<$400M
6781,19.258561827234406,231146398.44197592,494.8406841566342,1.3557279017989978,<$400M
6782,19.077554247879743,192875266.01958314,313.71272917294664,0.8594869292409497,<$400M
6783,19.998603211233192,484487995.1777367,353.88737618879844,0.9695544553117765,$400-500M
6784,19.769089497121286,385129229.5584741,316.11215871963117,0.8660607088209074,<$400M
6785,19.979558410859184,475348325.86296797,413.54379851091824,1.132996708249091,$400-500M
6786,19.37104839068237,258666046.17858303,309.30742645570984,0.8474176067279722,<$400M
6787,20.328934323079377,674130535.5716574,319.41812721910685,0.8751181567646763,$500-750M
6788,19.794618166192965,395087637.8349648,344.9128075977027,0.9449665961580895,<$400M
6789,19.286377712921734,237666196.85034373,345.4076634723742,0.9463223656777376,<$400M
6790,19.722818086176012,367714759.7391143,350.66302986328975,0.9607206297624377,<$400M
6791,19.667977310101694,348091978.9355151,359.25718792624644,0.9842662682910861,<$400M
6792,19.96771177091709,469750269.9462568,316.01693709836513,0.8657998276667538,$400-500M
6793,19.47534885775076,287102214.31307214,363.84034538566283,0.9968228640703091,<$400M
6794,19.105008405744638,198243851.8207032,327.9325799214283,0.8984454244422694,<$400M
6795,19.188465511552575,215498716.49541172,320.8108822125244,0.8789339238699299,<$400M
6796,19.87540144877773,428328699.71360797,344.2831620610597,0.9432415398933143,$400-500M
6797,20.004761175223628,487480659.70910573,359.3043863601216,0.9843955790688264,$400-500M
6798,19.88935567325776,434347591.3567839,310.9480175901127,0.851912376959213,$400-500M
6799,18.995456911880183,177673279.26201662,317.74344484556804,0.8705299858782686,<$400M
6800,19.166400056804978,210795717.04568338,329.7417337323393,0.9034020102255871,<$400M
6801,20.145383705983427,561085414.5422088,323.9106641103905,0.8874264770147684,$500-750M
6802,19.9093567333242,443122464.4785881,357.09558848367186,0.9783440780374572,$400-500M
6803,20.04282209352929,506392234.2813731,340.05760710616545,0.931664677003193,$500-750M
6804,18.986085299551146,176015972.117271,334.870872241595,0.9174544444975206,<$400M
6805,19.97833242342882,474765911.8794769,350.810117641549,0.9611236099768466,$400-500M
6806,20.02703711309642,498461599.8956117,371.00856521439715,1.0164618225051976,$400-500M
6807,19.374369999077334,259526662.01218104,331.9737131194254,0.9095170222450011,<$400M
6808,19.737991221280637,373336688.75466967,362.0881117642509,0.9920222240116464,<$400M
6809,19.735515859637697,372413688.28670204,319.1674144928554,0.8744312725831656,<$400M
6810,19.53974665881485,306199270.51825374,369.52611426474647,1.0124003130541,<$400M
6811,19.384706179704615,262223087.83412817,303.6469008484907,0.8319093173931252,<$400M
6812,18.65793412681859,126776230.63285942,319.7411842214349,0.8760032444422874,<$400M
6813,19.080284519430155,193402587.40889692,321.05690515128714,0.8796079593185949,<$400M
6814,19.357282756240714,255129739.53850666,363.60595460789983,0.99618069755589,<$400M
6815,18.909505689247425,163039928.55731195,313.2383210022421,0.8581871808280606,<$400M
6816,19.51704078956207,299325087.401383,389.6785699654756,1.0676125204533577,<$400M
6817,18.96755621988583,172784587.88666406,373.3245271766461,1.022806923771633,<$400M
6818,19.36545405943407,257223022.77250743,316.0894906022892,0.8659986043898333,<$400M
6819,20.142078240655962,559233828.0220997,331.1490225153667,0.9072575959325115,$500-750M
6820,19.06582880052435,190626924.4069087,351.0101358575152,0.9616716050890827,<$400M
6821,20.130859791044593,552995151.0728238,351.734133483707,0.9636551602293343,$500-750M
6822,19.76072170639796,381919994.5932216,299.3071931812591,0.8200197073459153,<$400M
6823,19.18387222691894,214511139.40005967,365.3445405262643,1.0009439466472996,<$400M
6824,19.29795365008476,240433391.34484723,333.3743455208374,0.9133543712899654,<$400M
6825,20.020854893058114,495389506.5674493,292.331867963214,0.8009092272964767,$400-500M
6826,19.799158509826757,396885549.9570072,305.30407864017127,0.8364495305210172,<$400M
6827,19.970305428887958,470970222.8646335,339.6503966389663,0.9305490318875789,$400-500M
6828,20.002399407525555,486330702.13443005,343.7098734077328,0.9416708860485831,$400-500M
6829,19.867566218185644,424985759.0398044,312.28233675350646,0.8555680459000177,$400-500M
6830,19.782030179906624,390145451.415758,369.757972212971,1.0130355403095097,<$400M
6831,19.911889072609174,444246022.91860664,368.28409774393117,1.0089975280655648,$400-500M
6832,19.876514426564686,428805685.4299209,322.94070992249436,0.8847690682808065,$400-500M
6833,19.474273068704925,286793518.9711845,328.9755625438216,0.9013029110789632,<$400M
6834,19.255690067356895,230483553.71009237,386.92046154008966,1.0600560590139443,<$400M
6835,19.638374140402362,337938383.807702,376.660580537997,1.0319467959945123,<$400M
6836,19.731036514759342,370749249.5200922,331.74477362989285,0.9088897907668297,<$400M
6837,20.271220861927706,636325550.3279841,401.0030355056444,1.0986384534401217,$500-750M
6838,20.03245925681741,501171670.8872567,353.362436728357,0.9681162650091973,$500-750M
6839,19.21747294829316,221841328.60847783,358.20049043348064,0.9813712066670702,<$400M
6840,19.250898301069142,229381772.23537493,316.38979926952544,0.8668213678617135,<$400M
6841,18.09698625939246,72347124.0253353,333.41404971994746,0.9134631499176643,<$400M
6842,19.37984429480189,260951283.55049828,331.0157252494572,0.9068923979437183,<$400M
6843,19.622671584370643,332673332.9619548,344.7368085786128,0.9444844070646926,<$400M
6844,18.797519381651714,145766907.755702,317.8253681097949,0.8707544331775203,<$400M
6845,19.337753939591877,250195692.4924971,363.62308713790264,0.9962276359942538,<$400M
6846,19.736276251107608,372696976.16974837,340.17027503265496,0.9319733562538492,<$400M
6847,19.32363757678147,246688650.89709878,340.74022057841563,0.9335348508997688,<$400M
6848,19.504043479841567,295459839.855946,327.11792021124097,0.8962134800307971,<$400M
6849,20.204181297902156,595065057.5198376,297.60551679070517,0.8153575802485074,$500-750M
6850,19.63660082535118,337339643.6197195,363.4880544366001,0.9958576833879456,<$400M
6851,19.11688934551043,200613222.38662738,287.91082725656094,0.7887967870042766,<$400M
6852,19.347169678072234,252562595.28408733,405.701511939386,1.1115109916147563,<$400M
6853,19.98982015756502,480251343.71836644,293.7275401337953,0.8047329866679322,$400-500M
6854,18.933026751413436,166920256.6773896,337.52392496731835,0.9247230821022421,<$400M
6855,19.71815900938553,366005533.2371055,332.4753464234369,0.9108913600642108,<$400M
6856,19.920502908448817,448089213.7769048,322.372948287359,0.8832135569516685,$400-500M
6857,19.527599329125437,302502266.8497991,338.50913973532494,0.9274223006447259,<$400M
6858,19.294102573087123,239509244.4645241,347.04541119836983,0.9508093457489585,<$400M
6859,19.682904597001087,353327023.06792855,319.7175051200363,0.8759383701918804,<$400M
6860,19.983208764277826,477086686.1336909,308.65865205678944,0.8456401426213409,$400-500M
6861,19.929207948809413,452006875.43012536,351.5240381798281,0.9630795566570632,$400-500M
6862,20.068078005366196,519344504.1261691,296.5876636626588,0.812568941541531,$500-750M
6863,19.716385743820876,365357083.3354029,327.2038583855396,0.8964489270836702,<$400M
6864,20.05906458386686,514684466.1992356,367.5898243086132,1.0070954090646935,$500-750M
6865,18.593918602643893,118914892.08539495,324.1399576108992,0.8880546783860253,<$400M
6866,19.090057995408383,195302070.1053273,381.41897844604813,1.0449835025919127,<$400M
6867,19.22375523516791,223239386.3773504,386.6385912362533,1.0592838116061736,<$400M
6868,19.547559590047992,308600954.2404027,337.10319552978444,0.9235703987117382,<$400M
6869,18.727615839207335,135925274.32561737,307.4491757016566,0.8423265087716619,<$400M
6870,19.3688035534309,258086034.26218054,364.1265550726273,0.9976070001989789,<$400M
6871,19.187244740673282,215235802.44934607,342.93944920521847,0.9395601348088177,<$400M
6872,19.68008028063715,352330523.6520629,302.8941818733921,0.8298470736257317,<$400M
6873,18.983231604011205,175514392.14133975,345.22195611838816,0.9458135784065429,<$400M
6874,19.755198206651666,379816274.89612645,323.34472758525254,0.8858759659869933,<$400M
6875,19.811632121906204,401867151.0359492,331.3391013145958,0.9077783597660158,$400-500M
6876,20.077817848411325,524427551.94331944,352.80536735741254,0.9665900475545549,$500-750M
6877,19.626477944595116,333942020.5134324,300.59473440313377,0.8235472175428322,<$400M
6878,19.042271638414373,186188775.38438603,328.23881104601975,0.8992844138247117,<$400M
6879,19.0314067990016,184176813.8506086,359.20747557960294,0.984130070081104,<$400M
6880,19.49633715474313,293191681.0859146,324.8172430476082,0.889910254924954,<$400M
6881,20.13800026101117,556957927.5466557,330.8208738486219,0.9063585584893751,$500-750M
6882,19.916584721115896,446336951.3833778,352.8015841355051,0.9665796825630276,$400-500M
6883,19.079640903162097,193278150.4064913,445.2942437521725,1.219984229458007,<$400M
6884,19.433434110535046,275317107.7897717,321.7455879072561,0.8814947613897427,<$400M
6885,19.456376219661163,281706475.4600868,310.5420045621967,0.8508000124991691,<$400M
6886,19.307886314487057,242833435.21544755,295.8260554176051,0.810482343609877,<$400M
6887,18.642115599702354,124786595.42811708,331.66879476832503,0.9086816295022604,<$400M
6888,19.62613435983159,333827302.83203465,342.4669798225783,0.9382656981440501,<$400M
6889,19.562362470368196,313203115.8190727,420.7650389154014,1.1527809285353463,<$400M
6890,20.19976406797937,592442315.2341684,332.4210982439549,0.9107427349149448,$500-750M
6891,19.741242453650035,374552468.4019531,375.3356341463383,1.0283168058803789,<$400M
6892,20.03710407482082,503504936.689609,339.69832529553344,0.930680343275434,$500-750M
6893,19.45894120112877,282429974.8335229,301.8185293473115,0.8269000804035931,<$400M
6894,20.008680530558877,489395018.7095547,347.39003044271385,0.9517535080622297,$400-500M
6895,19.15245698165558,207876971.94864917,378.2177956852139,1.0362131388635998,<$400M
6896,19.95627273255427,464407395.52033746,397.06674543968825,1.0878540970950363,$400-500M
6897,20.096541218962063,534339102.59158605,339.4128927609745,0.929898336331437,$500-750M
6898,18.894531438217335,160616715.9155788,325.02229373325576,0.8904720376253583,<$400M
6899,20.058026008672474,514150205.1628581,319.02570450363424,0.8740430260373541,$500-750M
6900,20.595931700964687,880439436.946923,357.53345795966396,0.9795437204374355,$750M-1B
6901,19.617519379586092,330963739.6932766,341.1816982437711,0.9347443787500578,<$400M
6902,19.356194437304346,254852228.04963169,315.9884701192114,0.865721835943045,<$400M
6903,19.827042054559517,408107857.7079258,318.3769782464569,0.8722656938259092,$400-500M
6904,19.41023577410131,269003722.05371785,312.3368038193975,0.8557172707380754,<$400M
6905,19.54299429791563,307195311.7576066,333.08497322868806,0.9125615704895563,<$400M
6906,18.966585387588115,172616924.42791572,339.48815580574797,0.9301045364541041,<$400M
6907,19.456276933840098,281678507.3898108,299.8902272158963,0.8216170608654693,<$400M
6908,20.513959699906366,811146875.5257198,313.44139788799816,0.8587435558575293,$750M-1B
6909,19.40486166739861,267561944.94997445,326.14888581596813,0.893558591276625,<$400M
6910,19.749391610513186,377617225.85451293,324.8767311377126,0.8900732359937332,<$400M
6911,19.56826316556583,315056695.2659519,377.97915147122796,1.0355593190992547,<$400M
6912,19.779270256051827,389070164.21550727,376.69326298349085,1.0320363369410708,<$400M
6913,19.6510888676089,342262610.59650505,439.8635895602342,1.2051057248225594,<$400M
6914,19.55317813397399,310339722.3558019,301.6407394309573,0.8264129847423488,<$400M
6915,18.9069829639483,162629141.9734851,296.5914734482869,0.812579379310375,<$400M
6916,20.270885551632173,636112219.587644,360.9734260544403,0.9889682905601105,$500-750M
6917,19.800590900716877,397454452.55136234,305.9504008054864,0.8382202761794149,<$400M
6918,19.416160484530128,270602221.8594939,338.41401088856554,0.9271616736673028,<$400M
6919,19.560813243718485,312718268.8711532,354.1076374607437,0.9701579108513526,<$400M
6920,19.66251065537348,346194272.05313486,304.7715854821356,0.8349906451565359,<$400M
6921,20.53558703752431,828880901.5040864,323.67532115131337,0.8867817017844202,$750M-1B
6922,19.599890118959106,325180223.0174378,346.10740814984564,0.9482394743831387,<$400M
6923,20.048617113460075,509335306.7172949,388.0717051775229,1.0632101511712957,$500-750M
6924,19.079811860088004,193311195.46949038,347.23694714045575,0.9513341017546733,<$400M
6925,19.767437224740604,384493416.5822391,325.25420324167106,0.8911074061415646,<$400M
6926,19.77320578125175,386717798.15109664,312.2917324812573,0.8555937876198831,<$400M
6927,20.144790365761683,560752598.7441906,366.96442360562037,1.0053819824811516,$500-750M
6928,19.532740971787547,304061630.8212389,354.9547204600923,0.9724786861920337,<$400M
6929,19.05556248003904,188679898.80315155,328.9952090447973,0.9013567371090337,<$400M
6930,19.372236036540844,258973432.33387175,354.21086246604955,0.9704407190850672,<$400M
6931,19.82776468680539,408402876.18779564,423.73937421541524,1.1609297923710007,$400-500M
6932,19.902418475122047,440058607.6108996,607.6348506155017,1.6647530153849361,$400-500M
6933,19.90182884460222,439799212.1066082,320.34660867353836,0.8776619415713379,$400-500M
6934,19.30780244637571,242813070.08786857,354.9428790869906,0.9724462440739469,<$400M
6935,19.412377734032603,269580534.7820674,408.1176841687635,1.1181306415582561,<$400M
6936,19.349354094779244,253114900.24927,340.73078084160886,0.9335089886071476,<$400M
6937,19.874290639880556,427853172.5418537,307.3189670511953,0.8419697727430008,$400-500M
6938,19.711553713562694,363595925.26492906,329.4841007621695,0.9026961664716971,<$400M
6939,20.07203988329482,521406164.98200583,318.75794795948667,0.873309446464347,$500-750M
6940,19.98701633467757,478906689.97549736,334.04988904171825,0.9152051754567623,$400-500M
6941,20.020829863157292,495377107.17241,418.99639497206016,1.1479353286905758,$400-500M
6942,19.42091012191799,271890541.39305043,363.8892039676553,0.9969567231990556,<$400M
6943,20.457539913091306,766649218.9715964,333.8258076495742,0.9145912538344498,$750M-1B
6944,19.182342908859003,214183334.36348832,365.9182013022121,1.0025156200060605,<$400M
6945,19.376790422249993,260155587.18432456,370.45614771129584,1.014948349893961,<$400M
6946,19.60569514815995,327073393.3457174,358.9282462536856,0.9833650582292756,<$400M
6947,19.655026419869092,343612944.27248037,324.7192648419026,0.8896418214846646,<$400M
6948,19.80102936688475,397628761.093484,434.4608817665035,1.1903037856616534,<$400M
6949,19.145868607544156,206511902.42042863,406.9509870654639,1.1149342111382572,<$400M
6950,19.42650875715516,273417026.48809886,310.806156490895,0.8515237164134108,<$400M
6951,19.38299739723588,261775388.23828766,337.16998370673633,0.9237533800184557,<$400M
6952,19.661478027096198,345836966.5720013,303.2531547401617,0.8308305609319498,<$400M
6953,20.009823607659403,489954754.79835856,335.6814185314359,0.919675119264208,$400-500M
6954,19.25228202507212,229699392.99852055,307.65856850442555,0.8429001876833576,<$400M
6955,19.799068222093556,396849717.67799336,308.60098371577385,0.8454821471665037,<$400M
6956,19.047778002014518,187216826.29342628,447.45722805956683,1.225910213861827,<$400M
6957,19.971711576623342,471632942.40854394,302.6783520853337,0.8292557591379005,$400-500M
6958,19.29770875613982,240374517.87231782,328.4574337879045,0.8998833802408343,<$400M
6959,19.915968822529873,446062137.72349024,345.5868946130474,0.94681340989876,$400-500M
6960,19.420079318054125,271664747.48892385,337.80963937501775,0.9255058613014185,<$400M
6961,20.565516805314896,854064098.1473597,355.76415399878374,0.9746963123254349,$750M-1B
6962,20.192549829148533,588183674.7734127,427.6214390006375,1.1715655863031165,$500-750M
6963,18.513481265447638,109724283.70756027,335.5288672918403,0.9192571706625762,<$400M
6964,19.319851457223663,245756424.04600447,324.0219258282774,0.8877313036391161,<$400M
6965,19.204310477746628,218940481.69172487,346.29946728785046,0.9487656638023301,<$400M
6966,20.353337404471905,690783766.5531538,300.50330660952227,0.8232967304370473,$500-750M
6967,19.970337325407947,470985245.41534346,317.9999427506296,0.8712327198647386,$400-500M
6968,19.083237437874438,193974533.51593187,367.98139593781445,1.0081682080488068,<$400M
6969,19.5072267336995,296401862.08350956,378.16799448230296,1.036076697211789,<$400M
6970,20.31337413367421,663722125.178657,321.71951468958196,0.8814233279166629,$500-750M
6971,19.40588950451234,267837096.4284434,312.7744263715247,0.8569162366343143,<$400M
6972,20.15984803735761,569260118.1952921,348.7426441521362,0.9554592990469486,$500-750M
6973,19.02941938554245,183811141.86297455,327.1110165814764,0.8961945659766477,<$400M
6974,19.674481604434106,350363450.77392703,329.0318075102541,0.9014570068774085,<$400M
6975,20.256049431778138,626744444.9986377,311.1031559429247,0.8523374135422593,$500-750M
6976,19.029900340024838,183899567.91831568,325.99714185822984,0.8931428544061092,<$400M
6977,20.14554589199623,561176422.1283135,314.90850483744015,0.8627630269518908,$500-750M
6978,18.763257064772297,140857185.29187083,375.2700012059848,1.0281369896054378,<$400M
6979,20.16280714390711,570947114.3090494,339.9334719567704,0.9313245807034806,$500-750M
6980,21.13213465455169,1505114263.0410206,349.08199019824974,0.9563890142417801,>$1B
6981,20.39115401866319,717407099.1390916,333.88230450350846,0.9147460397356396,$500-750M
6982,19.53574556836484,304976587.2055798,322.0938685779448,0.882448955008068,<$400M
6983,19.73621651244192,372674712.4146965,358.13804249465386,0.9812001164237092,<$400M
6984,19.685681122763313,354309407.8271553,351.865800497246,0.9640158917732767,<$400M
6985,20.24653096525374,620807101.0120317,327.70160344387324,0.8978126121749952,$500-750M
6986,18.940487351815747,168170239.02301857,325.75882647180117,0.8924899355391813,<$400M
6987,20.30750819923959,659840171.4837114,343.2362747241502,0.9403733554086307,$500-750M
6988,18.89925829432421,161377725.19380146,392.0557507340966,1.074125344476977,<$400M
6989,18.99590546481165,177752993.00885373,326.72673762357937,0.8951417469139161,<$400M
6990,19.15505831282575,208418432.7494342,314.3907091580754,0.8613444086522615,<$400M
6991,19.31150837969522,243714588.58665755,332.85455289743675,0.9119302819107856,<$400M
6992,19.35139545846956,253632127.5610297,295.54736568838064,0.8097188101051525,<$400M
6993,19.226919702805965,223946939.11450598,337.0087125884494,0.9233115413382175,<$400M
6994,20.016084074001657,493031721.6238891,404.3600711514977,1.1078358113739664,$400-500M
6995,20.494237511874502,795306006.0862379,315.2273531036282,0.8636365838455567,$750M-1B
6996,20.16465565132207,572003490.3420647,411.0024603971158,1.1260341380742898,$500-750M
6997,18.959406148264286,171382104.05529386,316.299106866519,0.8665728955247096,<$400M
6998,19.077810340660587,192924666.3080729,309.07899767748097,0.846791774458852,<$400M
6999,18.91371532627886,163727714.1262805,379.50560772625295,1.03974139103083,<$400M
7000,19.253183501189874,229906554.87728506,313.4455546880168,0.858754944350731,<$400M
7001,19.563695739640785,313620978.4092496,303.7914511168295,0.8323053455255602,<$400M
7002,20.60887615863765,891910330.0467035,318.30387371920204,0.8720654074498686,$750M-1B
7003,19.62811790845847,334490122.67055297,317.5907366880604,0.8701116073645491,<$400M
7004,18.8750509259996,157518099.32859272,322.31758565099227,0.8830618784958693,<$400M
7005,19.795670551713755,395503641.20403236,309.13353843835404,0.8469412012009699,<$400M
7006,19.6032557181231,326276493.072152,324.5162270493481,0.8890855535598579,<$400M
7007,19.092583843053763,195795996.90856662,311.13841130165656,0.8524340035661824,<$400M
7008,19.601077788191663,325566658.99698913,326.7091717897688,0.8950936213418323,<$400M
7009,18.992161082282912,177088662.3376616,392.7816742447773,1.0761141760130886,<$400M
7010,20.149610194917248,563461854.2982962,336.43675450536824,0.9217445328914199,$500-750M
7011,19.62662553813223,333991311.83488196,324.4507483600512,0.8889061598905512,<$400M
7012,19.16047909083251,209551290.51705274,387.6993020369128,1.0621898685942817,<$400M
7013,20.142566991525445,559507220.8468379,313.68639467300574,0.8594147799260431,$500-750M
7014,19.485702117904495,290090098.71158373,320.0920377557038,0.8769644870019283,<$400M
7015,20.01260549878169,491319653.200191,343.26407910688397,0.9404495317996822,$400-500M
7016,19.678785337281983,351874570.8618702,328.39986746032844,0.8997256642748724,<$400M
7017,18.985800787439306,175965900.56464574,373.374213119382,1.0229430496421423,<$400M
7018,19.842425047898946,414434313.3217412,379.89307119724344,1.0408029347869683,$400-500M
7019,19.23269553641898,225244162.0385543,302.06843241093276,0.8275847463313226,<$400M
7020,19.804626178867245,399061532.14535993,302.9831889972783,0.8300909287596666,<$400M
7021,19.8442124139267,415175721.5206425,338.06645854475255,0.9262094754650755,$400-500M
7022,18.97670291493776,174372245.66362947,302.99909029996286,0.8301344939725009,<$400M
7023,20.359391507465418,694978527.5674728,339.31616118019264,0.9296333183018977,$500-750M
7024,19.546045678142427,308134113.049092,331.6673849752325,0.9086777670554315,<$400M
7025,20.11081540862894,542021056.6889766,304.3689515847124,0.8338875385882532,$500-750M
7026,19.47715117527635,287620130.2498519,416.9118557330423,1.1422242622823076,<$400M
7027,19.43096124335126,274637126.24731547,393.54294866687,1.0781998593612878,<$400M
7028,19.715120349324188,364895054.8786085,298.2797895615983,0.8172049029084885,<$400M
7029,19.88454950111756,432265050.59749764,389.51372280793163,1.0671608844052922,$400-500M
7030,19.60901868751574,328162243.05588776,384.5803000324593,1.0536446576231762,<$400M
7031,19.735403219874314,372371742.0594236,349.2204194258929,0.9567682723997065,<$400M
7032,19.158410099262756,209118178.87021762,367.7422548402469,1.0075130269595807,<$400M
7033,20.049189966735913,509627164.70416814,380.6080530340602,1.0427617891344116,$500-750M
7034,19.301155930545676,241204560.58719817,325.50950937804515,0.8918068750083429,<$400M
7035,19.98829579637706,479519824.90063405,331.2808733034321,0.9076188309683071,$400-500M
7036,19.364642570640488,257014373.84166017,342.192550534716,0.9375138370814138,<$400M
7037,19.644794657215954,340115103.2371681,404.37978599677865,1.1078898246487086,<$400M
7038,20.315385110956058,665058198.2498883,405.4424659620127,1.110801276608254,$500-750M
7039,20.055504575815775,512855442.95623386,322.8089801932441,0.8844081649129976,$500-750M
7040,19.97731437047002,474282820.9859307,361.45591661374016,0.9902901825033977,$400-500M
7041,19.947072033867787,460154119.56591094,318.33447843694836,0.8721492559916394,$400-500M
7042,19.330064348235208,248279167.94695684,328.02783147782696,0.8987063876104848,<$400M
7043,19.524182561166228,301470450.53910494,354.48624379021203,0.9711951884663343,<$400M
7044,19.771760458244035,386159269.744143,390.31743382808656,1.0693628324057167,<$400M
7045,19.244223948989926,227855895.31126142,334.71075739662194,0.9170157736893751,<$400M
7046,18.74717590694395,138610154.51619568,336.3392106449008,0.9214772894380844,<$400M
7047,19.382442813741672,261630252.17753282,321.89953767474833,0.8819165415746529,<$400M
7048,20.037079095736647,503492359.7544944,385.32342167490543,1.055680607328508,$500-750M
7049,20.05163493780152,510874712.86421967,323.5408057524138,0.8864131664449694,$500-750M
7050,19.733951723855238,371831638.03245664,354.126512416923,0.970209623060063,<$400M
7051,19.958061724683663,465238960.30539757,325.8168567926963,0.8926489227197159,$400-500M
7052,20.045273726968002,507635245.4973793,311.9253973760571,0.8545901297974168,$500-750M
7053,18.38036199493272,96048323.7263876,324.92507134628175,0.8902056749213199,<$400M
7054,20.26396170228932,631723086.7956274,319.1684484142087,0.8744341052444073,$500-750M
7055,19.399681200660307,266179433.31339774,320.32623982895853,0.8776061365176946,<$400M
7056,20.069083174587576,519866795.6887354,337.00503446837587,0.9233014642969202,$500-750M
7057,19.754592984497904,379586471.2203523,308.47789253226364,0.8451449110472976,<$400M
7058,19.353400228824942,254141111.7592805,315.4589317205257,0.8642710458096594,<$400M
7059,19.252143176146685,229667501.69871733,299.250284659656,0.8198637935880987,<$400M
7060,20.5677016329814,855932120.9288076,321.82888823922866,0.8817229814773389,$750M-1B
7061,19.961512417600723,466847130.1448569,331.8604388080259,0.9092066816658243,$400-500M
7062,20.182589391393822,582354188.2068952,307.1098127497967,0.8413967472597169,$500-750M
7063,19.91111000380801,443900059.48426646,431.57791345934777,1.1824052423543774,$400-500M
7064,18.557780456161996,114694250.69905272,411.9206736712924,1.128549790880253,<$400M
7065,19.485214411175967,289948654.31305885,377.8698630270884,1.0352598987043518,<$400M
7066,19.57350659293848,316713010.75600606,336.70701654179805,0.9224849768268439,<$400M
7067,18.963119500142124,172019689.16951874,300.61349935250746,0.8235986283630341,<$400M
7068,19.883982812673594,432020160.3833737,343.02140582599174,0.9397846734958678,$400-500M
7069,19.52189050320193,300780254.0792569,368.1306740913054,1.0085771892912478,<$400M
7070,19.5425228510632,307050519.6283759,372.73068200960984,1.0211799507112598,<$400M
7071,19.5954511058687,323739942.8270719,395.78427420792144,1.0843404772819765,<$400M
7072,18.9559475029087,170790378.01220116,343.9362337434817,0.9422910513520046,<$400M
7073,19.37983396691089,260948588.48800236,331.0308352192219,0.9069337951211559,<$400M
7074,18.913141435627605,163633779.27853534,323.3923016696172,0.8860063059441567,<$400M
7075,19.401981350572765,266792390.59019762,310.5052984324332,0.850699447760091,<$400M
7076,19.56971156455009,315513353.6953279,341.83795624259125,0.936542345870113,<$400M
7077,19.892312933363854,435633971.3034391,312.64598938689727,0.8565643544846501,$400-500M
7078,20.112566767900507,542971162.0370463,408.7778635376465,1.1199393521579357,$500-750M
7079,19.86470138565406,423769988.3330964,310.17120199898727,0.8497841150657186,$400-500M
7080,19.910873862074045,443795248.5301203,350.0956845275939,0.9591662589797093,$400-500M
7081,20.381156574751937,710270594.745485,366.1432791741559,1.0031322717100162,$500-750M
7082,18.68300388166472,129994653.63177253,311.9190045027423,0.8545726150760063,<$400M
7083,18.87466825906287,157457833.8915736,320.6160520086872,0.8784001424895539,<$400M
7084,18.99764810373732,178063022.34976622,317.33055952259076,0.8693987932125774,<$400M
7085,19.78969023099379,393145460.9490444,309.78890414789817,0.8487367236928717,<$400M
7086,19.568668793924132,315184517.1183559,352.6084313427709,0.9660504968295094,<$400M
7087,19.803027501847765,398424071.3273078,320.6372268133022,0.8784581556528828,<$400M
7088,19.10081282275908,197413845.68636444,338.10355631099856,0.9263111131808179,<$400M
7089,18.916037108563184,164108295.87540704,321.80641880187306,0.8816614213749947,<$400M
7090,18.897628944754466,161114998.56157684,343.4592924638697,0.9409843629147115,<$400M
7091,18.99549212137031,177679535.15772176,322.8613906872682,0.8845517553075842,<$400M
7092,19.853744804523892,419152261.51976216,339.0872396671432,0.9290061360743649,$400-500M
7093,19.495065974436493,292819218.3786325,347.99968526693294,0.953423795251871,<$400M
7094,19.493017524083793,292220006.6847023,301.2826221386612,0.8254318414757842,<$400M
7095,19.359315260045975,255648819.0417904,329.82963026963984,0.9036428226565475,<$400M
7096,19.39174916994173,264076441.39611635,342.56044072187024,0.9385217554023843,<$400M
7097,19.006432962599888,179634171.92912626,310.2947026615985,0.8501224730454753,<$400M
7098,19.14244587015065,205806274.68789968,358.9307462187862,0.9833719074487294,<$400M
7099,19.560043351503623,312477602.16610307,340.2621379421273,0.932225035457883,<$400M
7100,19.682948517977476,353342541.87656415,341.263420143628,0.9349682743661042,<$400M
7101,19.08455508447188,194230291.86256343,332.6254686970707,0.9113026539645772,<$400M
7102,19.36445320478792,256965708.70353886,359.8553944899274,0.9859051903833627,<$400M
7103,20.21683285570232,602641382.5906934,315.57733932311345,0.8645954502003108,$500-750M
7104,20.077283803744802,524147558.97725606,340.51369370788075,0.9329142293366596,$500-750M
7105,18.75487340970906,139681223.5537589,364.2841217522195,0.9980386897321082,<$400M
7106,19.592805755814865,322884669.0998439,334.01712356103764,0.9151154070165415,<$400M
7107,19.720843604707323,366989430.0708862,323.1660084206395,0.8853863244401082,<$400M
7108,19.183856377051526,214507739.45388594,356.89926506799776,0.9778062056657473,<$400M
7109,20.45202195021165,762430527.0365337,355.383705741672,0.9736539883333479,$750M-1B
7110,19.53687537027995,305321345.05523527,346.8076691441277,0.9501579976551444,<$400M
7111,19.481720850679203,288937468.49613035,314.73321949649636,0.8622827931410859,<$400M
7112,20.00379121714549,487008053.14661485,329.22250417895793,0.9019794635039944,$400-500M
7113,20.42969312793827,745595009.41961,362.2692365440642,0.9925184562851074,$500-750M
7114,20.691037377682832,968285343.0516994,302.9559515202188,0.830016305534846,$750M-1B
7115,19.8654849817482,424102182.9769819,448.1775552270931,1.22788371295094,$400-500M
7116,19.584620116836152,320252439.7042278,311.2774330261207,0.8528148850030705,<$400M
7117,19.70744646234602,362105608.1070635,328.26708502929444,0.8993618767925875,<$400M
7118,19.623685243366815,333010721.24814487,320.49921416511944,0.8780800388085465,<$400M
7119,19.785174926305466,391374291.10099965,318.6765566534864,0.8730864565848943,<$400M
7120,20.4063292147734,728376916.6090828,346.7451838350805,0.9499868050276179,$500-750M
7121,19.95020036926292,461595889.9802528,394.4300587735169,1.0806302980096354,$400-500M
7122,19.59485214845496,323546094.4474493,354.13581667005565,0.970235114164536,<$400M
7123,19.429879289744356,274340142.308376,333.3964829248245,0.913415021711848,<$400M
7124,19.782038104390093,390148543.12918854,327.98902475845676,0.8986000678313883,<$400M
7125,19.17236676459743,212057233.29996353,312.54586772881584,0.8562900485720982,<$400M
7126,18.8443352010592,152753367.41746914,352.662119298797,0.9661975871199918,<$400M
7127,19.666073611240996,347429946.98646855,350.42769624813667,0.9600758801318813,<$400M
7128,19.385527800107397,262438624.20558828,302.57263229565143,0.8289661158784971,<$400M
7129,19.240176963564924,226935629.2316579,308.81785729846314,0.8460763213656525,<$400M
7130,19.088183793673803,194936377.42474228,318.3523512676865,0.872198222651196,<$400M
7131,19.371333878000975,258739902.59655488,355.59532852687823,0.9742337767859678,<$400M
7132,19.251548041743142,229530859.33140057,430.16083122336966,1.178522825269506,<$400M
7133,19.20177125858702,218385249.0528048,333.9024458612466,0.9148012215376619,<$400M
7134,20.011379068916796,490717453.4576541,334.4727074504029,0.9163635820558983,$400-500M
7135,20.698209092848085,975254570.516953,317.31477739078775,0.8693555544953089,$750M-1B
7136,19.23135412065962,224942218.53105813,393.83311755234286,1.0789948426091585,<$400M
7137,18.855085861236304,154404426.0446386,331.25121403239956,0.9075375726915056,<$400M
7138,19.646604051060926,340731062.49994755,329.3478436574932,0.9023228593355977,<$400M
7139,19.961654969546014,466913684.8550518,366.4573186584685,1.003992653858818,$400-500M
7140,20.029252619892272,499567169.20358855,366.6479705424208,1.0045149877874542,$400-500M
7141,19.470600698987607,285742238.66346467,344.38290148664373,0.9435147985935445,<$400M
7142,19.6353625618789,336922186.7753941,364.36695423535906,0.9982656280420796,<$400M
7143,19.90815834644367,442591750.39460206,311.7627797027377,0.8541446019253087,$400-500M
7144,19.464591401266194,284030277.47380126,331.6991296765479,0.9087647388398572,<$400M
7145,19.13559978882244,204402120.15584478,405.73880349969284,1.111613160273131,<$400M
7146,19.83330280710255,410670935.0402888,297.0339574276394,0.8137916641853135,$400-500M
7147,20.168614651050518,574272540.6260322,350.3512080643543,0.9598663234639844,$500-750M
7148,20.13496489223912,555269918.007788,300.1875256376434,0.8224315770894339,$500-750M
7149,20.549862638401063,840798537.7441704,346.18664848778263,0.9484565711994045,$750M-1B
7150,20.722456947581282,999191437.6976817,392.2597460463878,1.0746842357435282,$750M-1B
7151,20.312686954137206,663266185.5900975,324.28082474297014,0.8884406157341648,$500-750M
7152,19.4032478515853,267130497.4841839,318.86513690167504,0.8736031147991097,<$400M
7153,19.417128341180543,270864252.803279,334.7486941450088,0.9171197099863255,<$400M
7154,20.192860172604377,588366242.0555282,423.9572780272956,1.1615267891158785,$500-750M
7155,18.819119754515786,148949779.1657349,353.59194733100816,0.9687450611808442,<$400M
7156,19.457419854668757,282000627.6668146,301.6016856608246,0.8263059881118483,<$400M
7157,19.24342106103486,227673025.97904044,297.059001522515,0.8138602781438767,<$400M
7158,19.704682715262244,361106221.4507515,341.9534504234467,0.9368587682834156,<$400M
7159,19.028919425607203,183719266.6252737,317.321761251772,0.8693746883610192,<$400M
7160,19.37479119253602,259635995.9683321,357.77219176827657,0.9801977856665112,<$400M
7161,19.769957181784395,385463545.30362475,324.71834055533975,0.8896392891927116,<$400M
7162,19.277488449640103,235562881.76431563,345.29535220229855,0.9460146635679412,<$400M
7163,19.905903522055784,441594907.9965581,415.4696545239466,1.1382730260930043,$400-500M
7164,19.68101927329625,352661514.8021598,367.1800645163832,1.0059727794969402,<$400M
7165,20.379682260350755,709224204.1228338,283.83176998108144,0.7776212876194012,$500-750M
7166,19.904633824625144,441034571.88043255,352.97109318867905,0.9670440909278878,$400-500M
7167,20.91134844800335,1206933217.260039,291.60683825759827,0.7989228445413651,>$1B
7168,20.257509829429782,627660409.7879142,310.6376335523203,0.8510620097323844,$500-750M
7169,20.454737849092645,764504025.6835486,402.1273732642128,1.101718830860857,$750M-1B
7170,19.221784721263923,222799923.18893784,342.50855195188404,0.9383795943887234,<$400M
7171,19.378770876665758,260671323.993802,373.6095079174223,1.0235876929244447,<$400M
7172,19.437274794262258,276376546.90847236,319.2530962857326,0.8746660172211853,<$400M
7173,19.899976601505895,438985351.01918733,325.85675284042276,0.8927582269600624,$400-500M
7174,19.270919078709504,234020453.75455278,310.6763321185955,0.8511680332016315,<$400M
7175,19.394853552028927,264897509.36538672,322.2796213486923,0.882957866708746,<$400M
7176,19.246703421308368,228421558.67981336,388.63732994180384,1.0647598080597365,<$400M
7177,19.769849102676254,385421886.9986641,405.50353288714155,1.1109685832524425,<$400M
7178,18.94528672783659,168979291.15533087,344.34176109363506,0.9434020851880413,<$400M
7179,19.30908640430583,243125032.08492768,308.3146219117656,0.8446975942788099,<$400M
7180,19.357370863501735,255152219.31136355,333.603755876583,0.9139828928125562,<$400M
7181,20.07708630299523,524044049.66339195,302.88706522552513,0.8298275759603428,$500-750M
7182,19.16688104177836,210897131.00537595,317.32192230925216,0.8693751296143895,<$400M
7183,19.74333527012612,375337158.7990751,325.4389645983825,0.8916136016394041,<$400M
7184,19.724366512354244,368284579.9476293,297.5770379663692,0.8152795560722443,<$400M
7185,19.52555540359278,301884606.18413055,293.2327298931369,0.8033773421729777,<$400M
7186,19.55602349086052,311224007.07818204,329.1629243276406,0.9018162310346318,<$400M
7187,19.919497496782903,447638926.0541988,320.46791203957144,0.8779942795604697,$400-500M
7188,19.060495646569766,189612987.81437427,318.3298919516546,0.8721366902785057,<$400M
7189,19.709828579573,362969214.31135285,359.7117803170416,0.9855117268960043,<$400M
7190,20.324285783193556,671004085.2332855,321.66949193058974,0.8812862792618897,$500-750M
7191,19.293722613535394,239418257.92605913,435.71111016517443,1.1937290689456834,<$400M
7192,19.364944549924353,257091998.5781572,323.3972305735582,0.8860198097905704,<$400M
7193,20.05354751952849,511852737.48268956,295.6030020926295,0.8098712386099438,$500-750M
7194,20.27888637647107,641222056.2303616,318.22134233490095,0.8718392940682218,$500-750M
7195,19.990271656969263,480468225.87133896,324.49510128931973,0.8890276747652596,$400-500M
7196,18.595088357335673,119054074.72723791,322.84198046221945,0.8844985766088205,<$400M
7197,19.545917218209816,308094532.7039932,359.2264830868151,0.984182145443329,<$400M
7198,19.518307618650788,299704521.4173654,349.41220929078355,0.9572937240843385,<$400M
7199,20.469296113071792,775715287.3442516,306.20326080298605,0.8389130432958521,$750M-1B
7200,19.642304810545237,339269322.14926565,355.5678787500191,0.9741585719178605,<$400M
7201,19.785214630811083,391389830.7322339,357.63754663883384,0.9798288949009146,<$400M
7202,19.17106586605735,211781547.7131183,317.41758834319506,0.8696372283375208,<$400M
7203,21.192545991253546,1598842858.7300656,381.4806014555596,1.045152332754958,>$1B
7204,19.689174234902755,355549214.4518812,323.826946043829,0.8871971124488467,<$400M
7205,19.804929232736495,399182487.61383075,320.8332995838246,0.8789953413255469,<$400M
7206,19.514382916446667,298530575.6222836,317.4237444972501,0.8696540945130139,<$400M
7207,19.089064254300496,195108086.81035894,319.0176123917873,0.8740208558679103,<$400M
7208,20.56195800372945,851030055.4609584,368.87990683144614,1.0106298817299895,$750M-1B
7209,19.402112796016002,266827461.53913885,349.4026984694921,0.9572676670397045,<$400M
7210,19.878425515322842,429625954.70882523,334.4786685501591,0.9163799138360523,$400-500M
7211,19.535527253508466,304910013.5530191,335.2580794514024,0.9185152861682258,<$400M
7212,19.981410877634442,476229708.95770466,372.16399062950046,1.0196273715876725,$400-500M
7213,19.851156328194715,418068698.8057238,317.1345466694831,0.8688617716972139,$400-500M
7214,19.680891142763183,352616330.9890508,344.37395474619507,0.9434902869758769,<$400M
7215,19.17669742990702,212977573.60839748,330.22297976715356,0.9047204925127494,<$400M
7216,20.16296527366516,571037405.1767441,330.67724612047505,0.9059650578643152,$500-750M
7217,19.305118235690905,242162182.60110465,348.4503712546379,0.9546585513825696,<$400M
7218,20.081598909348656,526414197.92235976,342.00016512167224,0.9369867537580061,$500-750M
7219,19.584962397179947,320362074.58125204,343.5381919886634,0.9412005259963381,<$400M
7220,19.78425574716854,391014713.30141336,320.4367977025799,0.8779090348015888,<$400M
7221,20.044807459519873,507398606.8796104,342.01339186667536,0.9370229914155489,$500-750M
7222,19.964584150282814,468283364.4667123,331.2543815653779,0.907546250864049,$400-500M
7223,19.505308837991155,295833939.0069733,349.10809688804693,0.9564605394193066,<$400M
7224,19.96508994510765,468520279.6792096,347.5518236687024,0.9521967771745271,$400-500M
7225,19.159597854753223,209366707.70185128,326.0884661517076,0.8933930579498839,<$400M
7226,19.812220453955888,402103651.9243233,421.6226428213859,1.1551305282777695,$400-500M
7227,19.38570979935035,262486392.1832518,360.621686012095,0.9880046192112192,<$400M
7228,19.578007816235917,318141820.0209726,316.1502431244582,0.8661650496560499,<$400M
7229,19.32550547859105,247149871.69799507,355.06308707480605,0.9727755810268659,<$400M
7230,19.821060502233752,405674025.50648564,312.45401261035454,0.8560383907133001,$400-500M
7231,19.884106626304263,432073653.6794842,511.02420835208113,1.400066324252277,$400-500M
7232,19.748769517398333,377382385.8320132,357.2995311615885,0.9789028251002425,<$400M
7233,20.472416349491315,778139482.4992045,331.1760263169521,0.9073315789505537,$750M-1B
7234,18.584132254007848,117756825.35837246,367.1775382622318,1.0059658582526898,<$400M
7235,19.402459627518695,266920021.75905642,360.0201786319973,0.9863566537862939,<$400M
7236,19.917085193025578,446560386.39660835,341.31513974856983,0.93510997191389,$400-500M
7237,19.22951720949149,224529398.9302015,320.1278310346733,0.8770625507799269,<$400M
7238,20.28305934148507,643903444.2152823,319.1872185470662,0.8744855302659348,$500-750M
7239,20.28676672391051,646295071.1264894,353.920238861994,0.9696444900328602,$500-750M
7240,18.77071227193395,141911228.96340883,326.8081427573435,0.8953647746776534,<$400M
7241,19.854368571634897,419413796.47497326,382.01121519757805,1.0466060690344605,$400-500M
7242,19.02310485619362,182654117.88848668,317.4945783337959,0.869848159818619,<$400M
7243,18.783094562966063,143679339.13787407,358.66923965642155,0.9826554511134837,<$400M
7244,19.18305028980497,214334897.17316285,340.83676374688065,0.9337993527311799,<$400M
7245,19.545203202257156,307874626.810216,348.0483960173709,0.9535572493626601,<$400M
7246,19.83486741971513,411313978.8909506,335.24792523883576,0.9184874664077692,$400-500M
7247,19.61639384455832,330591437.96994835,342.9054831260137,0.9394670770575717,<$400M
7248,20.033347563424474,501617062.7867744,323.42029269314526,0.88608299367985,$500-750M
7249,20.4723784075575,778109958.9425545,382.0176481089006,1.0466236934490427,$750M-1B
7250,20.3105568086239,661854835.8245898,319.1900708602414,0.8744933448225792,$500-750M
7251,19.49647724209769,293232756.40989625,351.78726151845586,0.9638007164889202,<$400M
7252,19.537157080072788,305407369.18445045,332.22686381880646,0.9102105858049492,<$400M
7253,20.356905476172884,693252935.0275576,354.8347807499377,0.9721500842464046,$500-750M
7254,19.263081894042887,232193560.44369683,299.3455386326359,0.8201247633770847,<$400M
7255,18.97030898902716,173260879.22758132,362.20051298103925,0.9923301725507925,<$400M
7256,19.857580995989082,420763297.9944904,317.4329333968158,0.8696792695803174,$400-500M
7257,19.384645381995114,262207145.7556353,309.41575677490636,0.8477144021230311,<$400M
7258,19.77082716546401,385799038.2126423,365.92055334027975,1.002522063945972,<$400M
7259,19.3992190088705,266056435.79111665,323.4381372679389,0.88613188292586,<$400M
7260,19.879110941102155,429920532.35766894,314.2890524405883,0.8610658970975023,$400-500M
7261,19.32287285497185,246500074.81888178,346.31648974997074,0.9488123006848513,<$400M
7262,19.62323753811816,332861663.9697369,339.6970046729351,0.9306767251313292,<$400M
7263,19.710311550259362,363144560.14195716,313.36965975392303,0.8585470130244467,<$400M
7264,18.792928082360348,145099182.29211476,442.43140288466293,1.2121408298209944,<$400M
7265,19.565095217962973,314060191.4327848,333.7397094580063,0.9143553683780995,<$400M
7266,19.63326019134294,336214595.56708795,326.3051120138782,0.8939866082572006,<$400M
7267,19.36404564548528,256861001.27718928,345.93904483105234,0.9477782050165817,<$400M
7268,19.052810673156436,188161401.8878967,308.63416303198494,0.8455730494026985,<$400M
7269,19.72389848731754,368112253.8731864,330.5099580007194,0.9055067342485463,<$400M
7270,20.28679273966238,646311885.1974097,353.22042851911107,0.9677272014222221,$500-750M
7271,19.93831257349469,456141019.7442634,308.8721341762555,0.846225025140426,$400-500M
7272,19.719739535281867,366584471.85380864,326.087488751177,0.8933903801402109,<$400M
7273,18.44582479862701,102546283.25995778,363.5474246676853,0.9960203415553022,<$400M
7274,20.093832905619465,532893902.78090394,334.4080589177945,0.9161864627884782,$500-750M
7275,20.027143733384666,498514748.84840024,324.0121995538958,0.8877046563120433,$400-500M
7276,19.04826658942988,187308320.4283185,333.5281544952008,0.9137757657402762,<$400M
7277,20.074611796903078,522748902.5555162,338.85584945801145,0.9283721902959218,$500-750M
7278,20.00339744828379,486816322.2911852,344.76163178086983,0.9445524158379995,$400-500M
7279,19.632534995256435,335970862.44599104,323.8039990362652,0.8871342439349732,<$400M
7280,19.83338412904481,410704332.9563283,355.99405232428313,0.9753261707514607,$400-500M
7281,19.853355047496215,418988925.8128559,433.52901087691305,1.1877507147312687,$400-500M
7282,19.203157835743074,218688267.08075,323.62261464813014,0.886637300405836,<$400M
7283,20.1183341657197,546111740.5101962,342.8165643111302,0.9392234638661101,$500-750M
7284,19.77595463868744,387782292.64756835,305.51741348826437,0.8370340095568887,<$400M
7285,20.073636333454274,522239228.7326779,313.1483125907799,0.8579405824404929,$500-750M
7286,19.409306333256815,268753815.1619468,316.59733419157345,0.8673899566892423,<$400M
7287,20.03264874684763,501266646.9205399,320.4097125484427,0.8778348288998431,$500-750M
7288,20.376062302737978,706661483.8338732,350.5768599755038,0.9604845478780926,$500-750M
7289,20.023234004616413,496569496.5757384,374.0458604472559,1.0247831793075504,$400-500M
7290,20.212749546093274,600185628.4567277,424.91707657991645,1.164156374191552,$500-750M
7291,19.398196207309333,265784451.96968037,342.44264604864304,0.9381990302702549,<$400M
7292,19.620314347139505,331890066.53077626,324.3369922578901,0.8885944993366851,<$400M
7293,19.9087649181289,442860295.45618856,323.1309223700272,0.8852901982740471,$400-500M
7294,20.419940636874024,738358942.9419506,357.9273684204342,0.9806229271792718,$500-750M
7295,19.408871435689118,268636960.19323623,353.33087383463146,0.9680297913277575,<$400M
7296,20.164451798154726,571886897.5031393,330.4973309244878,0.9054721395191447,$500-750M
7297,19.223260038871576,223128866.42681384,336.53329606098913,0.9220090303040798,<$400M
7298,20.449217168872874,760295072.2639701,341.3079345860964,0.9350902317427299,$750M-1B
7299,18.543357873687793,113051935.09335941,341.9927195795955,0.9369663550125903,<$400M
7300,19.36112909931242,256112945.70652518,369.88049166266774,1.013371210034706,<$400M
7301,20.458584349769513,767450353.8296975,347.160794110454,0.9511254633163123,$750M-1B
7302,19.578042593196905,318152884.2190244,356.95594835387783,0.9779615023393913,<$400M
7303,19.669122511029833,348490842.5387622,599.6467550526536,1.6428678220620647,<$400M
7304,20.302466713609938,656521968.1067421,358.44467496311285,0.9820402053783913,$500-750M
7305,19.92140357474111,448492974.42720306,325.1904798112777,0.8909328214007609,$400-500M
7306,19.69977920537486,359339867.72918373,401.75031831800015,1.1006858036109592,<$400M
7307,20.33983243911969,681517467.0816711,372.12496816193294,1.0195204607176245,$500-750M
7308,19.14801149534632,206954908.7440283,391.70882233951085,1.0731748557246872,<$400M
7309,19.819630050795563,405094143.3587692,371.32832133788,1.0173378666791233,$400-500M
7310,19.388327129000693,263174305.45551884,337.7056929059009,0.925221076454523,<$400M
7311,20.573148726436756,860607184.3772935,344.84871916848715,0.9447910114205127,$750M-1B
7312,20.0788626369117,524975754.14668196,401.25186297938944,1.0993201725462725,$500-750M
7313,19.85888133711822,421310789.70235157,336.01446649762494,0.9205875794455478,$400-500M
7314,19.376927765862042,260191320.3461679,314.0342942977564,0.8603679295828942,<$400M
7315,20.176772489787794,578976524.4869732,385.451711458244,1.0560320861869699,$500-750M
7316,19.595823123841168,323860402.3093658,297.4337640454049,0.8148870247819313,<$400M
7317,19.629832684452026,335064190.3610686,337.85479913014075,0.9256295866579198,<$400M
7318,21.126734919436814,1497008947.6749485,381.3062041930139,1.0446745320356545,>$1B
7319,19.94457797222715,459007896.7967991,388.9530914270879,1.065624908019419,$400-500M
7320,18.796814251530307,145664159.34809494,364.27393879070894,0.9980107912074218,<$400M
7321,19.878589547947715,429696433.1621146,339.4206933548871,0.9299197078216085,$400-500M
7322,19.921751899338403,448649222.77290076,325.1304091210726,0.8907682441673223,$400-500M
7323,19.231533777043825,224982634.4670762,529.0153371076999,1.4493570879663011,<$400M
7324,19.01171119715615,180584829.91370973,339.85337123340594,0.9311051266668656,<$400M
7325,19.74351546409484,375404798.3852671,351.9646004959724,0.9642865767012941,<$400M
7326,18.88444054715308,159004100.1808687,328.8608585589258,0.9009886535860981,<$400M
7327,20.012874249869057,491451713.6361321,354.0042416661045,0.9698746347016562,$400-500M
7328,19.540160653809377,306326061.72722834,346.9389479890864,0.9505176657235244,<$400M
7329,19.544525039463704,307665908.4737696,305.76318438182835,0.8377073544707626,<$400M
7330,20.32245770721089,669778559.2993582,362.3019414230458,0.9926080586932761,$500-750M
7331,19.376023297035353,259956091.80241805,338.88933529344945,0.9284639323108204,<$400M
7332,19.49493990632823,292782305.54052347,359.43951954544366,0.9847658069738182,<$400M
7333,19.478767497869647,288085393.0707747,326.10769127001925,0.893445729506902,<$400M
7334,19.87669123621702,428881509.11706305,327.65568558910763,0.8976868098331716,$400-500M
7335,19.896374211605863,437406799.6103395,343.20456487439156,0.9402864791079221,$400-500M
7336,19.74721768300563,376797205.03575695,326.91647973022145,0.8956615883019766,<$400M
7337,20.182533324860305,582321538.5415686,402.9231898075622,1.1038991501577047,$500-750M
7338,19.55390496014841,310565367.38139457,304.44036611296,0.8340831948300275,<$400M
7339,19.703135959451764,360548110.0468217,401.7373649694821,1.1006503149848825,<$400M
7340,19.765308907471265,383675962.8128379,340.01885583260776,0.9315585091304323,<$400M
7341,19.179588058193985,213594103.2568839,311.13873505453813,0.8524348905603785,<$400M
7342,20.285092279814304,645213791.6838615,378.985035443927,1.0383151655998,$500-750M
7343,19.561589884206498,312961232.87572896,298.7476946795168,0.8184868347384022,<$400M
7344,19.887082442850087,433361340.6169079,347.41615198739345,0.9518250739380643,$400-500M
7345,19.591524699298766,322471300.42139643,317.5533896129826,0.8700092866109111,<$400M
7346,19.56055341911361,312637027.5252139,369.49290857208615,1.0123093385536608,<$400M
7347,19.89899918784198,438556490.36011916,355.72579077037267,0.9745912075900621,$400-500M
7348,19.1193163726723,201100707.45685095,368.1576498845619,1.0086510955741423,<$400M
7349,20.20105460675515,593207378.5801644,350.37250855993295,0.9599246809861177,$500-750M
7350,18.986129292641305,176023715.77413428,384.6005266551767,1.0537000730278814,<$400M
7351,19.95885950451715,465610266.6563479,304.1821698501233,0.8333758078085569,$400-500M
7352,20.88234638979536,1172432385.645865,409.8315228069287,1.1228260898819964,>$1B
7353,19.50136028688591,294668126.72950304,348.68847991599563,0.9553109038794401,<$400M
7354,18.738850250896853,137460924.7293998,368.6723046502642,1.0100611086308608,<$400M
7355,19.292997915217285,239244814.77178746,352.0878990109872,0.9646243808520197,<$400M
7356,20.56379418278397,852594134.5487432,383.69822943077264,1.0512280258377333,$750M-1B
7357,19.967052640424047,469440745.23901194,307.4905543093294,0.8424398748200805,$400-500M
7358,20.312015699892232,662821114.7420323,342.77770707716627,0.9391170056908665,$500-750M
7359,18.70801401666384,133286834.81109996,333.7816149140003,0.9144701778465761,<$400M
7360,19.845325512073146,415638110.1409327,337.2178586970856,0.923884544375577,$400-500M
7361,19.78545043843228,391482134.319697,353.8826484764996,0.9695415026753413,<$400M
7362,18.71486111643149,134202594.63843904,324.2030919456146,0.8882276491660673,<$400M
7363,19.86297983140179,423041072.921437,385.83575188039947,1.057084251727122,$400-500M
7364,19.520243113105536,300285159.5863474,334.68152461324166,0.916935683871895,<$400M
7365,19.971809650963753,471679199.76657945,305.15896426761765,0.8360519568975826,$400-500M
7366,19.4114448624803,269329168.03478825,321.0671048650703,0.8796359037399186,<$400M
7367,19.585515682076668,320539375.12293315,360.77370639665395,0.9884211134154903,<$400M
7368,19.606673540229494,327393555.95666605,318.06483916484666,0.8714105182598538,<$400M
7369,19.272070290085857,234290015.89494503,380.3693618479322,1.0421078406792663,<$400M
7370,19.402404756238397,266905375.91754702,382.688196846998,1.0484608132794466,<$400M
7371,19.88976059712894,434523504.6782618,397.8882156318128,1.0901047003611308,$400-500M
7372,19.863014985748052,423055944.91520303,316.4112281181346,0.8668800770359852,$400-500M
7373,18.74034760487704,137666906.56754082,478.01994505213963,1.3096436850743551,<$400M
7374,19.509564825735627,297095687.71475494,374.0790510940519,1.0248741125864436,<$400M
7375,20.298200954502125,653727368.3242555,316.7849683387939,0.8679040228460106,$500-750M
7376,19.514200880445475,298476237.2559833,347.74026874653975,0.952713065059013,<$400M
7377,19.49881355021571,293918639.38416535,351.79262762848924,0.9638154181602445,<$400M
7378,19.71809941011451,365983720.224162,344.51296886009277,0.943871147561898,<$400M
7379,19.730484535884635,370544660.2362194,366.0177334009922,1.0027883106876498,<$400M
7380,19.851905900788466,418382189.12185025,352.91917304717697,0.9669018439648684,$400-500M
7381,19.825323987364985,407407302.95815635,319.17827529032184,0.8744610281926626,$400-500M
7382,19.656594992815297,344152349.17820615,367.88630779450796,1.007907692587693,<$400M
7383,18.450657835561874,103043092.81690551,349.7916610144498,0.9583333178478076,<$400M
7384,19.626635063047406,333994493.0889468,427.88051886972374,1.1722753941636268,<$400M
7385,19.68126126409071,352746865.9689843,325.25868817014924,0.8911196936168473,<$400M
7386,20.220303627007855,604736646.9973661,331.0453138744453,0.9069734626697131,$500-750M
7387,18.882869460438133,158754487.08470574,336.9684608911864,0.9232012627155791,<$400M
7388,19.25078805212778,229356484.53181532,359.0268804426554,0.9836352888839874,<$400M
7389,20.263067275495168,631158309.3540038,332.3947604728734,0.9106705766380092,$500-750M
7390,19.22144449810102,222724134.3876603,339.5759351253685,0.9303450277407357,<$400M
7391,19.023245485229236,182679806.1671533,341.02068867328035,0.9343032566391243,<$400M
7392,20.260764867980605,629706797.3469597,332.10475648388723,0.9098760451613349,$500-750M
7393,18.953276494092822,170334804.09868282,315.68962628277825,0.8649030857062417,<$400M
7394,20.366813737328602,700156008.4067945,389.0300461182193,1.0658357427896419,$500-750M
7395,19.894972636580874,436794170.5873025,306.6320575630138,0.8400878289397639,$400-500M
7396,19.85614864030921,420161046.7167131,343.99432257692956,0.9424501988409029,$400-500M
7397,19.031350897766078,184166518.42692575,436.7124248556871,1.1964723968648963,<$400M
7398,19.168680821562567,211277041.17307585,319.75450668536064,0.8760397443434538,<$400M
7399,19.840588145849406,413673736.8483043,424.04481315044734,1.1617666113710885,$400-500M
7400,19.8861394819198,432952890.41056734,327.9851925624359,0.8985895686642079,$400-500M
7401,20.19811554557675,591466465.3814173,328.04005700046883,0.8987398821930653,$500-750M
7402,19.536629712860414,305246349.81342536,338.77360747134355,0.9281468697845029,<$400M
7403,19.19749559713234,217453501.0002384,301.6522335597788,0.8264444755062432,<$400M
7404,18.74460013838685,138253586.25429684,365.4473401939536,1.0012255895724755,<$400M
7405,20.40131274126935,724732182.6050419,348.2894837993249,0.9542177638337669,$500-750M
7406,19.671776438979958,349416940.48117715,296.2184434606722,0.8115573793443074,<$400M
7407,19.434234021896547,275537425.1777514,312.2430639871432,0.8554604492798444,<$400M
7408,20.29192052192106,649634543.4694313,385.4759778577483,1.056098569473283,$500-750M
7409,19.002372695662505,178906287.94163945,331.32448954036744,0.907738327507856,<$400M
7410,19.48705704160419,290483415.05802274,318.1991486552451,0.8717784894664249,<$400M
7411,18.96248427083917,171910451.92129692,343.4442431205148,0.9409431318370268,<$400M
7412,18.830764252470036,150694362.24866614,366.3533244954006,1.0037077383435633,<$400M
7413,19.3329111636183,248986979.92855793,305.4361535796833,0.8368113796703652,<$400M
7414,19.850755044780684,417900968.42692745,356.81934269286484,0.9775872402544242,$400-500M
7415,18.802021859098648,146424699.7058454,453.2835215063878,1.2418726616613365,<$400M
7416,20.305492922165172,658511749.7318896,308.12136068453987,0.8441681114644928,$500-750M
7417,19.45253462086182,280626348.23827666,409.23422753050636,1.1211896644671406,<$400M
7418,18.79137468313369,144873960.3096694,354.10216494451726,0.9701429176562116,<$400M
7419,20.19325382581467,588597899.9089781,331.8118151450602,0.9090734661508499,$500-750M
7420,18.84730280977903,153207352.9351151,342.4006354161017,0.938083932646854,<$400M
7421,19.72493240404908,368493048.1123965,301.0459335480659,0.8247833795837421,<$400M
7422,19.791138368032076,393715201.88438654,345.9664489256665,0.9478532847278535,<$400M
7423,20.038793080905837,504356078.1807516,326.8247102655995,0.8954101651112315,$500-750M
7424,18.738532224198018,137417215.43601882,306.1220342940529,0.8386905049152135,<$400M
7425,19.1344975358515,204176941.43639186,367.7983949172459,1.0076668353897147,<$400M
7426,19.63938588107024,338280462.8322875,325.30430763732045,0.8912446784584122,<$400M
7427,19.654153076442544,343312983.1699175,299.80140016772833,0.8213736990896666,<$400M
7428,19.626112781746695,333820099.55587095,363.53698252049765,0.9959917329328702,<$400M
7429,19.00309204517939,179035030.3932965,308.5575155959018,0.8453630564271283,<$400M
7430,19.792430823227825,394224390.12331915,327.3206744092336,0.8967689709842017,<$400M
7431,19.84533702267189,415642894.411977,320.0086479933038,0.8767360218994624,$400-500M
7432,20.487003780833504,789573734.1954387,372.61882596249364,1.0208734957876537,$750M-1B
7433,20.203052372634325,594393652.5946995,328.9366710368725,0.9011963590051302,$500-750M
7434,20.54828621184951,839474124.7989081,355.611473083042,0.9742780084466903,$750M-1B
7435,19.894066493587673,436398551.8807829,333.70550093571126,0.9142616463992089,$400-500M
7436,19.666678344059907,347640112.81836677,297.09184734081447,0.813950266687163,<$400M
7437,19.809529533118607,401023077.35097265,325.54154965409975,0.8918946565865746,$400-500M
7438,19.358428523372066,255422226.33718267,315.7465903610573,0.8650591516741296,<$400M
7439,19.874701749130473,428029103.09955406,364.4975858071248,0.9986235227592459,$400-500M
7440,19.32827858257267,247836195.17461494,395.1126963199222,1.0825005378628005,<$400M
7441,19.741644613046866,374703128.4893816,300.5926800211912,0.823541589099154,<$400M
7442,19.71962009890159,366540690.9459931,344.57887610049625,0.9440517153438254,<$400M
7443,19.82552363979668,407488650.93727213,302.360846824704,0.8283858817115178,$400-500M
7444,19.63545919891992,336954747.5118399,326.7627045613026,0.8952402864693222,<$400M
7445,19.767340530427767,384456240.05294055,305.8158965516688,0.8378517713744351,<$400M
7446,19.926141218204076,450622815.4656854,363.9402656244462,0.9970966181491677,$400-500M
7447,18.81845592715252,148850935.0379205,298.6302264714154,0.8181650040312751,<$400M
7448,19.041745356983363,186090813.4692681,364.6948888235584,0.9991640789686532,<$400M
7449,20.33550299909737,678573256.0751284,284.53573475491305,0.7795499582326385,$500-750M
7450,19.37750205925127,260340789.4168187,355.0609687827866,0.9727697774870865,<$400M
7451,19.96129731041272,466746718.7714562,436.40465004883544,1.1956291782159876,$400-500M
7452,19.77647107922012,387982610.8631171,318.53720841432386,0.8727046805871886,<$400M
7453,19.254766946975334,230270887.81726,329.5920723846422,0.902991979136006,<$400M
7454,19.359302513290366,255645560.36954132,317.1617571632841,0.8689363209952989,<$400M
7455,20.049504354645222,509787410.5113591,302.3636624494842,0.8283935957520115,$500-750M
7456,20.309035560216685,660848755.6527358,347.4855849311025,0.9520153011811027,$500-750M
7457,19.76458358690152,383397775.6445263,308.5545577779856,0.8453549528163989,<$400M
7458,20.015440368756334,492714456.6420904,389.799688936946,1.0679443532519068,$400-500M
7459,19.10502170623159,198246488.57800266,323.72331800925906,0.8869132000253673,<$400M
7460,19.402749130332662,266997307.0430736,309.89836513480975,0.8490366168076979,<$400M
7461,18.657343460541263,126701370.2995718,342.4427016705887,0.9381991826591471,<$400M
7462,19.666442847505962,347558254.40885013,348.14820503806175,0.9538306987344157,<$400M
7463,19.59384510949103,323220434.9271479,332.5311467639695,0.9110442377095055,<$400M
7464,20.341132230828215,682403873.7818434,315.9578140407633,0.8656378466870228,$500-750M
7465,19.60161863328426,325742787.7517141,340.6283024610623,0.9332282259207185,<$400M
7466,20.373950861325035,705170983.6176597,343.1533607234693,0.9401461937629295,$500-750M
7467,19.10694285571211,198627715.7965323,375.4665320521412,1.0286754302798389,<$400M
7468,19.8766228685037,428852188.4713029,349.8236191242921,0.9584208743131291,$400-500M
7469,19.817995990217238,404432735.5260006,348.3654207697714,0.9544258103281408,$400-500M
7470,17.853697563132343,56723410.275911726,328.10118454932103,0.8989073549296467,<$400M
7471,19.51093670881729,297503547.96668744,336.2248538143189,0.9211639830529286,<$400M
7472,19.172628549326337,212112753.91220266,318.8500172972834,0.8735616912254339,<$400M
7473,19.944652573220257,459042140.51903546,325.85072935825866,0.8927417242692018,$400-500M
7474,19.422054581089782,272201887.1441379,294.7819218019431,0.8076217035669674,<$400M
7475,19.465471233416064,284280286.41028154,313.74969309841003,0.8595882002696166,<$400M
7476,20.34268395674865,683463599.5503296,490.9095252568842,1.3449576034435184,$500-750M
7477,20.234661524091397,613482025.9256759,404.68956192363703,1.1087385258181837,$500-750M
7478,19.52895150130018,302911578.6654901,401.58546285783285,1.1002341448159805,<$400M
7479,20.016128993813876,493053869.0136667,304.36167001508716,0.8338675890824305,$400-500M
7480,19.969090706929222,470398472.32228243,322.7670603858612,0.8842933161256472,$400-500M
7481,19.923078825382387,449244942.26165473,375.8410533174179,1.0297015159381313,$400-500M
7482,20.062405779318446,516407003.6613951,305.5091423666159,0.8370113489496326,$500-750M
7483,19.720413841713704,366831745.48072016,328.7973933385488,0.9008147762699966,<$400M
7484,20.062123997423107,516261510.01683724,341.9146442830854,0.936752450090645,$500-750M
7485,19.461009204620694,283014645.3496686,322.26584108781066,0.8829201125693442,<$400M
7486,19.70050061862227,359599193.79947114,326.75437476878716,0.8952174651199648,<$400M
7487,19.403716964661278,267255841.29145747,422.45440251639616,1.1574093219627293,<$400M
7488,19.770107418666065,385521460.49505836,355.0814658606285,0.9728259338647356,<$400M
7489,19.517980276570245,299606431.57111984,322.5627615633918,0.8837335933243611,<$400M
7490,20.179275738264014,580427662.110919,374.1504600681402,1.0250697536113431,$500-750M
7491,19.787960530621046,392466024.87850815,316.0560245637155,0.8659069166129191,<$400M
7492,19.750054610897887,377867669.2333787,327.65821035025107,0.8976937269869892,<$400M
7493,19.60189265176172,325832059.5249561,334.2848950966134,0.9158490276619545,<$400M
7494,19.146605230383837,206664079.8462203,318.9535581043419,0.8738453646694299,<$400M
7495,19.637277080745193,337567848.5270343,344.6382947501577,0.9442145061648156,<$400M
7496,19.986742104209338,478775377.1754741,351.5800576198363,0.963233034574894,$400-500M
7497,19.816531408632482,403840844.3315491,314.1733339616899,0.8607488601690133,$400-500M
7498,19.724609463011024,368374065.7980924,347.50125285583994,0.9520582270023012,<$400M
7499,19.618661083385117,331341818.0378967,341.95803587231455,0.9368713311570261,<$400M
7500,19.961544286189834,466862008.14129454,312.4862006316367,0.8561265770729772,$400-500M
7501,20.015885736265545,492933944.5251555,319.5267066860123,0.8754156347561981,$400-500M
7502,19.482372709276444,289125876.2699766,351.50868539222694,0.9630374942252793,<$400M
7503,20.881100725337767,1170972837.5364673,313.16994086094485,0.8579998379751914,>$1B
7504,19.703440162522288,360657806.57313365,394.2070342280053,1.0800192718575488,<$400M
7505,20.356708429498813,693116345.3001382,313.73672560229727,0.8595526728830062,$500-750M
7506,20.72125833069729,997994507.443822,396.29309748388533,1.0857345136544803,$750M-1B
7507,19.544438619430085,307639321.1244725,313.2506821070712,0.8582210468686883,<$400M
7508,21.088734779027643,1441189684.2003267,345.6305051241347,0.9469328907510539,>$1B
7509,19.880377468565758,430465383.48068947,377.86809716736377,1.0352550607325035,$400-500M
7510,18.880950103582062,158450072.80475876,307.3965856275293,0.8421824263767926,<$400M
7511,20.464741144694514,772189963.7046819,351.9759870139301,0.9643177726409043,$750M-1B
7512,19.381359363766677,261346942.3910575,325.0760174935158,0.8906192260096323,<$400M
7513,19.03227055507727,184335966.41717285,353.9946956704167,0.969848481288813,<$400M
7514,20.414049779122255,734022161.6614604,372.2422237951272,1.0198417090277456,$500-750M
7515,19.92352257890859,449444340.5274815,317.94373489659864,0.8710787257441058,$400-500M
7516,19.63953553539662,338331091.755405,424.823288604691,1.16389942083477,<$400M
7517,19.220634610290514,222543825.85081246,380.94615966029585,1.0436881086583447,<$400M
7518,19.789674714931017,393139360.9267172,312.1413007703435,0.8551816459461465,<$400M
7519,20.397411085580128,721910036.2633903,367.15683436087903,1.005909135235285,$500-750M
7520,19.311985659852294,243830936.48684293,397.39744030410685,1.0887601104222107,<$400M
7521,20.74322990192404,1020164679.727476,342.02531582536716,0.9370556597955264,>$1B
7522,18.995028679520818,177597210.1032423,401.74850984165704,1.100680848881252,<$400M
7523,19.094008601134632,196075157.65840787,329.5052864933761,0.9027542095708935,<$400M
7524,18.856395284431727,154606739.20944577,390.76584123393343,1.070591345846393,<$400M
7525,18.930219269611104,166452288.30804315,332.9818955252553,0.9122791658226173,<$400M
7526,18.988595285753927,176458324.69595295,301.84802671000676,0.826980895095909,<$400M
7527,19.069831805441094,191391534.27008224,318.8475929479102,0.8735550491723567,<$400M
7528,19.49612632411716,293129873.8159235,362.5452996163123,0.9932747934693488,<$400M
7529,19.768052301899942,384729982.4463665,376.18276068341845,1.0306377005025162,<$400M
7530,19.641200036167273,338894713.06228805,352.5705561070047,0.9659467290602868,<$400M
7531,20.16586692157525,572696760.9388942,328.60466534078313,0.90028675435831,$500-750M
7532,20.250205952117884,623092756.2575054,317.27445322957186,0.8692450773412927,$500-750M
7533,19.23883106883275,226630403.2108536,321.49186398647794,0.8807996273602136,<$400M
7534,19.28517241707082,237379911.33340892,391.63295611570527,1.0729670030567269,<$400M
7535,19.704191977856734,360929056.5947895,353.9948848983993,0.9698489997216418,<$400M
7536,19.49953755892869,294131516.0929833,302.8854665770485,0.8298231961015027,<$400M
7537,19.601401640158844,325672111.4745284,307.7730748789827,0.8432139037780347,<$400M
7538,20.007476097654585,488805930.0759053,346.88112411564487,0.9503592441524517,$400-500M
7539,19.77659415101969,388030363.51968074,389.00902702220543,1.0657781562252204,<$400M
7540,19.76734088562069,384456376.6091008,334.1532992549821,0.9154884911095399,<$400M
7541,19.10250150310973,197747496.20376933,341.93778501040845,0.9368158493435848,<$400M
7542,19.489920070857153,291316269.2468835,323.0509385633807,0.8850710645572075,<$400M
7543,19.4910213732685,291637273.2854857,311.99821364625257,0.8547896264280892,<$400M
7544,20.536677762911868,829785476.1782213,319.0084752676791,0.8739958226511756,$750M-1B
7545,19.905426364859185,441384248.0711727,347.74727056392584,0.9527322481203447,$400-500M
7546,20.34147141875625,682635376.1970669,295.68699770106673,0.8101013635645664,$500-750M
7547,19.344256293419182,251827854.10658216,318.596000791179,0.8728657555922712,<$400M
7548,19.971190024482702,471387025.37268716,391.81614879931993,1.0734689008200546,$400-500M
7549,19.007431233450117,179813585.0231996,357.864384696079,0.9804503690303534,<$400M
7550,19.13920972172607,205141331.54396352,355.8759636851367,0.9750026402332512,<$400M
7551,20.28503978262547,645179920.6626766,393.057910139313,1.0768709866830493,$500-750M
7552,19.405752486728655,267800400.49715683,409.3601940777368,1.1215347782951695,<$400M
7553,19.31439021443157,244417946.7480118,309.6541430907678,0.848367515317172,<$400M
7554,19.575442248605803,317326651.79747385,331.43624010074865,0.9080444934267087,<$400M
7555,19.87429666659235,427855751.0973851,319.6298475089949,0.8756982123534106,$400-500M
7556,18.9865632193509,176100113.74029085,325.3919112058758,0.891484688235276,<$400M
7557,19.553361640022196,310396676.7974351,331.9990322422907,0.909586389704906,<$400M
7558,19.919503372938767,447641556.4580275,384.72197848841506,1.0540328177764797,$400-500M
7559,19.461390472300792,283122570.2597674,324.184853305215,0.8881776802882602,<$400M
7560,19.80636732279,399756960.95199233,329.7529457122222,0.9034327279786909,<$400M
7561,19.756876321954287,380454185.49328136,302.11404765303934,0.827709719597368,<$400M
7562,20.12828778741968,551574673.0600667,402.9423589167902,1.1039516682651787,$500-750M
7563,19.076686217867763,192707917.14254132,315.3453807689105,0.8639599473120836,<$400M
7564,19.678490908774506,351770984.2073327,303.9729961879914,0.8328027292821681,<$400M
7565,19.89002817220575,434639787.89495265,387.9061447529964,1.0627565609671135,$400-500M
7566,19.115127947468086,200260173.67038453,327.9545816399126,0.8985057031230482,<$400M
7567,19.059133909583032,189354960.51823092,310.5149953991879,0.8507260147922956,<$400M
7568,20.47120935345073,777200837.8089706,410.761293919364,1.1253734079982576,$750M-1B
7569,19.67736030971458,351373497.0049478,319.9133103630589,0.8764748229124901,<$400M
7570,19.747665600958868,376966017.0727711,371.4888079542012,1.0177775560389075,<$400M
7571,19.548553636333562,308907870.39184606,348.77011569811765,0.9555345635564867,<$400M
7572,20.1087083357694,540880181.2071102,355.07665199343325,0.9728127451874884,$500-750M
7573,19.437086586690967,276324535.64442724,307.4016410974029,0.842196276979186,<$400M
7574,19.452731835583446,280681697.34307545,365.3680369287642,1.0010083203527786,<$400M
7575,20.20337205787879,594583701.8511916,346.7806034563361,0.9500838450858523,$500-750M
7576,20.741440697314097,1018341028.3088677,358.67846751956284,0.9826807329303091,>$1B
7577,20.353320409969648,690772027.1266271,324.0614180648212,0.8878395015474554,$500-750M
7578,19.53824594333679,305740097.1640736,312.4610272436775,0.8560576088867877,<$400M
7579,19.94465960187067,459045366.9771043,354.9155508258402,0.9723713721255897,$400-500M
7580,20.03876823703225,504343548.1777505,340.07410179152004,0.9317098679219727,$500-750M
7581,19.64596859613955,340514612.04895204,324.9188464790435,0.8901886204905302,<$400M
7582,19.891950755701977,435476222.9784622,365.14002496432033,1.0003836300392337,$400-500M
7583,19.53806620835977,305685149.9128549,459.4935800240062,1.2588865206137156,<$400M
7584,20.061172460797344,515770501.9247235,348.7802532784511,0.9555623377491811,$500-750M
7585,18.584875285367193,117844354.88695593,388.8236608458382,1.065270303687228,<$400M
7586,19.593344156567195,323058557.2551593,366.15988033366415,1.0031777543388058,<$400M
7587,20.086445089462877,528971487.4781453,302.79632011657293,0.8295789592234875,$500-750M
7588,18.812561315284967,147976097.4967491,301.1480218590713,0.8250630735864968,<$400M
7589,19.677662912814906,351479839.8035329,299.01431234682707,0.819217294100896,<$400M
7590,19.62933882118259,334898755.3190535,338.03863556415587,0.926133248120975,<$400M
7591,20.33634377098223,679144021.2987082,386.4909097579524,1.058879204816308,$500-750M
7592,20.284022722138488,644524067.2362133,453.0979516271394,1.2413642510332588,$500-750M
7593,20.42019693874784,738548209.9762864,330.118436828348,0.9044340735023233,$500-750M
7594,19.34060899733354,250911036.32933965,354.80984109918097,0.9720817564361123,<$400M
7595,19.405388949949202,267703062.8959949,347.876658931622,0.9530867367989644,<$400M
7596,19.72435454936966,368280174.1912301,626.8310191994115,1.7173452580805793,<$400M
7597,20.33520027211801,678367864.7333612,327.2259478629557,0.8965094461998786,$500-750M
7598,19.38693140821412,262807243.82426465,332.83692192355716,0.9118819778727594,<$400M
7599,20.000964974752726,485633593.53409755,343.37211343799885,0.94074551626849,$400-500M
7600,19.74207805927232,374865577.3499706,312.92404996636975,0.8573261642914239,<$400M
7601,20.454979330579512,764688661.5445606,408.0916638461194,1.118059353003067,$750M-1B
7602,19.26349527169228,232289563.91339394,346.276750440755,0.9487034258650822,<$400M
7603,19.23477291362177,225712565.48270395,389.0266326484413,1.0658263908176475,<$400M
7604,20.43545945276044,749906771.9941453,376.47538733332254,1.0314394173515686,$500-750M
7605,19.301649548890225,241323652.97376817,313.28492130995414,0.8583148529039839,<$400M
7606,20.17199011377918,576214251.4256133,304.46707903018216,0.8341563809046086,$500-750M
7607,20.29415735215595,651089292.0641537,369.0305397734287,1.0110425747217224,$500-750M
7608,19.906851478572683,442013719.2434858,353.9607156131814,0.9697553852415928,$400-500M
7609,19.45989838872732,282700442.72649884,410.85463162195293,1.125629127731378,<$400M
7610,19.839911548452374,413393940.9399978,391.2731101652345,1.0719811237403685,$400-500M
7611,19.306575336926194,242515294.61401242,328.42645301966223,0.8997985014237322,<$400M
7612,20.361462807577666,696419528.5271666,424.50736404654185,1.1630338741001147,$500-750M
7613,19.400717646996576,266455457.02902058,317.44139441885125,0.8697024504626062,<$400M
7614,19.901292339913873,439563321.0513679,321.5005093678809,0.88082331333666,$400-500M
7615,20.145159163875476,560959441.3841555,365.7774936514848,1.0021301195931092,$500-750M
7616,19.64120231898336,338895486.69747394,327.29270745797936,0.8966923491999435,<$400M
7617,19.437011313968224,276303736.72707397,316.02209488161543,0.8658139585797683,<$400M
7618,19.185091028415368,214772745.2882008,358.0785513431298,0.9810371269674789,<$400M
7619,18.614602568174806,121400137.37451304,331.3341060274247,0.9077646740477389,<$400M
7620,19.36534191657741,257194178.66529518,300.6890943923805,0.8238057380613165,<$400M
7621,20.035741664673267,502819423.5355937,355.1061735179137,0.9728936260764759,$500-750M
7622,19.794344062273538,394979357.6056127,481.1782627432951,1.3182966102556029,<$400M
7623,19.294646044860002,239639446.35555568,329.82390017072225,0.9036271237554034,<$400M
7624,19.65538312246931,343735533.76586664,318.1807579435186,0.8717281039548455,<$400M
7625,19.643214448006077,339578074.63913226,315.52984810401074,0.8644653372712623,<$400M
7626,19.535991956074138,305051738.94614285,335.2175534746086,0.9184042560948181,<$400M
7627,20.046084086584223,508046779.3227765,329.61670153521874,0.9030594562608733,$500-750M
7628,19.54195613421533,306876558.2238403,302.5438221997525,0.828887184108911,<$400M
7629,18.760294050816416,140440441.20024332,328.1914835553954,0.8991547494668367,<$400M
7630,19.69272674807769,356814553.9574393,318.310485943234,0.872083523132148,<$400M
7631,19.56537021646075,314146569.39,327.19487396735,0.8964243122393151,<$400M
7632,19.318719241296524,245478332.16823685,427.64763674733894,1.1716373609516135,<$400M
7633,18.551926219719736,114024765.01269859,329.4548758823302,0.902616098307754,<$400M
7634,19.208435305318915,219845438.53968292,351.5891261083154,0.9632578797488093,<$400M
7635,19.571251179971828,315999497.061323,357.604466353737,0.979738263982841,<$400M
7636,19.37923688146791,260792826.39071807,318.6389516934971,0.8729834292972524,<$400M
7637,19.082630298210493,193856799.62691262,303.43931876279805,0.8313405993501316,<$400M
7638,18.916610696282497,164202453.37977105,349.31883790278556,0.9570379120624262,<$400M
7639,19.920938634170586,448284500.3155887,364.1618913526737,0.9977038119251335,$400-500M
7640,20.02915468864974,499518248.3654585,383.32818795534666,1.0502142135762922,$400-500M
7641,19.7194371277711,366473630.71663076,338.25139312557525,0.9267161455495212,<$400M
7642,19.64022561327034,338564647.13224643,318.7511537653522,0.8732908322338417,<$400M
7643,18.933426848478646,166987054.34409449,367.0622369563779,1.005649964264049,<$400M
7644,19.826711857722486,407973124.02968484,401.40150446633015,1.0997301492228224,$400-500M
7645,19.112718931422826,199778324.32321915,328.64697475746704,0.9004026705684028,<$400M
7646,19.170391834713183,211638848.40914762,363.9928654074028,0.9972407271435694,<$400M
7647,19.057260098174893,189000477.25413722,352.6112190445581,0.9660581343686523,<$400M
7648,19.70159911679218,359994429.8990826,386.3444286385495,1.0584778866809577,<$400M
7649,20.15379195448545,565823049.8339629,398.26475470240183,1.0911363142531556,$500-750M
7650,19.82158905239718,405888501.2545679,347.41083292208634,0.951810501156401,$400-500M
7651,20.43401247606265,748822459.046529,333.9050049394978,0.9148082327109529,$500-750M
7652,19.6566244522108,344162487.8477125,361.941503280746,0.9916205569335508,<$400M
7653,19.559634223693312,312349785.0375114,411.7749035483504,1.128150420680412,<$400M
7654,19.25222735706722,229686836.13421112,339.2391688231585,0.9294223803374205,<$400M
7655,19.219686296083964,222332884.41436693,304.3684319724457,0.8338861149930019,<$400M
7656,19.471487185526232,285995657.621208,409.73953526626684,1.122574069222649,<$400M
7657,19.88409117378638,432066977.1052094,324.2775218029786,0.888431566583503,$400-500M
7658,20.53783354455261,830745081.4375892,326.85110367122076,0.8954824758115637,$750M-1B
7659,19.135999035265762,204483743.26810896,328.2601657692944,0.8993429199158751,<$400M
7660,19.649204893862766,341618403.84870064,365.6113582356082,1.0016749540701595,<$400M
7661,20.228145425153144,609497512.1891453,303.04300299984493,0.8302548027393012,$500-750M
7662,20.423172815305023,740749311.7599198,376.4726724972183,1.0314319794444338,$500-750M
7663,19.55772991528581,311755540.7076006,383.90264346502204,1.0517880642877315,<$400M
7664,18.967591882032515,172790749.86585647,318.07502555969234,0.8714384261909379,<$400M
7665,19.987021978276818,478909392.74055964,434.3222275796852,1.1899239111772197,$400-500M
7666,20.079696646590662,525413771.6368839,366.46416471529506,1.0040114101788906,$500-750M
7667,18.987992747172704,176352033.77275246,304.075458742455,0.8330834486094657,<$400M
7668,20.00444482106952,487326467.56830734,303.0000441991835,0.8301371073950232,$400-500M
7669,20.267232803673238,633792900.4987314,361.06044716377227,0.9892067045582802,$500-750M
7670,19.460452841769975,282857230.3087874,309.95384205473465,0.849188608369136,<$400M
7671,19.174381135522502,212484825.74548256,305.56982241838944,0.8371775956668204,<$400M
7672,19.938284828509712,456128364.29408544,331.98947317064375,0.9095602004675171,$400-500M
7673,20.115734369463937,544693805.2220616,396.75870727931493,1.08701015692963,$500-750M
7674,19.962223613447765,467179267.978544,310.77808276544266,0.8514468020971032,$400-500M
7675,20.35946208753542,695027580.9316728,312.4278632774243,0.8559667487052721,$500-750M
7676,19.225422712615778,223611943.5486269,415.62048015546566,1.1386862470012757,<$400M
7677,19.86339637179921,423217323.32323474,402.74426675269547,1.103408950007385,$400-500M
7678,20.52012523805567,816163481.6780647,346.53078376276517,0.9493994075692196,$750M-1B
7679,19.934731767604575,454510588.16567826,321.72333899341567,0.8814338054614128,$400-500M
7680,19.47374964651158,286643444.1581173,315.8469207005616,0.8653340293166072,<$400M
7681,19.777411239697745,388347548.3028548,331.40887938086314,0.90796953255031,<$400M
7682,19.54765347782013,308629929.456664,371.22674871472725,1.0170595855198006,<$400M
7683,20.326244065035226,672319387.7953119,425.9341251040039,1.1669428085041202,$500-750M
7684,19.58011115465504,318811684.16228575,304.4112665876391,0.8340034701031208,<$400M
7685,19.4153893571868,270393633.52147466,340.24510234595874,0.9321783625916678,<$400M
7686,18.678454161067386,129404557.68236135,342.7779359609688,0.9391176327697776,<$400M
7687,20.29461213798302,651385465.5889977,360.34734436125603,0.9872529982500166,$500-750M
7688,19.43525037266909,275817610.21171427,319.79846833805993,0.8761601872275615,<$400M
7689,19.825341379613153,407414388.7486935,309.022203777005,0.8466361747315206,$400-500M
7690,20.38117736286453,710285360.0840513,353.08527453257534,0.9673569165276037,$500-750M
7691,19.782763002915374,390431463.76473004,304.10279837567066,0.8331583517141662,<$400M
7692,19.305385676646328,242226955.3476432,367.0584685904056,1.005639639973714,<$400M
7693,19.99227074144606,481429683.1402307,299.8005774163986,0.8213714449764346,$400-500M
7694,19.298526835289,240571243.7110652,352.6601783374243,0.966192269417601,<$400M
7695,19.986851844215217,478827920.8712001,288.52009163298027,0.7904660044739186,$400-500M
7696,18.951123505164862,169968469.64992577,354.66123517035726,0.9716746169050884,<$400M
7697,20.870283889603446,1158374874.5854285,319.9087199198432,0.8764622463557348,>$1B
7698,19.202075233261734,218451642.72833487,318.1818387046287,0.8717310649441883,<$400M
7699,20.199497581677072,592284458.5065188,293.79671850522476,0.8049225164526705,$500-750M
7700,19.054166919111296,188416768.15866026,323.7940427453247,0.8871069664255471,<$400M
7701,19.15788087856271,209007538.48037836,355.8561852189162,0.974948452654565,<$400M
7702,18.932756567146363,166875163.54218173,349.2414055466324,0.9568257686209106,<$400M
7703,19.653317905922744,343026377.9860689,325.24060410589664,0.8910701482353333,<$400M
7704,19.518228665132796,299680859.6251446,354.6029110952425,0.9715148249184726,<$400M
7705,19.86292953087107,423019794.2661209,344.35733288773554,0.9434447476376316,$400-500M
7706,20.092151636889,531998717.6597447,354.7248577536163,0.9718489253523733,$500-750M
7707,19.71519178824133,364921123.5173464,326.19898971929,0.8936958622446302,<$400M
7708,19.740525522678347,374284036.37194926,326.9604246924915,0.8957819854588808,<$400M
7709,19.79325552291734,394549640.95414895,298.2616013333008,0.8171550721460296,<$400M
7710,19.824707336842952,407156152.47610337,321.81465422817047,0.8816839841867684,$400-500M
7711,19.20201603014273,218438710.09256366,322.22337728770947,0.8828037733909848,<$400M
7712,19.607099575320657,327533066.8162749,320.1999244003282,0.8772600668502143,<$400M
7713,19.313475187683327,244194400.08017477,312.0160291943966,0.8548384361490318,<$400M
7714,20.67233796536366,950347215.1008536,395.52786505150374,1.0836379864424759,$750M-1B
7715,20.177405007978454,579342853.5133492,385.64661605097587,1.0565660713725367,$500-750M
7716,19.613781770814835,329729035.574675,348.4962998454854,0.9547843831383162,<$400M
7717,19.791409912672616,393822127.65426034,336.5248308460135,0.9219858379342836,<$400M
7718,19.8166673406949,403895742.9815661,307.07512458707,0.841301711197452,$400-500M
7719,19.68060324066222,352514826.6188864,309.7231681714447,0.8485566251272457,<$400M
7720,20.792240255631718,1071408800.7520794,333.08300867308265,0.9125561881454319,>$1B
7721,19.929102370831195,451959155.9771829,359.1598993976819,0.9839997243772107,$400-500M
7722,19.599914269702772,325188076.45648205,360.5540631502734,0.9878193510966394,<$400M
7723,19.160918139674624,209643313.96843448,349.78039377304765,0.9583024486932812,<$400M
7724,19.899484969473114,438769584.801843,299.93933692961883,0.8217516080263529,$400-500M
7725,19.991121037246828,480876499.4716169,352.4497148523854,0.965615657129823,$400-500M
7726,19.74606499236706,376363124.6531331,313.7630667430705,0.859624840391974,<$400M
7727,19.489463694454678,291183349.7089194,310.94341332054677,0.8518997625220459,<$400M
7728,19.92892562317415,451879280.314409,434.46466019970603,1.1903141375334412,$400-500M
7729,19.233552804221883,225437339.39699608,299.09710784586804,0.8194441310845699,<$400M
7730,20.187071920919035,584970467.4433701,376.81774101139075,1.0323773726339474,$500-750M
7731,19.50524330613721,295814553.09569466,337.6183983388737,0.9249819132571883,<$400M
7732,19.218598562919805,222091177.04289994,316.40381135141104,0.8668597571271536,<$400M
7733,20.257811095092986,627849530.8039395,318.6049960064105,0.872890400017563,$500-750M
7734,19.3912216886586,263937182.7473589,327.4410219278549,0.897098690213301,<$400M
7735,19.34571349284004,252195085.00908917,318.35295996448104,0.8721998903136468,<$400M
7736,19.548558542979638,308909386.09715474,356.4915066461208,0.9766890593044405,<$400M
7737,19.693090240453138,356944276.9024744,309.6050518750499,0.8482330188357532,<$400M
7738,20.429688898308303,745591855.8352854,370.6794718169189,1.015560196758682,$500-750M
7739,19.496545592457604,293252799.6593094,369.7289695101594,1.0129560808497517,<$400M
7740,19.362218200132443,256392030.4738505,357.67529822507555,0.9799323239043166,<$400M
7741,19.453128203561377,280792972.6314173,321.0104568631455,0.8794807037346453,<$400M
7742,19.532878945924196,304103586.3565624,351.12846951103865,0.9619958068795579,<$400M
7743,19.552649907753135,310175836.06540936,307.4200474351398,0.8422467053017528,<$400M
7744,18.87022298134087,156759443.51006785,352.0331599446725,0.9644744108073219,<$400M
7745,19.671016883786667,349151639.7974218,363.2091992231801,0.9950936965018633,<$400M
7746,20.1526748100587,565191296.7127562,332.5321107299479,0.9110468787121859,$500-750M
7747,19.139774981783408,205257322.52424031,453.2530857333167,1.2417892759816895,<$400M
7748,19.358639104075447,255476018.99291286,326.9377114130835,0.8957197572961192,<$400M
7749,19.17539509085143,212700385.13219005,328.77158977569604,0.9007440815772494,<$400M
7750,20.116580318185598,545154783.2046628,380.0660535537388,1.0412768590513393,$500-750M
7751,19.887186440806815,433406411.6544643,327.97417918007125,0.8985593950138938,$400-500M
7752,19.642428569789246,339311312.4623812,374.95107744706604,1.0272632258823726,<$400M
7753,19.080594494218413,193462546.6274206,346.5292818878442,0.9493952928434087,<$400M
7754,19.615505100273737,330297757.2417852,358.96452524631206,0.9834644527296221,<$400M
7755,19.170362695210525,211632681.4482134,377.0131246280734,1.0329126702138998,<$400M
7756,20.00739412020455,488765860.6546134,394.8979540866702,1.0819122029771786,$400-500M
7757,19.809501412218975,401011800.37982434,327.2315859909743,0.896524893125957,$400-500M
7758,19.95109760042407,462010234.0500112,352.53439876872494,0.9658476678595204,$400-500M
7759,20.126069907490113,550352702.2561946,291.9318430971176,0.7998132687592263,$500-750M
7760,20.014766094010984,492382343.70757276,368.98595387744524,1.0109204215820418,$400-500M
7761,19.393471006591355,264531529.5725313,312.15293085724386,0.8552135091979284,<$400M
7762,18.977381254514786,174490569.38629264,364.0954537518904,0.9975217911010695,<$400M
7763,19.637774508442742,337735805.89455396,337.9123501092687,0.9257872605733388,<$400M
7764,19.570280121919634,315692792.1434531,333.5848991586477,0.9139312305716376,<$400M
7765,19.248305843714665,228787879.92582402,323.1910484122579,0.8854549271568709,<$400M
7766,18.83343712491615,151097687.83610836,327.03234739300206,0.8959790339534303,<$400M
7767,19.400398757205107,266370500.65047368,351.7039480558401,0.9635724604269592,<$400M
7768,19.41630398315107,270641055.69138896,371.84754939759415,1.0187604093084772,<$400M
7769,19.690202253481804,355914913.590652,342.0305632444401,0.9370700362861373,<$400M
7770,19.539869698900365,306236947.6205326,405.93953448348793,1.1121631081739396,<$400M
7771,20.089714698829575,530703848.1363426,381.5351746403991,1.0453018483298604,$500-750M
7772,19.33416126456673,249298433.42190728,335.21035578522316,0.9183845363978717,<$400M
7773,20.37548463933304,706253389.2369899,352.9849647414794,0.9670820951821354,$500-750M
7774,20.584384668876364,870331445.4788728,325.17626311540687,0.89089387154906,$750M-1B
7775,19.431594455698953,274811084.9373731,360.5646172638482,0.9878482664762965,<$400M
7776,20.343321253350073,683899307.4023385,406.885652572232,1.114755212526663,$500-750M
7777,19.54740319161869,308552693.30994403,316.6020741941046,0.8674029429975468,<$400M
7778,19.46264826085931,283478902.63771516,309.6972538831288,0.8484856270770652,<$400M
7779,19.219032438491478,222187557.88643783,321.38178542900204,0.8804980422712384,<$400M
7780,19.63526764947439,336890210.1980254,319.65509394314535,0.8757673806661517,<$400M
7781,19.407516651309763,268273261.4581604,368.17396593137096,1.0086957970722492,<$400M
7782,19.922307495842098,448898559.9714827,290.28825268323095,0.7953102813239205,$400-500M
7783,19.983118518552672,477043633.04244727,369.9426988513144,1.0135416406885325,$400-500M
7784,19.89233793773423,435644864.1927899,326.00973495286553,0.8931773560352481,$400-500M
7785,19.448242254500556,279424378.63342863,326.40069704073295,0.894248485043104,<$400M
7786,19.398419897257995,265843911.9301464,327.67405183753584,0.897737128322016,<$400M
7787,18.990152506820074,176733323.37776548,313.21974681932926,0.8581362926556966,<$400M
7788,19.801415220281196,397782217.1053338,338.8175911914793,0.9282673731273406,<$400M
7789,20.41212121652635,732607918.1428308,362.9709447324946,0.994440944472588,$500-750M
7790,19.688831387834416,355427336.3400267,326.1873107262494,0.893663865003423,<$400M
7791,19.853819382425087,419183522.1813702,307.63659460272714,0.8428399852129511,$400-500M
7792,20.339992967711794,681626878.9027842,302.5472352473126,0.8288965349241441,$500-750M
7793,19.66509395968971,347089753.36275285,378.6677020255097,1.0374457589739992,<$400M
7794,19.79045878535246,393447730.74715424,330.78880851809663,0.9062707082687579,<$400M
7795,19.3645586551431,256992807.25754133,333.7356257685513,0.9143441801878118,<$400M
7796,19.282586163126084,236766779.79999962,315.477307937965,0.8643213916108631,<$400M
7797,19.32338267698916,246625778.02470136,362.85626009590334,0.9941267399887763,<$400M
7798,19.63729743795935,337574720.53796685,462.3785731133408,1.266790611269427,<$400M
7799,20.186626161400426,584709769.3980365,364.62747300147663,0.9989793780862374,$500-750M
7800,20.29295565064239,650307347.0028001,305.0532800094596,0.8357624109848208,$500-750M
7801,18.599117097546944,119534680.13251972,336.45503770207915,0.9217946238413127,<$400M
7802,19.576782156641503,317752125.3121934,332.04278265383726,0.9097062538461295,<$400M
7803,20.083350728079782,527337188.3945651,330.05373555129603,0.9042568097295781,$500-750M
7804,19.790412740930375,393429615.090837,337.4429752373101,0.9245013020200278,<$400M
7805,18.852749940933393,154044170.5388685,332.56403651309853,0.9111343466112288,<$400M
7806,19.91511265912532,445680399.08365995,323.7411579391522,0.8869620765456224,$400-500M
7807,20.27671690985417,639832454.2778952,543.8874261438547,1.4901025373804238,$500-750M
7808,19.598317733784366,324669316.23203784,314.44849133303194,0.8615027159809094,<$400M
7809,18.943408425395447,168662194.8348746,313.5893246513927,0.8591488346613498,<$400M
7810,18.394977534003647,97462430.54860348,323.6897052896498,0.8868211103826021,<$400M
7811,19.536304526502654,305147104.0022766,333.581791852969,0.9139227174053945,<$400M
7812,19.782898793122104,390484484.13365066,313.4496059917986,0.8587660438131468,<$400M
7813,19.98917616821091,479942166.529809,329.74505103096084,0.9034110987149612,$400-500M
7814,20.480412677888168,784386685.3949797,337.52931321714505,0.9247378444305344,$750M-1B
7815,19.634990830632532,336796965.54673874,303.7036758753026,0.832064865411788,<$400M
7816,20.037097897565232,503501826.4205313,327.98508082665796,0.8985892625387889,$500-750M
7817,19.66539871812213,347195548.01198393,334.7021939651085,0.916992312233174,<$400M
7818,19.30562357276021,242284587.05390596,314.2588587328823,0.8609831746106364,<$400M
7819,19.40170211028664,266717901.8073315,336.1556660898213,0.920974427643346,<$400M
7820,19.704215295404126,360937472.6732924,322.23163935842064,0.8828264092011524,<$400M
7821,20.173531026532476,577102831.7508221,340.07122205963594,0.9317019782455779,$500-750M
7822,19.856042255927676,420116350.5211436,322.39999856137905,0.8832876672914495,$400-500M
7823,19.44218547310126,277737081.2083913,333.66526756056305,0.9141514179741453,<$400M
7824,19.770782818639915,385781929.6299176,322.37790949481223,0.8832271493008554,<$400M
7825,19.819563869622094,405067334.6401221,324.69258023020825,0.8895687129594747,$400-500M
7826,19.905446549835023,441393157.4914734,406.49346150451436,1.1136807164507243,$400-500M
7827,18.806228855926694,147042005.54444265,386.92594588152457,1.0600710846069166,<$400M
7828,20.28900251711986,647741669.8028986,322.9303846468623,0.8847407798544172,$500-750M
7829,20.092097309422662,531969816.30239546,312.66471673097993,0.8566156622766573,$500-750M
7830,18.987326434584418,176234567.3317099,323.16718040549455,0.8853895353575193,<$400M
7831,20.24034660549993,616979653.9153472,313.5015988843843,0.8589084900942036,$500-750M
7832,19.29346324727796,239356168.96077862,318.93106727269105,0.8737837459525782,<$400M
7833,18.62521118145245,122694880.05316362,332.3551836526934,0.9105621469936807,<$400M
7834,19.453058016836174,280773265.38380986,319.4977501722263,0.8753363018417158,<$400M
7835,19.52515003964593,301762257.8481519,310.7081167150636,0.8512551142878455,<$400M
7836,20.488302899086072,790600150.4189482,326.3417815916617,0.8940870728538677,$750M-1B
7837,20.079164265744215,525134125.854039,430.15316055539756,1.1785018097408153,$500-750M
7838,20.259326073565543,628801430.1985942,321.48967794311824,0.880793638200324,$500-750M
7839,20.706632396221135,983504131.1293654,353.53195948219434,0.9685807109101214,$750M-1B
7840,20.421342367186785,739394648.7745169,331.3394100955723,0.907779205741294,$500-750M
7841,20.126774108857646,550740397.8736194,316.06070882129615,0.865919750195332,$500-750M
7842,19.04188205776523,186116253.9677958,347.63931029721823,0.9524364665677212,<$400M
7843,18.852510206447064,154007245.2650801,319.3561088435885,0.8749482434070919,<$400M
7844,20.057200908997466,513726154.9615717,358.5911543805171,0.9824415188507317,$500-750M
7845,19.61781099893549,331060269.19797164,311.23752877516455,0.852705558288122,<$400M
7846,20.5637324634174,852541514.6026689,326.20027149432264,0.8936993739570483,$750M-1B
7847,18.963257392976963,172043411.08761021,389.66883300375525,1.0675858438459047,<$400M
7848,20.249001426122295,622342676.6707999,535.2782113842677,1.4665156476281307,$500-750M
7849,19.751098334114943,378262264.3809693,329.03703402561433,0.9014713260975735,<$400M
7850,19.96466674429524,468322043.46604073,282.71315491632237,0.7745565888118421,$400-500M
7851,18.839857161624103,152070861.0999476,320.1911646123588,0.87723606743112,<$400M
7852,18.396336402773674,97594959.22587405,350.27696536622955,0.9596629188115878,<$400M
7853,20.13898650125081,557507492.823737,370.45502320864387,1.0149452690647778,$500-750M
7854,19.16679391858445,210878757.77411506,351.279492825592,0.9624095693851835,<$400M
7855,20.747590265430507,1024622680.7568038,325.9457511801818,0.8930020580278953,>$1B
7856,19.527087155002743,302347372.6864396,292.18803533575635,0.800515165303442,<$400M
7857,19.28336474004361,236951192.7300985,309.7998228787392,0.8487666380239429,<$400M
7858,19.254278279114708,230158389.3245834,320.82790110369734,0.8789805509690338,<$400M
7859,19.58420587181979,320119804.2007974,339.80065724764387,0.9309607047880654,<$400M
7860,20.26198728283368,630477030.9657135,387.81636874637366,1.0625105993051334,$500-750M
7861,18.974595919334888,174005230.89378437,308.3059308689817,0.8446737832026896,<$400M
7862,19.015759098978744,181317301.0613381,369.62230094900866,1.012663838216462,<$400M
7863,20.731279504590102,1008045863.0217998,326.59381723760066,0.8947775814728786,>$1B
7864,20.134230908211816,554862508.2915311,304.1790226754096,0.8333671854120811,$500-750M
7865,18.66233478042152,127335358.27015889,387.1953196308769,1.0608090948791147,<$400M
7866,19.580422267995946,318910886.16119796,325.7370885731718,0.8924303796525254,<$400M
7867,19.71128080874957,363496711.72543436,357.1774079249116,0.9785682408901688,<$400M
7868,20.272287179946577,637004437.6187161,360.93177127687386,0.9888541678818462,$500-750M
7869,20.147047705884336,562019837.8409369,340.73881326791115,0.9335309952545511,$500-750M
7870,19.546541564130838,308286950.33010554,323.0486816960947,0.8850648813591636,<$400M
7871,19.924198943285482,449748431.495367,347.52506606459633,0.952123468670127,$400-500M
7872,19.8733350902592,427444532.8736688,332.1548568548501,0.9100133064516441,$400-500M
7873,20.367853982391104,700884721.1917465,336.58131321738034,0.9221405841572065,$500-750M
7874,19.572583199716828,316420695.0905877,306.0593966007985,0.8385188947967082,<$400M
7875,20.254588718573864,625829619.4236835,353.7628372029687,0.9692132526108731,$500-750M
7876,19.596467558113243,324069176.3153191,325.3188259735573,0.8912844547220747,<$400M
7877,18.525835378026,111088237.73421845,364.1942052317841,0.9977923431007784,<$400M
7878,19.208017937135534,219753701.19383135,370.4251122033898,1.0148633211051776,<$400M
7879,19.941480965224198,457588545.1315023,351.83495461301334,0.9639313825014064,$400-500M
7880,21.51316405310163,2203172167.5092463,555.0396836267573,1.520656667470568,>$1B
7881,19.946431347179566,459859399.3687096,372.47820095957275,1.0204882218070486,$400-500M
7882,18.55745294968059,114656693.73897853,315.7676643495028,0.8651168886287748,<$400M
7883,20.044621510868993,507304265.5647944,328.7071877591018,0.9005676376961694,$500-750M
7884,19.938834425674056,456379120.05069286,321.74918723792706,0.8815046225696632,$400-500M
7885,20.232475230059904,612142238.9517674,309.4306421926012,0.8477551840893184,$500-750M
7886,20.195765790333862,590078295.5218111,315.0674355775061,0.863198453637003,$500-750M
7887,20.160037311792774,569367874.7800872,351.43398853268667,0.962832845295032,$500-750M
7888,19.544617207474385,307694266.7353503,307.11138910695934,0.8414010660464639,<$400M
7889,19.708148786909284,362360013.0971121,322.47233600171757,0.8834858520595001,<$400M
7890,19.213163840093916,220887446.98600528,297.4586821296469,0.8149552935058819,<$400M
7891,19.207340129991817,219604801.03380072,356.79082236174656,0.9775091023609495,<$400M
7892,20.087602882241438,529584281.5222178,336.8778004310116,0.9229528778931825,$500-750M
7893,19.07567914452249,192513943.82483664,342.1758872895476,0.9374681843549248,<$400M
7894,19.12711702693774,202675558.99862644,394.08946329807105,1.0796971597207425,<$400M
7895,20.836298086405282,1119668041.0547886,359.6960747237214,0.9854686978732092,>$1B
7896,19.3708249859801,258608265.4220363,366.8501802287567,1.0050689869281006,<$400M
7897,19.40344479572333,267183112.45068768,358.4594396127881,0.9820806564733922,<$400M
7898,20.70001026021805,977012750.1393366,355.34735710616053,0.9735544030305768,$750M-1B
7899,19.430741406400752,274576757.49486965,329.37557311146395,0.902398830442367,<$400M
7900,19.61191977619416,329115653.1187888,320.64963945568655,0.8784921628922919,<$400M
7901,20.23284068419058,612365989.7443894,322.89068365009854,0.8846320100002699,$500-750M
7902,20.262419640762843,630749681.6463016,360.91749543601816,0.9888150559890908,$500-750M
7903,20.360781901814683,695945493.8615208,381.9337050433447,1.0463937124475196,$500-750M
7904,19.936578584250082,455350761.46968293,308.9863721837818,0.8465380059829638,$400-500M
7905,19.82212604240376,406106517.8546563,320.9246746771125,0.8792456840468835,$400-500M
7906,19.497543253758465,293545512.61881584,330.24116402344146,0.9047703123929903,<$400M
7907,18.9827248792808,175425477.18790483,303.98282668282695,0.8328296621447314,<$400M
7908,19.55841802585736,311970136.815358,302.11897337957885,0.8277232147385721,<$400M
7909,19.23887768530492,226640968.16698682,383.05818117570306,1.049474468974529,<$400M
7910,19.601387574964612,325667530.8652381,327.6772023030097,0.8977457597342732,<$400M
7911,18.92306775986993,165266149.5435599,343.8770120764831,0.9421288002095427,<$400M
7912,20.562773235848393,851724125.3719572,310.7087107270627,0.8512567417179799,$750M-1B
7913,19.047472402235567,187159621.61400902,323.36006731253434,0.8859179926370804,<$400M
7914,20.081732478069103,526484515.0891837,330.5107205007094,0.9055088232896148,$500-750M
7915,20.03532224658995,502608576.19640356,351.43489444239896,0.9628353272394492,$500-750M
7916,19.731558105018,370942679.1581685,371.45073841062634,1.0176732559195243,<$400M
7917,18.861530387074556,155402702.61236528,342.10219096504846,0.9372662766165711,<$400M
7918,19.541255050003514,306661487.3141121,348.72921493666377,0.9554225066757911,<$400M
7919,20.249934404398807,622923579.811549,353.67161418103797,0.9689633265233917,$500-750M
7920,19.102624071845135,197771735.34975922,332.0696581622316,0.9097798853759769,<$400M
7921,19.622270344019704,332539877.77268296,358.9268334149107,0.9833611874381114,<$400M
7922,19.496325884272114,293188376.6961916,318.63080043683385,0.872961097087216,<$400M
7923,19.18425711026616,214593717.05577078,297.197589873402,0.814239972255896,<$400M
7924,19.78334463936112,390658618.9880954,392.53938667021464,1.0754503744389443,<$400M
7925,19.472789258686817,286368287.4340331,299.31105988832286,0.8200303010638983,<$400M
7926,19.680928068366217,352629351.80011135,311.1344779812752,0.8524232273459594,<$400M
7927,18.40314035140431,98261254.4639039,326.5132439366111,0.8945568327030441,<$400M
7928,19.058792024951984,189290234.0325428,337.56477381729235,0.924834996759705,<$400M
7929,19.213621227679226,220988501.27073348,343.42138012615527,0.9408804934963159,<$400M
7930,19.586074167242955,320718441.6074837,324.48099801256103,0.8889890356508522,<$400M
7931,19.802851733197578,398354047.0203076,351.035566916417,0.9617412792230603,<$400M
7932,19.337273863380428,250075608.31940818,345.6260703772355,0.9469207407595494,<$400M
7933,20.52277036956334,818325199.1719768,326.89459171807044,0.8956016211453984,$750M-1B
7934,19.629648202012742,335002382.6033123,326.3263793618509,0.8940448749639751,<$400M
7935,19.55725938483982,311608884.73974603,327.1793747869714,0.8963818487314285,<$400M
7936,18.506943138381246,109009232.49345545,292.66833486273583,0.8018310544184544,<$400M
7937,19.902259469789083,439988641.50811183,343.4862033495113,0.9410580913685241,$400-500M
7938,18.93565689204669,167359858.28059247,336.38951855697087,0.9216151193341667,<$400M
7939,19.86428892491887,423595235.89389384,297.6434941545239,0.8154616278206135,$400-500M
7940,19.91364396204466,445026310.0295366,316.6453754230448,0.8675215765014926,$400-500M
7941,19.520317272616055,300307429.4125477,342.02387598846013,0.9370517150368771,<$400M
7942,19.828342019687888,408638728.6736717,333.840264443333,0.9146308614885836,$400-500M
7943,19.614982830683655,330125297.8065849,306.3614229555055,0.8393463642616589,<$400M
7944,20.203279902825567,594528910.4831909,334.3364434979255,0.9159902561586999,$500-750M
7945,20.11224698882795,542797558.9812155,369.97478139481524,1.013629538067987,$500-750M
7946,19.372663032055392,259084036.43991354,364.3289508461878,0.9981615091676378,<$400M
7947,20.287325762048592,646656475.7297696,380.14868589374345,1.0415032490239546,$500-750M
7948,19.25825276356166,231074970.52558732,371.0029074211998,1.0164463217019173,<$400M
7949,19.075661862091327,192510616.74460477,341.1721011963243,0.9347180854693817,<$400M
7950,19.564723521712224,313943478.1294121,314.74784189394313,0.8623228545039537,<$400M
7951,19.521680726321147,300717163.9534111,314.2254701574827,0.8608916990615963,<$400M
7952,19.796604741255646,395873289.2031894,355.75766851590515,0.9746785438791922,<$400M
7953,19.87412315595464,427781520.01329106,310.8623484193167,0.8516776669022375,$400-500M
7954,19.3568954997025,255030958.0069089,311.4653126226292,0.8533296236236416,<$400M
7955,20.301896829265292,656147933.1036711,374.0240302918024,1.0247233706624723,$500-750M
7956,19.16395090205174,210280077.4116986,299.3155921505341,0.8200427182206413,<$400M
7957,19.355304645533383,254625563.49138576,326.3333923421839,0.894064088608723,<$400M
7958,19.441941728627928,277669392.57950664,355.73142096632324,0.9746066327844473,<$400M
7959,19.055655676191208,188697483.86312866,334.47472349134125,0.9163691054557295,<$400M
7960,19.230961671439054,224853957.45285165,461.2655668123978,1.2637412789380762,<$400M
7961,19.114285368814752,200091509.78920832,336.2206007248473,0.9211523307530064,<$400M
7962,19.43771572566718,276498436.8781708,352.93719439984994,0.9669512175338355,<$400M
7963,18.957625751194353,171077247.3229397,395.6473329022501,1.0839652956226031,<$400M
7964,20.215754288534846,601991743.7841902,360.9408478918435,0.9888790353201191,$500-750M
7965,19.524385969491544,301531778.3756661,307.5784925000864,0.8426808013700997,<$400M
7966,20.3501566824668,688590066.0513089,401.68533322449093,1.1005077622588793,$500-750M
7967,20.396073844999037,720945314.0436139,324.15059756931606,0.8880838289570303,$500-750M
7968,20.710858256626175,987669076.3357215,325.8384920115777,0.8927081972919938,$750M-1B
7969,19.510560457147307,297391632.81539047,326.194005744101,0.8936822075180849,<$400M
7970,18.831117454088144,150747597.1420239,342.3556078826181,0.9379605695414194,<$400M
7971,18.448403300579308,102811040.24305303,322.88552962163806,0.8846178893743508,<$400M
7972,19.833903202983205,410917574.2111531,328.4393295010579,0.8998337794549531,$400-500M
7973,20.220845715412718,605064556.5916637,355.54656883743473,0.9741001885957116,$500-750M
7974,20.227603574980577,609167345.3155533,348.65624059418354,0.9552225769703658,$500-750M
7975,19.633846659894967,336411832.68515044,371.0232793717433,1.01650213526505,<$400M
7976,20.427763186923297,744157442.686079,412.36363179371523,1.129763374777302,$500-750M
7977,19.195775602859264,217079803.6945983,305.3125463790213,0.8364727298055378,<$400M
7978,19.49102718053548,291638966.9059107,347.29685912782446,0.9514982441858204,<$400M
7979,19.065311202952607,190528281.90448886,348.1838941784928,0.9539284772013501,<$400M
7980,19.968316970708557,470034648.75598735,339.98770226842674,0.9314731568997993,$400-500M
7981,19.322238987221702,246343875.8810101,314.89416864326256,0.8627237497075687,<$400M
7982,19.930384527890247,452539010.25211155,356.3571404085669,0.9763209326262108,$400-500M
7983,19.026588574718392,183291543.082915,330.14097529867615,0.9044958227360991,<$400M
7984,19.962948170787683,467517888.8065044,367.5488110580404,1.0069830439946312,$400-500M
7985,19.65509499492332,343636508.3567125,382.852677384086,1.0489114448879069,<$400M
7986,19.110942715558554,199423789.85230577,298.4720339430132,0.8177315998438717,<$400M
7987,19.451895875464412,280447156.6849309,341.92404259831164,0.936778198899484,<$400M
7988,20.26464559987048,632155268.4538015,358.9112030306637,0.9833183644675718,$500-750M
7989,19.591240653893756,322379716.9378137,349.81444475916925,0.9583957390662171,<$400M
7990,19.448346057010955,279453385.0908429,290.66775112510226,0.796350003082472,<$400M
7991,19.94269891560867,458146204.8079477,309.5918720736283,0.8481969097907625,$400-500M
7992,19.8265942869912,407925161.1507177,346.4606467059972,0.9492072512493074,$400-500M
7993,19.96694371262494,469389612.8767399,377.5803014512097,1.0344665793183827,$400-500M
7994,19.447279142469593,279155391.2059287,313.3833069077916,0.8585844024871003,<$400M
7995,19.790355371784113,393407045.0171242,332.4049382139732,0.9106984608602006,<$400M
7996,19.748930884903135,377443287.9996544,340.2955914887898,0.932316689010383,<$400M
7997,19.505658540355938,295937410.92616016,308.33586023005097,0.8447557814521944,<$400M
7998,18.90387949755914,162125210.2694937,353.91655399194275,0.9696343944984733,<$400M
7999,19.902676654177945,440172236.19438136,328.10518970177117,0.898918327950058,$400-500M
8000,19.226161037283028,223777102.72548497,312.5007865996822,0.8561665386292664,<$400M
8001,19.766640686456835,384187274.79908603,367.03213300799996,1.0055674876931506,<$400M
8002,19.882182822379658,431243227.73328316,324.60649952846376,0.8893328754204487,$400-500M
8003,19.651653362206428,342455870.5330851,392.0700787230532,1.0741645992412416,<$400M
8004,20.040626322553617,505281532.78035426,351.0416983464619,0.9617580776615394,$500-750M
8005,19.38214581384475,261552559.55752575,372.44190250318985,1.020388773981342,<$400M
8006,20.2566981279498,627151143.6183761,388.876932991374,1.0654162547708876,$500-750M
8007,19.782299972466465,390250723.95604134,347.80657454428126,0.9528947247788527,<$400M
8008,19.680903629585828,352620734.07412755,342.9412813498053,0.9395651543830282,<$400M
8009,20.070950006079705,520838205.8420543,335.55304883507074,0.9193234214659473,$500-750M
8010,19.40581412214131,267816906.99403816,301.2563857742199,0.82535996102526,<$400M
8011,20.220955715738707,605131117.5509298,437.88490571083366,1.1996846731803663,$500-750M
8012,19.095814617357377,196429592.53524664,386.4138136016308,1.0586679824702214,<$400M
8013,20.05199917447466,511060826.06259274,322.48619547095063,0.883523823208084,$500-750M
8014,19.491272454731988,291710507.1923236,317.0535780610072,0.8686399398931705,<$400M
8015,19.686002354130373,354423241.4050729,320.72115518668176,0.8786880964018678,<$400M
8016,19.144059623859306,206138663.45160833,330.45891655673313,0.9053668946759812,<$400M
8017,20.823707635612827,1105659288.98628,329.8635923942915,0.9037358695734015,>$1B
8018,19.675411592967848,350689436.3237057,335.67266225251745,0.9196511294589519,<$400M
8019,19.886869376161265,433269015.5870427,363.54268624377323,0.9960073595719815,$400-500M
8020,18.556842080614093,114586674.89985517,300.49109647445283,0.8232632780121996,<$400M
8021,19.501835401204335,294808161.03921473,329.5835633684534,0.902968666762886,<$400M
8022,19.601336229935885,325650809.8857838,332.042376843607,0.9097051420372794,<$400M
8023,19.302404922604747,241506011.3836208,343.4240071256062,0.9408876907550854,<$400M
8024,20.124345792471694,549404648.4085922,313.24978827566065,0.8582185980155086,$500-750M
8025,19.346644185890092,252429910.480231,390.12576462758926,1.0688377113084637,<$400M
8026,18.87938068722843,158201593.70384872,330.80040780641843,0.9063024871408725,<$400M
8027,19.320245161909803,245853198.5508383,387.0530524205901,1.0604193217002469,<$400M
8028,19.689381479495502,355622907.74003595,329.60602957495547,0.9030302180135766,<$400M
8029,19.550328584575194,309456652.7592979,368.33759481930144,1.0091440953953463,<$400M
8030,19.43783466668925,276531325.84073836,357.96287839244155,0.9807202147738124,<$400M
8031,20.47769547308045,782258239.1440682,318.93705225530186,0.8738001431652106,$750M-1B
8032,19.44699941900621,279077315.8133474,328.982460902303,0.9013218106912411,<$400M
8033,19.968885121789725,470301775.3268041,327.57730299227575,0.8974720629925363,$400-500M
8034,19.375340850845593,259778746.27933377,321.68260403061225,0.8813222028235952,<$400M
8035,20.405657585178812,727887881.3595293,487.39542664946885,1.335329936025942,$500-750M
8036,19.041617538703438,186067029.18164644,320.2798799631951,0.877479123186836,<$400M
8037,19.184851525186208,214721312.6815522,335.6651046923254,0.91963042381459,<$400M
8038,20.301670593808275,655999505.9665283,319.5127130208554,0.8753772959475491,$500-750M
8039,19.353986365714434,254290116.9044593,315.44389779577534,0.864229856974727,<$400M
8040,18.744359232704667,138220284.19127512,319.1101085485342,0.8742742699959841,<$400M
8041,20.07648285480606,523727911.6266331,350.69840194542235,0.9608175395764996,$500-750M
8042,20.03958683161748,504756570.10107565,446.2734902665544,1.222667096620697,$500-750M
8043,19.309254183439666,243165826.8143812,331.3283473620406,0.907748896882303,<$400M
8044,19.163326995355295,210148923.18152776,339.25095275376145,0.9294546650787985,<$400M
8045,19.777750147342935,388479184.5609727,329.47914507426987,0.902682589244575,<$400M
8046,19.97886392700543,475018318.7313237,341.6227816424214,0.9359528264175928,$400-500M
8047,19.757742051213736,380783698.4274563,350.2897456690565,0.9596979333398808,<$400M
8048,19.64645549044095,340680447.04188234,326.30793392041124,0.893994339507976,<$400M
8049,19.39329213106091,264484215.586643,331.77005992169,0.9089590682786027,<$400M
8050,20.708416476636646,985260347.7382885,666.6160181218319,1.8263452551283066,$750M-1B
8051,19.655578426197938,343802673.1533459,351.20560301646253,0.9622071315519521,<$400M
8052,19.287630250981728,237964069.3168303,289.287043088825,0.7925672413392465,<$400M
8053,19.716330090821675,365336750.6837277,286.91141253352527,0.7860586644754117,<$400M
8054,19.455062974354796,281336768.56447184,362.9938205369767,0.9945036179095252,<$400M
8055,19.77904259019608,388981596.3059528,351.6271831391483,0.9633621455867077,<$400M
8056,19.59192254267684,322599619.0165473,348.3699883835023,0.9544383243383624,<$400M
8057,19.737849541609826,373283798.2823459,327.4387385202987,0.8970924343021883,<$400M
8058,19.938121135342413,456053705.30818915,393.0709974208681,1.0769068422489536,$400-500M
8059,19.27834500096756,235764739.90197638,321.72409879732,0.8814358871159451,<$400M
8060,19.373577593074696,259321092.98517993,314.6032293032177,0.861926655625254,<$400M
8061,19.64698770345945,340861809.8684937,329.0105085470481,0.9013986535535565,<$400M
8062,19.934152818285718,454247525.72750384,292.50377645162155,0.8013802094564973,$400-500M
8063,20.1164347199757,545075415.4221549,368.93594964807824,1.010783423693365,$500-750M
8064,19.69175869013556,356469303.9325904,366.94452780301276,1.0053274734329116,<$400M
8065,19.440148000804804,277171775.69245654,312.3516442579588,0.8557579294738598,<$400M
8066,19.15960775027767,209368779.50547633,316.92892859831426,0.8682984345159295,<$400M
8067,20.362989028477134,697483230.0816962,317.11565354434055,0.868810009710522,$500-750M
8068,19.00024601463167,178526215.6223213,332.5653939295564,0.9111380655604285,<$400M
8069,20.47479921951451,779995898.6667285,321.26402338250426,0.8801754065274089,$750M-1B
8070,19.023200832814688,182671649.25483304,316.4380216654106,0.8669534840148235,<$400M
8071,20.150577446800625,564007127.503833,633.3791267919094,1.7352852788819435,$500-750M
8072,18.916108598708657,164120028.42072815,487.7128544202982,1.3361996011515018,<$400M
8073,20.034236555036355,502063194.4222271,302.8430046553204,0.8297068620693709,$500-750M
8074,20.208972800226512,597923154.9481899,298.96720506803115,0.8190882330630991,$500-750M
8075,19.675112703556103,350584634.62721664,367.57429074250734,1.007052851349335,<$400M
8076,19.63833817285293,337926229.2107639,319.41846314568363,0.875119077111462,<$400M
8077,18.92592758819469,165739458.82821313,324.29510045266613,0.8884797272675784,<$400M
8078,19.199068617932245,217795829.05431026,304.62651792710926,0.8345931998002993,<$400M
8079,20.218545599516293,603674437.317277,342.0847434059717,0.937218475084854,$500-750M
8080,19.576193927402443,317565269.1838182,359.08939096639665,0.9838065505928675,<$400M
8081,20.46634319975969,773428046.0205337,365.3377374336657,1.0009253080374403,$750M-1B
8082,19.78031759378102,389477865.54101616,327.9633457911564,0.898529714496319,<$400M
8083,20.410042407254092,731086547.8768498,411.1796211975599,1.1265195101303012,$500-750M
8084,20.246131160237063,620558948.8282077,338.89189472286245,0.9284709444461985,$500-750M
8085,19.976388026017062,473843675.15713215,318.7836852203879,0.873379959507912,$400-500M
8086,19.639185129317376,338212559.25252366,335.915407057956,0.9203161837204273,<$400M
8087,19.819175195746524,404909926.14156806,306.3895081989609,0.8394233101341395,$400-500M
8088,20.318983552431604,667455682.2700495,413.3622818765016,1.1324994024013741,$500-750M
8089,19.539420508301546,306099419.75307566,296.54382132959955,0.8124488255605468,<$400M
8090,19.292828172786926,239204208.22190213,321.42944382216126,0.8806286132114007,<$400M
8091,19.36354100846546,256731412.40741754,347.70118914495146,0.9526059976574013,<$400M
8092,19.52332476539788,301211961.34366983,310.4249830759652,0.8504794056875759,<$400M
8093,20.09664771157871,534396008.7907899,347.4731155776886,0.9519811385690098,$500-750M
8094,18.9081250345307,162814982.0334071,310.02859579198275,0.8493934131287199,<$400M
8095,19.541878210535636,306852646.20488006,330.4635157123185,0.9053794951022425,<$400M
8096,19.930980002973058,452808566.20567834,388.1409315825085,1.0633998125548176,$400-500M
8097,19.42535869930738,273102761.83697253,325.4649439057018,0.8916847778238405,<$400M
8098,19.699776644692065,359338947.5749451,325.6552612371448,0.8922061951702598,<$400M
8099,19.216779117721014,221687461.6974798,345.1322525552367,0.9455678152198265,<$400M
8100,20.59140263726282,876460887.0052226,346.54738820245296,0.9494448991848027,$750M-1B
8101,20.059031101596844,514667233.68345875,341.07284851680237,0.9344461603200065,$500-750M
8102,20.507752434576435,806127466.167168,370.11715782565244,1.0140196104812396,$750M-1B
8103,18.874854276987154,157487126.59539613,348.2075928227618,0.953993404993868,<$400M
8104,19.68998383600946,355837184.04391086,324.46942375685853,0.8889573253612563,<$400M
8105,19.39662475132037,265367111.40291038,301.765528090399,0.8267548714805453,<$400M
8106,19.808448169314403,400589659.89368474,331.48119394880865,0.9081676546542703,$400-500M
8107,18.608885021711604,120708006.97778305,335.6553069771352,0.9196035807592745,<$400M
8108,20.092306834162258,532081288.817346,342.8852048309114,0.9394115200846888,$500-750M
8109,18.718103598286444,134638450.36170813,314.2888642945333,0.8610653816288584,<$400M
8110,19.654975151053335,343595328.0953331,323.7913117354154,0.8870994842066174,<$400M
8111,19.663595636869722,346570090.2734574,320.7511323129081,0.8787702255148168,<$400M
8112,19.325806563659825,247224296.03757915,304.92383774917994,0.8354077746552875,<$400M
8113,19.319788648942332,245740988.99211368,315.7832329687844,0.8651595423802312,<$400M
8114,19.746659269395536,376586855.08482355,366.96563200889034,1.005385293175042,<$400M
8115,19.807119137703786,400057617.20189106,404.9759615713158,1.1095231823871665,$400-500M
8116,20.54452791732467,836325055.0643611,364.3339328580133,0.998175158515105,$750M-1B
8117,19.34872893787631,252956713.17316675,303.15736773521036,0.8305681307813982,<$400M
8118,19.154855988183428,208376268.83011833,336.2588690972371,0.9212571756088688,<$400M
8119,19.981501799234753,476273010.4934513,338.765783469441,0.928125434162852,$400-500M
8120,19.046154776241753,186913177.62773433,339.3489933753631,0.9297232695215427,<$400M
8121,19.77491035552498,387377549.49866575,326.93225386177056,0.8957048051007412,<$400M
8122,18.316237299735203,90082574.28713275,328.8096586558551,0.9008483798790551,<$400M
8123,18.949369017000123,169670523.42953378,351.06090091968406,0.9618106874511893,<$400M
8124,19.116074334788504,200449787.0692369,315.59021724853415,0.8646307321877648,<$400M
8125,20.28338221978905,644111380.2344853,346.03048540442745,0.9480287271354176,$500-750M
8126,19.362076032206275,256355582.34153125,329.2470878653265,0.9020468160693876,<$400M
8127,20.825626566906642,1107783010.182063,453.0467551639461,1.2412239867505372,>$1B
8128,19.044826485307453,186665067.3661754,356.7504851774814,0.9773985895273463,<$400M
8129,20.769985150862784,1047827857.1018779,295.1174111513593,0.8085408524694776,>$1B
8130,18.880085349085583,158313111.6192688,365.06299411313944,1.000172586611341,<$400M
8131,20.25576340491625,626565204.8867955,339.2080637361586,0.9293371609209824,$500-750M
8132,19.85286026728343,418781669.6603368,354.6818677880986,0.9717311446249277,$400-500M
8133,19.598489942732527,324725232.0079466,296.5441833346621,0.8124498173552386,<$400M
8134,20.527326511547287,822062111.455552,353.3787539850667,0.9681609698221005,$750M-1B
8135,20.008882024031692,489493638.54674596,393.64674777502637,1.0784842404795243,$400-500M
8136,20.50767778611572,806067292.2386527,324.02586392258536,0.8877420929385901,$750M-1B
8137,20.07603975922868,523495901.5103662,340.20851213930376,0.9320781154501473,$500-750M
8138,19.45231960311547,280566015.0798946,322.0344970756807,0.8822862933580293,<$400M
8139,19.731133020370507,370785030.62951714,304.0383692910503,0.8329818336741104,<$400M
8140,20.26345714590604,631404427.2773287,387.8000317596723,1.0624658404374585,$500-750M
8141,19.924767827616325,450004359.12057155,340.07695375455245,0.9317176815193218,$400-500M
8142,19.254396586754492,230185620.43119317,327.61255516275565,0.8975686442815224,<$400M
8143,19.800244510099336,397316801.8999223,321.581551599758,0.881045346848652,<$400M
8144,19.47148714523086,285995646.0969067,317.16404344283325,0.8689425847748856,<$400M
8145,19.610781487847074,328741237.7427573,370.86078845298186,1.0160569546657037,<$400M
8146,19.04165620965008,186074224.70893148,338.30139992966764,0.9268531504922402,<$400M
8147,19.072148055163105,191835358.66376778,325.7243109378712,0.8923953724325239,<$400M
8148,19.47300195446135,286429203.2367677,352.56499036696647,0.9659314804574424,<$400M
8149,19.844886543500774,415455698.11260384,436.7529186184467,1.196583338680676,$400-500M
8150,20.105447595935885,539119383.9660692,343.7045808072775,0.9416563857733631,$500-750M
8151,19.567781704417115,314905044.21751183,298.35910862638235,0.8174222154147461,<$400M
8152,19.70596407059159,361569223.40372854,363.5943736109323,0.9961489687970747,<$400M
8153,20.11466685495351,544112646.9338896,430.6277533333964,1.1798020639271134,$500-750M
8154,19.3036796648218,241814065.59514296,359.24952167241713,0.9842452648559373,<$400M
8155,20.670672581839398,948765839.6702857,321.386884977137,0.8805120136359919,$750M-1B
8156,19.97656106407982,473925675.2430951,383.90494899463044,1.0517943808072068,$400-500M
8157,20.037068448900143,503486999.1821958,385.07901539062544,1.0550110010702067,$500-750M
8158,20.155634176990304,566866382.5205401,327.2657760780048,0.8966185645972735,$500-750M
8159,19.155259274300143,208460321.03379455,326.4828818918318,0.8944736490187173,<$400M
8160,20.23302814391059,612480794.4616644,308.72861473451087,0.8458318211904408,$500-750M
8161,19.45304395626865,280769317.58010757,341.5221476915604,0.9356771169631792,<$400M
8162,19.089640995350667,195220646.1089068,321.2934598355527,0.88025605434398,<$400M
8163,19.170599537065677,211682810.86123565,358.45668142428747,0.9820730997925684,<$400M
8164,18.935884604708637,167397972.5788139,321.8028936287915,0.881651763366552,<$400M
8165,18.958483809707094,171224104.60840285,320.1028936168108,0.8769942290871529,<$400M
8166,18.596728872979817,119249545.09158345,357.4537618752494,0.9793253750006834,<$400M
8167,19.03134207117921,184164892.8723268,316.941068262853,0.8683316938708301,<$400M
8168,19.29178210344046,238954114.8624399,351.5406374031864,0.9631250339813325,<$400M
8169,19.662436031737368,346168438.7416525,338.2054951747335,0.926590397738996,<$400M
8170,20.04511693587401,507555659.0512746,364.94229340125077,0.9998418997294541,$500-750M
8171,19.871138081559494,426506464.3659656,396.8235288535054,1.0871877502835765,$400-500M
8172,19.362378414076097,256433111.34295055,316.8070944440277,0.8679646423124047,<$400M
8173,19.02828677022582,183603072.4019052,315.93628893149696,0.8655788737849232,<$400M
8174,19.97853099267821,474860195.1508033,332.1939516698818,0.9101204155339228,$400-500M
8175,20.53077253611775,824899844.3304892,375.95470024085586,1.030012877372208,$750M-1B
8176,19.970390528344545,471010303.88008016,343.7354662517057,0.9417410034293306,$400-500M
8177,19.357006426978675,255059249.46553916,304.95221349494733,0.8354855164245132,<$400M
8178,20.348185135981403,687233816.1209096,374.3846559110817,1.0257113860577582,$500-750M
8179,20.170310757972164,575247394.7518109,374.45438591952086,1.0259024271767694,$500-750M
8180,19.358728847690333,255498947.36319602,358.9058656222211,0.9833037414307427,<$400M
8181,19.26647768113976,232983380.61182112,342.77576692155645,0.9391116901960451,<$400M
8182,20.03149954364153,500690920.5594394,362.68565053463607,0.9936593165332495,$500-750M
8183,18.651091696300274,125911734.08505331,319.30688763926446,0.8748133907925054,<$400M
8184,19.81210273633349,402056320.02441514,437.4727427069093,1.1985554594709844,$400-500M
8185,19.774637612281136,387271909.29620373,407.61714980895175,1.1167593145450734,<$400M
8186,19.849688554487763,417455518.67683643,322.84471011288264,0.8845060551037881,$400-500M
8187,19.950801466385474,461873437.3496088,327.8059117722191,0.8980983884170386,$400-500M
8188,19.25743142190651,230885256.94732925,329.86405736991827,0.9037371434792282,<$400M
8189,19.84501530242,415509195.18331707,368.57200525636404,1.0097863157708604,$400-500M
8190,19.474276616978887,286794536.59496593,344.4630706082372,0.9437344400225677,<$400M
8191,19.341146823658196,251046019.18523726,316.7004962901786,0.8676725925758317,<$400M
8192,19.263869937522863,232376611.1815939,342.9106450920749,0.9394812194303422,<$400M
8193,20.079821003417585,525479114.4891771,365.74542299540764,1.0020422547819388,$500-750M
8194,19.951342191240677,462123251.3313693,306.13212836039236,0.8387181598914859,$400-500M
8195,19.34865655161474,252938403.24506328,333.4259287725069,0.9134956952671421,<$400M
8196,19.83575730186416,411680162.76449287,346.83843560493466,0.9502422893285881,$400-500M
8197,20.115686467848676,544667714.1338764,319.4871541731809,0.8753072717073449,$500-750M
8198,20.16894003070439,574459427.6294953,310.9249586328583,0.8518492017338584,$500-750M
8199,19.20354739072765,218773474.7807241,517.381691157179,1.4174840853621344,<$400M
8200,19.638929919069955,338126254.95493513,348.9649946090559,0.9560684783809751,<$400M
8201,19.84364499865124,414940211.29661876,320.1341709280746,0.8770799203508892,$400-500M
8202,21.39398020898927,1955633871.9121146,436.9011438267024,1.1969894351416506,>$1B
8203,19.897718395173147,437995149.9794555,374.4243436952921,1.0258201197131291,$400-500M
8204,20.070255323627993,520476514.32519495,313.7620489020068,0.8596220517863201,$500-750M
8205,19.191187233689856,216086043.02990323,323.1264135648471,0.8852778453831427,<$400M
8206,19.51784592864944,299566182.7737098,403.90567210138596,1.1065908824695505,<$400M
8207,19.457783720007587,282103256.59117275,347.51404144268963,0.9520932642265469,<$400M
8208,19.514641023891855,298607638.53129524,363.8513562474153,0.9968530308148364,<$400M
8209,19.33308318586136,249029814.91151723,297.7558965732245,0.8157695796526698,<$400M
8210,19.811105265147205,401655480.37616146,338.05819509463623,0.9261868358757157,$400-500M
8211,20.53466420426242,828116335.4757749,299.3611868343902,0.8201676351627128,$750M-1B
8212,19.377704784665678,260393572.4612919,338.9597646232091,0.928656889378655,<$400M
8213,20.697813638395157,974868978.0014676,293.40197181923537,0.8038410186828366,$750M-1B
8214,19.882641420542082,431441040.43988466,353.30849733772516,0.9679684858567813,$400-500M
8215,19.33919470818223,250556426.39231664,357.9555348567107,0.9807000954978375,<$400M
8216,19.81959541510407,405080112.88597363,314.30151460487167,0.8611000400133471,$400-500M
8217,18.737805694249335,137317413.97230613,355.22592962333846,0.9732217249954478,<$400M
8218,19.616601295028094,330660026.4331667,322.37974964165664,0.8832321907990593,<$400M
8219,20.653787191934924,932880054.8146989,351.46785302634686,0.9629256247297174,$750M-1B
8220,20.451453875305432,761997532.3847337,398.9090282465888,1.0929014472509282,$750M-1B
8221,19.642873980993016,339462479.185695,368.4618165250911,1.009484428835866,<$400M
8222,19.352944855933874,254025409.13239872,299.23804519777156,0.8198302608158125,<$400M
8223,18.583526065134667,117685464.1124809,333.66252880425566,0.9141439145322073,<$400M
8224,19.96720523001693,469512382.4766201,409.277969670016,1.1213095059452494,$400-500M
8225,19.941636154053622,457659563.27264786,413.2657343637652,1.13223488866785,$400-500M
8226,19.78441125726852,391075524.76684827,318.95969907237867,0.8738621892393936,<$400M
8227,19.82416039455979,406933522.44890237,302.3717275261223,0.8284156918523898,$400-500M
8228,18.83438664866027,151241226.81444028,321.66521321878406,0.881274556763792,<$400M
8229,20.264416724662784,632010600.3415413,315.90008987348176,0.8654796982835117,$500-750M
8230,19.597991403607658,324563384.12206215,300.7465383461542,0.8239631187565868,<$400M
8231,19.84552915308774,415722759.7261566,300.9556091245425,0.8245359154097055,$400-500M
8232,19.83089606525514,409683744.5482629,463.69424413950264,1.270395189423295,$400-500M
8233,19.779295440904157,389079963.0135291,354.12124368982415,0.970195188191299,<$400M
8234,19.107844387034014,198806865.6461878,363.42744949602786,0.9956916424548709,<$400M
8235,19.66158858260913,345875202.8688095,365.70300589615493,1.0019260435511095,<$400M
8236,19.659256518877243,345069539.6465648,335.97332621334374,0.9204748663379281,<$400M
8237,19.673431111765574,349995589.78902996,287.04737266901463,0.7864311579973003,<$400M
8238,19.647891845235588,341170136.6352375,402.1622238501534,1.1018143119182284,<$400M
8239,19.33540812243218,249609467.00150046,360.10119991251923,0.9865786298973129,<$400M
8240,19.676375487643003,351027626.96790785,331.8240361979553,0.9091069484875488,<$400M
8241,19.228783089289855,224364627.85087493,353.95011360623045,0.9697263386472067,<$400M
8242,19.81617252182915,403695937.186058,322.3749045631471,0.8832189166113619,$400-500M
8243,19.435884359963104,275992530.5148202,324.8645959468185,0.8900399888953932,<$400M
8244,20.556057267922682,846023138.714373,368.2143227358858,1.0088063636599611,$750M-1B
8245,19.801672505332704,397884573.6903954,339.56601003815865,0.9303178357209826,<$400M
8246,19.43312943941436,275233239.3947845,324.33572605986245,0.8885910303009931,<$400M
8247,19.938122651975725,456054396.9749549,308.83422969756094,0.8461211772535916,$400-500M
8248,20.041098196120096,505520018.0423236,317.28437650203165,0.8692722643891279,$500-750M
8249,19.320559762053797,245930556.17022493,304.7595594144237,0.8349576970258183,<$400M
8250,18.98411528502428,175669559.42629084,318.2462684980773,0.8719075849262392,<$400M
8251,19.910996964633103,443849884.2237402,338.1310098725093,0.9263863284178337,$400-500M
8252,19.984525592021217,477715340.9421983,311.2092027752169,0.8526279528088134,$400-500M
8253,19.58604596306691,320709396.1356557,325.6055312884755,0.8920699487355493,<$400M
8254,20.1145912174455,544071493.1656039,359.55351307817466,0.9850781180223963,$500-750M
8255,19.677544975326583,351438389.5983449,350.565038848135,0.9604521612277671,<$400M
8256,19.734536228874877,372049039.02114207,381.8885035186448,1.0462698726538215,<$400M
8257,19.099806280736537,197215240.3239383,323.1480693116976,0.8853371761964318,<$400M
8258,20.45130630984087,761885096.1609278,378.94905007905834,1.038216575559064,$750M-1B
8259,19.391751224334946,264076983.91352367,459.64644801918683,1.259305337038868,<$400M
8260,18.97075445407865,173338078.08748835,302.9748665654365,0.8300681275765384,<$400M
8261,20.396373769676355,721161575.7637845,304.8121610769968,0.8351018111698543,$500-750M
8262,19.888963350639553,434177220.3949069,352.22222521596143,0.9649923978519491,$400-500M
8263,19.17631028140629,212895135.61898798,342.4836831827565,0.9383114607746754,<$400M
8264,20.5911809475654,876266606.1922058,332.86123655219757,0.9119485932936919,$750M-1B
8265,19.583328472158417,319839054.37590414,375.8485532692558,1.0297220637513858,<$400M
8266,19.905483222407657,441409344.81091505,287.2454104451203,0.7869737272469048,$400-500M
8267,19.00818402951662,179948998.9458482,302.570211138011,0.8289594825698932,<$400M
8268,19.102479375054404,197743120.48464638,361.9086180136193,0.9915304603112857,<$400M
8269,19.253652988937322,230014518.52968094,327.71273088335903,0.8978430983105726,<$400M
8270,20.500624603398627,800401955.1592977,316.79070323282434,0.8679197348844503,$750M-1B
8271,19.947916189263914,460542725.14766526,362.8469025688825,0.9941011029284452,$400-500M
8272,19.856533538679756,420322797.145702,325.0705092927318,0.8906041350485803,$400-500M
8273,19.40117429576498,266577161.371262,310.3371306390867,0.8502387140796895,<$400M
8274,19.61396192395921,329788442.6482501,332.02189328061735,0.9096490226866228,<$400M
8275,19.928313310162764,451602673.44513243,338.1972727183739,0.9265678704612983,$400-500M
8276,19.977158696091596,474208993.0492853,361.7743175128906,0.9911625137339468,$400-500M
8277,19.55036343668779,309467438.1653491,311.7017703997528,0.8539774531500076,<$400M
8278,19.61080266146542,328748198.4579516,322.0401194854566,0.8823016972204291,<$400M
8279,19.49713636455037,293426096.41387695,325.58876569606605,0.8920240156056604,<$400M
8280,19.326267969715172,247338393.1453238,327.2120385917348,0.8964713386074926,<$400M
8281,19.765749313985136,383844973.4200307,346.7770764410401,0.9500741820302468,<$400M
8282,20.117256318154165,545523432.4103608,383.6847391657718,1.051191066207594,$500-750M
8283,20.050776279974993,510436234.5719935,317.2304860647516,0.8691246193554838,$500-750M
8284,19.728992944440982,369992370.9888742,330.29684470663335,0.9049228622099544,<$400M
8285,18.73643756835276,137129674.91681525,356.3469564502094,0.9762930313704368,<$400M
8286,19.959660450280044,465983344.6142463,299.0577959133774,0.819336427159938,$400-500M
8287,19.631276112931253,335548180.77454597,331.06424237934885,0.9070253215872571,<$400M
8288,19.01423577241182,181041305.8683642,316.27231232604925,0.8664994858247924,<$400M
8289,18.751795492872233,139251957.32575992,342.7312273888831,0.9389896640791318,<$400M
8290,19.557406984453,311654881.4850641,340.5134388525762,0.9329135311029485,<$400M
8291,19.718103267148898,365985131.838678,369.5463932155774,1.0124558718234997,<$400M
8292,19.15303125352971,207996384.13116628,305.3713506561643,0.8366338374141488,<$400M
8293,20.007991548229416,489057950.31995356,305.85244106080603,0.8379518933172768,$400-500M
8294,19.591928073440833,322601403.24383825,339.887499479015,0.9311986287096301,<$400M
8295,19.667862890325058,348052152.60753953,365.7043265703586,1.001929661836599,<$400M
8296,19.873720477052736,427609296.09835345,328.8285577642861,0.900900158258318,$400-500M
8297,20.07846445630044,524766760.59135133,333.5248104407622,0.9137666039472938,$500-750M
8298,19.67526167399155,350636865.2632117,366.21182530307124,1.003320069323483,<$400M
8299,19.878822943034884,429796733.902983,319.3743729770587,0.874998282128928,$400-500M
8300,19.94775952301978,460470579.3002101,318.2598480885392,0.8719447892836689,$400-500M
8301,19.873715946623232,427607358.84897065,326.5757424296357,0.8947280614510567,$400-500M
8302,20.24740649550307,621350874.4182644,333.780173575839,0.9144662289749014,$500-750M
8303,19.204675110214122,219020329.0563847,327.7091271235033,0.8978332249958995,<$400M
8304,19.657755428602783,344551947.6899049,448.7226408458857,1.229377098207906,<$400M
8305,19.862694308019123,422920302.0455637,352.73968981269104,0.9664101090758659,$400-500M
8306,20.082230837095413,526746958.7896523,352.12512249721937,0.9647263630060805,$500-750M
8307,19.882450213595977,431358553.8023779,343.32529617559555,0.9406172497961522,$400-500M
8308,19.35354156455255,254177033.5166803,314.92676200296864,0.8628130465834757,<$400M
8309,19.55322591615853,310354551.41996574,347.27719677307925,0.951444374720765,<$400M
8310,20.514016584029445,811193018.2168036,425.5521620227881,1.1658963343090085,$750M-1B
8311,20.018760374464293,494352989.9153937,333.1973465545523,0.9128694426152119,$400-500M
8312,19.243388061016443,227665512.88895714,310.24014789647885,0.8499730079355585,<$400M
8313,19.858759331186825,421259390.42261934,344.14994540298864,0.9428765627479141,$400-500M
8314,19.43639495447911,276133486.7700424,332.5239809997482,0.9110246054787621,<$400M
8315,19.578937856764195,318437842.4424191,356.12009372817727,0.9756714896662391,<$400M
8316,19.646643036072515,340744346.16329795,311.3939748401468,0.8531341776442378,<$400M
8317,20.198214873999703,591525217.7304932,312.673717599036,0.8566403221891398,$500-750M
8318,19.58339106427672,319859074.4063755,361.6796835781288,0.9909032426798049,<$400M
8319,19.657710676303036,344536528.5428873,326.39918140179407,0.894244332607655,<$400M
8320,19.635964608953138,337125090.8649663,321.352637633111,0.8804181852961945,<$400M
8321,20.154071771137595,565981398.6987658,393.8881164354646,1.0791455244807249,$500-750M
8322,19.85279920771278,418756099.8120422,308.7628083692976,0.8459255023816372,$400-500M
8323,19.73254266283006,371308073.5171792,374.7238664331597,1.0266407299538622,<$400M
8324,20.239342216190654,616360277.2466346,334.23724272190077,0.915718473210687,$500-750M
8325,19.393548690981444,264552080.34129202,391.59085201866844,1.072851649366215,<$400M
8326,19.84508383675599,415537672.80594355,299.42907292867574,0.8203536244621253,$400-500M
8327,19.906730664577736,441960321.02593356,328.1255509696551,0.8989741122456304,$400-500M
8328,18.382387555565092,96243072.60097371,323.11046853608457,0.8852341603728344,<$400M
8329,19.152072941778986,207797154.22956997,338.23096549019056,0.9266601794251796,<$400M
8330,20.070680073458817,520697633.59346384,307.72004468902946,0.8430686155863821,$500-750M
8331,19.883329495075717,431738006.1881441,301.6288826697283,0.826380500465009,$400-500M
8332,19.42279596713099,272403768.65047574,428.3284770912064,1.1735026769622094,<$400M
8333,20.337171304273216,679706268.1926332,305.5892119686279,0.8372307177222683,$500-750M
8334,19.35416739669783,254336155.46146703,371.91433387733076,1.0189433804858377,<$400M
8335,20.63873360485878,918942035.4792616,443.1622587583586,1.2141431746804345,$750M-1B
8336,18.731511862703464,136455875.3339396,324.5006900634998,0.889042986475342,<$400M
8337,19.88197632282903,431154185.3944624,322.27590087502335,0.882947673630201,$400-500M
8338,18.74226627038035,137931296.86928737,335.5879984445475,0.9194191738206781,<$400M
8339,19.47498272710886,286997116.6359687,308.8935264601229,0.8462836341373231,<$400M
8340,20.015548490584013,492767732.70976764,376.26096366610517,1.0308519552496032,$400-500M
8341,19.203686971731774,218804013.53327495,314.2858042742426,0.8610569980116235,<$400M
8342,19.30547762489846,242249228.71679014,327.9346338391862,0.8984510516142087,<$400M
8343,19.4584391618261,282288219.472263,352.8650914308224,0.9667536751529381,<$400M
8344,19.614687642599886,330027863.1340065,342.5355673141057,0.9384536090797417,<$400M
8345,19.844087512936955,415123868.90039515,354.02013153102223,0.9699181685781431,$400-500M
8346,20.184687333187934,583577215.8691527,364.4852066859221,0.9985896073586906,$500-750M
8347,20.690788266282432,968044162.1756049,432.954646550554,1.1861771138371342,$750M-1B
8348,19.952588910266453,462699748.4713627,384.91137366744135,1.0545517086779215,$400-500M
8349,19.932395793920595,453450102.5081628,323.21645496044084,0.8855245341381941,$400-500M
8350,19.09512095855394,196293384.6654849,334.78039582109835,0.9172065638934201,<$400M
8351,20.032579745104353,501232059.84135365,421.7713424764165,1.155537924592922,$500-750M
8352,19.336708188372857,249934186.800859,350.4420364699625,0.9601151684108561,<$400M
8353,19.905242163310145,441302951.89662683,323.9601887124046,0.887562160855903,$400-500M
8354,20.284039626148072,644534962.3693086,371.4304195039147,1.0176175876819582,$500-750M
8355,19.84676712520649,416237731.60647345,315.30657544497683,0.8638536313561009,$400-500M
8356,20.182247887048913,582155345.676073,350.08749596081464,0.9591438245501771,$500-750M
8357,19.31184366199712,243796315.4749497,341.17696986240145,0.9347314242805519,<$400M
8358,19.11739431823586,200714552.17452964,323.9465061409831,0.8875246743588578,<$400M
8359,19.802674701337054,398283531.9041117,323.37141971683695,0.8859490951146218,<$400M
8360,18.765699105289496,141201584.59286186,316.30913211779915,0.866600361966573,<$400M
8361,19.477738155493007,287789007.1350672,317.9719572093906,0.8711560471490154,<$400M
8362,19.653697739859584,343156695.7936555,317.84834686716425,0.8708173886771623,<$400M
8363,20.220647866600242,604944857.1292592,316.19463503425123,0.8662866713267157,$500-750M
8364,19.239505153795683,226783222.8587285,357.9275730085771,0.9806234876947317,<$400M
8365,19.494138677702782,292547813.92953986,322.62623835188344,0.8839075023339272,<$400M
8366,19.851708161529462,418299466.7167958,344.72375276112655,0.9444486377017166,$400-500M
8367,20.9558372670972,1261840576.6025958,331.3878477350875,0.9079119116029795,>$1B
8368,19.356116647530374,254832403.9234827,329.595388119183,0.9030010633402273,<$400M
8369,19.31146734151814,243704587.18943498,321.0928793330726,0.8797065187207468,<$400M
8370,19.259816014864015,231436481.26665097,304.8983256375849,0.8353378784591367,<$400M
8371,19.162796958316545,210037565.982915,330.0812165198097,0.9043321000542731,<$400M
8372,19.96462680189958,468303337.9352589,292.9869844531393,0.8027040669949023,$400-500M
8373,20.094285416244084,533135097.5011781,328.6102023435792,0.9003019242289841,$500-750M
8374,19.225313161077782,223587447.8580917,290.47634458425773,0.7958256016007061,<$400M
8375,19.42347101543662,272587716.43278384,323.9222598786855,0.887458246242974,<$400M
8376,19.432386259688272,275028767.620371,350.8356378087847,0.9611935282432458,<$400M
8377,19.617628909748674,330999992.1908288,454.97561287132476,1.2465085284145885,<$400M
8378,18.981703873317805,175246458.1349469,300.53365807973637,0.8233798851499626,<$400M
8379,19.68786405805226,355083687.13004696,345.2903913461076,0.9460010721811166,<$400M
8380,19.12161854557778,201564209.3829049,406.9871921009495,1.1150334030163,<$400M
8381,19.206773147752155,219480324.30325258,330.63828651451644,0.9058583192178532,<$400M
8382,19.08091172218398,193523928.09294462,347.5040677161373,0.9520659389483214,<$400M
8383,19.858119541931536,420989959.38966817,335.21196536153013,0.918388946195973,$400-500M
8384,20.022980311330457,496443536.20677227,317.72596070918945,0.8704820841347656,$400-500M
8385,19.727355657886825,369387083.1047871,327.08536457977226,0.896124286519924,<$400M
8386,19.412001991053554,269479260.81651706,379.91532212457827,1.0408638962317214,<$400M
8387,19.87885743739336,429811559.72129667,361.0312752539765,0.9891267815177438,$400-500M
8388,19.760523142597165,381844166.63608885,410.41099807958454,1.1244136933687248,<$400M
8389,19.768431761837476,384875999.763582,359.0870197095249,0.9838000539986983,<$400M
8390,20.196259500749516,590369695.249983,353.6594807024351,0.9689300841162605,$500-750M
8391,20.162371476235563,570698425.2859998,365.51777637650275,1.001418565415076,$500-750M
8392,19.521160948863876,300560898.5657048,328.242788388939,0.8992953106546274,<$400M
8393,19.771204998564315,385944833.4007346,337.7573187905266,0.9253625172343194,<$400M
8394,18.832768903817346,150996754.89963058,339.7122763987059,0.9307185654759066,<$400M
8395,19.009897227500133,180257551.43826327,328.77082404516517,0.900741983685384,<$400M
8396,19.83295576498284,410528439.65586936,356.63123946269513,0.9770718889388907,$400-500M
8397,19.471881477119712,286108445.53898257,466.0588296991975,1.2768735060251986,<$400M
8398,19.18621897781832,215015134.753847,337.77614763853364,0.9254141031192703,<$400M
8399,19.24426514023058,227865281.17158607,344.58606906384136,0.9440714220927161,<$400M
8400,19.164681408439804,210433744.47208127,363.04499036087185,0.9946438092078681,<$400M
8401,19.6104292078475,328625449.17586064,392.56240356555946,1.0755134344261903,<$400M
8402,20.070751335300088,520734740.78772676,323.9182727262457,0.8874473225376593,$500-750M
8403,19.71573712989009,365120184.4776954,332.8318875532777,0.9118681850774731,<$400M
8404,19.20552107688249,219205691.3485672,321.46326040050013,0.8807212613712332,<$400M
8405,20.084155688873864,527761845.0495327,312.9602586321071,0.857425366115362,$500-750M
8406,19.93093991120678,452790412.67438,322.01994482107045,0.8822464241673164,$400-500M
8407,20.258606959520346,628349412.8040065,325.5803300741742,0.892000904312806,$500-750M
8408,19.42055812243761,271794852.9058959,316.7891279002587,0.8679154189048183,<$400M
8409,20.15879155659693,568659023.4110446,334.0499709578131,0.9152053998844195,$500-750M
8410,19.396112408630803,265231187.32615817,340.0569292186507,0.9316628197771252,<$400M
8411,19.974654929380655,473023169.4907141,306.0221122149906,0.8384167457944949,$400-500M
8412,19.28193765706271,236613284.88426498,343.7562410980036,0.9417979208164483,<$400M
8413,19.12860677010399,202977718.541785,339.85011557002576,0.9310962070411665,<$400M
8414,19.117888937981284,200813854.11155412,336.77958065544004,0.9226837826176439,<$400M
8415,20.201301238786325,593353700.5639538,370.3360292250163,1.0146192581507296,$500-750M
8416,19.1123653864939,199707706.19382143,325.6473330127303,0.8921844740074804,<$400M
8417,20.09215486755414,532000436.37223256,380.2984744865395,1.041913628730245,$500-750M
8418,19.103363689554133,197918064.9348688,332.42339321830724,0.9107490225159103,<$400M
8419,20.336738395474594,679412081.0513494,388.3349989275951,1.0639315039112194,$500-750M
8420,20.977409896056177,1289357534.588013,444.47683804883036,1.2177447617776174,>$1B
8421,19.507717135521922,296547253.74409837,348.81381856857,0.955654297448137,<$400M
8422,19.368643875630138,258044826.9418566,295.264973322725,0.8089451323910274,<$400M
8423,20.450308507666506,761125264.6991464,335.4350775295318,0.9190002124096761,$750M-1B
8424,19.450086345185266,279940137.934448,356.6914877994907,0.977236952875317,<$400M
8425,19.945525195204453,459442885.6065823,326.8067129462729,0.8953608573870491,$400-500M
8426,18.904891551026996,162289372.70734426,318.0284310095728,0.8713107698892405,<$400M
8427,19.87367888518963,427591511.40089935,337.20167116804095,0.9238401949809341,$400-500M
8428,18.99690802102626,177931289.73797342,342.1516494612711,0.9374017793459483,<$400M
8429,19.792583508918618,394284587.1421473,345.44348979478536,0.9464205199857133,<$400M
8430,19.34415850750264,251803230.0930183,378.3050541608715,1.03645220318047,<$400M
8431,20.357380959407703,693582643.5548791,347.96149093077497,0.9533191532349999,$500-750M
8432,20.075671232984448,523303015.0759504,311.50423360061353,0.8534362564400371,$500-750M
8433,19.436285172862142,276103174.05328614,315.44968556477323,0.8642457138760911,<$400M
8434,20.103890132776435,538280378.9163215,307.23646269111515,0.8417437334003155,$500-750M
8435,19.483798728664905,289538469.48828936,333.13506236416447,0.9126988009977108,<$400M
8436,19.515708340036234,298926517.42675996,412.3237728177084,1.1296541721033106,<$400M
8437,20.163636046615213,571420570.115576,329.7133045624497,0.9033241220889033,$500-750M
8438,19.062552607395805,190003415.712201,348.6102485131541,0.9550965712689153,<$400M
8439,19.48921204627522,291110083.16815937,313.28924420095944,0.8583266964409848,<$400M
8440,19.028348932560988,183614485.95237273,314.3759117386406,0.8613038677770974,<$400M
8441,19.648464400612124,341365531.3630947,316.20833979329507,0.8663242186117673,<$400M
8442,19.688110479878976,355171198.282753,317.9667071410381,0.8711416634001045,<$400M
8443,19.661335129955166,345787550.9889718,393.1555123836169,1.077138390092101,<$400M
8444,19.758685833572276,381143245.004622,317.81494005264256,0.8707258631579248,<$400M
8445,19.550867956113994,309623609.8922037,320.8517373878132,0.8790458558570226,<$400M
8446,19.630605670875,335323290.5586084,316.84580657105005,0.8680707029343837,<$400M
8447,18.927168954473544,165945329.95777997,307.9048009704528,0.8435747971793228,<$400M
8448,19.733417241152402,371632953.5549993,318.78849544803967,0.8733931382138073,<$400M
8449,18.845944136537383,152999335.5500859,370.5988546268329,1.0153393277447478,<$400M
8450,19.020117828228386,182109338.97037876,340.63739041963527,0.9332531244373569,<$400M
8451,19.10731525387387,198701698.16736436,325.17290434868977,0.8908846694484651,<$400M
8452,20.400296097693694,723995762.6892412,361.9037494279632,0.9915171217204471,$500-750M
8453,20.497588955151276,797975900.5541866,315.96469175559054,0.8656566897413439,$750M-1B
8454,19.872815682909852,427222572.690721,333.7895373754593,0.9144918832204364,$400-500M
8455,20.307299026050284,659702165.0447376,503.76002562304734,1.3801644537617734,$500-750M
8456,19.640602019016775,338692108.7981141,371.80206018004657,1.018635781315196,<$400M
8457,20.265622274574444,632772980.1160524,329.6878638441959,0.9032544214909476,$500-750M
8458,20.539084778982296,831785188.8591878,410.998104409244,1.1260222038609424,$750M-1B
8459,21.212941558732304,1631786981.1816533,355.8826331806004,0.9750209128235627,>$1B
8460,19.735768707045008,372507864.0277764,364.0085337522755,0.9972836541158233,<$400M
8461,19.78331702818881,390647832.5945666,358.69886871318533,0.9827366266114667,<$400M
8462,19.083577104167098,194040431.31759918,348.13434667537274,0.9537927306174596,<$400M
8463,19.76683372168141,384261443.6343249,349.656865725954,0.9579640156875452,<$400M
8464,19.638767520892447,338071348.3258517,338.80172355529027,0.9282239001514802,<$400M
8465,19.09765086584391,196790617.44152653,382.6123108430721,1.0482529064193757,<$400M
8466,19.888389549811414,433928160.60847455,370.9939076718265,1.0164216648543192,$400-500M
8467,19.430255727749987,274443433.8046138,333.3563695848158,0.9133051221501803,<$400M
8468,19.743706970392534,375476697.65270346,367.64908958149846,1.0072577796753381,<$400M
8469,20.410043379416095,731087258.6117575,428.22963719380647,1.1732318827227575,$500-750M
8470,19.926816612239726,450927266.22812,345.11379689708764,0.9455172517728428,$400-500M
8471,19.306411357643906,242475530.3904013,345.67353120765415,0.9470507704319292,<$400M
8472,19.965538394606792,468730434.4823559,417.7523754486303,1.1445270560236447,$400-500M
8473,20.5716397945081,859309565.9738868,344.1076260525917,0.942760619322169,$750M-1B
8474,18.38851238680492,96834354.07987233,339.6411192867504,0.9305236144842476,<$400M
8475,19.373307430229612,259251043.52371582,352.6259526679183,0.9660985004600501,<$400M
8476,19.81276027307757,402320773.76251715,302.20376560037414,0.8279555221928059,$400-500M
8477,19.53189497580333,303804504.6817857,382.6134527498915,1.0482560349312096,<$400M
8478,18.9308702783287,166560685.47871882,399.86235548537894,1.0955133026996684,<$400M
8479,20.044002707715425,506990441.19321394,402.285689386383,1.1021525736613234,$500-750M
8480,19.474110028370895,286746763.87164086,353.0530242550235,0.9672685596028041,<$400M
8481,19.609492273733238,328317692.9778674,386.47766572080627,1.058842919783031,<$400M
8482,20.128448545335647,551663350.182592,391.451671073773,1.0724703317089672,$500-750M
8483,19.61039413153112,328613922.4077945,363.7695707423814,0.9966289609380312,<$400M
8484,19.508534161755474,296789639.6342271,351.68542274174087,0.9635217061417558,<$400M
8485,18.829730993390775,150538736.34546387,329.4965808663618,0.9027303585379776,<$400M
8486,19.902480866839284,440086064.4796448,352.97928540430104,0.9670665353542495,$400-500M
8487,18.756225594818115,139870226.17873275,316.4651629764984,0.8670278437712284,<$400M
8488,20.01216134944268,491101482.35478604,345.2878789095732,0.9459941887933512,$400-500M
8489,19.200880931493046,218190901.27803177,309.5095522852884,0.8479713761240778,<$400M
8490,19.138944870895887,205087006.88628256,349.3095839627716,0.957012558802114,<$400M
8491,19.76640748582868,384097692.5310001,332.13017339565624,0.9099456805360445,<$400M
8492,19.748517021966375,377287110.53228426,391.9506021119579,1.0738372660601585,<$400M
8493,19.389965412783976,263605813.0217345,364.1945367814492,0.9977932514560252,<$400M
8494,19.60589399922274,327138438.7045499,341.6743797099693,0.9360941909862173,<$400M
8495,18.660300720571854,127076613.77056839,356.36719116629075,0.9763484689487418,<$400M
8496,19.461766932335074,283229174.65716195,343.1981381915483,0.9402688717576666,<$400M
8497,19.7590723550696,381290593.53722876,354.86095049381623,0.972221782174839,<$400M
8498,19.76881362423006,385022997.4983666,340.84873591002696,0.933832153178156,<$400M
8499,19.908054206074613,442545661.1262927,353.10927519318756,0.9674226717621577,$400-500M
8500,19.63195216042998,335775103.9796503,377.08510883774403,1.033109887226696,<$400M
8501,19.566523068688788,314508942.8038158,302.00826845722133,0.8274199135814283,<$400M
8502,20.436653113022526,750802440.3636664,370.6489729531545,1.0154766382278206,$750M-1B
8503,20.043150507734367,506558567.99613506,347.96263333290716,0.9533222831038553,$500-750M
8504,18.824770227634534,149793798.19673634,332.9940994999207,0.9123126013696458,<$400M
8505,20.9650529259009,1273523016.8320408,351.472773233535,0.962939104749411,>$1B
8506,19.74309433556137,375246737.99727076,317.7013660534759,0.8704147015163723,<$400M
8507,19.917923684605338,446934980.54552895,355.6702373363201,0.974439006400877,$400-500M
8508,19.340389978281664,250856088.0496373,360.5636851744698,0.9878457128067666,<$400M
8509,19.0456286743826,186814868.12015876,334.46852527422425,0.9163521240389706,<$400M
8510,20.919836816169834,1217221715.2641375,395.1607011462699,1.082632057934986,>$1B
8511,19.352922923727583,254019837.85581785,332.89541743367187,0.9120422395443065,<$400M
8512,19.61228821291527,329236933.75163746,326.36552575643805,0.8941521253601042,<$400M
8513,20.189365847772663,586313887.1714122,294.0117790636294,0.8055117234619983,$500-750M
8514,19.970177029246788,470909754.3391674,337.056650070265,0.9234428769048356,$400-500M
8515,19.287341379595038,237895338.2338439,372.3433628768014,1.0201188024021957,<$400M
8516,19.38800625762943,263089873.9018051,321.0942063618942,0.8797101544161484,<$400M
8517,20.21257960853572,600083643.0427698,356.7345499769051,0.9773549314435757,$500-750M
8518,19.72124584265881,367137076.8400316,334.56230380023027,0.9166090515074802,<$400M
8519,19.869929856163118,425991459.6075652,331.4394211617635,0.9080532086623657,$400-500M
8520,19.562285495910963,313179008.1070798,325.7157429075884,0.8923718983769544,<$400M
8521,19.08083366107927,193508821.99093723,350.9292015635029,0.9614498672972682,<$400M
8522,19.773117269634387,386683570.64810723,350.6104358602555,0.9605765366034398,<$400M
8523,20.13983077958621,557978383.0749989,386.39359545180474,1.0586125902789172,$500-750M
8524,20.342091142673272,683058552.7790828,351.40245412815824,0.9627464496661869,$500-750M
8525,19.857228574282473,420615038.00148726,358.46268141852386,0.9820895381329421,$400-500M
8526,19.141872014173327,205688205.40762088,317.77728142725033,0.8706226888417817,<$400M
8527,20.18802536081182,585528467.590662,308.87297272978026,0.8462273225473431,$500-750M
8528,19.911989395958074,444290593.4030538,303.4874921476989,0.8314725812265723,$400-500M
8529,19.15526574611081,208461670.15388966,330.39728478324554,0.9051980405020426,<$400M
8530,19.792922761241,394418371.79610956,331.35680961583734,0.9078268756598283,<$400M
8531,19.733862301661926,371798389.51844054,323.7969986541132,0.8871150648057896,<$400M
8532,18.740576587512173,137698433.50800037,327.09383873597255,0.8961475033862262,<$400M
8533,19.360897775147585,256053707.4451406,319.32090354760226,0.8748517905413761,<$400M
8534,19.944411486817348,458931485.03989583,344.2265236744075,0.9430863662312533,$400-500M
8535,19.627317755227217,334222586.3673686,322.1434371819855,0.8825847594027001,<$400M
8536,19.481566757959847,288892948.76605713,335.37961033572384,0.9188482474951338,<$400M
8537,19.76437208106953,383316693.3539972,312.44084103234593,0.856002304198208,<$400M
8538,20.8037025091693,1083760212.3438776,338.5132094001051,0.9274334504112468,>$1B
8539,19.775172912610664,387479271.5724626,340.7046067601364,0.9334372787948942,<$400M
8540,19.52124159392406,300585138.29485255,390.5752823643374,1.0700692667516094,<$400M
8541,19.633882586867955,336423919.16109,369.5323737566744,1.0124174623470532,<$400M
8542,19.487270409389527,290545401.4736882,367.46692163730273,1.0067586894172678,<$400M
8543,19.789237446569494,392967491.1018715,357.76127039216834,0.9801678640881324,<$400M
8544,20.617871785582214,899969818.3703498,441.663567703612,1.2100371717907177,$750M-1B
8545,19.848291127472923,416872562.47178453,314.2300067048216,0.8609041279584154,$400-500M
8546,19.06085151616567,189680477.31974506,344.9126674397894,0.9449662121638066,<$400M
8547,19.974261680086205,472837190.03359485,333.361080836185,0.9133180296881781,$400-500M
8548,19.527454904470478,302458581.21900207,323.5649855075184,0.8864794123493654,<$400M
8549,19.74157096826197,374675534.57417125,323.64073884020553,0.8866869557265905,<$400M
8550,19.292936186425784,239230046.93430388,346.89363981073785,0.9503935337280489,<$400M
8551,19.40197663795075,266791133.30146676,335.71780842894265,0.9197748176135415,<$400M
8552,19.869149385546695,425659115.4997699,306.1266457883878,0.8387031391462679,$400-500M
8553,19.623030514667622,332792760.9320281,330.80840465817136,0.9063243963237572,<$400M
8554,18.78719087508191,144269101.65658385,372.5796403641707,1.0207661379840294,<$400M
8555,19.606972128399526,327491326.3952414,355.3808034764076,0.9736460369216646,<$400M
8556,19.6454338415369,340332568.97141397,319.66827002104,0.8758034795096985,<$400M
8557,19.92420691365552,449752016.1710759,342.27469527128216,0.9377388911541977,$400-500M
8558,19.903344198149107,440466168.6124173,615.4533175185932,1.68617347265368,$400-500M
8559,19.45350572032869,280898996.6984013,332.3186888511409,0.9104621612360024,<$400M
8560,19.37903153306495,260739278.4984903,309.0582965023726,0.84673505891061,<$400M
8561,20.09780126433826,535012818.47427946,299.82396228225593,0.8214355131020711,$500-750M
8562,19.416420595834584,270672617.7113921,359.52874133155586,0.9850102502234407,<$400M
8563,19.933528812023766,453964160.84689885,379.3301924090703,1.0392608011207407,$400-500M
8564,19.646689197984752,340760075.9369564,341.31874789223906,0.9351198572390111,<$400M
8565,18.99601728983368,177772871.3526405,337.81967195808596,0.9255333478303724,<$400M
8566,19.778353197018717,388713527.46037287,301.90996702304017,0.8271505945836717,<$400M
8567,19.812956791128073,402399844.82584554,379.7361861479357,1.0403731127340705,$400-500M
8568,19.92095981225656,448293994.22380775,338.0373158608408,0.9261296324954542,$400-500M
8569,19.707018735474783,361950758.9271889,340.1695978866031,0.9319715010591867,<$400M
8570,19.58631795325731,320796637.8092763,330.051808815702,0.9042515310019232,<$400M
8571,20.22639193184187,608429698.8536584,320.65876058895697,0.8785171522985122,$500-750M
8572,19.410999609901197,269209275.22136545,321.39555028896746,0.8805357542163492,<$400M
8573,18.895875240234645,160832698.0685645,348.4418304549933,0.9546351519314885,<$400M
8574,18.826254412047376,150016284.88195425,371.7744126891883,1.0185600347648995,<$400M
8575,19.02862737739043,183665619.57521263,325.5466580455827,0.8919086521796786,<$400M
8576,19.684507275175292,353893746.5925621,315.6389265192805,0.8647641822446042,<$400M
8577,20.1286455958969,551772066.4663178,329.8629491930238,0.9037341073781473,$500-750M
8578,19.04706780763901,187083913.15905908,343.0845785882139,0.9399577495567504,<$400M
8579,20.221709096243387,605587183.311623,345.03841750289195,0.9453107328846355,$500-750M
8580,19.281167159956436,236431045.24952716,307.63874864298447,0.8428458866931081,<$400M
8581,18.99940563148801,178376248.22387373,337.18378075780566,0.9237911801583717,<$400M
8582,18.750010831502173,139003661.36482257,316.78482695472763,0.8679036354924045,<$400M
8583,19.22800153945124,224189344.21755657,328.42024129594694,0.8997814830025943,<$400M
8584,18.960226403147278,171522738.7332582,361.23316164533355,0.9896798949187221,<$400M
8585,19.9941960067601,482357455.82803994,363.465403857117,0.9957956270058,$400-500M
8586,19.220884445723414,222599432.12980327,298.30627424946914,0.8172774636971757,<$400M
8587,19.915269507701808,445750308.9023092,341.41333431699076,0.9353789981287418,$400-500M
8588,20.30267456903997,656658443.9458781,350.14897662223046,0.9593122647184397,$500-750M
8589,19.316242218218495,244871029.13662854,311.58523193914255,0.8536581696962809,<$400M
8590,19.255655648117592,230475620.7780255,327.39800982083597,0.8969808488242081,<$400M
8591,19.58972108907353,321890212.0725794,381.73735155919155,1.0458557576964151,<$400M
8592,20.249835477940696,622861959.2361269,347.41624167311767,0.9518253196523772,$500-750M
8593,19.15483077262053,208371014.57145035,350.6135603995879,0.9605850969851724,<$400M
8594,19.551182348877642,309720968.6182461,308.55340014856074,0.8453517812289335,<$400M
8595,20.82561249014048,1107767416.2894251,373.84120427066165,1.0242224774538675,>$1B
8596,18.910207649868877,163154416.34514174,342.3957287330077,0.938070489679473,<$400M
8597,19.192230626376652,216311623.29085147,378.114172159322,1.0359292387926629,<$400M
8598,19.282298645111112,236698714.87087587,377.00627257836965,1.0328938974749853,<$400M
8599,20.323316863419446,670354250.9760646,349.77793821501206,0.9582957211370193,$500-750M
8600,20.026208920136774,498048948.4090394,353.6544672797523,0.9689163487116501,$400-500M
8601,19.076188799361447,192612084.4946831,305.7892715729281,0.8377788262272002,<$400M
8602,19.203741785644908,218816007.36617774,339.0522048885833,0.9289101503796802,<$400M
8603,20.03950728818114,504716421.62577015,313.01585352128313,0.8575776808802278,$500-750M
8604,19.98311757628007,477043183.5375132,375.5255479738491,1.028837117736573,$400-500M
8605,20.741213045952954,1018109227.973497,310.2349119950835,0.8499586630002288,>$1B
8606,19.100204593375903,197293809.29330286,313.3425674842805,0.8584727876281657,<$400M
8607,19.253250767360264,229922020.33092436,384.4106713869314,1.0531799216080313,<$400M
8608,20.48279718529078,786259292.988866,500.2071628833305,1.3704305832420014,$750M-1B
8609,19.574777164682086,317115673.1098399,401.71694883653726,1.1005943803740748,<$400M
8610,19.38910465883381,263379010.90130255,314.4163328110383,0.8614146104412007,<$400M
8611,19.653157353846606,342971308.8097665,366.43027314241857,1.0039185565545714,<$400M
8612,19.45662935173517,281777793.43053347,347.81946352227664,0.9529300370473333,<$400M
8613,19.504833213306462,295693266.5393126,317.28008881926456,0.8692605173130536,<$400M
8614,20.20196136916556,593745520.6792792,404.86966625843587,1.1092319623518792,$500-750M
8615,19.953139534834992,462954592.4759744,340.3552374851985,0.9324801026991739,$400-500M
8616,20.09447984302001,533238763.31669736,310.17307388460165,0.8497892435194566,$500-750M
8617,19.699306536851314,359170059.21918327,322.45820919310813,0.8834471484742689,<$400M
8618,19.489145535075984,291090721.7313014,331.17380004901963,0.9073254795863551,<$400M
8619,19.716823222282706,365516954.1577101,325.36622980141,0.891414328223041,<$400M
8620,19.30736002762899,242705668.79363823,319.1170732458155,0.8742933513583987,<$400M
8621,19.536622897483095,305244269.4514655,378.5811960873911,1.0372087564038113,<$400M
8622,19.234592904233825,225671938.75864512,326.1834948179539,0.8936534104601477,<$400M
8623,18.844333951184613,152753176.49503657,321.00023793543807,0.879452706672433,<$400M
8624,19.50336835293313,295260434.2873033,340.70467645545574,0.9334374697409746,<$400M
8625,19.74695299659652,376697485.13442665,350.83296351920126,0.9611862014224692,<$400M
8626,19.860166750562428,421852696.46813047,333.16275706011214,0.9127746768770195,$400-500M
8627,19.11863710387388,200964152.4049786,340.42456821699676,0.9326700499095801,<$400M
8628,20.63710672080785,917448238.7844976,351.5904339630405,0.9632614629124396,$750M-1B
8629,19.354368263322886,254387248.23788965,359.67068751281016,0.9853991438707128,<$400M
8630,19.355637138773883,254710238.8463165,324.716559433148,0.8896344094058849,<$400M
8631,19.618993740728264,331452059.66208506,321.55524698506935,0.8809732794111489,<$400M
8632,20.460971737869407,769284744.5016428,355.2438287006433,0.9732707635634062,$750M-1B
8633,19.168037387221354,211141141.9950627,380.8076785235512,1.043308708283702,<$400M
8634,19.577722535757726,318051073.3151715,363.84048669173353,0.9968232512102289,<$400M
8635,19.495617293830154,292980699.8023915,328.7501855749354,0.9006854399313299,<$400M
8636,19.023434926066656,182714416.46081144,313.23486105102313,0.8581777015096524,<$400M
8637,19.546493930789723,308272265.9423751,323.85966777593626,0.8872867610299624,<$400M
8638,19.834108284981895,411001854.6504742,316.2163020458586,0.8663460330023522,$400-500M
8639,19.193061888151664,216491509.63074467,341.94285082058417,0.9368297282755731,<$400M
8640,19.145615613935256,206459662.8373735,319.95972317979164,0.8766019813144976,<$400M
8641,19.782346162126853,390268749.9207505,329.2718738059953,0.9021147227561516,<$400M
8642,19.82266053161869,406323635.4268946,312.63238772994396,0.8565270896710794,$400-500M
8643,19.725148534467927,368572699.2764363,339.27520146195275,0.9295210998957609,<$400M
8644,19.356875070255285,255025747.91863394,342.3765698486226,0.9380179995852673,<$400M
8645,19.600797174411184,325475313.32303697,385.6284155516088,1.056516206990709,<$400M
8646,19.694372884488246,357402403.0937143,335.37420570143036,0.9188334402778914,<$400M
8647,19.114868646151624,200208252.6755991,363.4318079739128,0.995703583490172,<$400M
8648,19.63763618404796,337689092.0245155,316.78817305776164,0.8679128028979771,<$400M
8649,18.966640994817567,172626523.44372457,338.4100095665506,0.9271507111412346,<$400M
8650,18.65657405318409,126603922.82630828,318.0855441049612,0.8714672441231813,<$400M
8651,19.712221860331482,363838941.8838832,325.58651260314025,0.8920178427483294,<$400M
8652,20.170765494992473,575509040.5235416,356.4989592207271,0.9767094773170606,$500-750M
8653,20.036569487384497,503235841.2102676,361.59067656771447,0.990659387856752,$500-750M
8654,19.086303722917094,194570227.54382056,335.1103775293954,0.9181106233682066,<$400M
8655,18.952605520412643,170220552.26258793,344.67672247595294,0.9443197876053505,<$400M
8656,20.33148199819655,675850190.7941313,331.7989549040947,0.9090382326139581,$500-750M
8657,18.934259159596728,167126097.38150695,338.80614370046766,0.9282360101382675,<$400M
8658,19.870442157358777,426209751.4524751,368.8466871014541,1.0105388687711072,$400-500M
8659,19.35300166227068,254039839.7952203,395.3482869440549,1.0831459916275477,<$400M
8660,19.629039329490155,334798470.94194734,316.7618605114483,0.8678407137299953,<$400M
8661,19.505005812236195,295744307.285309,331.0918785645466,0.9071010371631414,<$400M
8662,18.972742349597066,173682998.79566804,333.70812697572063,0.9142688410293716,<$400M
8663,19.735852713467636,372539158.39528006,362.16603502288376,0.9922357123914624,<$400M
8664,19.9536438368992,463188120.31193006,316.40917369058275,0.86687444846735,$400-500M
8665,19.320900127136596,246014276.59128442,391.4445380941009,1.0724507892989066,<$400M
8666,20.414080490042043,734044704.5033435,370.074226643662,1.0139019908045535,$500-750M
8667,19.79726794229071,396135919.85717756,313.2163014031338,0.8581268531592707,<$400M
8668,18.66334898783093,127464568.24577785,343.6895304823125,0.9416151520063356,<$400M
8669,19.159718228386737,209391911.45009723,316.74071459362216,0.8677827797085539,<$400M
8670,18.800306720341904,146173776.27419844,333.1377273485272,0.9127061023247321,<$400M
8671,19.267954221389466,233327644.04767042,344.40676690190844,0.9435801832928998,<$400M
8672,19.47051949253699,285719035.49260795,338.7383766332841,0.9280503469405044,<$400M
8673,19.385485378102647,262427491.2691681,348.3319536090608,0.954334119476879,<$400M
8674,19.105256795251456,198293099.62935305,353.21454386128823,0.9677110790720226,<$400M
8675,19.648945776943393,341529896.20770293,418.26870569441917,1.1459416594367648,<$400M
8676,19.405662800118,267776383.4639238,308.1027972102394,0.8441172526307928,<$400M
8677,19.80152038207179,397824050.79516494,387.41816534035524,1.0614196310694664,<$400M
8678,19.66769892761138,347995089.710318,292.5779736061739,0.8015834893319832,<$400M
8679,19.64661628579115,340735231.2780782,329.98387458293075,0.9040654098162486,<$400M
8680,19.868118076176167,425220355.5528152,308.5893267738025,0.8454502103391849,$400-500M
8681,20.02991181532242,499896590.1630468,399.32441436289673,1.0940394914051965,$400-500M
8682,19.63959246502566,338350353.36722416,322.62181346665864,0.8838953793607086,<$400M
8683,20.50521809669811,804087053.4346471,377.30676976299947,1.0337171774328753,$750M-1B
8684,19.750379674797188,377990520.3375069,342.39381268335075,0.9380652402283582,<$400M
8685,20.05347727616048,511816784.4852277,333.18165702954207,0.9128264576151838,$500-750M
8686,19.641399043384293,338962162.2672141,297.83716796792265,0.8159922410080073,<$400M
8687,19.21367041404737,220999371.15983573,333.7683222844735,0.9144337596834892,<$400M
8688,19.192032188322322,216268703.09183794,314.80621872252846,0.8624827910206259,<$400M
8689,19.979082137279462,475121983.91881716,359.75269506984887,0.985623822109175,$400-500M
8690,18.719000945552924,134759322.03092358,353.1300353572442,0.9674795489239567,<$400M
8691,20.386573404974744,714128449.2076875,378.60806349676216,1.0372823657445538,$500-750M
8692,19.812368860428915,402163331.1373779,353.358659362984,0.9681059160629698,$400-500M
8693,20.080105701092837,525628738.46925443,314.28071027544473,0.8610430418505335,$500-750M
8694,19.985780224170263,478315074.1106235,353.89462565338096,0.969574316858578,$400-500M
8695,19.27201911800165,234278027.09327173,352.5701059346701,0.965945495711425,<$400M
8696,19.68798812413638,355127743.7055507,322.97165769996764,0.8848538567122401,<$400M
8697,20.30878551520986,660683534.3783557,303.80600970448774,0.8323452320670897,$500-750M
8698,19.63216979180952,335848187.1310502,338.6226438902186,0.9277332709321058,<$400M
8699,18.843278679543214,152592065.42267182,324.7171398850204,0.8896359996849874,<$400M
8700,19.386918301685835,262803799.35626233,344.8283381950364,0.944735173137086,<$400M
8701,19.571890603468013,316201619.1784555,364.0384404726587,0.9973655903360512,<$400M
8702,19.25735119986563,230866735.6037281,320.6877043009344,0.8785964501395463,<$400M
8703,19.56258569476088,313273038.1982882,314.8872621492104,0.862704827806056,<$400M
8704,19.60185068308584,325818385.0718098,351.064368068839,0.9618201864899698,<$400M
8705,19.908073651546985,442554266.719389,406.09885841346045,1.1125996120916724,$400-500M
8706,20.445306205533218,757327393.1338755,350.35712125398595,0.9598825239835231,$750M-1B
8707,19.733235754503845,371565513.25570714,322.66761296619774,0.8840208574416376,<$400M
8708,19.38719371378689,262876188.67079702,325.9931072779853,0.8931318007616036,<$400M
8709,19.766880997051025,384279610.1655123,305.19953406527213,0.8361631070281428,<$400M
8710,20.741583600849797,1018486563.2408419,667.7268386873719,1.8293885991434846,>$1B
8711,19.86514749038469,423959076.30297303,367.3174491430441,1.0063491757343674,$400-500M
8712,19.756432729843084,380285456.4441266,312.9196016436877,0.8573139771059938,<$400M
8713,20.245703575792685,620293664.1947027,336.7724102086641,0.9226641375579838,$500-750M
8714,19.317635211609538,245212370.5498444,316.8373886347036,0.8680476400950783,<$400M
8715,20.1597595262569,569209734.5854276,334.29005235450046,0.9158631571356177,$500-750M
8716,19.47108075424669,285879443.65823174,347.1258707424719,0.9510297828560873,<$400M
8717,19.79707860260762,396060922.7078437,350.78358883599634,0.9610509283177981,<$400M
8718,20.271191602101982,636306931.8256667,303.8668393359145,0.8325118885915466,$500-750M
8719,18.827837347784733,150253939.06650645,339.0207327122708,0.9288239252390981,<$400M
8720,19.385873105990054,262529261.45424992,352.0038729751392,0.9643941725346279,<$400M
8721,19.87189928860089,426831247.68783516,318.0624616945637,0.8714040046426402,$400-500M
8722,18.996897567663073,177929429.7673007,321.68634198749976,0.8813324438013692,<$400M
8723,19.841020689626994,413852707.5526716,315.2671160206325,0.8637455233441986,$400-500M
8724,19.678714445359514,351849626.6812547,325.44723894018915,0.8916362710690113,<$400M
8725,19.54998801943097,309351280.5537884,329.597210741506,0.9030060568260438,<$400M
8726,19.342263168033,251326429.48468065,329.81856759245807,0.9036125139519399,<$400M
8727,19.436034700732428,276034026.56338114,337.34524110126404,0.9242335372637371,<$400M
8728,19.370403440382248,258499273.22038475,348.2050003695578,0.9539863023823502,<$400M
8729,19.80268555476901,398287854.67078274,337.25630187287084,0.9239898681448516,<$400M
8730,18.94096932483847,168251312.0773956,314.22095104524345,0.8608793179321739,<$400M
8731,19.467411770309962,284832478.39544666,361.11859538938126,0.9893660147654281,<$400M
8732,19.99252883379977,481553952.49609417,385.6491224028383,1.056572938089968,$400-500M
8733,18.65183128421464,126004891.32659829,351.71570067772205,0.9636046593910194,<$400M
8734,19.49863555592544,293866328.2002345,326.3878683748422,0.8942133380132663,<$400M
8735,20.61667596364034,898894257.9320744,330.64049318118,0.9058643648799451,$750M-1B
8736,20.431394344067073,746864507.2140775,405.65071096806264,1.1113718108714046,$500-750M
8737,19.351712912747345,253712656.94643012,344.48885328711356,0.9438050774989413,<$400M
8738,18.8966308244227,160954266.6340067,354.51804053859166,0.9712823028454566,<$400M
8739,19.962398547493343,467261000.6866099,397.63951457771026,1.089423327610165,$400-500M
8740,19.612237165372576,329220127.4441693,316.11676243163197,0.8660733217304986,<$400M
8741,19.39904377145955,266009816.8349539,312.9401018822774,0.8573701421432258,<$400M
8742,19.80035616263923,397361165.80662185,371.2148583345222,1.0170270091356772,<$400M
8743,19.161531210439996,209771879.56126052,328.14650685843003,0.8990315256395344,<$400M
8744,19.19685349820033,217313919.1569558,306.2429794167915,0.8390218614158672,<$400M
8745,19.60580030773863,327107790.05449927,368.1480918637338,1.008624909215709,<$400M
8746,19.160537238267118,209563475.74128136,399.30124010375243,1.0939760002842533,<$400M
8747,20.198483710029272,591684262.3989286,309.1450543758433,0.8469727517146391,$500-750M
8748,18.55408819524158,114271550.43944016,316.781269451054,0.8678938889069973,<$400M
8749,19.578913454377485,318430071.893855,358.6373826171964,0.9825681715539628,<$400M
8750,19.910170527786406,443483221.8575293,317.27028770249865,0.8692336649383524,$400-500M
8751,19.538880603513686,305934199.81632054,314.40026742477215,0.8613705956843073,<$400M
8752,19.91583924121353,446004340.14933664,312.1137117349361,0.8551060595477701,$400-500M
8753,19.67595042836095,350878451.1233422,355.71586440794374,0.9745640120765582,<$400M
8754,19.916485235508656,446292549.48944694,309.31242820729574,0.8474313101569746,$400-500M
8755,20.0255753222316,497733485.5874978,309.56293627934457,0.84811763364204,$400-500M
8756,19.243534949432625,227698956.7717641,315.96873099095603,0.8656677561396056,<$400M
8757,19.758802482410825,381187707.51467234,319.8433865553088,0.8762832508364625,<$400M
8758,19.35879548457117,255515973.58338657,318.22165184266134,0.8718401420346886,<$400M
8759,19.492515031974087,292073205.32339656,481.38752023417175,1.3188699184497856,<$400M
8760,18.95150673538376,170033619.18659365,337.77350755134233,0.9254068700036776,<$400M
8761,19.92712020096834,451064183.44578165,378.2391515795091,1.0362716481630385,$400-500M
8762,19.66216003230946,346072909.6341954,311.69656631662343,0.8539631953880094,<$400M
8763,20.250019133564134,622976361.8425857,377.40540825600954,1.0339874198794783,$500-750M
8764,19.044681249887134,186637958.9552559,317.4769928705008,0.8697999804671255,<$400M
8765,19.507306884658878,296425619.9292111,321.5844416543203,0.881053264806357,<$400M
8766,19.48492123084057,289863659.5293477,332.799668047446,0.9117799124587562,<$400M
8767,20.14027009105077,558223563.2269434,348.92820178593905,0.9559676761258604,$500-750M
8768,19.118173423138945,200870990.7993859,369.20062298665164,1.0115085561278128,<$400M
8769,19.39523171375708,264997702.4087052,346.4827691043814,0.949267860559949,<$400M
8770,19.60041647950097,325351430.1102055,431.20230996165094,1.181376191675756,<$400M
8771,19.423995329850285,272730675.5759928,288.1064354080412,0.7893326997480581,<$400M
8772,20.945841600838378,1249290467.1731653,358.97274618819,0.9834869758580548,>$1B
8773,19.524395751646427,301534728.0206514,296.18422454795535,0.8114636288985078,<$400M
8774,20.100992411169788,536722849.96440345,318.1182400503237,0.8715568220556814,$500-750M
8775,18.910377358088493,163182107.34029043,406.33038063519655,1.1132339195484837,<$400M
8776,20.15232821927725,564995440.56249,353.26638394254917,0.9678531066919155,$500-750M
8777,20.34085889923525,682217376.7329062,394.25416297726565,1.080148391718536,$500-750M
8778,19.28669543381178,237741720.3630042,379.4315030912309,1.0395383646335095,<$400M
8779,20.04172788794171,505838440.106711,437.5142151631795,1.198669082638848,$500-750M
8780,19.389405035172356,263458135.60724705,339.2938368872892,0.929572155855587,<$400M
8781,20.473388967002386,778896682.7593633,330.32702824353544,0.9050055568316039,$750M-1B
8782,20.33848291065012,680598360.1772954,397.5191872745081,1.0890936637657755,$500-750M
8783,19.50684878895018,296289859.72273153,326.207630653692,0.8937195360375123,<$400M
8784,19.79468856421121,395115452.2007281,332.0209661754495,0.9096464826724643,<$400M
8785,20.191112587264854,587338919.7647873,641.097885154984,1.7564325620684496,$500-750M
8786,19.478015893869596,287868948.2875581,322.682866889219,0.8840626490115588,<$400M
8787,19.44119822724345,277463021.72970986,333.1725913697864,0.9128016201911956,<$400M
8788,19.51012060324032,297260852.70797074,347.5171400136452,0.9521017534620416,<$400M
8789,19.76426915744221,383277243.0397243,436.5392215208259,1.1959978671803448,<$400M
8790,19.979208858532097,475182195.78675455,318.34603277825727,0.8721809117212528,$400-500M
8791,18.81914407488086,148953401.72279277,381.0449506937912,1.0439587690240855,<$400M
8792,18.84903129822831,153472399.07361358,323.7274378714056,0.8869244873189194,<$400M
8793,19.56492269344328,314006013.0227892,293.1619025014656,0.8031832945245633,<$400M
8794,19.556084871508542,311243110.79570925,337.1064241298366,0.9235792441913332,<$400M
8795,20.342122790918356,683080170.7256513,336.1934664647169,0.9210779903142928,$500-750M
8796,19.723214482495095,367860549.40968263,366.67659304976746,1.0045934056158012,<$400M
8797,19.65066918323274,342118998.46428525,326.9931045283336,0.8958715192557085,<$400M
8798,20.449325685825276,760377581.6448905,320.2182874031745,0.8773103764470533,$750M-1B
8799,19.762201868417776,382485716.6406857,406.3799563793249,1.1133697435049996,<$400M
8800,19.26555892391086,232769423.7489275,318.33723523829434,0.8721568088720393,<$400M
8801,19.931329096486415,452966666.3331921,358.833150436988,0.9831045217451725,$400-500M
8802,19.126549779302838,202560624.36841264,316.13707763528447,0.8661289798226972,<$400M
8803,19.920565549565403,448117283.4647348,338.8879381963618,0.9284601046475666,$400-500M
8804,19.076490966347038,192670294.30174133,344.6146802416251,0.9441498088811646,<$400M
8805,19.890550042632487,434866672.7436357,328.7094437687595,0.9005738185445467,$400-500M
8806,19.254895938185236,230300592.65347493,341.8421171077001,0.9365537455005483,<$400M
8807,19.49197276559025,291914866.7772461,308.525356726403,0.8452749499353507,<$400M
8808,19.883814235505035,431947337.7862621,305.22841126140827,0.8362422226339953,$400-500M
8809,19.748737034472104,377370127.5469074,320.8194946021716,0.8789575194580043,<$400M
8810,20.08926546831102,530465493.3135839,324.41101141998314,0.8887972915615976,$500-750M
8811,20.272630883112914,637223415.6904688,328.9767758671923,0.9013062352525817,$500-750M
8812,19.83902166885594,413026233.7384984,329.2541138948096,0.9020660654652318,$400-500M
8813,19.752658231112083,378852774.99943906,308.1681752146202,0.8442963704510142,<$400M
8814,19.43178010525423,274862108.2291562,315.13570679203093,0.8633854980603587,<$400M
8815,19.070697309843652,191557256.1917866,341.8320336034209,0.936526119461427,<$400M
8816,20.36806581610991,701033207.9353865,362.7918092382139,0.9939501622964764,$500-750M
8817,20.120471330425293,547280119.3115823,316.63253715931984,0.8674864031762187,$500-750M
8818,20.77832518157386,1056603316.5451466,391.9029034662088,1.0737065848389282,>$1B
8819,19.02280696022337,182599714.06656033,312.6816243166303,0.8566619844291241,<$400M
8820,20.38227756329482,711067246.3797952,399.01027508020326,1.0931788358361734,$500-750M
8821,20.165237559584597,572336440.7631934,356.88823068753356,0.9777759744863933,$500-750M
8822,19.95937489324419,465850298.78859013,371.0040369045751,1.0164494161769182,$400-500M
8823,19.920646361370654,448153498.0946409,290.22022089136334,0.7951238928530503,$400-500M
8824,19.36007431006257,255842942.9476828,355.70684079352304,0.9745392898452686,<$400M
8825,20.16887282204604,574420820.279476,355.4571363544488,0.9738551680943802,$500-750M
8826,19.829730013732842,409206310.6046567,353.1392178090166,0.9675047063260729,$400-500M
8827,19.25721490206185,230835271.11901796,422.6108253895427,1.157837877779569,<$400M
8828,18.570830388847373,116200811.83010237,336.3537272931392,0.9215170610770936,<$400M
8829,19.506525899934697,296194206.42515886,336.903487736999,0.9230232540739699,<$400M
8830,19.980865911217823,475970250.4642304,319.3339020226937,0.8748874028019005,$400-500M
8831,19.40144747089781,266649993.57024872,316.7812790098373,0.8678939150954447,<$400M
8832,19.567052464466546,314675486.5901021,334.89515857466654,0.9175209823963467,<$400M
8833,19.462815881510767,283526423.53868043,312.9491974022071,0.8573950613759099,<$400M
8834,19.52433935159065,301517721.92474955,332.65149330982314,0.911373954273488,<$400M
8835,19.392102128399042,264169665.86069798,325.38113968810757,0.891455177227692,<$400M
8836,18.823804723061823,149649241.39596927,332.68363107268254,0.9114620029388563,<$400M
8837,19.528965118666616,302915703.551539,331.02697843578557,0.9069232285911933,<$400M
8838,19.715057100799598,364871976.5346005,314.6814289028842,0.8621409011037923,<$400M
8839,19.98846534262888,479601132.5821319,317.0421275046646,0.8686085685059305,$400-500M
8840,18.89581290013995,160822672.05545163,328.6189181623491,0.900325803184518,<$400M
8841,19.305927832569903,242358315.7320223,317.7043128346406,0.8704227748894262,<$400M
8842,19.784420122725642,391078991.8455132,337.7614705953637,0.9253738920420923,<$400M
8843,20.02727239557766,498578892.9756013,326.73473978234006,0.8951636706365481,$400-500M
8844,19.82850320127626,408704599.0214304,309.6794139036465,0.8484367504209492,$400-500M
8845,20.027724170324788,498804189.21664244,312.6253975868273,0.8565079385940475,$400-500M
8846,20.3476867842051,686891417.2525377,475.4590386881697,1.3026275032552594,$500-750M
8847,19.67899439699022,351948141.3470346,308.19135441135256,0.8443598750995961,<$400M
8848,19.568440633674683,315112612.7434796,369.4021494937334,1.0120606835444752,<$400M
8849,20.60386992714351,887456378.5208817,320.07347761821586,0.8769136373101805,$750M-1B
8850,19.728670709521616,369873165.73412174,366.79234524074434,1.004910534906149,<$400M
8851,19.73383765805253,371789227.17705196,312.92996228985913,0.8573423624379702,<$400M
8852,19.931834169672435,453195505.4359003,346.2445101299103,0.9486150962463296,$400-500M
8853,20.78999111161066,1069001755.9636562,447.85722500087104,1.2270060958927973,>$1B
8854,18.95199555170473,170116754.71211123,372.94547005976113,1.0217684111226333,<$400M
8855,20.2333902819406,612702637.2164141,317.01014054474877,0.8685209329993117,$500-750M
8856,20.261791074764368,630353338.4198569,449.9308599524503,1.2326872875409598,$500-750M
8857,19.668202793081857,348170476.60190755,320.7800637444025,0.8788494897106919,<$400M
8858,19.36964880335526,258304273.68355292,372.115771943491,1.0194952655986054,<$400M
8859,19.47874853085239,288079929.0019712,336.25300325237146,0.9212411048010177,<$400M
8860,19.34015549285746,250797272.84933972,339.44549551276987,0.9299876589390955,<$400M
8861,19.00612415517122,179578708.12665007,408.23766527873147,1.1184593569280314,<$400M
8862,20.205966583420267,596128367.4228278,301.22566979240446,0.8252758076504232,$500-750M
8863,19.218585592402032,222088296.42402256,326.70068686965885,0.8950703749853667,<$400M
8864,18.727453623176128,135903226.8553505,321.883620318044,0.8818729323782027,<$400M
8865,18.9892121229318,176567204.32802075,320.36807835396814,0.8777207626136113,<$400M
8866,19.927001404542505,451010601.81568253,309.4597793510567,0.8478350119207032,$400-500M
8867,19.186801695206437,215140464.32388973,345.2808223121837,0.9459748556498184,<$400M
8868,19.251904945881027,229612794.4654926,298.6568787304506,0.8182380239190428,<$400M
8869,18.764469247135185,141028033.41618907,320.2188323471653,0.8773118694442885,<$400M
8870,18.880287502374657,158345118.37051216,319.0147137694244,0.8740129144367792,<$400M
8871,19.43700409253466,276301741.42520046,328.2226125177349,0.8992400342951641,<$400M
8872,19.914546764740095,445428262.39631,333.00532525308523,0.9123433568577678,$400-500M
8873,19.347575387584957,252665083.12029135,544.8621270419268,1.4927729507997993,<$400M
8874,19.01006303635992,180287442.2153446,328.7332059624751,0.9006389204451373,<$400M
8875,20.04438678592604,507185202.5740736,310.4584961915897,0.8505712224427114,$500-750M
8876,19.3524535308277,253900630.7271773,358.84815521270724,0.9831456307197458,<$400M
8877,19.837239666915,412290875.5877399,337.221778969592,0.9238952848481972,$400-500M
8878,19.86305578121003,423073204.02996254,378.35788135343495,1.0365969352148903,$400-500M
8879,20.05867708116328,514485063.2141867,311.70769071522454,0.853993673192396,$500-750M
8880,19.22636660337194,223823108.43772545,392.6388903275722,1.0757229871988279,<$400M
8881,20.310550166117924,661850439.4644887,325.22580250393264,0.8910295959011854,$500-750M
8882,19.168657214497223,211272053.60103035,304.36241941687996,0.8338696422380273,<$400M
8883,19.206000128267576,219310727.29542542,323.40392855723815,0.8860381604307894,<$400M
8884,19.546620231258316,308311203.33287174,356.45951353275075,0.9766014069390432,<$400M
8885,19.345568143541723,252158431.29430422,322.2209644170731,0.8827971627865017,<$400M
8886,19.284193611046245,237147676.12123597,330.13365950924793,0.9044757794773916,<$400M
8887,19.9693885033172,470538576.1484223,339.72526447505345,0.9307541492467217,$400-500M
8888,20.015801393066877,492892370.6528031,374.2901112277394,1.0254523595280531,$400-500M
8889,19.238815728814338,226626926.7229606,367.2504064673168,1.006165497170731,<$400M
8890,19.15374318873748,208144516.80429363,345.5418357101429,0.9466899608497066,<$400M
8891,20.73730664765423,1014139845.8589078,328.51817019203804,0.9000497813480495,>$1B
8892,19.771830565449445,386186343.2404004,341.7002193536096,0.9361649845304373,<$400M
8893,19.489776626506035,291274484.570631,320.400890658474,0.877810659338285,<$400M
8894,19.824687555129685,407148098.30950326,317.25094929208666,0.8691806829920182,$400-500M
8895,19.8775558681541,429252494.1267007,351.85401976420894,0.9639836157923533,$400-500M
8896,19.58937131378454,321777642.5187998,341.5133504149087,0.9356530148353663,<$400M
8897,20.48925108840147,791350144.5463457,324.7314784241823,0.8896752833539241,$750M-1B
8898,19.592018675993852,322630633.0787086,333.9509962502081,0.91493423630194,<$400M
8899,20.0548302999442,512509753.46358204,349.52430967531734,0.957600848425527,$500-750M
8900,20.24011570285282,616837208.1262323,342.5662660589735,0.9385377152300644,$500-750M
8901,19.859832575486216,421711747.3632887,316.9874635214751,0.8684588041684249,$400-500M
8902,19.817442996512767,404209148.596153,368.566872114388,1.0097722523681862,$400-500M
8903,20.22759463800837,609161901.2282453,335.81918219338934,0.9200525539544914,$500-750M
8904,19.461028082677945,283019988.1667772,317.90650956872315,0.870976738544447,<$400M
8905,19.136449685160454,204575914.61242232,294.9077043910712,0.8079663134001951,<$400M
8906,20.148931190383337,563079391.0063909,338.0087966402367,0.9260514976444841,$500-750M
8907,19.193511148451833,216588792.52237964,359.72875898307245,0.9855582437892396,<$400M
8908,20.398602562472295,722770688.0113403,305.9348925894626,0.8381777879163359,$500-750M
8909,20.20864945790015,597729852.337426,418.5354253522638,1.1466723982253804,$500-750M
8910,18.922351209921775,165147770.5099829,348.5445044133632,0.9549164504475705,<$400M
8911,19.932816829170232,453641061.18261594,336.91355660945254,0.9230508400258973,$400-500M
8912,20.306792270671668,659367942.1161021,343.40304047609357,0.9408302478797084,$500-750M
8913,19.532647413040078,304033184.52662635,310.4468500025231,0.8505393150754057,<$400M
8914,19.612339327614116,329253763.0284629,349.76707797350724,0.9582659670507048,<$400M
8915,19.3456646959698,252182778.97850057,313.7480977631943,0.8595838294882037,<$400M
8916,19.48396769928644,289587397.1169862,356.2423398046749,0.9760064104237668,<$400M
8917,18.95839595463668,171209062.36341414,377.59501275464396,1.0345068842592986,<$400M
8918,19.617004020786112,330793218.56110847,324.1027271426119,0.8879526771030464,<$400M
8919,20.053853713428015,512009487.66511256,303.3205403543014,0.8310151790528805,$500-750M
8920,19.971498339890186,471532383.6624462,319.95428497880215,0.8765870821337045,$400-500M
8921,19.506702550689127,296246533.9768962,341.0572134773568,0.9344033245954981,<$400M
8922,19.179391374854113,213552096.98638046,361.2241839639278,0.9896552985313091,<$400M
8923,20.15210316790994,564868301.8729706,306.48480395257036,0.8396843943906037,$500-750M
8924,18.435406960811,101483518.18135974,336.61133598486384,0.9222228383146954,<$400M
8925,19.976885224709108,474079328.1909897,334.8630528674355,0.9174330215546178,$400-500M
8926,19.489670541752783,291243586.4277466,331.4051074993531,0.9079591986283647,<$400M
8927,20.248917869669686,622290678.0968689,350.5382548607789,0.9603787804404902,$500-750M
8928,20.148764200250334,562985370.1544911,358.4304840884431,0.9820013262697072,$500-750M
8929,19.803396631921512,398571168.7815161,386.56118969430554,1.0590717525871385,<$400M
8930,19.436415765343003,276139233.40624833,418.7329165814694,1.1472134700862175,<$400M
8931,19.208744530993197,219913430.9056041,321.73154146389254,0.8814562779832672,<$400M
8932,19.72598181553036,368879951.9230008,338.2570305925977,0.9267315906646512,<$400M
8933,19.136854776435403,204658803.3181088,329.9897136924268,0.9040814073765118,<$400M
8934,20.003108208137593,486675535.82848567,355.3928365002314,0.973679004110223,$400-500M
8935,19.16226905054292,209926714.78125966,369.8099516407837,1.0131779497007773,<$400M
8936,19.32189195520897,246258401.50196925,322.2036871338317,0.8827498277639224,<$400M
8937,18.54832308670071,113614657.89582846,331.40197591390125,0.9079506189421952,<$400M
8938,19.91263217144726,444576264.3078616,339.62513463889087,0.9304798209284681,$400-500M
8939,18.87193504604482,157028055.6954206,319.00430206470463,0.8739843892183689,<$400M
8940,20.4851857195922,788139544.9091632,339.05895633491747,0.9289286474929246,$750M-1B
8941,19.477782721122804,287801832.9192111,380.92534398317395,1.043631079405956,<$400M
8942,20.094079374589498,533025260.7794296,382.22636778502147,1.047195528178141,$500-750M
8943,19.579624953464382,318656715.21794593,343.5828608311731,0.9413229063867756,<$400M
8944,19.368620942857834,258038909.3264502,360.5241829547449,0.9877374875472463,<$400M
8945,19.35041073207017,253382492.240704,364.1048778863055,0.9975476106474123,<$400M
8946,20.749951630825976,1027045048.2203046,448.77261592619755,1.2295140162361577,>$1B
8947,19.28532393277244,237415880.8421283,343.58693461951293,0.9413340674507203,<$400M
8948,19.33726687603943,250073860.96196198,330.6095082254602,0.905779474590302,<$400M
8949,19.79876793774914,396730567.811004,325.93871273045795,0.8929827746039943,<$400M
8950,19.92188527509192,448709065.69176143,314.4042350659923,0.8613814659342254,$400-500M
8951,19.851503762641514,418213975.508421,376.94621251734503,1.032729349362589,$400-500M
8952,19.644011039068072,339848687.26773,340.9636793830696,0.9341470668029304,<$400M
8953,20.073296264329972,522061661.4897661,303.85089873993184,0.8324682157258406,$500-750M
8954,20.203176802939716,594467617.7800741,369.68844008738364,1.0128450413352976,$500-750M
8955,19.573907148704006,316839897.3893715,347.6697031988023,0.9525197347912392,<$400M
8956,18.86757614606799,156345075.70919654,304.91076140839596,0.8353719490640985,<$400M
8957,19.215317376307702,221363648.67701298,312.68814243703207,0.8566798422932386,<$400M
8958,19.302021299094548,241413381.76838467,349.78799970464723,0.9583232868620473,<$400M
8959,19.354502528774375,254421405.94967642,318.52238209247463,0.8726640605273277,<$400M
8960,20.153478679055493,565645819.1372077,320.2933314424024,0.8775159765545272,$500-750M
8961,19.154761392432803,208356558.25283912,395.88915178430886,1.0846278131076956,<$400M
8962,19.983297260331295,477128908.2907956,320.93001155893774,0.8792603056409253,$400-500M
8963,19.3202620527356,245857351.24945796,338.11522355838633,0.9263430782421543,<$400M
8964,19.15602475393955,208619954.25536606,334.3097220450334,0.9159170466987218,<$400M
8965,19.300995296994923,241165818.153924,331.3696731570821,0.9078621182385811,<$400M
8966,19.55902369341508,312159144.2382592,312.2243932773911,0.8554092966503865,<$400M
8967,19.935095875713923,454676109.28857696,387.0738446756442,1.0604762867825868,$400-500M
8968,19.51958314266079,300087045.63789034,330.80454213164865,0.9063138140593113,<$400M
8969,19.902190534996098,439958312.02758396,370.50007595094684,1.0150687012354709,$400-500M
8970,18.889018555692342,159733691.0716987,302.8573436572145,0.8297461470060672,<$400M
8971,20.421053289078205,739180936.8591617,377.22332674450564,1.0334885664233031,$500-750M
8972,19.27622094537128,235264493.94996536,431.18861134899885,1.1813386612301338,<$400M
8973,19.598473626256318,324719933.6796492,350.2153404239678,0.9594940833533364,<$400M
8974,20.396996131000172,721610538.5308022,361.3827078742505,0.9900896106143849,$500-750M
8975,18.43469477567002,101411268.8581576,319.440746160203,0.8751801264663096,<$400M
8976,18.835263916601313,151373964.10866207,374.0090466962011,1.0246823197156194,<$400M
8977,19.84731572668806,416466142.89037335,361.8696505536614,0.9914237001470175,$400-500M
8978,20.177733755421297,579533342.3046072,433.4730689458266,1.1875974491666481,$500-750M
8979,19.579167962825487,318511125.35120714,338.75635382301,0.9280995995150959,<$400M
8980,19.287842708875523,238014632.03283018,338.8653170936193,0.9283981290236145,<$400M
8981,20.19976150805397,592440798.6279795,429.6295302326893,1.1770672061169571,$500-750M
8982,19.195744312246106,217073011.24070698,341.83875445519936,0.9365445327539709,<$400M
8983,19.166392040897605,210794027.33351332,375.9882484296202,1.0301047902181375,<$400M
8984,19.217411967291508,221827800.91452166,322.71695043071384,0.8841560285772981,<$400M
8985,19.900122667692408,439049476.6185227,324.5890502093526,0.8892850690667194,$400-500M
8986,20.07301739189965,521916093.18388575,370.5134706894899,1.0151053991492873,$500-750M
8987,19.685828891716493,354361767.6259329,371.7112526249247,1.0183869934929444,<$400M
8988,19.102094083293665,197666946.36515334,360.0578812482583,0.9864599486253652,<$400M
8989,20.616974715554917,899162844.4310021,339.0855805527287,0.9290015905554211,$750M-1B
8990,19.350970913596328,253524472.19547012,362.60467493227816,0.9934374655678854,<$400M
8991,20.570324549830712,858180106.561568,411.3033193341467,1.1268584091346485,$750M-1B
8992,19.33424140627545,249318413.42494756,355.65829335212305,0.9744062831565015,<$400M
8993,20.471106767392133,777121111.9277345,346.66554961280553,0.9497686290761795,$750M-1B
8994,19.769944118063442,385458509.74832296,328.55209219133894,0.9001427183324354,<$400M
8995,19.49045296125001,291471550.25825334,342.5099836699949,0.9383835169040956,<$400M
8996,20.466703001399,773706376.7683065,316.6774285799158,0.8676093933696323,$750M-1B
8997,20.288812472232937,647618581.507026,340.22964025337774,0.9321360006941856,$500-750M
8998,19.32218259596022,246329984.63076732,389.77210204294084,1.067868772720386,<$400M
8999,19.245113350287685,228058640.7879333,345.8730172594815,0.9475973075602233,<$400M
9000,18.313346739653536,89822561.16665936,381.79400868442275,1.0460109826970487,<$400M
9001,19.754087382385745,379394600.0080885,308.28734400676933,0.8446228602925188,<$400M
9002,18.71443521459007,134145449.67619519,339.17046336708097,0.9292341462111807,<$400M
9003,20.03429553790256,502092808.42180014,356.5625850510933,0.9768837946605297,$500-750M
9004,20.107652411199656,540309353.9627802,350.87781331394706,0.9613090775724576,$500-750M
9005,19.7800905536845,389389448.4863185,338.98425806714016,0.9287239947044936,<$400M
9006,19.913485111721688,444955623.0709291,327.4396822405478,0.8970950198371174,$400-500M
9007,19.61861001090856,331324896.0227914,325.04279365917193,0.8905282018059505,<$400M
9008,19.169273611749112,211402321.25845945,325.1047034819691,0.8906978177588195,<$400M
9009,20.15749992985102,567925002.3497682,319.8929533017844,0.8764190501418752,$500-750M
9010,20.38408207366878,712351533.0082442,369.39676195157864,1.01204592315501,$500-750M
9011,19.326460108511572,247385921.01231372,335.1827877756456,0.9183090076045084,<$400M
9012,18.715795169042675,134328005.48343465,305.8049454084517,0.8378217682423335,<$400M
9013,20.696955277835443,974032547.9505008,354.8441221429958,0.972175677104098,$750M-1B
9014,20.114421432352017,543979125.7777998,373.3127558059515,1.022774673440963,$500-750M
9015,19.201391235470968,218302273.37729612,309.9177339076692,0.8490896819388196,<$400M
9016,19.07960664290593,193271528.760977,380.7511662499068,1.043153880136731,<$400M
9017,19.505719206149298,295955364.74856466,357.9270442690526,0.9806220390932948,<$400M
9018,20.37106768492521,703140779.4046639,307.9288250013107,0.8436406164419472,$500-750M
9019,19.970389579596354,471009857.01011837,309.3286935228704,0.8474758726653984,$400-500M
9020,19.450326759564376,280007447.6596863,353.95968886574235,0.9697525722349105,<$400M
9021,18.461725667422957,104189891.020921,389.03615456825423,1.0658524782691896,<$400M
9022,20.18706793047455,584968133.1558528,433.75815739510654,1.1883785134112508,$500-750M
9023,19.48074485970112,288655605.7037931,334.2121500886372,0.9156497262702389,<$400M
9024,20.19394990930112,589007755.8176814,329.20543102775764,0.9019326877472812,$500-750M
9025,19.889383003982953,434359462.5536647,323.44672479122016,0.8861554103869046,$400-500M
9026,19.73691261526913,372934222.6480624,320.1840689818559,0.8772166273475503,<$400M
9027,19.751655108362343,378472929.70961255,334.64312737548346,0.9168304859602286,<$400M
9028,19.237648133392977,226362472.5787295,353.97840066435253,0.9698038374365823,<$400M
9029,19.995325227766727,482902451.65231943,321.60857359644126,0.8811193797162774,$400-500M
9030,18.904595587741916,162241348.11857238,319.2338707717583,0.8746133445801597,<$400M
9031,19.66363800323344,346584773.49899113,311.04240906942596,0.852170983751852,<$400M
9032,19.51988457886961,300177516.374137,329.41585704084235,0.9025091973721708,<$400M
9033,19.456996072621855,281881146.18243665,325.78434554086914,0.8925598507969017,<$400M
9034,20.076813378521628,523901044.7326535,299.17648274062134,0.8196615965496475,$500-750M
9035,19.77338557769801,386787334.8879519,311.7709969166475,0.8541671148401302,<$400M
9036,19.621244835139105,332199029.97596675,349.34939904005716,0.957121641205636,<$400M
9037,20.06900879897343,519828131.71437925,327.421362273111,0.8970448281455097,$500-750M
9038,19.42069520283389,271832113.20580965,299.13356260022965,0.8195440071239168,<$400M
9039,20.878789412252235,1168269478.0528255,372.9927509986743,1.0218979479415735,>$1B
9040,20.792337817408455,1071513334.3974539,344.22272438921647,0.94307595723073,>$1B
9041,19.23265653328797,225235376.9823163,322.5520910977906,0.883704359172029,<$400M
9042,19.50658244468398,296210955.12582076,314.252968410578,0.8609670367413095,<$400M
9043,19.547721299705792,308650862.0302866,335.83639512736244,0.9200997126777053,<$400M
9044,18.264584322231997,85547669.9859008,329.102904145175,0.9016517921785616,<$400M
9045,19.633728589546585,336372114.76766586,313.3015515397637,0.8583604151774348,<$400M
9046,20.82651564413901,1108768352.7927556,350.65561971262315,0.9607003279797894,>$1B
9047,19.529774104646275,303160857.2583166,311.62290050382205,0.853761371243348,<$400M
9048,19.3577039739708,255237227.34456804,373.6114216043153,1.0235929359022338,<$400M
9049,20.105367764294577,539076346.8986689,313.22218586768906,0.85814297497997,$500-750M
9050,19.274038199097326,234751531.2897329,343.89169606305506,0.9421690303097399,<$400M
9051,19.660109272467153,345363924.43627083,327.87413283753074,0.8982852954452897,<$400M
9052,19.37840162922379,260575089.5424792,317.8893188978236,0.8709296408159551,<$400M
9053,20.33932464665891,681171485.5008504,411.6253980734966,1.1277408166397167,$500-750M
9054,19.411172357944597,269255784.61401284,338.8702211261855,0.9284115647292754,<$400M
9055,19.50562350588763,295927043.0979327,322.6755265968848,0.8840425386216022,<$400M
9056,19.481096781903958,288757207.8973994,320.55209673898344,0.8782249225725574,<$400M
9057,20.24999300251605,622960083.030011,332.2775051273271,0.9103493291159647,$500-750M
9058,19.374887316609275,259660954.43736404,322.76687500079953,0.8842928082213686,<$400M
9059,19.465683409407994,284340610.2614469,424.0000621887126,1.161644005996473,<$400M
9060,19.62671396019033,334020845.3397488,338.52661012912444,0.9274701647373272,<$400M
9061,18.72795441410648,135971303.00330135,351.2098251833152,0.9622186991323705,<$400M
9062,19.37747607118477,260334023.7509842,397.7157542816812,1.0896322035114554,<$400M
9063,19.215162581788057,221329385.44929752,317.2177809011254,0.8690898106880148,<$400M
9064,19.27898810566517,235916410.07841286,318.19122417126283,0.871756778551405,<$400M
9065,19.157317330325803,208889785.83333197,371.4669015526718,1.0177175385004706,<$400M
9066,19.559673904573565,312362179.59784037,356.4836680292644,0.9766675836418203,<$400M
9067,19.3289012544823,247990563.8670768,336.57348661316917,0.9221191414059429,<$400M
9068,20.0970103385361,534589830.3298326,389.6530697049953,1.0675426567260144,$500-750M
9069,19.166179989046732,210749332.80881003,321.35500309783396,0.8804246660214629,<$400M
9070,19.0255170055856,183095238.71867794,328.9001185078179,0.9010962150899121,<$400M
9071,20.37233444040667,704032051.2337672,338.376939622248,0.9270601085541041,$500-750M
9072,18.84044582069143,152160405.34414,351.28411417241836,0.9624222306093654,<$400M
9073,20.597381388935453,881716725.0185338,320.2970797857582,0.8775262459883787,$750M-1B
9074,19.36529545636018,257182229.64546308,329.7234896560636,0.9033520264549687,<$400M
9075,20.709483090215194,986311800.4507776,316.41449997759827,0.8668890410345158,$750M-1B
9076,19.747441237300396,376881449.08540744,512.7132047020216,1.4046937115123879,<$400M
9077,19.283550207727018,236995143.59450153,315.8605473752029,0.8653713626717887,<$400M
9078,19.71091552173609,363363955.3457653,312.90587322957094,0.8572763650125231,<$400M
9079,19.838490263400214,412806807.6518059,316.1338800578824,0.866120219336664,$400-500M
9080,19.519637453081153,300103343.93406427,309.9585853098615,0.8492016035886617,<$400M
9081,19.692921798713375,356884157.6509122,347.2971766768701,0.9514991141832058,<$400M
9082,20.18850726428727,585810703.7940103,301.0876702206829,0.824897726632008,$500-750M
9083,19.032144596632193,184312749.20770338,385.52321839799896,1.0562279956109561,<$400M
9084,19.167382576402353,211002929.74732435,368.29505204829536,1.0090275398583435,<$400M
9085,19.599377500046664,325013572.202996,336.5306441201116,0.9220017647126346,<$400M
9086,20.155436155572634,566754141.9492289,395.99568445267226,1.0849196834319788,$500-750M
9087,19.470752723065868,285785681.6660253,356.10627799734567,0.9756336383488923,<$400M
9088,19.347915143528617,252750942.1687719,321.26256996471386,0.88017142456086,<$400M
9089,19.72628050844232,368990150.20690745,358.4728772758707,0.9821174719886868,<$400M
9090,18.28265838979558,87107921.92867123,374.89964227381375,1.0271223075994897,<$400M
9091,19.75533993434646,379870109.1960277,335.32256056061044,0.9186919467413984,<$400M
9092,19.416367641312675,270658284.75182825,337.8509106369909,0.9256189332520298,<$400M
9093,19.551780370937173,309906243.9836353,349.3233984481596,0.9570504067072866,<$400M
9094,19.634673778559193,336690200.2964844,303.87993766374757,0.8325477744212262,<$400M
9095,19.69110821263266,356237504.06837904,300.60266480935354,0.8235689446831604,<$400M
9096,20.13191614984282,553579621.0166695,372.05049897793606,1.0193164355559892,$500-750M
9097,20.022971407061625,496439115.7597466,354.5273714359195,0.9713078669477248,$400-500M
9098,19.325221882715763,247079790.95157853,307.1475620885445,0.8415001701056013,<$400M
9099,19.49480029520546,292741432.7273361,353.6054510860706,0.9687820577700564,<$400M
9100,20.352161838114725,689972181.5265992,362.5977900976952,0.9934186030073842,$500-750M
9101,20.17691751597962,579060497.336461,323.0763338456208,0.8851406406729337,$500-750M
9102,19.61625814187575,330546578.86880016,315.7593404040873,0.8650940832988694,<$400M
9103,20.19455859794476,589366387.2860405,552.8398248462855,1.514629657113111,$500-750M
9104,19.70634046803308,361705342.75021863,350.0814093337424,0.9591271488595682,<$400M
9105,19.72563923250469,368753601.55694306,302.3576773142024,0.8283771981211026,<$400M
9106,20.03595542640424,502926918.5746885,362.53651165753047,0.9932507168699465,$500-750M
9107,20.290077260821228,648438200.3114749,355.96659717606985,0.9752509511673146,$500-750M
9108,19.461620056419704,283187578.1677108,327.0424378420972,0.8960066790194443,<$400M
9109,20.191310407769294,587455118.9390827,343.7097955825256,0.9416706728288372,$500-750M
9110,19.745263025112678,376061414.74830663,386.47409762946194,1.0588331441903067,<$400M
9111,19.92016971455383,447939938.05672455,360.1151241912831,0.9866167786062551,$400-500M
9112,19.556495092704676,311370815.5087075,311.3470845561234,0.8530057111126668,<$400M
9113,19.763871141396493,383124722.9017804,368.2083282726877,1.008789940473117,<$400M
9114,19.590117648563606,322017886.0044203,292.68450018165123,0.801875342963428,<$400M
9115,19.63493813800885,336779219.2985279,358.11279594117246,0.9811309477840342,<$400M
9116,19.61649238799889,330624017.1928764,318.8381177302479,0.8735290896719121,<$400M
9117,19.688113385309673,355172230.20955455,328.2644224707504,0.8993545821116449,<$400M
9118,19.624046987062716,333131207.5684934,332.2817320087021,0.9103609096128824,<$400M
9119,19.666203066318204,347474926.4684282,328.6374156680483,0.9003764812823241,<$400M
9120,19.94305732766812,458310439.3628073,329.8068625484868,0.9035804453383199,$400-500M
9121,17.973186597141943,63922795.77618001,363.58087415429424,0.9961119839843677,<$400M
9122,18.554726172874282,114344476.39276485,359.6722816982173,0.9854035115019653,<$400M
9123,19.586584512013193,320882160.35982794,328.8052539638321,0.900836312229677,<$400M
9124,19.207931832219064,219734780.13435596,334.5636585919033,0.9166127632654885,<$400M
9125,19.287630543663763,237964138.96464857,421.2291633659623,1.1540525023724995,<$400M
9126,20.187294408445368,585100630.5549469,339.61831408441617,0.9304611344778525,$500-750M
9127,19.530138063582715,303271215.4432,313.476950372181,0.8588409599237836,<$400M
9128,20.55033338724341,841194435.8594387,306.6938038167616,0.8402569967582509,$750M-1B
9129,20.104542319020158,538631552.4775522,374.8511786774669,1.026989530623197,$500-750M
9130,19.880291107900117,430428209.80883133,301.24765736291397,0.8253360475696273,$400-500M
9131,19.486059340240843,290193743.8854802,376.8015322473127,1.0323329650611308,<$400M
9132,19.952207743962767,462523416.526554,327.3196718048664,0.8967662241229216,$400-500M
9133,19.251105252594215,229429248.0553901,395.1365665582535,1.0825659357760369,<$400M
9134,20.210488911492252,598830360.5179714,336.3522542631858,0.9215130253785911,$500-750M
9135,20.03755351746101,503731284.13899046,335.1439430660255,0.9182025837425356,$500-750M
9136,18.65613719368159,126548626.77874917,313.6220400935762,0.8592384660097977,<$400M
9137,19.798374498759806,396574509.2391428,372.9334536493702,1.0217354894503294,<$400M
9138,19.68534466808329,354190218.82068914,308.79078356364136,0.8460021467497023,<$400M
9139,19.083730726380285,194070242.52787936,347.41773404715343,0.9518294083483656,<$400M
9140,20.626917423796684,908147550.3930564,386.5920197901459,1.0591562186031396,$750M-1B
9141,20.024444167725562,497170790.4200548,321.700487669558,0.8813711990946795,$400-500M
9142,19.548370695600244,308851363.72835183,308.98018208477794,0.8465210468076108,<$400M
9143,20.21842339321325,603600669.003619,389.43747597881804,1.0669519889830632,$500-750M
9144,19.165314196423964,210566946.55693948,309.622220132912,0.848280055158663,<$400M
9145,19.256387325566102,230644316.30000868,357.05801336106646,0.9782411324960725,<$400M
9146,19.448633294139505,279533666.0080181,371.47105664221687,1.0177289223074435,<$400M
9147,19.880270972365906,430419542.99414325,317.5735419715647,0.870064498552232,$400-500M
9148,18.950757705812176,169906306.664034,366.1463568871041,1.0031407038002853,<$400M
9149,20.117530251393305,545672889.8809773,344.7953932491714,0.9446449130114285,$500-750M
9150,19.38100235230415,261253655.19021854,327.19068639118893,0.8964128394279148,<$400M
9151,19.96004395933525,466162087.7190892,307.1774547721789,0.8415820678689834,$400-500M
9152,19.670808733328823,349078971.2869952,333.47004351729606,0.9136165575816331,<$400M
9153,19.274558179964828,234873629.33619326,387.493671827765,1.0616264981582604,<$400M
9154,20.14995120673717,563654034.2166374,408.5387508645441,1.1192842489439565,$500-750M
9155,20.03349407042204,501690558.58026403,363.6622516136388,0.9963349359277774,$500-750M
9156,19.79067189739311,393531588.131135,335.7233196066528,0.9197899167305557,<$400M
9157,19.97727315081294,474263271.6136037,374.45479987843663,1.0259035613107852,$400-500M
9158,18.459806948551563,103990171.57481773,349.31544223584865,0.9570286088653388,<$400M
9159,19.74009586216391,374123255.84333146,308.57144809927416,0.8454012276692443,<$400M
9160,19.91761200548894,446795701.9519477,317.309136730944,0.8693401006327233,$400-500M
9161,20.353083002038797,690608051.8342654,359.72818670224564,0.9855566758965634,$500-750M
9162,19.8452208655123,415594617.31787676,318.15517550078596,0.8716580150706464,$400-500M
9163,19.64527512128039,340278555.5853916,349.614208572584,0.9578471467742028,<$400M
9164,19.5786624294445,318350148.03825706,350.3159767738887,0.9597697993805169,<$400M
9165,19.57441468734559,317000746.6956589,326.6131980305339,0.8948306795357094,<$400M
9166,20.432349621589463,747578310.9761527,324.76262051579033,0.8897606041528502,$500-750M
9167,20.049673832140144,509873815.326264,312.5842693847884,0.8563952585884613,$500-750M
9168,20.027658713241426,498771540.01781964,350.0127366045928,0.9589390043961447,$400-500M
9169,19.665539229628017,347244336.40885746,329.75382558075484,0.9034351385774105,<$400M
9170,19.536093575760404,305082739.78327036,330.5109867235813,0.905509552667346,<$400M
9171,18.74653058418469,138520735.0841221,312.72602865122184,0.8567836401403338,<$400M
9172,20.089833772962557,530767044.99941087,413.8917916740557,1.133950114175495,$500-750M
9173,19.17933605536561,213540283.72036138,325.7241620460554,0.8923949645097409,<$400M
9174,19.39851971511642,265870449.224537,444.28567268606423,1.2172210210577101,<$400M
9175,18.67929161091433,129512972.89920355,317.5828593268871,0.8700900255531153,<$400M
9176,19.214498924833226,221182547.3937734,312.99477844368374,0.8575199409415993,<$400M
9177,19.392945254339317,264392488.0790154,305.3239595966926,0.8365039988950482,<$400M
9178,19.75162716736386,378462354.94579345,376.64937502085183,1.0319160959475393,<$400M
9179,19.600922925134295,325516244.6525603,324.348828721597,0.8886269280043753,<$400M
9180,20.096725495273713,534437577.7036186,337.2519012389116,0.9239778116134565,$500-750M
9181,20.190259699687,586838199.2556341,333.1468119819119,0.9127309917312656,$500-750M
9182,19.670989989759057,349142249.8298488,310.13362920895764,0.8496811759149524,<$400M
9183,21.44621411052064,2060499179.4626877,402.63898903390884,1.10312051790112,>$1B
9184,19.615501306454806,330296504.1542782,299.55839256524996,0.8207079248363013,<$400M
9185,19.116590114942024,200553201.7585142,321.5815575733991,0.881045363214792,<$400M
9186,19.42513500238421,273041676.42200434,366.39846718208827,1.0038314169372282,<$400M
9187,19.32847063985292,247883798.4913436,339.526580603048,0.9302098098713644,<$400M
9188,18.610994836876195,120962947.40541402,342.0736311480162,0.9371880305425101,<$400M
9189,19.284754805649314,237280799.46776357,380.5462512369766,1.0425924691424018,<$400M
9190,20.267829308513615,634171073.811568,331.1382259097337,0.9072280161910512,$500-750M
9191,19.647373283182134,340993264.61213005,341.3719107634039,0.9352655089408326,<$400M
9192,19.90615573232413,441706296.8129155,319.3147223587107,0.8748348557772896,$400-500M
9193,19.058215108336015,189181060.8462293,308.7336591107825,0.8458456413994042,<$400M
9194,19.727631682094565,369489056.95472836,298.16543149879845,0.816891593147393,<$400M
9195,19.073489862819965,192092937.58891997,350.2556512105218,0.9596045238644434,<$400M
9196,19.255332169151927,230401078.81963298,316.5543368133652,0.8672721556530553,<$400M
9197,20.082850431659946,527073429.4714884,335.2197237082673,0.9184102019404583,$500-750M
9198,19.718135141416322,365996797.53256035,325.5568924035429,0.891936691516556,<$400M
9199,19.65261433136955,342785118.2375052,312.35477310970134,0.8557665016704147,<$400M
9200,19.47083527209973,285809273.97168624,336.93949048646846,0.9231218917437491,<$400M
9201,20.18623289413868,584479867.3975374,311.0333291184301,0.8521461071737811,$500-750M
9202,20.302136079449863,656304935.3984368,333.2565223329027,0.9130315680353499,$500-750M
9203,18.703685726212417,132711177.38166597,289.5829163264441,0.7933778529491619,<$400M
9204,20.234616229487447,613454239.1295817,329.24624770337425,0.9020445142558199,$500-750M
9205,19.80789279462787,400367244.30460316,342.7804603847254,0.9391245489992477,$400-500M
9206,19.428195326509346,273878552.3541764,326.48085390796183,0.8944680928985256,<$400M
9207,19.55017981446275,309410618.2826329,307.39656885460334,0.8421823804235709,<$400M
9208,19.241490253361317,227233857.26501882,319.322261090247,0.8748555098362932,<$400M
9209,19.203102170171434,218676094.0121655,335.76390791564626,0.919901117577113,<$400M
9210,19.48736665401434,290573366.2525527,370.1311664106607,1.0140579901661937,<$400M
9211,19.029626809234404,183849272.60311478,333.50947535513683,0.9137245900140735,<$400M
9212,19.736353941989357,372725932.4512572,341.33295229643875,0.9351587734149007,<$400M
9213,19.032606841916333,184397966.6009833,324.0471939409247,0.8878005313449993,<$400M
9214,19.433110736018115,275228091.6465891,362.22604025231635,0.9924001102803188,<$400M
9215,19.354211329642908,254347329.44326773,372.6647164378256,1.0209992231173304,<$400M
9216,20.470572370839037,776705932.029416,384.2039004208707,1.0526134258106046,$750M-1B
9217,18.948157401829903,169465072.53824934,361.8617071976803,0.9914019375278912,<$400M
9218,18.686600381538685,130463021.12413521,335.18189069260706,0.9183065498427591,<$400M
9219,19.421817179028256,272137273.5249854,354.20184818137875,0.9704160224147363,<$400M
9220,19.458273909984122,282241574.6782019,330.26029019905934,0.9048227128741352,<$400M
9221,19.75507776821719,379770533.17317575,341.0193857655568,0.9342996870289227,<$400M
9222,18.800207708574018,146159304.0666621,288.71515328037293,0.7910004199462272,<$400M
9223,19.604037823429362,326531775.46453595,361.82488182872453,0.9913010461060946,<$400M
9224,19.85300156432743,418840846.45299536,333.28452199601526,0.9131082794411377,$400-500M
9225,19.936099845386792,455132819.53653795,362.22270616294077,0.9923909757888788,$400-500M
9226,19.841146379725288,413904728.0093227,378.2863490928828,1.036400956418857,$400-500M
9227,19.223421359150212,223164864.5412524,302.0923415490017,0.8276502508191826,<$400M
9228,19.987642842083208,479206822.5712064,300.51094543628386,0.8233176587295449,$400-500M
9229,19.65424681329766,343345165.7576044,318.2942017065758,0.8720389087851391,<$400M
9230,20.168995879050744,574491511.1344721,398.05926058021737,1.0905733166581297,$500-750M
9231,20.145335024467308,561058100.7184008,460.9253737109553,1.262809243043713,$500-750M
9232,20.136209416138346,555961394.8817697,348.8315890722539,0.9557029837595997,$500-750M
9233,18.92469595441638,165535454.16762513,369.40853715187916,1.012078183977751,<$400M
9234,18.679772969114754,129575330.03762588,338.8534059444128,0.9283654957381173,<$400M
9235,19.93887471601415,456397508.09107983,321.14369657085587,0.8798457440297421,$400-500M
9236,19.558892398512214,312118162.02417386,324.59527683335773,0.8893021283105691,<$400M
9237,19.1476471080795,206879510.748345,321.1714256949323,0.8799217142326912,<$400M
9238,20.008007593865354,489065797.62873447,313.51806912412553,0.8589536140387001,$400-500M
9239,20.64060129490931,920659938.1314117,425.90547675391014,1.1668643198737263,$750M-1B
9240,19.32119439572295,246086681.51740527,317.6364317954333,0.8702367994395432,<$400M
9241,18.65710488023942,126671145.4540715,341.9931831646463,0.9369676251086201,<$400M
9242,19.546085083670224,308146255.47568685,301.4166643427049,0.8257990803909724,<$400M
9243,20.181631479755538,581796611.4496764,314.66901515641223,0.8621068908394856,$500-750M
9244,19.928559010086218,451713645.8198232,390.21625436886916,1.0690856284078607,$400-500M
9245,20.316081806781902,665521702.9627038,291.2383575672736,0.7979133084034894,$500-750M
9246,18.970436974246397,173283055.47828034,357.0046914240886,0.978095044997503,<$400M
9247,19.470560365384028,285730713.8817043,323.46678503612196,0.886210369961978,<$400M
9248,20.016512758407277,493243121.9431977,336.9461094123242,0.9231400257871896,$400-500M
9249,20.537491928801046,830461334.3012422,349.37449424933317,0.9571903952036526,$750M-1B
9250,18.662571428890875,127365495.5536185,309.63228092042146,0.8483076189600588,<$400M
9251,19.84293181733083,414644389.18877417,343.1495898620677,0.940135862635802,$400-500M
9252,20.40110073827305,724578553.4963061,402.64657617287634,1.1031413045832228,$500-750M
9253,18.808516511711975,147378772.09521118,317.6240859723348,0.8702029752666707,<$400M
9254,19.402729546874344,266992078.36363804,310.7893713320407,0.8514777296768238,<$400M
9255,20.025428578772775,497660451.81299543,319.4916027002415,0.8753194594527165,$400-500M
9256,20.16938948940897,574717681.452538,379.49388860474534,1.0397092838486173,$500-750M
9257,19.448168657202107,279403814.5107816,416.95103750877826,1.142331609613091,<$400M
9258,20.686175618984667,963589198.3740377,363.1837966038378,0.9950241002844871,$750M-1B
9259,20.271725232099218,636646574.905746,357.3043258506229,0.9789159612345832,$500-750M
9260,19.191166754045184,216081617.70983812,319.9314353917541,0.8765244805253538,<$400M
9261,20.779404537212937,1057744382.9906001,298.3373652159995,0.8173626444273959,>$1B
9262,19.03694753086432,185200120.50745085,384.44138865049484,1.0532640784945064,<$400M
9263,18.994222750631838,177454137.04211858,311.3718971056289,0.8530736907003531,<$400M
9264,19.966233383788218,469056310.29028994,324.01618063396893,0.8877155633807368,$400-500M
9265,19.214061624532608,221085845.34476525,344.3938462110954,0.9435447841399874,<$400M
9266,18.61653010590015,121634366.38927424,319.0832479512306,0.8742006793184399,<$400M
9267,19.60104102780247,325554691.25986683,335.9677938905145,0.9204597092890808,<$400M
9268,19.743484829371244,375393298.1391859,349.401384144512,0.957264066149348,<$400M
9269,20.138533918126953,557255231.4299924,366.6677644818256,1.0045692177584262,$500-750M
9270,20.348668826755766,687566305.182061,403.356335885732,1.1050858517417315,$500-750M
9271,19.675299305423945,350650060.478978,393.9709803744159,1.0793725489710024,<$400M
9272,19.201123035734923,218243732.61585766,321.5073403113345,0.8808420282502314,<$400M
9273,20.797504871420625,1077064230.2102659,424.24912609079774,1.1623263728515008,>$1B
9274,19.63722103946902,337548931.32408446,306.71613914825684,0.840318189447279,<$400M
9275,18.89944871511018,161408457.79304084,354.66724871572524,0.9716910923718499,<$400M
9276,20.313123552590007,663555829.8050284,338.27243693648876,0.9267737998259966,$500-750M
9277,19.541635936324802,306778312.7270845,308.390428936459,0.8449052847574219,<$400M
9278,20.1382850621325,557116572.3789943,342.22036194834226,0.9375900327351843,$500-750M
9279,19.56220269349248,313153077.2013762,388.8092117174478,1.0652307170341035,<$400M
9280,19.315166571141347,244607775.93900827,323.6701461662926,0.8867675237432675,<$400M
9281,18.940929108396702,168244545.7443609,352.4163316077094,0.9655241961855052,<$400M
9282,18.935531567375527,167338885.2756324,454.28357938306357,1.2446125462549686,<$400M
9283,19.650542119994874,342075530.4782551,294.76545834331756,0.80757659820087,<$400M
9284,19.41148951620412,269341194.85359323,314.37978830373487,0.8613144885033832,<$400M
9285,19.73791490292907,373308197.4012247,349.62674948452445,0.9578815054370533,<$400M
9286,20.09833236177972,535297037.8807385,312.3125134655548,0.8556507218234378,$500-750M
9287,18.83315030536098,151054356.27896237,352.93246541694555,0.9669382614162891,<$400M
9288,18.735869663492824,137051820.41705555,336.8967125455642,0.9230046919056553,<$400M
9289,19.69487578068727,357582184.60568255,323.815140038415,0.8871647672285342,<$400M
9290,19.904286556885125,440881441.391564,310.95918450070354,0.8519429712348042,$400-500M
9291,19.169021096904697,211348945.7735325,297.46075638541356,0.8149609763983933,<$400M
9292,19.583890007240765,320018705.66117007,311.4615124529483,0.8533192121998583,<$400M
9293,19.932545851125123,453518151.0683991,352.1207912808665,0.9647144966599083,$400-500M
9294,19.052321775090807,188069432.6261165,300.4892191224755,0.8232581345821247,<$400M
9295,19.622138673231603,332496094.8674299,333.2815193865201,0.9131000531137536,<$400M
9296,20.07406800692164,522464714.2158873,358.1132344132085,0.9811321490772835,$500-750M
9297,20.061173883158485,515771235.53716475,398.77522354955425,1.0925348590398747,$500-750M
9298,19.527361953730274,302430468.7765533,392.98032552347377,1.076658426091709,<$400M
9299,19.614597550744637,329998131.6508353,359.8198653085281,0.985807850160351,<$400M
9300,19.10359199809304,197963256.47770885,316.97015471142294,0.8684113827710217,<$400M
9301,19.755218698192987,379824057.9967613,348.97928949564374,0.9561076424538185,<$400M
9302,19.756108347108793,380162118.41339934,375.23898650443533,1.0280520178203707,<$400M
9303,20.035950081520255,502924230.4958399,437.627918244869,1.198980597931148,$500-750M
9304,19.375416630869413,259798433.064838,325.3856218434065,0.8914674571052233,<$400M
9305,19.72454077424085,368348763.5055504,334.62060688433905,0.9167687859844905,<$400M
9306,19.68809725189076,355166500.11340123,336.9603700396913,0.9231790959991544,<$400M
9307,20.748965748790816,1026033001.9190707,296.9548099020487,0.8135748216494484,>$1B
9308,20.011351360849805,490703856.8139493,409.5853462910298,1.1221516336740542,$400-500M
9309,19.5162705107721,299094612.411645,317.50127022194084,0.869866493758742,<$400M
9310,19.30521336949777,242185221.50728652,287.8981315582822,0.7887620042692663,<$400M
9311,20.398604808815,722772311.6038272,379.41282177252526,1.0394871829384253,$500-750M
9312,19.369585953012358,258288039.68154013,373.5941688985118,1.0235456682151007,<$400M
9313,20.098553073960062,535415197.4962542,353.74669951676947,0.9691690397719711,$500-750M
9314,20.24653684209039,620810749.4046756,329.0850735715042,0.9016029412917923,$500-750M
9315,19.548277482363783,308822576.03487116,322.9326724215405,0.8847470477302479,<$400M
9316,19.801364400191485,397762002.2910385,331.2192566477314,0.9074500182129628,<$400M
9317,19.61087634406544,328772422.37239474,324.87320856830075,0.8900635851186322,<$400M
9318,20.056914267495614,513578920.8276878,312.1728591717335,0.8552681073198177,$500-750M
9319,20.45397950115968,763924485.410286,305.56557573748535,0.8371659609246174,$750M-1B
9320,19.808903673008942,400772171.5279666,354.20447421180864,0.9704232170186539,$400-500M
9321,20.23971632623958,616590906.9578686,389.83388744697237,1.0680380477999243,$500-750M
9322,19.990407531475437,480533513.6896363,350.81510021894894,0.9611372608738327,$400-500M
9323,20.21341413094422,600584635.3054225,303.56086609023356,0.8316736057266673,$500-750M
9324,19.538557332262684,305835316.06881917,297.0041444008692,0.8137099846599157,<$400M
9325,19.645667636211275,340412146.21556157,327.3227211537637,0.8967745785034622,<$400M
9326,19.6542940467146,343361383.5059796,342.91892292519447,0.9395038984251903,<$400M
9327,19.547991637437068,308734313.28358734,362.5105150518278,0.9931794932926788,<$400M
9328,19.58976880620402,321905572.1162976,385.23082635625127,1.055426921523976,<$400M
9329,20.01175940041396,490904124.2575551,351.5248360979851,0.9630817427342058,$400-500M
9330,18.765577836142022,141184462.23530412,321.4447664841618,0.8806705931072926,<$400M
9331,19.744288206418997,375695001.67341137,443.0511849408273,1.2138388628515815,<$400M
9332,19.695673335316958,357867489.69058114,339.969354793776,0.9314228898459617,<$400M
9333,20.559001102839662,848517360.6582402,325.9462028391035,0.8930032954495986,$750M-1B
9334,19.983049385393684,477010654.6490835,363.9974037617266,0.9972531609910318,$400-500M
9335,20.32269251916413,669935849.7772236,409.95875832059414,1.1231746803303948,$500-750M
9336,18.819370575856947,148987143.6348182,320.9123793769786,0.879211998293092,<$400M
9337,19.259036879810306,231256231.2200725,358.84554442354903,0.9831384778727371,<$400M
9338,19.5874571531881,321162297.5571007,303.07663364160385,0.8303469414838461,<$400M
9339,20.09195848179617,531895969.32155126,299.5886539174967,0.8207908326506759,$500-750M
9340,19.7009787007111,359771152.8351763,318.4666684957072,0.8725114205361841,<$400M
9341,19.401539807021013,266674616.1336655,373.25123231297505,1.022606115925959,<$400M
9342,19.687626036220102,354999179.5179946,329.458660170598,0.9026264662208165,<$400M
9343,19.65568812755487,343840390.8419112,335.0899062361095,0.9180545376331768,<$400M
9344,19.927449623306003,451212798.540751,378.530929538999,1.037071039832874,$400-500M
9345,20.529378643617356,823750823.6156175,423.5440738575613,1.160394722897428,$750M-1B
9346,19.379169673414562,260775299.6015064,377.0036538964947,1.032886723004095,<$400M
9347,19.934084123601497,454216322.4089296,321.6234574374269,0.8811601573628134,$400-500M
9348,18.94982914583241,169748611.6933061,341.0066914639911,0.9342649081205235,<$400M
9349,19.126119916316,202473569.76552218,394.7323422861081,1.0814584720167346,<$400M
9350,19.710833642215874,363334204.49744684,354.8782290982139,0.9722691208170244,<$400M
9351,18.513583572466104,109735509.84612627,423.25527334531427,1.1596034886172994,<$400M
9352,19.118701173834644,200977028.58282194,349.40116735347056,0.9572634722012892,<$400M
9353,20.467051435499858,773976009.4259017,333.55296284851,0.9138437338315343,$750M-1B
9354,19.557406941688406,311654868.15727,320.8942972493289,0.8791624582173394,<$400M
9355,18.821850379309698,149357060.9395592,328.83266146047083,0.9009114012615639,<$400M
9356,19.835200366826435,411450947.4924458,307.6355187294198,0.8428370376148487,$400-500M
9357,19.342785274281734,251457682.84510493,315.4335765434123,0.8642015795709926,<$400M
9358,19.662693949102806,346257733.10815954,308.2772657258425,0.844595248563952,<$400M
9359,19.226175277624673,223780289.4105699,336.07426590181467,0.9207514134296292,<$400M
9360,19.928093530169832,451503431.11889297,313.745903506689,0.8595778178265452,$400-500M
9361,19.794107466272198,394885918.1231312,366.06949667210216,1.002930127868773,<$400M
9362,19.884729755366564,432342975.23247546,343.3892637161318,0.9407925033318679,$400-500M
9363,19.531284439885972,303619077.7304895,322.6042699350905,0.8838473148906588,<$400M
9364,19.351327868061006,253614985.04124656,316.6094517646074,0.8674231555194724,<$400M
9365,18.7443703460292,138221820.28668588,340.03867516410133,0.9316128086687708,<$400M
9366,19.23954650608463,226792601.05799192,371.72507752839465,1.0184248699408072,<$400M
9367,19.797756408929626,396329466.30514747,303.6019988741726,0.8317862982854043,<$400M
9368,19.87295560053807,427282352.8418639,357.99312179475857,0.9808030734102975,$400-500M
9369,18.690608244475417,130986948.24383654,315.58493552976876,0.8646162617253939,<$400M
9370,20.074985196588575,522944133.27860117,378.6335004436915,1.0373520560101137,$500-750M
9371,20.0442640655703,507122964.44460815,385.36079921152634,1.0557830115384284,$500-750M
9372,18.700276436494274,132259496.92141035,334.93516595678284,0.9176305916624188,<$400M
9373,20.119720789402415,546869517.2371585,330.09886878586457,0.9043804624270262,$500-750M
9374,19.567300118041217,314753426.74989885,305.99485360251856,0.8383420646644344,<$400M
9375,19.56063127031253,312661367.6400749,419.70706206875525,1.1498823618322063,<$400M
9376,19.671966177658756,349483244.6798506,403.6701094584219,1.1059455053655394,<$400M
9377,19.010906295626125,180439535.38954967,319.9579882879244,0.8765972281860943,<$400M
9378,19.866700549586348,424618021.4054817,341.9071247803313,0.9367318487132364,$400-500M
9379,20.697099476539346,974173012.308621,357.63870311474244,0.9798320633280615,$750M-1B
9380,19.71369761182764,364376274.13364613,365.14787408903254,1.0004051344905,<$400M
9381,19.788955615446927,392856756.23772025,310.7461150130074,0.8513592192137189,<$400M
9382,18.792365961802048,145017641.97864622,329.95009412058914,0.9039728606043538,<$400M
9383,19.877620968419194,429280439.48747563,311.3414136551718,0.852990174397731,$400-500M
9384,19.575833365611317,317450787.9215866,326.31184787130746,0.8940050626611163,<$400M
9385,18.554227001813477,114287413.18252304,299.71130358708444,0.8211268591426971,<$400M
9386,19.573252765219042,316632630.4165806,312.06423030336964,0.8549704939818347,<$400M
9387,20.03166883230805,500775689.0326879,299.1667268292643,0.8196348680253817,$500-750M
9388,20.54951792262372,840508751.1725156,347.1273716234901,0.951033894858877,$750M-1B
9389,19.933360962112697,453887969.3974151,356.98932190309785,0.9780529367208161,$400-500M
9390,19.402525953169416,266937725.9903059,337.965134155607,0.9259318743989233,<$400M
9391,18.749547257635733,138939237.8337607,386.1115005553407,1.0578397275488787,<$400M
9392,19.949136554667366,461105098.637027,450.06046845321885,1.2330423793238872,$400-500M
9393,20.4902963853852,792177772.9488916,306.21465717456994,0.8389442662316985,$750M-1B
9394,19.792662645255817,394315790.6148357,382.956218179823,1.049195118300885,<$400M
9395,19.80065562855494,397480179.7514281,320.8339852777687,0.8789972199390923,<$400M
9396,19.380900468559407,261227039.045399,294.4995008617487,0.8068479475664347,<$400M
9397,19.33803139334801,250265119.8581439,354.07368762610463,0.9700648976057661,<$400M
9398,19.980390892242475,475744209.2547413,300.2760153712923,0.8226740147158693,$400-500M
9399,19.977673508401256,474453184.5272549,337.87369894244995,0.9256813669656163,$400-500M
9400,19.911466097624164,444058157.69766706,305.62752894383004,0.8373356957365207,$400-500M
9401,19.214663512483277,221218954.30546308,349.8630580603338,0.9585289261926954,<$400M
9402,19.91736616032961,446685872.8924376,312.83805729502467,0.8570905679315745,$400-500M
9403,19.334587158337154,249404630.6844489,320.21144879614667,0.8772916405373882,<$400M
9404,19.62973147814255,335030281.4668502,339.0074126371024,0.9287874318824723,<$400M
9405,19.573073282428826,316575805.4083081,336.3106800203007,0.9213991233432897,<$400M
9406,19.886772362352588,433226984.5484873,341.49183695911046,0.9355940738605766,$400-500M
9407,20.46614850480488,773277478.1399434,327.5162909994847,0.8973049068479032,$750M-1B
9408,19.170993495544845,211766221.5285597,351.7688029623359,0.9637501451022901,<$400M
9409,19.870392538938283,426188604.12246174,385.71249828226206,1.0567465706363344,$400-500M
9410,19.278257899508176,235744205.3433681,317.79311763367,0.870666075708685,<$400M
9411,20.60714725240175,890369632.9593995,333.16475148284326,0.9127801410488856,$750M-1B
9412,19.92382306516692,449579412.6683401,332.84720217110015,0.911910142934521,$400-500M
9413,19.953026077232966,462902069.73767334,355.7857638118799,0.9747555172928217,$400-500M
9414,19.558542632635326,312009012.8309854,363.4179757024067,0.9956656868559087,<$400M
9415,19.93201486357195,453277402.4979475,367.83452579061174,1.0077658240838678,$400-500M
9416,20.282388232905088,643471460.059539,336.0818412021381,0.9207721676770907,$500-750M
9417,19.67468477896376,350434642.9352173,340.62062703952284,0.9332071973685557,<$400M
9418,19.553724705701974,310509391.63810444,379.0386534135563,1.0384620641467295,<$400M
9419,19.65285349181749,342867108.68397516,296.92508058991,0.8134933714792055,<$400M
9420,18.965404826817085,172413259.90135,331.3454206493364,0.9077956730118806,<$400M
9421,20.11056609421528,541885939.871021,326.0000616121458,0.8931508537319064,$500-750M
9422,20.430077891290846,745881942.2521793,359.93098120854296,0.9861122772836793,$500-750M
9423,19.863897904303776,423429633.80322933,316.871116977998,0.8681400465150629,$400-500M
9424,18.86996235153481,156718592.6504147,305.39929344109026,0.8367103929892884,<$400M
9425,20.606801282199886,890061644.8781731,342.4979563236957,0.9383505652703992,$750M-1B
9426,20.210238982430052,598680714.1088227,329.75103767701165,0.9034275004849635,$500-750M
9427,19.46805964705698,285017074.52630776,358.5678053947563,0.9823775490267296,<$400M
9428,19.506971352413455,296326176.25956726,329.57204596080186,0.902937112221375,<$400M
9429,19.624528441629966,333291633.725725,321.3680138965431,0.8804603120453236,<$400M
9430,18.970097325181715,173224210.04452595,327.9928203121836,0.8986104666087222,<$400M
9431,18.93313214936341,166937850.65742078,439.82223854633554,1.204992434373522,<$400M
9432,19.602174406097763,325923877.05493546,334.29645956686363,0.9158807111420921,<$400M
9433,18.80774665940712,147265355.87029946,374.77509499075694,1.0267810821664574,<$400M
9434,18.823545457558243,149610447.53921014,334.76230102758643,0.9171569891166752,<$400M
9435,19.287525785166533,237939211.50476047,333.957945936736,0.9149532765390027,<$400M
9436,20.031768697370403,500825701.52530676,605.2922726420966,1.6583349935399907,$500-750M
9437,18.43738034312599,101683981.69192068,319.7352721850594,0.8759870470823545,<$400M
9438,19.688636482245826,355358068.3164183,355.5749772983354,0.9741780199954394,<$400M
9439,20.093587172801527,532762969.3484914,335.4441227793703,0.9190249939160829,$500-750M
9440,19.343885942608857,251734606.72493887,341.60836488904147,0.9359133284631274,<$400M
9441,19.751691939524775,378486869.56427205,337.5989021907951,0.9249284991528633,<$400M
9442,19.41903315630637,271380690.8323987,390.94608952918674,1.0710851767922924,<$400M
9443,20.352179130615752,689984112.9744191,377.2847079459106,1.0336567340983853,$500-750M
9444,20.761594569293344,1039072753.565887,346.00518673777975,0.9479594157199446,>$1B
9445,20.65412067897761,933191210.1056039,354.1906352458882,0.9703853020435292,$750M-1B
9446,19.19881103761118,217739736.35923308,339.65083336372857,0.9305502283937769,<$400M
9447,20.448069016570088,759422638.6651168,338.6844334156455,0.9279025573031384,$750M-1B
9448,19.47029124851018,285653829.27115893,351.58104069057896,0.9632357279193944,<$400M
9449,20.003854204477435,487038729.4506169,331.10929978989213,0.9071487665476496,$400-500M
9450,20.06406937867352,517266813.01048255,317.71771642052676,0.8704594970425391,$500-750M
9451,19.58128011471155,319184580.1944412,354.28222872957093,0.9706362430947149,<$400M
9452,20.30652411889641,659191155.1358052,346.91167064161993,0.9504429332647122,$500-750M
9453,18.906630256916596,162571791.64607784,352.05119742476586,0.9645238285610024,<$400M
9454,20.3138337262825,664027237.0695624,319.37631002675045,0.8750035891143848,$500-750M
9455,19.660056146244674,345345577.0429532,423.9980974306599,1.1616386230976985,<$400M
9456,19.42191116236129,272162851.09490794,340.6225764477651,0.933212538213055,<$400M
9457,19.927537241030088,451252334.5112373,344.1615316091543,0.9429083057785049,$400-500M
9458,18.75097139904987,139137247.920124,376.48798430089477,1.0314739295914925,<$400M
9459,19.90278397400113,440219477.93588364,327.77764205673884,0.8980209371417502,$400-500M
9460,19.536334454283594,305156236.5146168,346.22020689815,0.9485485120497261,<$400M
9461,19.75239885951728,378754524.0932906,324.56311374814135,0.8892140102688804,<$400M
9462,19.370301971094978,258473044.81408277,346.510652683041,0.9493442539261396,<$400M
9463,19.617789166162737,331053041.3132496,361.3425560713505,0.9899796056749328,<$400M
9464,19.807018097952863,400017197.52192557,318.6022122595187,0.8728827733137499,$400-500M
9465,20.02960944398637,499745458.61326754,395.05518032842167,1.082342959803895,$400-500M
9466,20.24706526855124,621138888.9230076,363.97947352678716,0.9972040370596909,$500-750M
9467,19.56956537843856,315467233.39617145,314.3458777785937,0.8612215829550512,<$400M
9468,18.962622742498606,171934258.295065,365.7773916087532,1.0021298400239813,<$400M
9469,19.857268023394855,420631631.21868265,331.9458516305774,0.9094406893988423,$400-500M
9470,19.57672694563406,317734582.38152385,307.7029425720659,0.8430217604714135,<$400M
9471,19.218939842688176,222166985.2035183,316.70666745572987,0.867689499878712,<$400M
9472,19.53578326706337,304988084.6427166,341.48244578320015,0.9355683446115073,<$400M
9473,19.358946412034204,255554540.87140197,340.287145660734,0.9322935497554355,<$400M
9474,20.09628135141662,534200263.2412641,384.70891913516095,1.0539970387264683,$500-750M
9475,19.440878255486986,277374255.6013773,336.24688395578227,0.9212243396048829,<$400M
9476,20.140528559529336,558367865.0699663,305.12509397411696,0.8359591615729232,$500-750M
9477,19.444281704935403,278319893.16061014,320.4472175575457,0.8779375823494402,<$400M
9478,20.393248113006525,718910991.383812,329.29571308731164,0.9021800358556483,$500-750M
9479,18.942640810960807,168532776.97740385,334.8566753903194,0.9174155490145738,<$400M
9480,20.395118999544835,720257251.2368695,317.9683152047529,0.8711460690541176,$500-750M
9481,19.592196053534096,322687865.5825415,311.34463408231835,0.8529989974858037,<$400M
9482,19.915505113444,445855342.60745597,406.01434454996934,1.1123680672601899,$400-500M
9483,20.17492140040668,577905778.5195724,344.74209834487624,0.9444988995750034,$500-750M
9484,19.96149955919692,466841127.27453697,313.4211966870036,0.8586882101013797,$400-500M
9485,20.5814102905896,867746596.5900197,304.2804432457195,0.8336450499882726,$750M-1B
9486,19.84162678099099,414103616.1337664,347.344992588565,0.951630116681,$400-500M
9487,19.531487755475638,303680814.49812293,331.4596563403587,0.9081086475078322,<$400M
9488,19.539160151439386,306019735.04232043,344.45443135384676,0.9437107708324569,<$400M
9489,20.10797197862873,540482046.825968,343.13890067651124,0.9401065771959212,$500-750M
9490,20.007877125567447,489001994.2088053,301.4985317115315,0.826023374552141,$400-500M
9491,19.438552932764793,276730020.2601033,357.7396208323254,0.980108550225549,<$400M
9492,19.76416915813758,383238917.4982352,329.89342003632083,0.9038175891406051,<$400M
9493,19.690657034881387,356076813.88501793,309.65538755266357,0.848370924801818,<$400M
9494,20.334595595372658,677957795.4529375,366.3946717573794,1.0038210185133682,$500-750M
9495,20.51994976488542,816020279.4489356,300.4483780355963,0.8231462411934145,$750M-1B
9496,19.194403679896567,216782191.1246111,341.1047717718092,0.9345336212926281,<$400M
9497,19.66519187932734,347123741.92967486,363.0067198470443,0.9945389584850528,<$400M
9498,19.63826247603615,337900650.23904204,352.73370687405964,0.966393717463177,<$400M
9499,20.22228533780504,605936248.3790923,332.44545405214285,0.9108094631565558,$500-750M
9500,18.883702075266967,158886723.4681439,349.81759507409924,0.9584043700660253,<$400M
9501,19.211746112485628,220574510.63575616,324.5862401116389,0.8892773701688738,<$400M
9502,19.830912064215394,409690299.1146418,298.84575310436685,0.8187554879571695,$400-500M
9503,19.65609100212194,343978943.2982688,341.325080673787,0.9351372073254438,<$400M
9504,19.44192924895199,277665927.3770917,346.9268971577129,0.9504846497471586,<$400M
9505,19.81746043393462,404216197.023047,364.19650589343803,0.9977986462833919,$400-500M
9506,20.062581572872197,516497792.66357756,328.51773661157677,0.9000485934563747,$500-750M
9507,19.665535725661325,347243119.67840046,352.3160127480707,0.9652493499947142,<$400M
9508,19.8320942473691,410174914.48011243,364.78667636627154,0.9994155516884151,$400-500M
9509,19.277700950501004,235612944.39847484,329.9100192987858,0.9038630665720159,<$400M
9510,19.562242941907616,313165681.37007564,341.64738550818555,0.9360202342690015,<$400M
9511,19.145743086078937,206485982.37064716,351.7795246431681,0.9637795195703235,<$400M
9512,20.20098973954092,593168900.1180633,355.5527719170784,0.9741171833344614,$500-750M
9513,19.258918630953733,231228887.05189547,337.61583281862653,0.9249748844345932,<$400M
9514,19.749904575701574,377810980.0362387,305.61494269139405,0.8373012128531344,<$400M
9515,19.871189358133538,426528334.71697974,317.29889480817,0.8693120405703288,$400-500M
9516,19.90510139769314,441240835.986312,342.7587046050362,0.9390649441233868,$400-500M
9517,19.420737630777882,271843646.72815406,347.0973806009298,0.9509517276737802,<$400M
9518,19.254793879473304,230277089.67099413,342.39618643503877,0.9380717436576405,<$400M
9519,19.847359393142412,416484328.8872475,319.837132510502,0.8762661164671287,$400-500M
9520,19.12480390581935,202207287.67585954,339.59619521978357,0.9304005348487221,<$400M
9521,19.809329938271706,400943043.19871294,302.7441214631245,0.8294359492140397,$400-500M
9522,19.897380280885113,437847082.5944175,406.70530840239775,1.1142611189106788,$400-500M
9523,19.541102291425958,306614645.7193375,303.05656282193695,0.8302919529368136,<$400M
9524,20.316501632479003,665801164.7340977,322.18005443044626,0.8826850806313596,$500-750M
9525,19.76672582489792,384219985.29718834,335.78061764141233,0.919946897647705,<$400M
9526,19.542671340193504,307096116.6782441,323.773362615303,0.8870503085350766,<$400M
9527,19.48120914355893,288789654.958033,353.48507901418117,0.9684522712717292,<$400M
9528,19.853532343954125,419063217.65095115,370.5525509551657,1.015212468370317,$400-500M
9529,19.26199634518027,231941639.7491004,319.19466282275096,0.8745059255417834,<$400M
9530,20.913614972649043,1209671863.5749514,372.67358154070325,1.0210235110704198,>$1B
9531,19.332535429312557,248893444.5518411,373.9264771472917,1.024456101773402,<$400M
9532,19.93536179108867,454797030.7332902,375.3079891284444,1.028241066105327,$400-500M
9533,19.139619207981905,205225351.30102867,342.0016604273123,0.9369908504857871,<$400M
9534,19.051284487151882,187874451.6151813,355.24300133979926,0.9732684968213678,<$400M
9535,19.399293961670747,266076378.21336386,327.17163199185717,0.8963606355941293,<$400M
9536,19.56890489699512,315258941.9363941,387.3911224388086,1.0613455409282428,<$400M
9537,18.95751920961388,171059021.45355085,307.2312383578577,0.8417294201585143,<$400M
9538,19.210365009009287,220270084.68258578,333.190932762927,0.9128518705833616,<$400M
9539,19.871768322198555,426775350.7953089,334.0467852171125,0.9151966718277054,$400-500M
9540,20.004428855372353,487318687.1236154,315.99942091538855,0.8657518381243522,$400-500M
9541,19.961019206599854,466616932.7771489,330.52650549120665,0.9055520698389223,$400-500M
9542,19.84302321742365,414682289.4564511,314.7822626799794,0.8624171580273408,$400-500M
9543,19.096949138443,196652572.51364496,315.85351966587695,0.8653521086736354,<$400M
9544,20.75803389843213,1035379536.5566789,355.8058227251929,0.9748104732197066,>$1B
9545,19.608931530111825,328133642.533112,332.8500126913723,0.9119178429900611,<$400M
9546,19.01396991849213,180993181.72485295,317.72981899814584,0.8704926547894407,<$400M
9547,20.13455761942276,555043817.7098204,316.1161596312146,0.8660716702225058,$500-750M
9548,19.695299604806355,357733768.6802981,361.51773708465686,0.9904595536565941,<$400M
9549,19.525886263795822,301984504.3114742,341.66947440564024,0.9360807517962746,<$400M
9550,19.604352519516773,326634549.9071994,371.2039025846601,1.0169969933826304,<$400M
9551,18.93329166128785,166964481.35914192,331.7059195878909,0.9087833413366874,<$400M
9552,19.035459412410297,184924725.75126746,350.51755570524284,0.9603220704253228,<$400M
9553,20.40094289832448,724464195.0800873,325.79260232934485,0.8925824721351914,$500-750M
9554,20.583665494106373,869705750.0808951,315.1705008581773,0.863480824268979,$750M-1B
9555,19.638248084488872,337895787.360851,322.52583121048195,0.883632414275293,<$400M
9556,19.112347432816147,199704120.73820606,330.2178242382834,0.9047063677761189,<$400M
9557,19.761453481967482,382199576.5979415,347.7844598454828,0.9528341365629666,<$400M
9558,19.06057328283165,189627709.22940344,330.7055789014134,0.9060426819216805,<$400M
9559,19.573642842033323,316756165.55688137,330.85554526548003,0.906453548672548,<$400M
9560,18.93611570950035,167436663.52305895,351.69553709590616,0.9635494167011127,<$400M
9561,18.48174922902788,106297170.93922618,338.2336960623534,0.9266676604448038,<$400M
9562,19.743636250868462,375450145.05825,363.2322907684512,0.9951569610094554,<$400M
9563,19.09067065490514,195421760.43427798,379.0232097412084,1.0384197527156394,<$400M
9564,20.61261882417504,895254706.6390461,404.29201405735915,1.107649353581806,$750M-1B
9565,19.246890114696015,228464207.45541325,360.2371390740629,0.9869510659563367,<$400M
9566,19.91914884878439,447482884.8418818,321.806723231284,0.8816622554281754,$400-500M
9567,19.206758375508553,219477082.1103833,416.5499359254646,1.1412327011656564,<$400M
9568,19.6682624030455,348191231.6499569,389.0668731044733,1.0659366386423925,<$400M
9569,20.335201970633996,678369016.9530034,424.2083052687924,1.1622145349829929,$500-750M
9570,18.894535623661902,160617388.16934663,352.8218202631017,0.9666351240084978,<$400M
9571,20.142220648411794,559313472.9274247,335.518941371327,0.9192299763598,$500-750M
9572,18.865995002342764,156098067.00336218,311.3166624916449,0.8529223629908079,<$400M
9573,19.31830216495649,245375970.31173623,306.31995718501577,0.8392327594110021,<$400M
9574,19.344558073507955,251903862.20703867,328.6237583605245,0.900339064001437,<$400M
9575,19.537056005328466,305376501.7726803,292.133786639221,0.8003665387375918,<$400M
9576,18.870434920598736,156792670.51111752,320.94257808847453,0.8792947344889713,<$400M
9577,19.638375603493202,337938878.24261737,303.429483943005,0.8313136546383698,<$400M
9578,20.174226136912917,577504121.3738874,396.6726705067029,1.0867744397443915,$500-750M
9579,20.211029708067226,599154293.5089611,510.6235993753311,1.3989687654118659,$500-750M
9580,20.064679691417005,517582603.89404345,376.71186278892804,1.0320872953121316,$500-750M
9581,19.590473241998204,322132413.811968,345.46276763949425,0.9464733359986144,<$400M
9582,19.26288777733254,232148492.16797403,318.610746907791,0.8729061559117561,<$400M
9583,20.48092173767571,784786086.7653617,365.82944389498766,1.0022724490273636,$750M-1B
9584,19.812052318748346,402036049.82665944,331.4251128986267,0.908014007941443,$400-500M
9585,19.600381343179315,325339998.65853643,318.23530263811296,0.8718775414742821,<$400M
9586,19.457252453122805,281953424.2768544,414.9162922931782,1.1367569651867895,<$400M
9587,19.497340951789965,293486133.7901982,300.7535054436897,0.8239822066950402,<$400M
9588,19.990737425847342,480692065.1424924,304.57010252566755,0.8344386370566235,$400-500M
9589,20.394134614521132,719548589.6406951,397.9791164791984,1.0903537437786257,$500-750M
9590,20.498170457283635,798440060.1837578,304.91934550489503,0.8353954671366988,$750M-1B
9591,19.486356560187005,290280008.07349813,334.98505217426634,0.9177672662308667,<$400M
9592,19.33254019377077,248894630.39708254,369.4198051119798,1.0121090551013145,<$400M
9593,19.931964555291295,453254599.4647631,314.8019916668371,0.8624712100461291,$400-500M
9594,19.948006237802403,460584198.214243,300.504924974531,0.8233011643137835,$400-500M
9595,19.409022683572758,268677594.03774685,376.14985673837174,1.0305475527078678,<$400M
9596,19.45330114181768,280841536.6776557,339.5757957176069,0.9303446458016628,<$400M
9597,19.3169366193562,245041126.90906006,336.9548969106006,0.9231641011249332,<$400M
9598,20.509186156136014,807284057.4119622,410.6515686536207,1.1250727908318376,$750M-1B
9599,20.08400499990147,527682323.1511208,384.3272615669607,1.052951401553317,$500-750M
9600,19.656535303419957,344131807.54564404,391.30031291418896,1.0720556518196958,<$400M
9601,20.15549587747114,566787990.5933146,304.7768863740699,0.8350051681481366,$500-750M
9602,20.036672928915188,503287899.3884231,320.31802058901025,0.8775836180520828,$500-750M
9603,19.812105009059856,402057233.78945273,309.3678402565885,0.8475831239906535,$400-500M
9604,20.209948472104838,598506816.4406242,337.27608633497545,0.9240440721506177,$500-750M
9605,19.742680570883,375091506.26833165,352.27044262732744,0.9651245003488423,<$400M
9606,18.986993490969525,176175900.92463812,322.88619190272954,0.8846197038430946,<$400M
9607,19.698319273343802,358815638.7087312,348.69418324108074,0.9553265294276184,<$400M
9608,19.17052961741399,211668010.59025317,356.8622997488265,0.9777049308187027,<$400M
9609,19.785798971738178,391618602.6626706,322.0390739273791,0.8822988326777509,<$400M
9610,20.756180635830226,1033462483.3330128,333.83917592548283,0.9146278792478981,>$1B
9611,19.42505161899294,273018910.23024035,334.4642095954856,0.9163403002616044,<$400M
9612,20.39323189080241,718899329.1575642,326.17904740531856,0.8936412257679961,$500-750M
9613,19.84436311792288,415238294.8759016,349.181581319454,0.956661866628641,$400-500M
9614,18.761994805568623,140679499.1798899,314.70279109934364,0.8621994276694346,<$400M
9615,19.645413811954498,340325752.3204474,301.4911613653341,0.8260031818228332,<$400M
9616,19.26464734388685,232557332.47580862,434.14356432522214,1.1894344228088278,<$400M
9617,20.52862511541533,823130337.9446669,393.2806547891092,1.0774812459975593,$750M-1B
9618,20.38497693175516,712989271.8382189,334.38959702948114,0.916135882272551,$500-750M
9619,19.309255808619763,243166222.00296438,310.83032935347546,0.8515899434341794,<$400M
9620,19.377324753268013,260294633.52914762,371.27630065361274,1.0171953442564732,<$400M
9621,19.834682290957286,411237839.8929306,320.6244127486112,0.878423048626332,$400-500M
9622,19.570303272246047,315700100.619234,441.3505308700969,1.2091795366304026,<$400M
9623,19.20999684920195,220189005.01669982,332.4403803008813,0.910795562468168,<$400M
9624,18.993514586724448,177328514.91282716,311.6320497393259,0.8537864376419888,<$400M
9625,19.123179711134206,201879130.24183965,322.30528615059654,0.8830281812345111,<$400M
9626,19.274302774579652,234813649.0064008,321.58104737809816,0.8810439654194471,<$400M
9627,19.343071701701323,251529717.53620085,313.7008356277524,0.8594543441856229,<$400M
9628,19.510890492031688,297489798.62672275,343.3830355811036,0.9407754399482291,<$400M
9629,20.11692234679788,545341273.6293548,374.64079936711335,1.0264131489509956,$500-750M
9630,19.068470469621296,191131163.385191,311.4464045783554,0.8532778207626175,<$400M
9631,18.792772277508185,145076576.89652964,299.92090994207956,0.8217011231289851,<$400M
9632,19.631491690029524,335620525.0752943,333.58279340985735,0.9139254613968695,<$400M
9633,19.46262626377135,283472666.9959425,336.4379977979848,0.921747939172561,<$400M
9634,19.796621282116767,395879837.34244365,393.81185542714564,1.078936590211358,<$400M
9635,19.769206142359327,385174155.66929,348.98727230673944,0.9561295131691492,<$400M
9636,19.22274291108823,223013510.1202641,358.8782322725876,0.9832280336235276,<$400M
9637,20.057254631994088,513753754.61142063,440.79831757716016,1.207666623499069,$500-750M
9638,19.54820445897774,308800025.5880474,317.16684077745947,0.8689502487053684,<$400M
9639,20.386522913408704,714092392.6542174,307.8139315672953,0.8433258399103981,$500-750M
9640,20.067938336214137,519271972.7849647,309.73107736598394,0.8485782941533806,$500-750M
9641,19.99900288769836,484681672.32858706,369.572946548848,1.0125286206817754,$400-500M
9642,19.234279250140855,225601166.93090186,349.92563948611934,0.9587003821537516,<$400M
9643,19.51241966844447,297945061.00935954,404.78851556084425,1.1090096316735458,<$400M
9644,19.156919208022437,208806638.70310807,364.26633362875083,0.9979899551472625,<$400M
9645,19.254299921762136,230163370.61536032,346.0999041664367,0.9482189155244841,<$400M
9646,20.032377001984614,501130448.7906466,327.54189370123004,0.8973750512362467,$500-750M
9647,19.315966772865846,244803589.83800152,324.6352832011805,0.8894117347977548,<$400M
9648,20.02899152862843,499436753.6059352,425.5909549071115,1.166002616183867,$400-500M
9649,19.925786198096528,450462863.7000016,304.04514005307834,0.833000383707064,$400-500M
9650,19.78202695351332,390144192.65511674,323.2230338907965,0.8855425586049219,<$400M
9651,20.618623911659583,900646963.7570218,434.3320602225211,1.1899508499247153,$750M-1B
9652,19.508783766123273,296863728.870711,364.1783717613044,0.9977489637296011,<$400M
9653,18.850356549386166,153675923.3788079,326.16751591676865,0.8936096326486812,<$400M
9654,19.473932193093674,286695774.7153654,339.5638561078064,0.9303119345419353,<$400M
9655,19.272111340707465,234299633.84314403,328.23863318411986,0.8992839265318352,<$400M
9656,18.557814547179294,114698160.80938672,353.33499374447075,0.9680410787519746,<$400M
9657,19.16177621872986,209823281.70745194,322.02382059763306,0.8822570427332412,<$400M
9658,19.695651142841804,357859547.8133332,434.70861176734513,1.1909824979927264,<$400M
9659,19.111644613608284,199563814.1571174,305.9734855185201,0.8382835219685482,<$400M
9660,20.364936422370565,698842828.0714675,315.2057420347793,0.8635773754377515,$500-750M
9661,19.88698940579521,433321023.8295856,311.97647605907196,0.8547300713947177,$400-500M
9662,20.690121493684444,967398911.9960989,299.15026318757543,0.8195897621577409,$750M-1B
9663,19.985002506047362,477943224.4248933,312.19407594176795,0.8553262354568985,$400-500M
9664,19.80110277887245,397657952.8827029,323.0778633075728,0.8851448309796515,<$400M
9665,20.26283462114545,631011484.7083315,374.0461928148139,1.0247840899035996,$500-750M
9666,20.46170714594186,769850690.7879901,335.05213087197666,0.9179510434848676,$750M-1B
9667,19.101784767966226,197605814.40392834,364.29060806712505,0.9980564604578769,<$400M
9668,19.400045939522897,266276537.00481778,326.24697549440117,0.8938273301216471,<$400M
9669,19.40455433510746,267479727.15914646,342.50604214491193,0.9383727182052382,<$400M
9670,19.51251329765998,297972958.67768484,307.421305656069,0.8422501524823809,<$400M
9671,19.789484440887684,393064563.82711905,304.6587384005612,0.8346814750700308,<$400M
9672,19.545334867953315,307915166.0060369,371.7499692060869,1.0184930663180463,<$400M
9673,19.700903243750016,359744006.62149566,386.52258902202175,1.0589659973206076,<$400M
9674,19.624377033424317,333241174.4575746,307.2040323074251,0.8416548830340413,<$400M
9675,19.726932860886116,369230940.3646167,366.55817099476377,1.0042689616294898,<$400M
9676,19.948184394068242,460666261.48492736,297.4056817274668,0.8148100869245666,$400-500M
9677,20.09735737069034,534775382.3846882,324.6290819859344,0.8893947451669436,$500-750M
9678,20.05970162965911,515012448.23145866,394.89321507716124,1.081899219389483,$500-750M
9679,20.037398733018037,503653320.406709,356.4554878338721,0.9765903776270468,$500-750M
9680,19.584840812345533,320323125.7793014,291.4710978488007,0.7985509530104129,<$400M
9681,20.180288391706426,581015731.8862144,342.3724312960784,0.9380066610851463,$500-750M
9682,19.58743969933285,321156692.0857661,342.6902935119255,0.9388775164710288,<$400M
9683,19.487639460944937,290652647.49445736,356.3775768713487,0.976376922935202,<$400M
9684,19.408981939805514,268666647.32339853,298.7777950665279,0.8185693015521313,<$400M
9685,19.639206008371037,338219620.884417,309.2017609837263,0.8471281122841816,<$400M
9686,20.19572675145175,590055259.97444,321.3918134533447,0.8805255163105334,$500-750M
9687,19.24105413905858,227134778.93610805,355.9855341841915,0.9753028333813466,<$400M
9688,19.939763317915805,456803244.0268437,316.97518356406664,0.8684251604494977,$400-500M
9689,20.154505219240978,566226775.4377811,346.2536860703083,0.9486402358090638,$500-750M
9690,20.465953341800834,773126577.7099171,384.0049271343013,1.0520682935186336,$750M-1B
9691,19.566021425043512,314351210.9571729,371.1631593329963,1.0168853680356063,<$400M
9692,19.485514316591555,290035624.5254968,387.6504393440727,1.062055998202939,<$400M
9693,18.927671442653768,166028736.47828758,375.1991404741318,1.0279428506140598,<$400M
9694,19.77454146378958,387234675.47631866,326.3800002406813,0.8941917814813186,<$400M
9695,19.74202241328477,374844718.1650903,353.3580531125359,0.9681042551028382,<$400M
9696,19.374090451948558,259454122.2185924,339.86980901459475,0.9311501616838213,<$400M
9697,19.435933059905498,276005971.6624462,357.30481813066,0.9789173099470138,<$400M
9698,19.686687204041803,354666051.26522326,345.59003556521554,0.9468220152471659,<$400M
9699,19.604406412750155,326652153.7735885,306.3624258925053,0.8393491120342611,<$400M
9700,19.239505588832643,226783321.51783368,305.4236560156635,0.8367771397689411,<$400M
9701,19.628908337492984,334754617.8938507,401.8002261874285,1.1008225374998042,<$400M
9702,19.877587848504255,429266221.99127746,352.42890280039364,0.9655586378092976,$400-500M
9703,19.95647183875732,464499871.1194544,347.3983724902668,0.9517763629870324,$400-500M
9704,19.4664861394134,284568950.6366335,302.45389437819364,0.828640806515599,<$400M
9705,19.46224364471054,283364225.69750756,376.1947432593951,1.030670529477795,<$400M
9706,19.996390527745117,483417161.73527175,306.64444590852065,0.8401217696123854,$400-500M
9707,19.222024646674875,222853384.96523187,374.5833328105375,1.0262557063302398,<$400M
9708,19.658593402293103,344840794.16298777,322.8130861182138,0.8844194140225036,<$400M
9709,20.343762447660424,684201106.4567349,308.9344286409282,0.8463956949066527,$500-750M
9710,19.918222766002422,447068670.47500545,312.8990874835566,0.8572577739275524,$400-500M
9711,19.761186957687627,382097724.70463204,317.8750863085815,0.8708906474207713,<$400M
9712,20.213390320082322,600570335.0378653,333.40585637875444,0.9134407024075464,$500-750M
9713,19.831803517103634,410055681.55148864,371.4473669995528,1.017664019176857,$400-500M
9714,19.253618632772408,230006616.24869657,340.14383977661436,0.9319009308948338,<$400M
9715,19.66268276598319,346253860.8881646,325.6501408515035,0.892192166716448,<$400M
9716,18.838101055113793,151804042.81997105,317.88099806725535,0.8709068440198776,<$400M
9717,20.05869461880767,514494086.1493892,312.981501766206,0.8574835664827561,$500-750M
9718,19.284635600384263,237252516.03297216,338.91621437490875,0.928537573629887,<$400M
9719,19.52687135364988,302282132.7540656,359.31099268894326,0.9844136785998445,<$400M
9720,18.57800616710544,117037641.95207936,343.19617584004163,0.9402634954521688,<$400M
9721,20.133768002063828,554605718.4645355,349.9586010474985,0.9587906878013658,$500-750M
9722,19.67901762739276,351956317.33899677,334.20391267644715,0.9156271580176634,<$400M
9723,20.067370665281157,518977280.83164495,430.12750223591115,1.178431512975099,$500-750M
9724,19.67784235086423,351542914.3191781,316.22220783885365,0.8663622132571333,<$400M
9725,19.64366324884117,339730511.7670066,327.07099001240135,0.8960849041435653,<$400M
9726,19.506266339889304,296117336.22014254,331.3024934113432,0.9076780641406663,<$400M
9727,19.626725019964454,334024539.55527955,326.2623066227102,0.8938693332129046,<$400M
9728,19.873281258436787,427421523.37481093,314.5664455870164,0.8618258783205929,$400-500M
9729,19.242872566710606,227548182.85750714,316.701675743717,0.867675823955389,<$400M
9730,19.14468218885675,206267038.12473556,328.3720848034496,0.8996495474067112,<$400M
9731,19.68008602307895,352332546.8953986,424.9760344446601,1.1643179025881099,<$400M
9732,19.550795213926893,309601088.0127975,323.2526828129939,0.8856237885287505,<$400M
9733,19.88505924644925,432485451.85857576,331.93891909189887,0.9094216961421887,$400-500M
9734,20.358949055427075,694671100.9171357,367.7976587894064,1.0076648186011135,$500-750M
9735,19.580847774234083,319046613.6070591,349.7622438798986,0.9582527229586264,<$400M
9736,19.974904398025345,473141188.66014266,352.11420420503515,0.9646964498768086,$400-500M
9737,19.479610996106572,288328495.1055689,367.39989096917026,1.0065750437511514,<$400M
9738,19.151828010807293,207746264.50315896,431.62703154445586,1.182539812450564,<$400M
9739,20.8466709186012,1131342614.2766902,446.9062640973597,1.22440072355441,>$1B
9740,19.53421677490939,304510697.21052146,323.57641810864385,0.8865107345442297,<$400M
9741,19.774105604818246,387065932.5457327,304.7196148650907,0.8348482599043581,<$400M
9742,20.447902898699343,759296495.4709961,432.7456713267471,1.1856045789773892,$750M-1B
9743,20.22269643685234,606185399.4028896,324.44792611401755,0.8888984277096371,$500-750M
9744,19.28168076972625,236552509.73425773,315.0246527201159,0.8630812403290847,<$400M
9745,19.70086141073649,359728957.7603725,375.0225226095926,1.0274589660536784,<$400M
9746,18.756263035376122,139875463.09608537,344.98239334169614,0.9451572420320442,<$400M
9747,20.157382833600494,567858504.3548214,303.325596959333,0.8310290327652958,$500-750M
9748,19.29012964733432,238559579.74200955,336.01357725241235,0.9205851431572941,<$400M
9749,20.293707621887254,650796543.3358055,320.75442983176526,0.8787792598130555,$500-750M
9750,18.588704625390257,118296486.1212338,331.67981951879943,0.9087118342980807,<$400M
9751,18.82708893963841,150141529.86372054,339.97103692259,0.9314274984180547,<$400M
9752,19.519670992225365,300113409.3121862,333.81856242388784,0.9145714039010626,<$400M
9753,19.70331264901351,360611820.7627184,377.5366550580945,1.034347000159163,<$400M
9754,19.35307962860103,254059647.12143365,305.4618198293767,0.8368816981626759,<$400M
9755,19.112330291252672,199700697.52668384,352.16959740960965,0.9648482120811224,<$400M
9756,19.916307507970046,446213238.0612476,383.0077698087794,1.0493363556404915,$400-500M
9757,20.329723622796507,674662836.6576064,311.4594316899167,0.8533135114792239,$500-750M
9758,19.23699239715424,226214087.15853506,421.88149896581774,1.1558397231940212,<$400M
9759,19.234084310899622,225557192.69689026,312.33343727829833,0.8557080473378037,<$400M
9760,19.09953669854234,197162081.77234426,355.05890746768864,0.9727641300484621,<$400M
9761,19.603362410917516,326311306.28007585,304.56499003200315,0.8344246302246662,<$400M
9762,20.34488755732523,684971340.9521658,367.36522944729296,1.006480080677515,$500-750M
9763,19.234528252520025,225657349.15267453,303.60110163686636,0.8317838401010037,<$400M
9764,19.499246891925107,294046034.19052744,341.6042169801991,0.9359019643293126,<$400M
9765,19.550620576455703,309547024.78257954,401.23316629146757,1.0992689487437468,<$400M
9766,20.54031931849135,832812694.6556293,348.69735355752385,0.9553352152260928,$750M-1B
9767,19.752603051408883,378831870.592513,323.09335857643043,0.8851872837710423,<$400M
9768,19.68960433407688,355702168.7657818,330.44134329666224,0.9053187487579787,<$400M
9769,19.641526312313662,339005304.3639683,341.2835260172958,0.9350233589514954,<$400M
9770,19.34387147584371,251730964.96584615,321.3182133753344,0.8803238722611901,<$400M
9771,19.3915016508508,264011085.5241526,305.5158253516765,0.8370296584977438,<$400M
9772,19.6377239848652,337718742.7044264,327.97759499093263,0.8985687533998155,<$400M
9773,19.7913901555469,393814346.93783677,352.01823060159853,0.9644335084975302,<$400M
9774,18.5013301149668,108399075.1348183,315.60118075162353,0.8646607691825302,<$400M
9775,19.755939681467424,380098003.53301394,314.4764211039593,0.8615792359012584,<$400M
9776,19.61727076298258,330881466.84005135,355.0797542308298,0.9728212444680269,<$400M
9777,19.01219322923611,180671898.57814136,308.92372379888985,0.846366366572301,<$400M
9778,19.579019303051478,318463779.07862335,375.44648643807113,1.0286205107892359,<$400M
9779,19.23199696974878,225086868.92055872,318.84893363829303,0.8735587222966933,<$400M
9780,19.587123539285365,321055171.2200123,337.49928812130963,0.924655583893999,<$400M
9781,19.272776592170953,234455553.87471715,340.59286031855225,0.9331311241604171,<$400M
9782,20.328092283404484,673563129.8372449,355.18724320550524,0.9731157348096034,$500-750M
9783,20.037608271536598,503758866.23490757,417.61085939479875,1.1441393408076679,$500-750M
9784,19.315729497711647,244745510.9190891,327.9853174734197,0.8985899108860813,<$400M
9785,18.373211177851992,95363949.56596807,363.59274279448834,0.9961445008068174,<$400M
9786,19.391256269580776,263946310.09634987,390.34606598257466,1.069441276664588,<$400M
9787,19.9233281713994,449356973.6653832,319.9880666665821,0.8766796347029646,$400-500M
9788,19.112103515151347,199655415.31572253,348.8714925670556,0.9558123084028921,<$400M
9789,20.354002619163904,691243438.9371202,316.3426228606443,0.8666921174264228,$500-750M
9790,19.21594262866095,221502100.09829998,342.13645457791415,0.937360149528532,<$400M
9791,19.51139483845102,297639874.38335246,371.0621066583515,1.0166085113927439,<$400M
9792,20.074392408751024,522634230.2191322,385.66481972182254,1.0566159444433494,$500-750M
9793,20.10245481835996,537508331.5262744,319.5577113943089,0.8755005791624901,$500-750M
9794,19.953742339530212,463233747.8076115,331.1856789086245,0.9073580244071904,$400-500M
9795,19.41109390190369,269234660.699821,328.83645762804935,0.9009218017206831,<$400M
9796,19.643090453354805,339535971.3845309,321.52660294079243,0.8808948025775135,<$400M
9797,19.751305552288738,378340655.3183428,314.35976036272695,0.8612596174321286,<$400M
9798,19.436694603979685,276216242.42967224,343.85510060463474,0.9420687687798213,<$400M
9799,18.906612403943885,162568889.282226,374.17592804048377,1.0251395288780378,<$400M
9800,19.748834653148197,377406967.7172709,323.16845010824477,0.8853930139951911,<$400M
9801,19.121644962523337,201569534.16398275,324.30286500886825,0.8885010000242965,<$400M
9802,19.471883037040943,286108891.8459691,322.08443038353874,0.882423096941202,<$400M
9803,19.59897655598049,324883286.06026804,321.96153768848455,0.8820864046259851,<$400M
9804,19.233270928470354,225373803.03263173,297.94989713795576,0.8163010880491939,<$400M
9805,19.352873205729654,254007208.81199357,383.0968191127344,1.0495803263362586,<$400M
9806,20.08073947707806,525961974.9283168,288.708803052946,0.7909830220628657,$500-750M
9807,18.990533262385622,176800628.38682458,336.95278509186767,0.9231583153201854,<$400M
9808,19.02797596896774,183546017.2028889,352.7026191569751,0.9663085456355482,<$400M
9809,19.47328064223766,286509038.67855275,290.7694134397859,0.7966285299720163,<$400M
9810,19.757948819660662,380862440.62181497,367.7930234275201,1.0076521189795071,<$400M
9811,19.861442547390084,422391238.2619319,365.3531552976941,1.0009675487608058,$400-500M
9812,20.710277784928913,987095928.7547158,307.51810623664977,0.8425153595524651,$750M-1B
9813,19.421177340709313,271963205.3630501,338.4867032720883,0.9273608308824336,<$400M
9814,20.444618590601646,756806822.5068476,319.40098799734955,0.8750711999927385,$750M-1B
9815,19.225175645014524,223556703.1064653,315.5160282984977,0.8644274747904047,<$400M
9816,19.228577396852188,224318482.48968455,340.9155542693112,0.9340152171761951,<$400M
9817,19.287106267346566,237839412.7006173,377.3871319817367,1.033937347895169,<$400M
9818,19.416892305569537,270800326.73857933,316.55882546623695,0.8672844533321561,<$400M
9819,19.729968569518213,370353520.9692374,320.94577634299685,0.8793034968301283,<$400M
9820,19.49628186980696,293175472.4505909,303.27362098794015,0.8308866328436716,<$400M
9821,19.74126996632611,374562773.4844496,315.7274220841965,0.8650066358471138,<$400M
9822,19.058793406264645,189290495.50172022,359.90152297950857,0.9860315698068728,<$400M
9823,20.432055251899882,747358278.9677794,422.75218865129256,1.1582251743871028,$500-750M
9824,19.196807309603493,217303881.96376052,320.9702859083179,0.8793706463241587,<$400M
9825,19.73176806545413,371020570.6216406,304.8592403895085,0.8352307955876945,<$400M
9826,19.104553264916674,198153643.48015356,318.38610326424885,0.8722906938746544,<$400M
9827,19.565954588076536,314330201.3777833,312.1678582717773,0.8552544062240474,<$400M
9828,19.76950909532738,385290863.0004907,341.7956127794363,0.9364263363820172,<$400M
9829,19.028117774512623,183572046.89140266,309.44443049969556,0.8477929602731386,<$400M
9830,19.195939259819603,217115333.22266996,381.9707733376081,1.0464952694181042,<$400M
9831,19.65036062095576,342013449.73213667,299.65212092451674,0.8209647148616896,<$400M
9832,19.771193053060546,385940223.12280893,318.97794629967535,0.8739121816429462,<$400M
9833,20.152019149936773,564820844.7767943,455.32888690422936,1.2474764024773408,$500-750M
9834,19.896517304739383,437469393.9982255,361.58862469013553,0.9906537662743439,$400-500M
9835,19.521077087117956,300535694.06085724,314.2774601828197,0.8610341374871773,<$400M
9836,19.118621483549536,200961013.30425343,323.01918550503126,0.884984069876798,<$400M
9837,18.808212125538496,147333918.86141953,321.90975266462004,0.881944527848274,<$400M
9838,19.517593577366274,299490596.400654,342.60348551857453,0.938639686352259,<$400M
9839,19.201441988375652,218313353.1329317,314.537790657093,0.8617473716632685,<$400M
9840,19.760488907718983,381831094.4713228,382.08531790701295,1.0468090901562,<$400M
9841,19.46431021649459,283950423.7124577,339.04855517717147,0.9289001511703328,<$400M
9842,19.01573741128614,181313368.75009018,343.9790982767675,0.9424084884295,<$400M
9843,20.061096000812565,515731067.6275889,331.91746181176836,0.9093629090733379,$500-750M
9844,19.38656896683733,262712008.86457005,313.82066012521926,0.8597826304800528,<$400M
9845,19.426269047402574,273351493.61507523,315.82073764380823,0.8652622949145431,<$400M
9846,19.729023650939002,370003732.333314,365.13459051629144,1.0003687411405244,<$400M
9847,18.961403668047392,171724785.34099454,299.4638099251528,0.8204487943154871,<$400M
9848,19.113787146992177,199991844.6622516,318.2137251012617,0.8718184249349635,<$400M
9849,20.04807270249002,509058094.45442736,304.1851206923466,0.8333838923077989,$500-750M
9850,19.604815399945867,326785777.6452973,307.72094029369026,0.8430710692977815,<$400M
9851,19.62110902716607,332153917.7624302,316.7196450404738,0.8677250549054076,<$400M
9852,19.299053678527493,240698020.43698826,316.1557238779122,0.8661800654189374,<$400M
9853,18.741790602292845,137865702.9548009,308.46446234679905,0.8451081160186276,<$400M
9854,20.067281286162057,518930897.17234766,389.57243277292724,1.0673217336244583,$500-750M
9855,19.13946609361924,205193930.75769126,378.4065434380495,1.036730255994656,<$400M
9856,19.087779634434877,194857608.00556982,356.37824809682604,0.9763787619091124,<$400M
9857,19.291436000519262,238871426.4554285,590.2199838856051,1.6170410517413838,<$400M
9858,18.89713633413016,161035651.14684466,306.0079951389605,0.8383780688738643,<$400M
9859,19.478825041523944,288101971.0340151,313.0074635026033,0.8575546945276802,<$400M
9860,20.26044745820903,629506953.9740516,305.2361489790062,0.836263421860291,$500-750M
9861,19.00220098576003,178875570.59769645,319.34883997438664,0.8749283286969497,<$400M
9862,19.68145035429391,352813573.2521967,335.9583395145637,0.9204338068892156,<$400M
9863,18.43970625697806,101920765.13566989,383.3530017887866,1.0502821966816072,<$400M
9864,19.145835844436167,206505136.55950466,332.51167953005574,0.9109909028220705,<$400M
9865,20.325309328860143,671691240.1642233,310.4646067270272,0.850587963635691,$500-750M
9866,19.45211357948289,280508217.80429643,337.9297010780018,0.9258347974739776,<$400M
9867,19.295978768800133,239959032.49546033,404.0401921058579,1.1069594304270078,<$400M
9868,20.330348285767197,675084405.2047894,426.8431967068129,1.1694334156351038,$500-750M
9869,19.469485136496772,285423653.0740708,318.2274812132648,0.8718561129130543,<$400M
9870,19.07046246821655,191512275.85589382,325.3381104509049,0.8913372889065887,<$400M
9871,20.04804515890642,509044073.36334074,319.8244095517056,0.8762312590457688,$500-750M
9872,20.041154230568335,505548345.37125397,334.7208821696089,0.9170435127934491,$500-750M
9873,19.349094561503442,253049217.03391272,303.4160463972287,0.8312768394444622,<$400M
9874,20.502408821323574,801831321.4461391,324.9115885128655,0.8901687356516862,$750M-1B
9875,19.05854286635007,189243076.61755705,318.8210076211332,0.873482212660639,<$400M
9876,19.862752236607864,422944801.9314265,309.32114378367197,0.8474551884484164,$400-500M
9877,19.5167985376212,299252584.1003956,348.54722512969715,0.9549239044649237,<$400M
9878,19.123926191779393,202029885.36612314,297.7741579313138,0.8158196107707228,<$400M
9879,20.042977891896424,506471135.51078594,382.6751533106478,1.0484250775634185,$500-750M
9880,20.169046516403203,574520602.6001571,313.51247107289635,0.8589382769120448,$500-750M
9881,19.289279160770576,238356774.27867156,420.5298157883891,1.152136481612025,<$400M
9882,19.918418172513977,447156039.1402534,339.96763458054704,0.9314181769330055,$400-500M
9883,19.391967491208888,264134101.19337973,304.50032174438286,0.8342474568339256,<$400M
9884,19.01331359774293,180874431.1177295,422.1472462962284,1.1565677980718585,<$400M
9885,18.740459216972152,137682272.7169184,335.2616098459988,0.9185249584821885,<$400M
9886,19.857258526972302,420627636.74194,352.49729021977663,0.9657460006021278,$400-500M
9887,19.281923068323604,236609833.0199621,402.7615669143786,1.1034563477106263,<$400M
9888,20.096843535875834,534500666.76054883,320.3648080764927,0.8777118029492951,$500-750M
9889,19.281094480364985,236413862.16218954,325.4513729094804,0.8916475970122751,<$400M
9890,19.760711275580746,381916010.87634486,346.356927947261,0.9489230902664685,<$400M
9891,19.35386051102836,254258115.31544143,319.4586756364232,0.8752292483189676,<$400M
9892,19.856323907870493,420234693.7724982,318.3334057086913,0.8721463170101132,$400-500M
9893,19.08430384138051,194181498.97329307,337.79413327436123,0.9254633788338664,<$400M
9894,19.948448261733123,460787832.45425326,348.23392310304723,0.9540655427480746,$400-500M
9895,19.530566456374903,303401162.4781731,376.53124584403344,1.0315924543672148,<$400M
9896,19.59387457142111,323229957.7652819,350.2466268452853,0.959579799576124,<$400M
9897,20.044582684967033,507284569.40147877,408.9038374109324,1.120284486057349,$500-750M
9898,18.96694258457364,172678593.68635303,331.2241062848884,0.9074633048901053,<$400M
9899,19.83984988683265,413368451.1858928,315.95286834504213,0.8656242968357318,$400-500M
9900,20.089303234763406,530485527.4916875,331.237369922727,0.9074996436239096,$500-750M
9901,19.564694715965008,313934434.8831901,330.26295100913626,0.9048300027647569,<$400M
9902,19.85420876187799,419346775.4135684,364.32310874669344,0.9981455034155985,$400-500M
9903,19.49805696303402,293696348.41100144,344.3680085237318,0.9434739959554297,<$400M
9904,19.650084755016938,341919112.88349676,336.3460416639426,0.9214960045587468,<$400M
9905,20.814659702623217,1095700479.0922952,308.80944510269643,0.8460532742539628,>$1B
9906,18.582248567601958,117535217.21289691,341.3119355361889,0.9351011932498327,<$400M
9907,19.56100111659548,312777025.6712469,347.22051122219705,0.9512890718416357,<$400M
9908,19.265840893544492,232835066.91231743,322.8830540594854,0.8846111070122887,<$400M
9909,19.660465158052453,345486856.3522113,328.42771443986976,0.8998019573695062,<$400M
9910,19.411746248563215,269410352.33105063,289.8423494113324,0.7940886285241984,<$400M
9911,19.13554974001961,204391890.33043242,357.46520634107776,0.9793567297015829,<$400M
9912,19.807796637292583,400328747.9081404,337.83045579361186,0.9255628925852379,$400-500M
9913,20.69694163383197,974019258.337695,386.2625978739372,1.0582536928053075,$750M-1B
9914,19.39475900576664,264872465.4799089,339.5745003323507,0.9303410968009608,<$400M
9915,19.18405370601615,214550072.22061947,353.79943035877636,0.969313507832264,<$400M
9916,19.169072137181203,211359733.35746247,335.43826359072847,0.9190089413444615,<$400M
9917,19.71666551088026,365459312.5117446,349.56487969060964,0.9577119991523552,<$400M
9918,20.043987375891756,506982668.16475546,301.16659673342446,0.8251139636532177,$500-750M
9919,20.02211106095333,496012189.9767983,308.7139387016819,0.8457916128813203,$400-500M
9920,19.37567298866256,259865042.95541936,389.0648386497279,1.065931064793775,<$400M
9921,20.06827552739838,519447096.2397958,358.3021319977025,0.9816496767060342,$500-750M
9922,19.93770955261767,455866040.10405576,310.09272258933913,0.8495691029844907,$400-500M
9923,19.541190045682036,306641553.6401005,401.1938665954447,1.0991612783436842,<$400M
9924,19.699174697193385,359122709.48279274,365.26593070822673,1.000728577282813,<$400M
9925,19.94143766700942,457568732.79331815,422.09781299576446,1.1564323643719574,$400-500M
9926,19.9796242668887,475379631.44716537,343.68920672629037,0.9416142650035353,$400-500M
9927,19.717028552785127,365592013.643288,358.9762884489135,0.9834966806819548,<$400M
9928,19.062650459862645,190022008.92481756,336.0884002124539,0.9207901375683669,<$400M
9929,19.65844433571472,344789393.7568512,315.40508805503606,0.864123528917907,<$400M
9930,19.30518308842777,242177887.99067503,291.57623592108837,0.7988390025235298,<$400M
9931,19.804612660766438,399056137.62780184,302.25475859678636,0.8280952290322914,<$400M
9932,20.018706505547225,494326360.3724367,376.2427482600977,1.030802050027665,$400-500M
9933,19.56706825281416,314680454.8352901,313.96338623963555,0.8601736609305084,<$400M
9934,19.739966982120862,374075041.928986,349.64672468749217,0.9579362320205265,<$400M
9935,18.95407238643599,170470426.22818786,386.81478201159285,1.0597665260591584,<$400M
9936,19.504620530930445,295630384.4800029,360.2245361313985,0.9869165373462973,<$400M
9937,20.007561310667647,488847584.47673285,356.2060311496174,0.975906934656486,$400-500M
9938,19.413908737327223,269993579.5747729,336.46396858067226,0.9218190920018418,<$400M
9939,19.5072886605378,296420217.8820468,379.96665506499687,1.041004534424649,<$400M
9940,18.992021431215974,177063933.44377193,335.3800839431809,0.9188495450498108,<$400M
9941,19.648008993028782,341210106.30498165,342.4235948759973,0.938146835276705,<$400M
9942,19.405805649480854,267814637.8819331,301.39445943084405,0.8257382450160111,<$400M
9943,20.018311853796224,494131312.09935224,396.63416192600005,1.0866689367835618,$400-500M
9944,19.95633106527612,464434486.45790154,334.9828908688151,0.9177613448460687,$400-500M
9945,19.625079797815616,333475446.7981857,319.13706296460964,0.8743481177112593,<$400M
9946,19.255301408422657,230393991.62342802,329.7234627010861,0.9033519526057153,<$400M
9947,19.57260001250717,316426015.0501157,418.0545592406906,1.14535495682381,<$400M
9948,19.779660604189672,389222066.6750922,357.0083491995743,0.9781050663002036,<$400M
9949,20.598251407506503,882484168.7404414,446.2790301532296,1.22268227439241,$750M-1B
9950,19.430583607322077,274533432.95388764,314.1166787531422,0.8605936404195677,<$400M
9951,19.53105503301793,303549433.4175362,344.33822801417006,0.9433924055182741,<$400M
9952,19.09490980350148,196251940.70125318,344.87966352196946,0.9448757904711492,<$400M
9953,19.53653624140008,305217819.32476026,307.1654626756579,0.8415492128100217,<$400M
9954,18.350274919743544,93201550.86907919,320.2591535192653,0.877422338408946,<$400M
9955,19.49229692884093,292009510.18851095,391.35019424066604,1.0721923129881261,<$400M
9956,19.951988543089385,462422042.10077924,334.9040276436466,0.9175452812154702,$400-500M
9957,19.221321818646466,222696812.3882954,310.4395588928952,0.8505193394325896,<$400M
9958,20.07247934571052,521635353.75106555,376.5448396236216,1.0316296975989634,$500-750M
9959,19.979422670018494,475283806.06067973,368.02111856340866,1.0082770371600238,$400-500M
9960,19.104479237752386,198138975.270763,392.47595859178136,1.0752765988815929,<$400M
9961,18.90765550321625,162738553.24514005,313.2433985257067,0.8582010918512513,<$400M
9962,18.8611651211353,155345949.6638233,458.69086688382265,1.256687306531021,<$400M
9963,19.725836864056998,368826486.1055437,302.1908666639072,0.8279201826408416,<$400M
9964,20.164674795270543,572014440.8522267,304.21217455118136,0.83345801246899,$500-750M
9965,19.781763780828886,390041530.87010056,325.07837312099383,0.8906256797835448,<$400M
9966,19.59486374199292,323549845.5131208,371.2615433537828,1.017154913298035,<$400M
9967,19.789830700148244,393200689.63839346,319.0300797249979,0.8740550129451997,<$400M
9968,19.696456291069204,358147793.8187217,338.54355856463417,0.9275165988072169,<$400M
9969,19.216259209651238,221572234.5535316,317.10895362191667,0.8687916537586758,<$400M
9970,18.923936166938194,165409730.17016062,320.358092685141,0.8776934046168247,<$400M
9971,19.887921351418612,433725043.6943028,361.2726360394741,0.9897880439437646,$400-500M
9972,19.117900281424234,200816132.04497144,331.08256049812445,0.9070755082140396,<$400M
9973,18.92453641644719,165509047.08396065,362.7527400287595,0.9938431233664644,<$400M
9974,19.486692133955238,290377434.7756585,313.2819705009341,0.8583067684957099,<$400M
9975,20.108796589316828,540927917.908271,326.07504770608983,0.8933562950851777,$500-750M
9976,19.774829837694778,387346359.9545851,318.49140731107,0.8725791981125206,<$400M
9977,19.608871043075556,328113795.3018313,324.2881655229618,0.8884607274601692,<$400M
9978,18.040513707947994,68374718.92747039,405.63718842094084,1.1113347627970982,<$400M
9979,20.865322062259825,1152641454.3421485,363.88261890124227,0.9969386819212117,>$1B
9980,19.972355044109097,471936520.5330464,360.42441363964497,0.9874641469579314,$400-500M
9981,19.227335583506214,224040093.6936167,350.5290837591573,0.9603536541346775,<$400M
9982,18.75144194529548,139202733.8356247,330.8539572266799,0.9064491978813147,<$400M
9983,19.508073018167366,296652808.546707,348.2938856471032,0.9542298236906936,<$400M
9984,19.88177625874629,431067935.5558769,320.0162118080584,0.8767567446796121,$400-500M
9985,20.012628739352113,491331071.88188004,335.8779172898819,0.9202134720270737,$400-500M
9986,19.142456374234744,205808436.50567022,384.7272991820498,1.0540473950193145,<$400M
9987,19.939736544271813,456791013.90313715,392.26280390646684,1.0746926134423749,$400-500M
9988,18.930626328003093,166520057.90101972,353.0009325493168,0.967125842600868,<$400M
9989,19.30741776100638,242719681.41610327,346.4531640038179,0.9491867506953915,<$400M
9990,20.166696140662513,573171848.9730879,400.8082054149431,1.098104672369707,$500-750M
9991,19.727646592163833,369494566.10323215,331.9327406998743,0.9094047690407514,<$400M
9992,20.245228723667168,619999186.352063,444.75930376908883,1.218518640463257,$500-750M
9993,19.312174004097493,243876864.9655783,343.0947144658648,0.9399855190845611,<$400M
9994,20.047753618465713,508895688.0610627,416.0996632460992,1.1399990773865731,$500-750M
9995,20.177493323244725,579394020.5911036,370.0660809574869,1.0138796738561286,$500-750M
9996,20.931022093113185,1230913105.5022697,294.26044749944555,0.806193006847796,>$1B
9997,19.453763431690927,280971396.890267,334.63587695943164,0.9168106218066621,<$400M
9998,19.10809975828731,198857641.68772644,358.2273734516256,0.9814448587715771,<$400M
9999,19.278142239912718,235716940.8406775,310.7622141236915,0.851403326366278,<$400M
