Timestamp,Date,USDT,USDC,,,,,,,,,,,,,,,,,,,,,,,,,,,,,,,,,,,,,,,,,,,,,,,,,,,,,,,,,,,,,,,,,,,,,,,,,,,,,,,,,,,,,,,,,,,,,,,,,,,,,,,,,,,,,,,,,,,,,,,,,,,,,,,,,,,,,,,,,,,,,,,,,,,,,,,,,,mountain-protocol-usdm,usdh,USDXL,USDRIF,FXD,NOTE,zkUSD,D,BNBUSD,LVLUSD,PINA,CZUSD,WEUSD,USK,Sperax USD,rUSD,HAI,ZUSD,DSU,PXDC,aUSD,THUSD,eUSD(v2),3USD,Uncap USD,fx-rusd,USDK,IST,Verified USD,KUSD,mantraUSD,BREAD,GRAI,Legacy BOLD,Opus CASH,HEXDC,zunUSD,UXD,EBUSD,TOR,VST,USDTZ,mkUSD,USDT+,USDCB,BAI,SIGUSD,USDJ,RSV,STBL,bitUSD,litUSD,USDFC,IAUSD,aSEED,USDLemma,SVUSD,USD Balance,Quill USD,Lift Dollar,High Yield USD,DEUSD,Davos Protocol,VUSD,peUSD,USE,STAR,USDA+,MOD,TheStandard USD,eUSD,Sable Coin,JUSD,HYDT,WEN,ARUSD,MyUSD,xpUSD,csUSDL,Stabl.fi Cash,ERN,USDE,Classic USD,USH,KEI,RUSD,Hedge USD,Palm USD,BAOUSD,btcUSD,clevUSD,MONEY,PAUSD,BOB,Coin98 Dollar,USDI,Chi USC,DAI+,ARYZE eUSD,rgUSD,DYAD,UNO,MEAD,Fuse Dollar V3,GAI,ULTRA,Orki USD,DCKUSD,MSD,ANONUSD,d2O,KNOX,FIAT,PUSd,NEX,XY,USDi,Asymmetry USDaf,paraUSD,SCB,sLSD,Phase Dollar,cUSD,Rocky USDr,USTC,VOLT,RAI,FLOAT,EURT,EURC,EURS,CEUR,SEUR,EURA,PAR,FPI,IBEUR,EUROe,EURE,DCHF,SILK,GYEN,LCNY,UAHT,NARS,CDT,eEUR,eGBP,CADC,AEUR,VCHF,VEUR,EURD,AUDD,fETH,EURO3,CJPY,zunETH,ISC,CREAL,HCHF,ZCHF,EURR,EUROP,BRZ,EURCV,A7A5,EURQ,CNHT,MXNT,XSGD,VGBP,PHT,TRYB,tGBP,EURAU,EURI,AUDM
1692057600,8/15/2023,,,,,,,,,,,,,,,,,,,,,,,,,,,,,,,,,,,,,,,,,,,,,,,,,,,,,,,,,,,,,,,,,,,,,,,,,,,,,,,,,,,,,,,,,,,,,,,,,,,,,,,,,,,,,,,,,,,,,,,,,,,,,,,,,,,,,,,,,,,,,,,,,,,,,,,,,,,,,,,,,,,,,,,,,,,,,,,,,,,,,,,,,,,,,,,,,,,,,,,,,,,,,,,,,,,,,,,,,,,,,,,,,,,,,,,,,,,,,,,,,,,,,,,,,,,,,,,,,,,,,,,,,,,,,,,,,,,,,,,,,,,,,,,,,,,,,,,,,,,,,,,,,,,,,,,,,,,,,,,,,,,,,,,,,,,,,
1692144000,8/16/2023,,52781632,,,,,,,,,,,,,,,,,,,,,,,,,,,,,,,,,,,,,,,,,,,,,,,,,,,,,,,,,,,,,,,,,,,,,,,,,,,,,,,,,,,,,,,,,,,,,,,,,,,,,,,,,,,,,,,,,,,,,,,,,,,,,,,,,,,,,,,,,,,,,,,,,,,,,,,,,,,,,,,,,,,,,,,,,,,,,,,,,,,,,,,,,,,,,,,,,,,,,,,,,,,,,,,,,,,,,,,,,,,,,,,,,,,,,,,,,,,,,,,,,,,,,,,,,,,,,,,,,,,,,,,,,,,,,,,,,,,,,,,,,,,,,,,,,,,,,,,,,,,,,,,,,,,,,,,,,,,,,,,,,,,,,,,,,,,
1692230400,8/17/2023,,57350012,,,,,,,,,,,,,,,,,,,,,,,,,,,,,,,,,,,,,,,,,,,,,,,,,,,,,,,,,,,,,,,,,,,,,,,,,,,,,,,,,,,,,,,,,,,,,,,,,,,,,,,,,,,,,,,,,,,,,,,,,,,,,,,,,,,,,,,,,,,,,,,,,,,,,,,,,,,,,,,,,,,,,,,,,,,,,,,,,,,,,,,,,,,,,,,,,,,,,,,,,,,,,,,,,,,,,,,,,,,,,,,,,,,,,,,,,,,,,,,,,,,,,,,,,,,,,,,,,,,,,,,,,,,,,,,,,,,,,,,,,,,,,,,,,,,,,,,,,,,,,,,,,,,,,,,,,,,,,,,,,,,,,,,,,,,
1692316800,8/18/2023,,58355030,,,,,,,,,,,,,,,,,,,,,,,,,,,,,,,,,,,,,,,,,,,,,,,,,,,,,,,,,,,,,,,,,,,,,,,,,,,,,,,,,,,,,,,,,,,,,,,,,,,,,,,,,,,,,,,,,,,,,,,,,,,,,,,,,,,,,,,,,,,,,,,,,,,,,,,,,,,,,,,,,,,,,,,,,,,,,,,,,,,,,,,,,,,,,,,,,,,,,,,,,,,,,,,,,,,,,,,,,,,,,,,,,,,,,,,,,,,,,,,,,,,,,,,,,,,,,,,,,,,,,,,,,,,,,,,,,,,,,,,,,,,,,,,,,,,,,,,,,,,,,,,,,,,,,,,,,,,,,,,,,,,,,,,,,,,
1692403200,8/19/2023,,55992592,,,,,,,,,,,,,,,,,,,,,,,,,,,,,,,,,,,,,,,,,,,,,,,,,,,,,,,,,,,,,,,,,,,,,,,,,,,,,,,,,,,,,,,,,,,,,,,,,,,,,,,,,,,,,,,,,,,,,,,,,,,,,,,,,,,,,,,,,,,,,,,,,,,,,,,,,,,,,,,,,,,,,,,,,,,,,,,,,,,,,,,,,,,,,,,,,,,,,,,,,,,,,,,,,,,,,,,,,,,,,,,,,,,,,,,,,,,,,,,,,,,,,,,,,,,,,,,,,,,,,,,,,,,,,,,,,,,,,,,,,,,,,,,,,,,,,,,,,,,,,,,,,,,,,,,,,,,,,,,,,,,,,,,,,,,
1692489600,8/20/2023,,57263434,,,,,,,,,,,,,,,,,,,,,,,,,,,,,,,,,,,,,,,,,,,,,,,,,,,,,,,,,,,,,,,,,,,,,,,,,,,,,,,,,,,,,,,,,,,,,,,,,,,,,,,,,,,,,,,,,,,,,,,,,,,,,,,,,,,,,,,,,,,,,,,,,,,,,,,,,,,,,,,,,,,,,,,,,,,,,,,,,,,,,,,,,,,,,,,,,,,,,,,,,,,,,,,,,,,,,,,,,,,,,,,,,,,,,,,,,,,,,,,,,,,,,,,,,,,,,,,,,,,,,,,,,,,,,,,,,,,,,,,,,,,,,,,,,,,,,,,,,,,,,,,,,,,,,,,,,,,,,,,,,,,,,,,,,,,
1692576000,8/21/2023,,57986414,,,,,,,,,,,,,,,,,,,,,,,,,,,,,,,,,,,,,,,,,,,,,,,,,,,,,,,,,,,,,,,,,,,,,,,,,,,,,,,,,,,,,,,,,,,,,,,,,,,,,,,,,,,,,,,,,,,,,,,,,,,,,,,,,,,,,,,,,,,,,,,,,,,,,,,,,,,,,,,,,,,,,,,,,,,,,,,,,,,,,,,,,,,,,,,,,,,,,,,,,,,,,,,,,,,,,,,,,,,,,,,,,,,,,,,,,,,,,,,,,,,,,,,,,,,,,,,,,,,,,,,,,,,,,,,,,,,,,,,,,,,,,,,,,,,,,,,,,,,,,,,,,,,,,,,,,,,,,,,,,,,,,,,,,,,
1692662400,8/22/2023,,58428251,,,,,,,,,,,,,,,,,,,,,,,,,,,,,,,,,,,,,,,,,,,,,,,,,,,,,,,,,,,,,,,,,,,,,,,,,,,,,,,,,,,,,,,,,,,,,,,,,,,,,,,,,,,,,,,,,,,,,,,,,,,,,,,,,,,,,,,,,,,,,,,,,,,,,,,,,,,,,,,,,,,,,,,,,,,,,,,,,,,,,,,,,,,,,,,,,,,,,,,,,,,,,,,,,,,,,,,,,,,,,,,,,,,,,,,,,,,,,,,,,,,,,,,,,,,,,,,,,,,,,,,,,,,,,,,,,,,,,,,,,,,,,,,,,,,,,,,,,,,,,,,,,,,,,,,,,,,,,,,,,,,,,,,,,,,
1692748800,8/23/2023,,58091969,,,,,,,,,,,,,,,,,,,,,,,,,,,,,,,,,,,,,,,,,,,,,,,,,,,,,,,,,,,,,,,,,,,,,,,,,,,,,,,,,,,,,,,,,,,,,,,,,,,,,,,,,,,,,,,,,,,,,,,,,,,,,,,,,,,,,,,,,,,,,,,,,,,,,,,,,,,,,,,,,,,,,,,,,,,,,,,,,,,,,,,,,,,,,,,,,,,,,,,,,,,,,,,,,,,,,,,,,,,,,,,,,,,,,,,,,,,,,,,,,,,,,,,,,,,,,,,,,,,,,,,,,,,,,,,,,,,,,,,,,,,,,,,,,,,,,,,,,,,,,,,,,,,,,,,,,,,,,,,,,,,,,,,,,,,
1692835200,8/24/2023,,59626973,,,,,,,,,,,,,,,,,,,,,,,,,,,,,,,,,,,,,,,,,,,,,,,,,,,,,,,,,,,,,,,,,,,,,,,,,,,,,,,,,,,,,,,,,,,,,,,,,,,,,,,,,,,,,,,,,,,,,,,,,,,,,,,,,,,,,,,,,,,,,,,,,,,,,,,,,,,,,,,,,,,,,,,,,,,,,,,,,,,,,,,,,,,,,,,,,,,,,,,,,,,,,,,,,,,,,,,,,,,,,,,,,,,,,,,,,,,,,,,,,,,,,,,,,,,,,,,,,,,,,,,,,,,,,,,,,,,,,,,,,,,,,,,,,,,,,,,,,,,,,,,,,,,,,,,,,,,,,,,,,,,,,,,,,,,
1692921600,8/25/2023,,60814874,,,,,,,,,,,,,,,,,,,,,,,,,,,,,,,,,,,,,,,,,,,,,,,,,,,,,,,,,,,,,,,,,,,,,,,,,,,,,,,,,,,,,,,,,,,,,,,,,,,,,,,,,,,,,,,,,,,,,,,,,,,,,,,,,,,,,,,,,,,,,,,,,,,,,,,,,,,,,,,,,,,,,,,,,,,,,,,,,,,,,,,,,,,,,,,,,,,,,,,,,,,,,,,,,,,,,,,,,,,,,,,,,,,,,,,,,,,,,,,,,,,,,,,,,,,,,,,,,,,,,,,,,,,,,,,,,,,,,,,,,,,,,,,,,,,,,,,,,,,,,,,,,,,,,,,,,,,,,,,,,,,,,,,,,,,
1693008000,8/26/2023,,60293456,,,,,,,,,,,,,,,,,,,,,,,,,,,,,,,,,,,,,,,,,,,,,,,,,,,,,,,,,,,,,,,,,,,,,,,,,,,,,,,,,,,,,,,,,,,,,,,,,,,,,,,,,,,,,,,,,,,,,,,,,,,,,,,,,,,,,,,,,,,,,,,,,,,,,,,,,,,,,,,,,,,,,,,,,,,,,,,,,,,,,,,,,,,,,,,,,,,,,,,,,,,,,,,,,,,,,,,,,,,,,,,,,,,,,,,,,,,,,,,,,,,,,,,,,,,,,,,,,,,,,,,,,,,,,,,,,,,,,,,,,,,,,,,,,,,,,,,,,,,,,,,,,,,,,,,,,,,,,,,,,,,,,,,,,,,
1693094400,8/27/2023,,60289927,,,,,,,,,,,,,,,,,,,,,,,,,,,,,,,,,,,,,,,,,,,,,,,,,,,,,,,,,,,,,,,,,,,,,,,,,,,,,,,,,,,,,,,,,,,,,,,,,,,,,,,,,,,,,,,,,,,,,,,,,,,,,,,,,,,,,,,,,,,,,,,,,,,,,,,,,,,,,,,,,,,,,,,,,,,,,,,,,,,,,,,,,,,,,,,,,,,,,,,,,,,,,,,,,,,,,,,,,,,,,,,,,,,,,,,,,,,,,,,,,,,,,,,,,,,,,,,,,,,,,,,,,,,,,,,,,,,,,,,,,,,,,,,,,,,,,,,,,,,,,,,,,,,,,,,,,,,,,,,,,,,,,,,,,,,
1693180800,8/28/2023,,60867681,,,,,,,,,,,,,,,,,,,,,,,,,,,,,,,,,,,,,,,,,,,,,,,,,,,,,,,,,,,,,,,,,,,,,,,,,,,,,,,,,,,,,,,,,,,,,,,,,,,,,,,,,,,,,,,,,,,,,,,,,,,,,,,,,,,,,,,,,,,,,,,,,,,,,,,,,,,,,,,,,,,,,,,,,,,,,,,,,,,,,,,,,,,,,,,,,,,,,,,,,,,,,,,,,,,,,,,,,,,,,,,,,,,,,,,,,,,,,,,,,,,,,,,,,,,,,,,,,,,,,,,,,,,,,,,,,,,,,,,,,,,,,,,,,,,,,,,,,,,,,,,,,,,,,,,,,,,,,,,,,,,,,,,,,,,
1693267200,8/29/2023,,61717118,,,,,,,,,,,,,,,,,,,,,,,,,,,,,,,,,,,,,,,,,,,,,,,,,,,,,,,,,,,,,,,,,,,,,,,,,,,,,,,,,,,,,,,,,,,,,,,,,,,,,,,,,,,,,,,,,,,,,,,,,,,,,,,,,,,,,,,,,,,,,,,,,,,,,,,,,,,,,,,,,,,,,,,,,,,,,,,,,,,,,,,,,,,,,,,,,,,,,,,,,,,,,,,,,,,,,,,,,,,,,,,,,,,,,,,,,,,,,,,,,,,,,,,,,,,,,,,,,,,,,,,,,,,,,,,,,,,,,,,,,,,,,,,,,,,,,,,,,,,,,,,,,,,,,,,,,,,,,,,,,,,,,,,,,,,
1693353600,8/30/2023,,62005724,,,,,,,,,,,,,,,,,,,,,,,,,,,,,,,,,,,,,,,,,,,,,,,,,,,,,,,,,,,,,,,,,,,,,,,,,,,,,,,,,,,,,,,,,,,,,,,,,,,,,,,,,,,,,,,,,,,,,,,,,,,,,,,,,,,,,,,,,,,,,,,,,,,,,,,,,,,,,,,,,,,,,,,,,,,,,,,,,,,,,,,,,,,,,,,,,,,,,,,,,,,,,,,,,,,,,,,,,,,,,,,,,,,,,,,,,,,,,,,,,,,,,,,,,,,,,,,,,,,,,,,,,,,,,,,,,,,,,,,,,,,,,,,,,,,,,,,,,,,,,,,,,,,,,,,,,,,,,,,,,,,,,,,,,,,
1693440000,8/31/2023,,66249306,,,,,,,,,,,,,,,,,,,,,,,,,,,,,,,,,,,,,,,,,,,,,,,,,,,,,,,,,,,,,,,,,,,,,,,,,,,,,,,,,,,,,,,,,,,,,,,,,,,,,,,,,,,,,,,,,,,,,,,,,,,,,,,,,,,,,,,,,,,,,,,,,,,,,,,,,,,,,,,,,,,,,,,,,,,,,,,,,,,,,,,,,,,,,,,,,,,,,,,,,,,,,,,,,,,,,,,,,,,,,,,,,,,,,,,,,,,,,,,,,,,,,,,,,,,,,,,,,,,,,,,,,,,,,,,,,,,,,,,,,,,,,,,,,,,,,,,,,,,,,,,,,,,,,,,,,,,,,,,,,,,,,,,,,,,
1693526400,9/1/2023,,109921948,,,,,,,,,,,,,,,,,,,,,,,,,,,,,,,,,,,,,,,,,,,,,,,,,,,,,,,,,,,,,,,,,,,,,,,,,,,,,,,,,,,,,,,,,,,,,,,,,,,,,,,,,,,,,,,,,,,,,,,,,,,,,,,,,,,,,,,,,,,,,,,,,,,,,,,,,,,,,,,,,,,,,,,,,,,,,,,,,,,,,,,,,,,,,,,,,,,,,,,,,,,,,,,,,,,,,,,,,,,,,,,,,,,,,,,,,,,,,,,,,,,,,,,,,,,,,,,,,,,,,,,,,,,,,,,,,,,,,,,,,,,,,,,,,,,,,,,,,,,,,,,,,,,,,,,,,,,,,,,,,,,,,,,,,,,
1693612800,9/2/2023,,118834848,,,,,,,,,,,,,,,,,,,,,,,,,,,,,,,,,,,,,,,,,,,,,,,,,,,,,,,,,,,,,,,,,,,,,,,,,,,,,,,,,,,,,,,,,,,,,,,,,,,,,,,,,,,,,,,,,,,,,,,,,,,,,,,,,,,,,,,,,,,,,,,,,,,,,,,,,,,,,,,,,,,,,,,,,,,,,,,,,,,,,,,,,,,,,,,,,,,,,,,,,,,,,,,,,,,,,,,,,,,,,,,,,,,,,,,,,,,,,,,,,,,,,,,,,,,,,,,,,,,,,,,,,,,,,,,,,,,,,,,,,,,,,,,,,,,,,,,,,,,,,,,,,,,,,,,,,,,,,,,,,,,,,,,,,,,
1693699200,9/3/2023,,119909708,,,,,,,,,,,,,,,,,,,,,,,,,,,,,,,,,,,,,,,,,,,,,,,,,,,,,,,,,,,,,,,,,,,,,,,,,,,,,,,,,,,,,,,,,,,,,,,,,,,,,,,,,,,,,,,,,,,,,,,,,,,,,,,,,,,,,,,,,,,,,,,,,,,,,,,,,,,,,,,,,,,,,,,,,,,,,,,,,,,,,,,,,,,,,,,,,,,,,,,,,,,,,,,,,,,,,,,,,,,,,,,,,,,,,,,,,,,,,,,,,,,,,,,,,,,,,,,,,,,,,,,,,,,,,,,,,,,,,,,,,,,,,,,,,,,,,,,,,,,,,,,,,,,,,,,,,,,,,,,,,,,,,,,,,,,
1693785600,9/4/2023,,124294770,,,,,,,,,,,,,,,,,,,,,,,,,,,,,,,,,,,,,,,,,,,,,,,,,,,,,,,,,,,,,,,,,,,,,,,,,,,,,,,,,,,,,,,,,,,,,,,,,,,,,,,,,,,,,,,,,,,,,,,,,,,,,,,,,,,,,,,,,,,,,,,,,,,,,,,,,,,,,,,,,,,,,,,,,,,,,,,,,,,,,,,,,,,,,,,,,,,,,,,,,,,,,,,,,,,,,,,,,,,,,,,,,,,,,,,,,,,,,,,,,,,,,,,,,,,,,,,,,,,,,,,,,,,,,,,,,,,,,,,,,,,,,,,,,,,,,,,,,,,,,,,,,,,,,,,,,,,,,,,,,,,,,,,,,,,
1693872000,9/5/2023,,123493906,,,,,,,,,,,,,,,,,,,,,,,,,,,,,,,,,,,,,,,,,,,,,,,,,,,,,,,,,,,,,,,,,,,,,,,,,,,,,,,,,,,,,,,,,,,,,,,,,,,,,,,,,,,,,,,,,,,,,,,,,,,,,,,,,,,,,,,,,,,,,,,,,,,,,,,,,,,,,,,,,,,,,,,,,,,,,,,,,,,,,,,,,,,,,,,,,,,,,,,,,,,,,,,,,,,,,,,,,,,,,,,,,,,,,,,,,,,,,,,,,,,,,,,,,,,13133500,,,,,,,,,,,,,,,,,,,,,,,,,,,,,,,,,,,,,,,,,,,,,,,,,,,,,,,,,,,,,,,,,,,,,,,,,,,,,,,,
1693958400,9/6/2023,,123206434,,,,,,,,,,,,,,,,,,,,,,,,,,,,,,,,,,,,,,,,,,,,,,,,,,,,,,,,,,,,,,,,,,,,,,,,,,,,,,,,,,,,,,,,,,,,,,,,,,,,,,,,,,,,,,,,,,,,,,,,,,,,,,,,,,,,,,,,,,,,,,,,,,,,,,,,,,,,,,,,,,,,,,,,,,,,,,,,,,,,,,,,,,,,,,,,,,,,,,,,,,,,,,,,,,,,,,,,,,,,,,,,,,,,,,,,,,,,,,,,,,,,,,,,,,,12700174,,,,,,,,,,,,,,,,,,,,,,,,,,,,,,,,,,,,,,,,,,,,,,,,,,,,,,,,,,,,,,,,,,,,,,,,,,,,,,,,
1694044800,9/7/2023,,118624112,,,,,,,,,,,,,,,,,,,,,,,,,,,,,,,,,,,,,,,,,,,,,,,,,,,,,,,,,,,,,,,,,,,,,,,,,,,,,,,,,,,,,,,,,,,,,,,,,,,,,,,,,,,,,,,,,,,,,,,,,,,,,,,,,,,,,,,,,,,,,,,,,,,,,,,,,,,,,,,,,,,,,,,,,,,,,,,,,,,,,,,,,,,,,,,,,,,,,,,,,,,,,,,,,,,,,,,,,,,,,,,,,,,,,,,,,,,,,,,,,,,,,,,,,,,11600703,,,,,,,,,,,,,,,,,,,,,,,,,,,,,,,,,,,,,,,,,,,,,,,,,,,,,,,,,,,,,,,,,,,,,,,,,,,,,,,,
1694131200,9/8/2023,,116194145,,,,,,,,,,,,,,,,,,,,,,,,,,,,,,,,,,,,,,,,,,,,,,,,,,,,,,,,,,,,,,,,,,,,,,,,,,,,,,,,,,,,,,,,,,,,,,,,,,,,,,,,,,,,,,,,,,,,,,,,,,,,,,,,,,,,,,,,,,,,,,,,,,,,,,,,,,,,,,,,,,,,,,,,,,,,,,,,,,,,,,,,,,,,,,,,,,,,,,,,,,,,,,,,,,,,,,,,,,,,,,,,,,,,,,,,,,,,,,,,,,,,,,,,,,,8673668,,,,,,,,,,,,,,,,,,,,,,,,,,,,,,,,,,,,,,,,,,,,,,,,,,,,,,,,,,,,,,,,,,,,,,,,,,,,,,,,
1694217600,9/9/2023,,115384242,,,,,,,,,,,,,,,,,,,,,,,,,,,,,,,,,,,,,,,,,,,,,,,,,,,,,,,,,,,,,,,,,,,,,,,,,,,,,,,,,,,,,,,,,,,,,,,,,,,,,,,,,,,,,,,,,,,,,,,,,,,,,,,,,,,,,,,,,,,,,,,,,,,,,,,,,,,,,,,,,,,,,,,,,,,,,,,,,,,,,,,,,,,,,,,,,,,,,,,,,,,,,,,,,,,,,,,,,,,,,,,,,,,,,,,,,,,,,,,,,,,,,,,,,,,8535653,,,,,,,,,,,,,,,,,,,,,,,,,,,,,,,,,,,,,,,,,,,,,,,,,,,,,,,,,,,,,,,,,,,,,,,,,,,,,,,,
1694304000,9/10/2023,,115098647,,,,,,,,,,,,,,,,,,,,,,,,,,,,,,,,,,,,,,,,,,,,,,,,,,,,,,,,,,,,,,,,,,,,,,,,,,,,,,,,,,,,,,,,,,,,,,,,,,,,,,,,,,,,,,,,,,,,,,,,,,,,,,,,,,,,,,,,,,,,,,,,,,,,,,,,,,,,,,,,,,,,,,,,,,,,,,,,,,,,,,,,,,,,,,,,,,,,,,,,,,,,,,,,,,,,,,,,,,,,,,,,,,,,,,,,,,,,,,,,,,,,,,,,,,,8520015,,,,,,,,,,,,,,,,,,,,,,,,,,,,,,,,,,,,,,,,,,,,,,,,,,,,,,,,,,,,,,,,,,,,,,,,,,,,,,,,
1694390400,9/11/2023,,112240855,,,,,,,,,,,,,,,,,,,,,,,,,,,,,,,,,,,,,,,,,,,,,,,,,,,,,,,,,,,,,,,,,,,,,,,,,,,,,,,,,,,,,,,,,,,,,,,,,,,,,,,,,,,,,,,,,,,,,,,,,,,,,,,,,,,,,,,,,,,,,,,,,,,,,,,,,,,,,,,,,,,,,,,,,,,,,,,,,,,,,,,,,,,,,,,,,,,,,,,,,,,,,,,,,,,,,,,,,,,,,,,,,,,,,,,,,,,,,,,,,,,,,,,,,,,8522209,,,,,,,,,,,,,,,,,,,,,,,,,,,,,,,,,,,,,,,,,,,,,,,,,,,,,,,,,,,,,,,,,,,,,,,,,,,,,,,,
1694476800,9/12/2023,,110199043,,,,,,,,,,,,,,,,,,,,,,,,,,,,,,,,,,,,,,,,,,,,,,,,,,,,,,,,,,,,,,,,,,,,,,,,,,,,,,,,,,,,,,,,,,,,,,,,,,,,,,,,,,,,,,,,,,,,,,,,,,,,,,,,,,,,,,,,,,,,,,,,,,,,,,,,,,,,,,,,,,,,,,,,,,,,,,,,,,,,,,,,,,,,,,,,,,,,,,,,,,,,,,,,,,,,,,,,,,,,,,,,,,,,,,,,,,,,,,,,,,,,,,,,,,,8492162,,,,,,,,,,,,,,,,,,,,,,,,,,,,,,,,,,,,,,,,,,,,,,,,,,,,,,,,,,,,,,,,,,,,,,,,,,,,,,,,
1694563200,9/13/2023,,108719434,,,,,,,,,,,,,,,,,,,,,,,,,,,,,,,,,,,,,,,,,,,,,,,,,,,,,,,,,,,,,,,,,,,,,,,,,,,,,,,,,,,,,,,,,,,,,,,,,,,,,,,,,,,,,,,,,,,,,,,,,,,,,,,,,,,,,,,,,,,,,,,,,,,,,,,,,,,,,,,,,,,,,,,,,,,,,,,,,,,,,,,,,,,,,,,,,,,,,,,,,,,,,,,,,,,,,,,,,,,,,,,,,,,,,,,,,,,,,,,,,,,,,,,,,,,8073634,,,,,,,,,,,,,,,,,,,,,,,,,,,,,,,,,,,,,,,,,,,,,,,,,,,,,,,,,,,,,,,,,,,,,,,,,,,,,,,,
1694649600,9/14/2023,,109513451,,,,,,,,,,,,,,,,,,,,,,,,,,,,,,,,,,,,,,,,,,,,,,,,,,,,,,,,,,,,,,,,,,,,,,,,,,,,,,,,,,,,,,,,,,,,,,,,,,,,,,,,,,,,,,,,,,,,,,,,,,,,,,,,,,,,,,,,,,,,,,,,,,,,,,,,,,,,,,,,,,,,,,,,,,,,,,,,,,,,,,,,,,,,,,,,,,,,,,,,,,,,,,,,,,,,,,,,,,,,,,,,,,,,,,,,,,,,,,,,,,,,,,,,,,,7949106,,,,,,,,,,,,,,,,,,,,,,,,,,,,,,,,,,,,,,,,,,,,,,,,,,,,,,,,,,,,,,,,,,,,,,,,,,,,,,,,
1694736000,9/15/2023,,109497351,,,,,,,,,,,,,,,,,,,,,,,,,,,,,,,,,,,,,,,,,,,,,,,,,,,,,,,,,,,,,,,,,,,,,,,,,,,,,,,,,,,,,,,,,,,,,,,,,,,,,,,,,,,,,,,,,,,,,,,,,,,,,,,,,,,,,,,,,,,,,,,,,,,,,,,,,,,,,,,,,,,,,,,,,,,,,,,,,,,,,,,,,,,,,,,,,,,,,,,,,,,,,,,,,,,,,,,,,,,,,,,,,,,,,,,,,,,,,,,,,,,,,,,,,,,7383510,,,,,,,,,,,,,,,,,,,,,,,,,,,,,,,,,,,,,,,,,,,,,,,,,,,,,,,,,,,,,,,,,,,,,,,,,,,,,,,,
1694822400,9/16/2023,,109746200,,,,,,,,,,,,,,,,,,,,,,,,,,,,,,,,,,,,,,,,,,,,,,,,,,,,,,,,,,,,,,,,,,,,,,,,,,,,,,,,,,,,,,,,,,,,,,,,,,,,,,,,,,,,,,,,,,,,,,,,,,,,,,,,,,,,,,,,,,,,,,,,,,,,,,,,,,,,,,,,,,,,,,,,,,,,,,,,,,,,,,,,,,,,,,,,,,,,,,,,,,,,,,,,,,,,,,,,,,,,,,,,,,,,,,,,,,,,,,,,,,,,,,,,,,,7749145,,,,,,,,,,,,,,,,,,,,,,,,,,,,,,,,,,,,,,,,,,,,,,,,,,,,,,,,,,,,,,,,,,,,,,,,,,,,,,,,
1694908800,9/17/2023,,109865763,,,,,,,,,,,,,,,,,,,,,,,,,,,,,,,,,,,,,,,,,,,,,,,,,,,,,,,,,,,,,,,,,,,,,,,,,,,,,,,,,,,,,,,,,,,,,,,,,,,,,,,,,,,,,,,,,,,,,,,,,,,,,,,,,,,,,,,,,,,,,,,,,,,,,,,,,,,,,,,,,,,,,,,,,,,,,,,,,,,,,,,,,,,,,,,,,,,,,,,,,,,,,,,,,,,,,,,,,,,,,,,,,,,,,,,,,,,,,,,,,,,,,,,,,,,7535394,,,,,,,,,,,,,,,,,,,,,,,,,,,,,,,,,,,,,,,,,,,,,,,,,,,,,,,,,,,,,,,,,,,,,,,,,,,,,,,,
1694995200,9/18/2023,,108478754,,,,,,,,,,,,,,,,,,,,,,,,,,,,,,,,,,,,,,,,,,,,,,,,,,,,,,,,,,,,,,,,,,,,,,,,,,,,,,,,,,,,,,,,,,,,,,,,,,,,,,,,,,,,,,,,,,,,,,,,,,,,,,,,,,,,,,,,,,,,,,,,,,,,,,,,,,,,,,,,,,,,,,,,,,,,,,,,,,,,,,,,,,,,,,,,,,,,,,,,,,,,,,,,,,,,,,,,,,,,,,,,,,,,,,,,,,,,,,,,,,,,,,,,,,,7537794,,,,,,,,,,,,,,,,,,,,,,,,,,,,,,,,,,,,,,,,,,,,,,,,,,,,,,,,,,,,,,,,,,,,,,,,,,,,,,,,
1695081600,9/19/2023,,107284387,,,,,,,,,,,,,,,,,,,,,,,,,,,,,,,,,,,,,,,,,,,,,,,,,,,,,,,,,,,,,,,,,,,,,,,,,,,,,,,,,,,,,,,,,,,,,,,,,,,,,,,,,,,,,,,,,,,,,,,,,,,,,,,,,,,,,,,,,,,,,,,,,,,,,,,,,,,,,,,,,,,,,,,,,,,,,,,,,,,,,,,,,,,,,,,,,,,,,,,,,,,,,,,,,,,,,,,,,,,,,,,,,,,,,,,,,,,,,,,,,,,,,,,,,,,7530402,,,,,,,,,,,,,,,,,,,,,,,,,,,,,,,,,,,,,,,,,,,,,,,,,,,,,,,,,,,,,,,,,,,,,,,,,,,,,,,,
1695168000,9/20/2023,,106259852,,,,,,,,,,,,,,,,,,,,,,,,,,,,,,,,,,,,,,,,,,,,,,,,,,,,,,,,,,,,,,,,,,,,,,,,,,,,,,,,,,,,,,,,,,,,,,,,,,,,,,,,,,,,,,,,,,,,,,,,,,,,,,,,,,,,,,,,,,,,,,,,,,,,,,,,,,,,,,,,,,,,,,,,,,,,,,,,,,,,,,,,,,,,,,,,,,,,,,,,,,,,,,,,,,,,,,,,,,,,,,,,,,,,,,,,,,,,,,,,,,,,,,,,,,,7410525,,,,,,,,,,,,,,,,,,,,,,,,,,,,,,,,,,,,,,,,,,,,,,,,,,,,,,,,,,,,,,,,,,,,,,,,,,,,,,,,
1695254400,9/21/2023,,105883249,,,,,,,,,,,,,,,,,,,,,,,,,,,,,,,,,,,,,,,,,,,,,,,,,,,,,,,,,,,,,,,,,,,,,,,,,,,,,,,,,,,,,,,,,,,,,,,,,,,,,,,,,,,,,,,,,,,,,,,,,,,,,,,,,,,,,,,,,,,,,,,,,,,,,,,,,,,,,,,,,,,,,,,,,,,,,,,,,,,,,,,,,,,,,,,,,,,,,,,,,,,,,,,,,,,,,,,,,,,,,,,,,,,,,,,,,,,,,,,,,,,,,,,,,,,6151825,,,,,,,,,,,,,,,,,,,,,,,,,,,,,,,,,,,,,,,,,,,,,,,,,,,,,,,,,,,,,,,,,,,,,,,,,,,,,,,,
1695340800,9/22/2023,,103198456,,,,,,,,,,,,,,,,,,,,,,,,,,,,,,,,,,,,,,,,,,,,,,,,,,,,,,,,,,,,,,,,,,,,,,,,,,,,,,,,,,,,,,,,,,,,,,,,,,,,,,,,,,,,,,,,,,,,,,,,,,,,,,,,,,,,,,,,,,,,,,,,,,,,,,,,,,,,,,,,,,,,,,,,,,,,,,,,,,,,,,,,,,,,,,,,,,,,,,,,,,,,,,,,,,,,,,,,,,,,,,,,,,,,,,,,,,,,,,,,,,,,,,,,,,,6835969,,,,,,,,,,,,,,,,,,,,,,,,,,,,,,,,,,,,,,,,,,,,,,,,,,,,,,,,,,,,,,,,,,,,,,,,,,,,,,,,
1695427200,9/23/2023,,97710987,,,,,,,,,,,,,,,,,,,,,,,,,,,,,,,,,,,,,,,,,,,,,,,,,,,,,,,,,,,,,,,,,,,,,,,,,,,,,,,,,,,,,,,,,,,,,,,,,,,,,,,,,,,,,,,,,,,,,,,,,,,,,,,,,,,,,,,,,,,,,,,,,,,,,,,,,,,,,,,,,,,,,,,,,,,,,,,,,,,,,,,,,,,,,,,,,,,,,,,,,,,,,,,,,,,,,,,,,,,,,,,,,,,,,,,,,,,,,,,,,,,,,,,,,,,6752110,,,,,,,,,,,,,,,,,,,,,,,,,,,,,,,,,,,,,,,,,,,,,,,,,,,,,,,,,,,,,,,,,,,,,,,,,,,,,,,,
1695513600,9/24/2023,,97605894,,,,,,,,,,,,,,,,,,,,,,,,,,,,,,,,,,,,,,,,,,,,,,,,,,,,,,,,,,,,,,,,,,,,,,,,,,,,,,,,,,,,,,,,,,,,,,,,,,,,,,,,,,,,,,,,,,,,,,,,,,,,,,,,,,,,,,,,,,,,,,,,,,,,,,,,,,,,,,,,,,,,,,,,,,,,,,,,,,,,,,,,,,,,,,,,,,,,,,,,,,,,,,,,,,,,,,,,,,,,,,,,,,,,,,,,,,,,,,,,,,,,,,,,,,,6689150,,,,,,,,,,,,,,,,,,,,,,,,,,,,,,,,,,,,,,,,,,,,,,,,,,,,,,,,,,,,,,,,,,,,,,,,,,,,,,,,
1695600000,9/25/2023,,97609621,,,,,,,,,,,,,,,,,,,,,,,,,,,,,,,,,,,,,,,,,,,,,,,,,,,,,,,,,,,,,,,,,,,,,,,,,,,,,,,,,,,,,,,,,,,,,,,,,,,,,,,,,,,,,,,,,,,,,,,,,,,,,,,,,,,,,,,,,,,,,,,,,,,,,,,,,,,,,,,,,,,,,,,,,,,,,,,,,,,,,,,,,,,,,,,,,,,,,,,,,,,,,,,,,,,,,,,,,,,,,,,,,,,,,,,,,,,,,,,,,,,,,,,,,,,6476116,,,,,,,,,,,,,,,,,,,,,,,,,,,,,,,,,,,,,,,,,,,,,,,,,,,,,,,,,,,,,,,,,,,,,,,,,,,,,,,,
1695686400,9/26/2023,,96184316,,,,,,,,,,,,,,,,,,,,,,,,,,,,,,,,,,,,,,,,,,,,,,,,,,,,,,,,,,,,,,,,,,,,,,,,,,,,,,,,,,,,,,,,,,,,,,,,,,,,,,,,,,,,,,,,,,,,,,,,,,,,,,,,,,,,,,,,,,,,,,,,,,,,,,,,,,,,,,,,,,,,,,,,,,,,,,,,,,,,,,,,,,,,,,,,,,,,,,,,,,,,,,,,,,,,,,,,,,,,,,,,,,,,,,,,,,,,,,,,,,,,,,,,,,,6445696,,,,,,,,,,,,,,,,,,,,,,,,,,,,,,,,,,,,,,,,,,,,,,,,,,,,,,,,,,,,,,,,,,,,,,,,,,,,,,,,
1695772800,9/27/2023,,96122943,,,,,,,,,,,,,,,,,,,,,,,,,,,,,,,,,,,,,,,,,,,,,,,,,,,,,,,,,,,,,,,,,,,,,,,,,,,,,,,,,,,,,,,,,,,,,,,,,,,,,,,,,,,,,,,,,,,,,,,,,,,,,,,,,,,,,,,,,,,,,,,,,,,,,,,,,,,,,,,,,,,,,,,,,,,,,,,,,,,,,,,,,,,,,,,,,,,,,,,,,,,,,,,,,,,,,,,,,,,,,,,,,,,,,,,,,,,,,,,,,,,,,,,,,,,6403021,,,,,,,,,,,,,,,,,,,,,,,,,,,,,,,,,,,,,,,,,,,,,,,,,,,,,,,,,,,,,,,,,,,,,,,,,,,,,,,,
1695859200,9/28/2023,,96538503,,,,,,,,,,,,,,,,,,,,,,,,,,,,,,,,,,,,,,,,,,,,,,,,,,,,,,,,,,,,,,,,,,,,,,,,,,,,,,,,,,,,,,,,,,,,,,,,,,,,,,,,,,,,,,,,,,,,,,,,,,,,,,,,,,,,,,,,,,,,,,,,,,,,,,,,,,,,,,,,,,,,,,,,,,,,,,,,,,,,,,,,,,,,,,,,,,,,,,,,,,,,,,,,,,,,,,,,,,,,,,,,,,,,,,,,,,,,,,,,,,,,,,,,,,,6360333,,,,,,,,,,,,,,,,,,,,,,,,,,,,,,,,,,,,,,,,,,,,,,,,,,,,,,,,,,,,,,,,,,,,,,,,,,,,,,,,
1695945600,9/29/2023,,98558371,,,,,,,,,,,,,,,,,,,,,,,,,,,,,,,,,,,,,,,,,,,,,,,,,,,,,,,,,,,,,,,,,,,,,,,,,,,,,,,,,,,,,,,,,,,,,,,,,,,,,,,,,,,,,,,,,,,,,,,,,,,,,,,,,,,,,,,,,,,,,,,,,,,,,,,,,,,,,,,,,,,,,,,,,,,,,,,,,,,,,,,,,,,,,,,,,,,,,,,,,,,,,,,,,,,,,,,,,,,,,,,,,,,,,,,,,,,,,,,,,,,,,,,,,,,5939055,,,,,,,,,,,,,,,,,,,,,,,,,,,,,,,,,,,,,,,,,,,,,,,,,,,,,,,,,,,,,,,,,,,,,,,,,,,,,,,,
1696032000,9/30/2023,,98946531,,,,,,,,,,,,,,,,,,,,,,,,,,,,,,,,,,,,,,,,,,,,,,,,,,,,,,,,,,,,,,,,,,,,,,,,,,,,,,,,,,,,,,,,,,,,,,,,,,,,,,,,,,,,,,,,,,,,,,,,,,,,,,,,,,,,,,,,,,,,,,,,,,,,,,,,,,,,,,,,,,,,,,,,,,,,,,,,,,,,,,,,,,,,,,,,,,,,,,,,,,,,,,,,,,,,,,,,,,,,,,,,,,,,,,,,,,,,,,,,,,,,,,,,,,,5898881,,,,,,,,,,,,,,,,,,,,,,,,,,,,,,,,,,,,,,,,,,,,,,,,,,,,,,,,,,,,,,,,,,,,,,,,,,,,,,,,
1696118400,10/1/2023,,98614254,,,,,,,,,,,,,,,,,,,,,,,,,,,,,,,,,,,,,,,,,,,,,,,,,,,,,,,,,,,,,,,,,,,,,,,,,,,,,,,,,,,,,,,,,,,,,,,,,,,,,,,,,,,,,,,,,,,,,,,,,,,,,,,,,,,,,,,,,,,,,,,,,,,,,,,,,,,,,,,,,,,,,,,,,,,,,,,,,,,,,,,,,,,,,,,,,,,,,,,,,,,,,,,,,,,,,,,,,,,,,,,,,,,,,,,,,,,,,,,,,,,,,,,,,,,5929965,,,,,,,,,,,,,,,,,,,,,,,,,,,,,,,,,,,,,,,,,,,,,,,,,,,,,,,,,,,,,,,,,,,,,,,,,,,,,,,,
1696204800,10/2/2023,,99952078,,,,,,,,,,,,,,,,,,,,,,,,,,,,,,,,,,,,,,,,,,,,,,,,,,,,,,,,,,,,,,,,,,,,,,,,,,,,,,,,,,,,,,,,,,,,,,,,,,,,,,,,,,,,,,,,,,,,,,,,,,,,,,,,,,,,,,,,,,,,,,,,,,,,,,,,,,,,,,,,,,,,,,,,,,,,,,,,,,,,,,,,,,,,,,,,,,,,,,,,,,,,,,,,,,,,,,,,,,,,,,,,,,,,,,,,,,,,,,,,,,,,,,,,,,,5682232,,,,,,,,,,,,,,,,,,,,,,,,,,,,,,,,,,,,,,,,,,,,,,,,,,,,,,,,,,,,,,,,,,,,,,,,,,,,,,,,
1696291200,10/3/2023,,98369324,,,,,,,,,,,,,,,,,,,,,,,,,,,,,,,,,,,,,,,,,,,,,,,,,,,,,,,,,,,,,,,,,,,,,,,,,,,,,,,,,,,,,,,,,,,,,,,,,,,,,,,,,,,,,,,,,,,,,,,,,,,,,,,,,,,,,,,,,,,,,,,,,,,,,,,,,,,,,,,,,,,,,,,,,,,,,,,,,,,,,,,,,,,,,,,,,,,,,,,,,,,,,,,,,,,,,,,,,,,,,,,,,,,,,,,,,,,,,,,,,,,,,,,,,,,5356587,,,,,,,,,,,,,,,,,,,,,,,,,,,,,,,,,,,,,,,,,,,,,,,,,,,,,,,,,,,,,,,,,,,,,,,,,,,,,,,,
1696377600,10/4/2023,,98805390,,,,,,,,,,,,,,,,,,,,,,,,,,,,,,,,,,,,,,,,,,,,,,,,,,,,,,,,,,,,,,,,,,,,,,,,,,,,,,,,,,,,,,,,,,,,,,,,,,,,,,,,,,,,,,,,,,,,,,,,,,,,,,,,,,,,,,,,,,,,,,,,,,,,,,,,,,,,,,,,,,,,,,,,,,,,,,,,,,,,,,,,,,,,,,,,,,,,,,,,,,,,,,,,,,,,,,,,,,,,,,,,,,,,,,,,,,,,,,,,,,,,,,,,,,,5351622,,,,,,,,,,,,,,,,,,,,,,,,,,,,,,,,,,,,,,,,,,,,,,,,,,,,,,,,,,,,,,,,,,,,,,,,,,,,,,,,
1696464000,10/5/2023,,98485830,,,,,,,,,,,,,,,,,,,,,,,,,,,,,,,,,,,,,,,,,,,,,,,,,,,,,,,,,,,,,,,,,,,,,,,,,,,,,,,,,,,,,,,,,,,,,,,,,,,,,,,,,,,,,,,,,,,,,,,,,,,,,,,,,,,,,,,,,,,,,,,,,,,,,,,,,,,,,,,,,,,,,,,,,,,,,,,,,,,,,,,,,,,,,,,,,,,,,,,,,,,,,,,,,,,,,,,,,,,,,,,,,,,,,,,,,,,,,,,,,,,,,,,,,,,4897633,,,,,,,,,,,,,,,,,,,,,,,,,,,,,,,,,,,,,,,,,,,,,,,,,,,,,,,,,,,,,,,,,,,,,,,,,,,,,,,,
1696550400,10/6/2023,,100059991,,,,,,,,,,,,,,,,,,,,,,,,,,,,,,,,,,,,,,,,,,,,,,,,,,,,,,,,,,,,,,,,,,,,,,,,,,,,,,,,,,,,,,,,,,,,,,,,,,,,,,,,,,,,,,,,,,,,,,,,,,,,,,,,,,,,,,,,,,,,,,,,,,,,,,,,,,,,,,,,,,,,,,,,,,,,,,,,,,,,,,,,,,,,,,,,,,,,,,,,,,,,,,,,,,,,,,,,,,,,,,,,,,,,,,,,,,,,,,,,,,,,,,,,,,,5213364,,,,,,,,,,,,,,,,,,,,,,,,,,,,,,,,,,,,,,,,,,,,,,,,,,,,,,,,,,,,,,,,,,,,,,,,,,,,,,,,
1696636800,10/7/2023,,101440990,,,,,,,,,,,,,,,,,,,,,,,,,,,,,,,,,,,,,,,,,,,,,,,,,,,,,,,,,,,,,,,,,,,,,,,,,,,,,,,,,,,,,,,,,,,,,,,,,,,,,,,,,,,,,,,,,,,,,,,,,,,,,,,,,,,,,,,,,,,,,,,,,,,,,,,,,,,,,,,,,,,,,,,,,,,,,,,,,,,,,,,,,,,,,,,,,,,,,,,,,,,,,,,,,,,,,,,,,,,,,,,,,,,,,,,,,,,,,,,,,,,,,,,,,,,5110083,,,,,,,,,,,,,,,,,,,,,,,,,,,,,,,,,,,,,,,,,,,,,,,,,,,,,,,,,,,,,,,,,,,,,,,,,,,,,,,,
1696723200,10/8/2023,,100565057,,,,,,,,,,,,,,,,,,,,,,,,,,,,,,,,,,,,,,,,,,,,,,,,,,,,,,,,,,,,,,,,,,,,,,,,,,,,,,,,,,,,,,,,,,,,,,,,,,,,,,,,,,,,,,,,,,,,,,,,,,,,,,,,,,,,,,,,,,,,,,,,,,,,,,,,,,,,,,,,,,,,,,,,,,,,,,,,,,,,,,,,,,,,,,,,,,,,,,,,,,,,,,,,,,,,,,,,,,,,,,,,,,,,,,,,,,,,,,,,,,,,,,,,,,,5037015,,,,,,,,,,,,,,,,,,,,,,,,,,,,,,,,,,,,,,,,,,,,,,,,,,,,,,,,,,,,,,,,,,,,,,,,,,,,,,,,
1696809600,10/9/2023,,100410400,,,,,,,,,,,,,,,,,,,,,,,,,,,,,,,,,,,,,,,,,,,,,,,,,,,,,,,,,,,,,,,,,,,,,,,,,,,,,,,,,,,,,,,,,,,,,,,,,,,,,,,,,,,,,,,,,,,,,,,,,,,,,,,,,,,,,,,,,,,,,,,,,,,,,,,,,,,,,,,,,,,,,,,,,,,,,,,,,,,,,,,,,,,,,,,,,,,,,,,,,,,,,,,,,,,,,,,,,,,,,,,,,,,,,,,,,,,,,,,,,,,,,,,,,,,5110713,,,,,,,,,,,,,,,,,,,,,,,,,,,,,,,,,,,,,,,,,,,,,,,,,,,,,,,,,,,,,,,,,,,,,,,,,,,,,,,,
1696896000,10/10/2023,,100349415,,,,,,,,,,,,,,,,,,,,,,,,,,,,,,,,,,,,,,,,,,,,,,,,,,,,,,,,,,,,,,,,,,,,,,,,,,,,,,,,,,,,,,,,,,,,,,,,,,,,,,,,,,,,,,,,,,,,,,,,,,,,,,,,,,,,,,,,,,,,,,,,,,,,,,,,,,,,,,,,,,,,,,,,,,,,,,,,,,,,,,,,,,,,,,,,,,,,,,,,,,,,,,,,,,,,,,,,,,,,,,,,,,,,,,,,,,,,,,,,,,,,,,,,,,,5091751,,,,,,,,,,,,,,,,,,,,,,,,,,,,,,,,,,,,,,,,,,,,,,,,,,,,,,,,,,,,,,,,,,,,,,,,,,,,,,,,
1696982400,10/11/2023,,99829701,,,,,,,,,,,,,,,,,,,,,,,,,,,,,,,,,,,,,,,,,,,,,,,,,,,,,,,,,,,,,,,,,,,,,,,,,,,,,,,,,,,,,,,,,,,,,,,,,,,,,,,,,,,,,,,,,,,,,,,,,,,,,,,,,,,,,,,,,,,,,,,,,,,,,,,,,,,,,,,,,,,,,,,,,,,,,,,,,,,,,,,,,,,,,,,,,,,,,,,,,,,,,,,,,,,,,,,,,,,,,,,,,,,,,,,,,,,,,,,,,,,,,,,,,,,5062768,,,,,,,,,,,,,,,,,,,,,,,,,,,,,,,,,,,,,,,,,,,,,,,,,,,,,,,,,,,,,,,,,,,,,,,,,,,,,,,,
1697068800,10/12/2023,,98066307,,,,,,,,,,,,,,,,,,,,,,,,,,,,,,,,,,,,,,,,,,,,,,,,,,,,,,,,,,,,,,,,,,,,,,,,,,,,,,,,,,,,,,,,,,,,,,,,,,,,,,,,,,,,,,,,,,,,,,,,,,,,,,,,,,,,,,,,,,,,,,,,,,,,,,,,,,,,,,,,,,,,,,,,,,,,,,,,,,,,,,,,,,,,,,,,,,,,,,,,,,,,,,,,,,,,,,,,,,,,,,,,,,,,,,,,,,,,,,,,,,,,,,,,,,,5055401,,,,,,,,,,,,,,,,,,,,,,,,,,,,,,,,,,,,,,,,,,,,,,,,,,,,,,,,,,,,,,,,,,,,,,,,,,,,,,,,
1697155200,10/13/2023,,94610352,,,,,,,,,,,,,,,,,,,,,,,,,,,,,,,,,,,,,,,,,,,,,,,,,,,,,,,,,,,,,,,,,,,,,,,,,,,,,,,,,,,,,,,,,,,,,,,,,,,,,,,,,,,,,,,,,,,,,,,,,,,,,,,,,,,,,,,,,,,,,,,,,,,,,,,,,,,,,,,,,,,,,,,,,,,,,,,,,,,,,,,,,,,,,,,,,,,,,,,,,,,,,,,,,,,,,,,,,,,,,,,,,,,,,,,,,,,,,,,,,,,,,,,,,,,5115760,,,,,,,,,,,,,,,,,,,,,,,,,,,,,,,,,,,,,,,,,,,,,,,,,,,,,,,,,,,,,,,,,,,,,,,,,,,,,,,,
1697241600,10/14/2023,,91736431,,,,,,,,,,,,,,,,,,,,,,,,,,,,,,,,,,,,,,,,,,,,,,,,,,,,,,,,,,,,,,,,,,,,,,,,,,,,,,,,,,,,,,,,,,,,,,,,,,,,,,,,,,,,,,,,,,,,,,,,,,,,,,,,,,,,,,,,,,,,,,,,,,,,,,,,,,,,,,,,,,,,,,,,,,,,,,,,,,,,,,,,,,,,,,,,,,,,,,,,,,,,,,,,,,,,,,,,,,,,,,,,,,,,,,,,,,,,,,,,,,,,,,,,,,,5037375,,,,,,,,,,,,,,,,,,,,,,,,,,,,,,,,,,,,,,,,,,,,,,,,,,,,,,,,,,,,,,,,,,,,,,,,,,,,,,,,
1697328000,10/15/2023,,91565196,,,,,,,,,,,,,,,,,,,,,,,,,,,,,,,,,,,,,,,,,,,,,,,,,,,,,,,,,,,,,,,,,,,,,,,,,,,,,,,,,,,,,,,,,,,,,,,,,,,,,,,,,,,,,,,,,,,,,,,,,,,,,,,,,,,,,,,,,,,,,,,,,,,,,,,,,,,,,,,,,,,,,,,,,,,,,,,,,,,,,,,,,,,,,,,,,,,,,,,,,,,,,,,,,,,,,,,,,,,,,,,,,,,,,,,,,,,,,,,,,,,,,,,,,,,5037162,,,,,,,,,,,,,,,,,,,,,,,,,,,,,,,,,,,,,,,,,,,,,,,,,,,,,,,,,,,,,,,,,,,,,,,,,,,,,,,,
1697414400,10/16/2023,,89909526,,,,,,,,,,,,,,,,,,,,,,,,,,,,,,,,,,,,,,,,,,,,,,,,,,,,,,,,,,,,,,,,,,,,,,,,,,,,,,,,,,,,,,,,,,,,,,,,,,,,,,,,,,,,,,,,,,,,,,,,,,,,,,,,,,,,,,,,,,,,,,,,,,,,,,,,,,,,,,,,,,,,,,,,,,,,,,,,,,,,,,,,,,,,,,,,,,,,,,,,,,,,,,,,,,,,,,,,,,,,,,,,,,,,,,,,,,,,,,,,,,,,,,,,,,,4531987,,,,,,,,,,,,,,,,,,,,,,,,,,,,,,,,,,,,,,,,,,,,,,,,,,,,,,,,,,,,,,,,,,,,,,,,,,,,,,,,
1697500800,10/17/2023,,89904970,,,,,,,,,,,,,,,,,,,,,,,,,,,,,,,,,,,,,,,,,,,,,,,,,,,,,,,,,,,,,,,,,,,,,,,,,,,,,,,,,,,,,,,,,,,,,,,,,,,,,,,,,,,,,,,,,,,,,,,,,,,,,,,,,,,,,,,,,,,,,,,,,,,,,,,,,,,,,,,,,,,,,,,,,,,,,,,,,,,,,,,,,,,,,,,,,,,,,,,,,,,,,,,,,,,,,,,,,,,,,,,,,,,,,,,,,,,,,,,,,,,,,,,,,,,5038681,,,,,,,,,,,,,,,,,,,,,,,,,,,,,,,,,,,,,,,,,,,,,,,,,,,,,,,,,,,,,,,,,,,,,,,,,,,,,,,,
1697587200,10/18/2023,,88868531,,,,,,,,,,,,,,,,,,,,,,,,,,,,,,,,,,,,,,,,,,,,,,,,,,,,,,,,,,,,,,,,,,,,,,,,,,,,,,,,,,,,,,,,,,,,,,,,,,,,,,,,,,,,,,,,,,,,,,,,,,,,,,,,,,,,,,,,,,,,,,,,,,,,,,,,,,,,,,,,,,,,,,,,,,,,,,,,,,,,,,,,,,,,,,,,,,,,,,,,,,,,,,,,,,,,,,,,,,,,,,,,,,,,,,,,,,,,,,,,,,,,,,,,,,,4990861,,,,,,,,,,,,,,,,,,,,,,,,,,,,,,,,,,,,,,,,,,,,,,,,,,,,,,,,,,,,,,,,,,,,,,,,,,,,,,,,
1697673600,10/19/2023,,88162694,,,,,,,,,,,,,,,,,,,,,,,,,,,,,,,,,,,,,,,,,,,,,,,,,,,,,,,,,,,,,,,,,,,,,,,,,,,,,,,,,,,,,,,,,,,,,,,,,,,,,,,,,,,,,,,,,,,,,,,,,,,,,,,,,,,,,,,,,,,,,,,,,,,,,,,,,,,,,,,,,,,,,,,,,,,,,,,,,,,,,,,,,,,,,,,,,,,,,,,,,,,,,,,,,,,,,,,,,,,,,,,,,,,,,,,,,,,,,,,,,,,,,,,,,,,4705489,,,,,,,,,,,,,,,,,,,,,,,,,,,,,,,,,,,,,,,,,,,,,,,,,,,,,,,,,,,,,,,,,,,,,,,,,,,,,,,,
1697760000,10/20/2023,,86417739,,,,,,,,,,,,,,,,,,,,,,,,,,,,,,,,,,,,,,,,,,,,,,,,,,,,,,,,,,,,,,,,,,,,,,,,,,,,,,,,,,,,,,,,,,,,,,,,,,,,,,,,,,,,,,,,,,,,,,,,,,,,,,,,,,,,,,,,,,,,,,,,,,,,,,,,,,,,,,,,,,,,,,,,,,,,,,,,,,,,,,,,,,,,,,,,,,,,,,,,,,,,,,,,,,,,,,,,,,,,,,,,,,,,,,,,,,,,,,,,,,,,,,,,,,,4662222,,,,,,,,,,,,,,,,,,,,,,,,,,,,,,,,,,,,,,,,,,,,,,,,,,,,,,,,,,,,,,,,,,,,,,,,,,,,,,,,
1697846400,10/21/2023,,85393215,,,,,,,,,,,,,,,,,,,,,,,,,,,,,,,,,,,,,,,,,,,,,,,,,,,,,,,,,,,,,,,,,,,,,,,,,,,,,,,,,,,,,,,,,,,,,,,,,,,,,,,,,,,,,,,,,,,,,,,,,,,,,,,,,,,,,,,,,,,,,,,,,,,,,,,,,,,,,,,,,,,,,,,,,,,,,,,,,,,,,,,,,,,,,,,,,,,,,,,,,,,,,,,,,,,,,,,,,,,,,,,,,,,,,,,,,,,,,,,,,,,,,,,,,,,4589492,,,,,,,,,,,,,,,,,,,,,,,,,,,,,,,,,,,,,,,,,,,,,,,,,,,,,,,,,,,,,,,,,,,,,,,,,,,,,,,,
1697932800,10/22/2023,,85168551,,,,,,,,,,,,,,,,,,,,,,,,,,,,,,,,,,,,,,,,,,,,,,,,,,,,,,,,,,,,,,,,,,,,,,,,,,,,,,,,,,,,,,,,,,,,,,,,,,,,,,,,,,,,,,,,,,,,,,,,,,,,,,,,,,,,,,,,,,,,,,,,,,,,,,,,,,,,,,,,,,,,,,,,,,,,,,,,,,,,,,,,,,,,,,,,,,,,,,,,,,,,,,,,,,,,,,,,,,,,,,,,,,,,,,,,,,,,,,,,,,,,,,,,,,,4557600,,,,,,,,,,,,,,,,,,,,,,,,,,,,,,,,,,,,,,,,,,,,,,,,,,,,,,,,,,,,,,,,,,,,,,,,,,,,,,,,
1698019200,10/23/2023,,85325092,,,,,,,,,,,,,,,,,,,,,,,,,,,,,,,,,,,,,,,,,,,,,,,,,,,,,,,,,,,,,,,,,,,,,,,,,,,,,,,,,,,,,,,,,,,,,,,,,,,,,,,,,,,,,,,,,,,,,,,,,,,,,,,,,,,,,,,,,,,,,,,,,,,,,,,,,,,,,,,,,,,,,,,,,,,,,,,,,,,,,,,,,,,,,,,,,,,,,,,,,,,,,,,,,,,,,,,,,,,,,,,,,,,,,,,,,,,,,,,,,,,,,,,,,,,4533153,,,,,,,,,,,,,,,,,,,,,,,,,,,,,,,,,,,,,,,,,,,,,,,,,,,,,,,,,,,,,,,,,,,,,,,,,,,,,,,,
1698105600,10/24/2023,,85565934,,,,,,,,,,,,,,,,,,,,,,,,,,,,,,,,,,,,,,,,,,,,,,,,,,,,,,,,,,,,,,,,,,,,,,,,,,,,,,,,,,,,,,,,,,,,,,,,,,,,,,,,,,,,,,,,,,,,,,,,,,,,,,,,,,,,,,,,,,,,,,,,,,,,,,,,,,,,,,,,,,,,,,,,,,,,,,,,,,,,,,,,,,,,,,,,,,,,,,,,,,,,,,,,,,,,,,,,,,,,,,,,,,,,,,,,,,,,,,,,,,,,,,,,,,,4158465,,,,,,,,,,,,,,,,,,,,,,,,,,,,,,,,,,,,,,,,,,,,,,,,,,,,,,,,,,,,,,,,,,,,,,,,,,,,,,,,
1698192000,10/25/2023,,84984130,,,,,,,,,,,,,,,,,,,,,,,,,,,,,,,,,,,,,,,,,,,,,,,,,,,,,,,,,,,,,,,,,,,,,,,,,,,,,,,,,,,,,,,,,,,,,,,,,,,,,,,,,,,,,,,,,,,,,,,,,,,,,,,,,,,,,,,,,,,,,,,,,,,,,,,,,,,,,,,,,,,,,,,,,,,,,,,,,,,,,,,,,,,,,,,,,,,,,,,,,,,,,,,,,,,,,,,,,,,,,,,,,,,,,,,,,,,,,,,,,,,,,,,,,,,4061356,,,,,,,,,,,,,,,,,,,,,,,,,,,,,,,,,,,,,,,,,,,,,,,,,,,,,,,,,,,,,,,,,,,,,,,,,,,,,,,,
1698278400,10/26/2023,,84464643,,,,,,,,,,,,,,,,,,,,,,,,,,,,,,,,,,,,,,,,,,,,,,,,,,,,,,,,,,,,,,,,,,,,,,,,,,,,,,,,,,,,,,,,,,,,,,,,,,,,,,,,,,,,,,,,,,,,,,,,,,,,,,,,,,,,,,,,,,,,,,,,,,,,,,,,,,,,,,,,,,,,,,,,,,,,,,,,,,,,,,,,,,,,,,,,,,,,,,,,,,,,,,,,,,,,,,,,,,,,,,,,,,,,,,,,,,,,,,,,,,,,,,,,,,,4037576,,,,,,,,,,,,,,,,,,,,,,,,1010,,,,,,,,,,,,,,,,,,,,,,,,,,,,,,,,,,,,,,,,,,,,,,,,,,,,,,,,
1698364800,10/27/2023,,83755798,,,,,,,,,,,,,,,,,,,,,,,,,,,,,,,,,,,,,,,,,,,,,,,,,,,,,,,,,,,,,,,,,,,,,,,,,,,,,,,,,,,,,,,,,,,,,,,,,,,,,,,,,,,,,,,,,,,,,,,,,,,,,,,,,,,,,,,,,,,,,,,,,,,,,,,,,,,,,,,,,,,,,,,,,,,,,,,,,,,,,,,,,,,,,,,,,,,,,,,,,,,,,,,,,,,,,,,,,,,,,,,,,,,,,,,,,,,,,,,,,,,,,,,,,,,4014552,,,,,,,,,,,,,,,,,,,,,,,,1010,,,,,,,,,,,,,,,,,,,,,,,,,,,,,,,,,,,,,,,,,,,,,,,,,,,,,,,,
1698451200,10/28/2023,,83426871,,,,,,,,,,,,,,,,,,,,,,,,,,,,,,,,,,,,,,,,,,,,,,,,,,,,,,,,,,,,,,,,,,,,,,,,,,,,,,,,,,,,,,,,,,,,,,,,,,,,,,,,,,,,,,,,,,,,,,,,,,,,,,,,,,,,,,,,,,,,,,,,,,,,,,,,,,,,,,,,,,,,,,,,,,,,,,,,,,,,,,,,,,,,,,,,,,,,,,,,,,,,,,,,,,,,,,,,,,,,,,,,,,,,,,,,,,,,,,,,,,,,,,,,,,,3983205,,,,,,,,,,,,,,,,,,,,,,,,1010,,,,,,,,,,,,,,,,,,,,,,,,,,,,,,,,,,,,,,,,,,,,,,,,,,,,,,,,
1698537600,10/29/2023,,83188084,,,,,,,,,,,,,,,,,,,,,,,,,,,,,,,,,,,,,,,,,,,,,,,,,,,,,,,,,,,,,,,,,,,,,,,,,,,,,,,,,,,,,,,,,,,,,,,,,,,,,,,,,,,,,,,,,,,,,,,,,,,,,,,,,,,,,,,,,,,,,,,,,,,,,,,,,,,,,,,,,,,,,,,,,,,,,,,,,,,,,,,,,,,,,,,,,,,,,,,,,,,,,,,,,,,,,,,,,,,,,,,,,,,,,,,,,,,,,,,,,,,,,,,,,,,4077926,,,,,,,,,,,,,,,,,,,,,,,,1010,,,,,,,,,,,,,,,,,,,,,,,,,,,,,,,,,,,,,,,,,,,,,,,,,,,,,,,,
1698624000,10/30/2023,,83063479,,,,,,,,,,,,,,,,,,,,,,,,,,,,,,,,,,,,,,,,,,,,,,,,,,,,,,,,,,,,,,,,,,,,,,,,,,,,,,,,,,,,,,,,,,,,,,,,,,,,,,,,,,,,,,,,,,,,,,,,,,,,,,,,,,,,,,,,,,,,,,,,,,,,,,,,,,,,,,,,,,,,,,,,,,,,,,,,,,,,,,,,,,,,,,,,,,,,,,,,,,,,,,,,,,,,,,,,,,,,,,,,,,,,,,,,,,,,,,,,,,,,,,,,,,,3935140,,,,,,,,,,,,,,,,,,,,,,,,1010,,,,,,,,,,,,,,,,,,,,,,,,,,,,,,,,,,,,,,,,,,,,,,,,,,,,,,,,
1698710400,10/31/2023,,82984847,,,,,,,,,,,,,,,,,,,,,,,,,,,,,,,,,,,,,,,,,,,,,,,,,,,,,,,,,,,,,,,,,,,,,,,,,,,,,,,,,,,,,,,,,,,,,,,,,,,,,,,,,,,,,,,,,,,,,,,,,,,,,,,,,,,,,,,,,,,,,,,,,,,,,,,,,,,,,,,,,,,,,,,,,,,,,,,,,,,,,,,,,,,,,,,,,,,,,,,,,,,,,,,,,,,,,,,,,,,,,,,,,,,,,,,,,,,,,,,,,,,,,,,,,,,3937233,,,,,,,,,,,,,,,,,,,,,,,,1010,,,,,,,,,,,,,,,,,,,,,,,,,,,,,,,,,,,,,,,,,,,,,,,,,,,,,,,,
1698796800,11/1/2023,,82467215,,,,,,,,,,,,,,,,,,,,,,,,,,,,,,,,,,,,,,,,,,,,,,,,,,,,,,,,,,,,,,,,,,,,,,,,,,,,,,,,,,,,,,,,,,,,,,,,,,,,,,,,,,,,,,,,,,,,,,,,,,,,,,,,,,,,,,,,,,,,,,,,,,,,,,,,,,,,,,,,,,,,,,,,,,,,,,,,,,,,,,,,,,,,,,,,,,,,,,,,,,,,,,,,,,,,,,,,,,,,,,,,,,,,,,,,,,,,,,,,,,,,,,,,,,,3887385,,,,,,,,,,,,,,,,,,,,,,,,1010,,,,,,,,,,,,,,,,,,,,,,,,,,,,,,,,,,,,,,,,,,,,,,,,,,,,,,,,
1698883200,11/2/2023,,81677316,,,,,,,,,,,,,,,,,,,,,,,,,,,,,,,,,,,,,,,,,,,,,,,,,,,,,,,,,,,,,,,,,,,,,,,,,,,,,,,,,,,,,,,,,,,,,,,,,,,,,,,,,,,,,,,,,,,,,,,,,,,,,,,,,,,,,,,,,,,,,,,,,,,,,,,,,,,,,,,,,,,,,,,,,,,,,,,,,,,,,,,,,,,,,,,,,,,,,,,,,,,,,,,,,,,,,,,,,,,,,,,,,,,,,,,,,,,,,,,,,,,,,,,,,,,3826876,,,,,,,,,,,,,,,,,,,,,,,,1011,,,,,,,,,,,,,,,,,,,,,,,,,,,,,,,,,,,,,,,,,,,,,,,,,,,,,,,,
1698969600,11/3/2023,,79798360,,,,,,,,,,,,,,,,,,,,,,,,,,,,,,,,,,,,,,,,,,,,,,,,,,,,,,,,,,,,,,,,,,,,,,,,,,,,,,,,,,,,,,,,,,,,,,,,,,,,,,,,,,,,,,,,,,,,,,,,,,,,,,,,,,,,,,,,,,,,,,,,,,,,,,,,,,,,,,,,,,,,,,,,,,,,,,,,,,,,,,,,,,,,,,,,,,,,,,,,,,,,,,,,,,,,,,,,,,,,,,,,,,,,,,,,,,,,,,,,,,,,,,,,,,,4071493,,,,,,,,,,,,,,,,,,,,,,,,1011,,,,,,,,,,,,,,,,,,,,,,,,,,,,,,,,,,,,,,,,,,,,,,,,,,,,,,,,
1699056000,11/4/2023,,79908059,,,,,,,,,,,,,,,,,,,,,,,,,,,,,,,,,,,,,,,,,,,,,,,,,,,,,,,,,,,,,,,,,,,,,,,,,,,,,,,,,,,,,,,,,,,,,,,,,,,,,,,,,,,,,,,,,,,,,,,,,,,,,,,,,,,,,,,,,,,,,,,,,,,,,,,,,,,,,,,,,,,,,,,,,,,,,,,,,,,,,,,,,,,,,,,,,,,,,,,,,,,,,,,,,,,,,,,,,,,,,,,,,,,,,,,,,,,,,,,,,,,,,,,,,,,3988508,,,,,,,,,,,,,,,,,,,,,,,,1011,,,,,,,,,,,,,,,,,,,,,,,,,,,,,,,,,,,,,,,,,,,,,,,,,,,,,,,,
1699142400,11/5/2023,,78964444,,,,,,,,,,,,,,,,,,,,,,,,,,,,,,,,,,,,,,,,,,,,,,,,,,,,,,,,,,,,,,,,,,,,,,,,,,,,,,,,,,,,,,,,,,,,,,,,,,,,,,,,,,,,,,,,,,,,,,,,,,,,,,,,,,,,,,,,,,,,,,,,,,,,,,,,,,,,,,,,,,,,,,,,,,,,,,,,,,,,,,,,,,,,,,,,,,,,,,,,,,,,,,,,,,,,,,,,,,,,,,,,,,,,,,,,,,,,,,,,,,,,,,,,,,,3944687,,,,,,,,,,,,,,,,,,,,,,,,1011,,,,,,,,,,,,,,,,,,,,,,,,,,,,,,,,,,,,,,,,,,,,,,,,,,,,,,,,
1699228800,11/6/2023,,78253778,,,,,,,,,,,,,,,,,,,,,,,,,,,,,,,,,,,,,,,,,,,,,,,,,,,,,,,,,,,,,,,,,,,,,,,,,,,,,,,,,,,,,,,,,,,,,,,,,,,,,,,,,,,,,,,,,,,,,,,,,,,,,,,,,,,,,,,,,,,,,,,,,,,,,,,,,,,,,,,,,,,,,,,,,,,,,,,,,,,,,,,,,,,,,,,,,,,,,,,,,,,,,,,,,,,,,,,,,,,,,,,,,,,,,,,,,,,,,,,,,,,,,,,,,,,3961666,,,,,,,,,,,,,,,,,,,,,,,,1011,,,,,,,,,,,,,,,,,,,,,,,,,,,,,,,,,,,,,,,,,,,,,,,,,,,,,,,,
1699315200,11/7/2023,,77947787,,,,,,,,,,,,,,,,,,,,,,,,,,,,,,,,,,,,,,,,,,,,,,,,,,,,,,,,,,,,,,,,,,,,,,,,,,,,,,,,,,,,,,,,,,,,,,,,,,,,,,,,,,,,,,,,,,,,,,,,,,,,,,,,,,,,,,,,,,,,,,,,,,,,,,,,,,,,,,,,,,,,,,,,,,,,,,,,,,,,,,,,,,,,,,,,,,,,,,,,,,,,,,,,,,,,,,,,,,,,,,,,,,,,,,,,,,,,,,,,,,,,,,,,,,,3952681,,,,,,,,,,,,,,,,,,,,,,,,1011,,,,,,,,,,,,,,,,,,,,,,,,,,,,,,,,,,,,,,,,,,,,,,,,,,,,,,,,
1699401600,11/8/2023,,77752788,,,,,,,,,,,,,,,,,,,,,,,,,,,,,,,,,,,,,,,,,,,,,,,,,,,,,,,,,,,,,,,,,,,,,,,,,,,,,,,,,,,,,,,,,,,,,,,,,,,,,,,,,,,,,,,,,,,,,,,,,,,,,,,,,,,,,,,,,,,,,,,,,,,,,,,,,,,,,,,,,,,,,,,,,,,,,,,,,,,,,,,,,,,,,,,,,,,,,,,,,,,,,,,,,,,,,,,,,,,,,,,,,,,,,,,,,,,,,,,,,,,,,,,,,,,3852186,,,,,,,,,,,,,,,,,,,,,,,,1011,,,,,,,,,,,,,,,,,,,,,,,,,,,,,,,,,,,,,,,,,,,,,,,,,,,,,,,,
1699488000,11/9/2023,,76957514,,,,,,,,,,,,,,,,,,,,,,,,,,,,,,,,,,,,,,,,,,,,,,,,,,,,,,,,,,,,,,,,,,,,,,,,,,,,,,,,,,,,,,,,,,,,,,,,,,,,,,,,,,,,,,,,,,,,,,,,,,,,,,,,,,,,,,,,,,,,,,,,,,,,,,,,,,,,,,,,,,,,,,,,,,,,,,,,,,,,,,,,,,,,,,,,,,,,,,,,,,,,,,,,,,,,,,,,,,,,,,,,,,,,,,,,,,,,,,,,,,,,,,,,,,,3913143,,,,,,,,,,,,,,,,,,,,,,,,1011,,,,,,,,,,,,,,,,,,,,,,,,,,,,,,,,,,,,,,,,,,,,,,,,,,,,,,,,
1699574400,11/10/2023,,75963497,,,,,,,,,,,,,,,,,,,,,,,,,,,,,,,,,,,,,,,,,,,,,,,,,,,,,,,,,,,,,,,,,,,,,,,,,,,,,,,,,,,,,,,,,,,,,,,,,,,,,,,,,,,,,,,,,,,,,,,,,,,,,,,,,,,,,,,,,,,,,,,,,,,,,,,,,,,,,,,,,,,,,,,,,,,,,,,,,,,,,,,,,,,,,,,,,,,,,,,,,,,,,,,,,,,,,,,,,,,,,,,,,,,,,,,,,,,,,,,,,,,,,,,,,,,3900722,,,,,,,,,,,,,,,,,,,,,,,,1011,,,,,,,,,,,,,,,,,,,,,,,,,,,,,,,,,,,,,,,,,,,,,,,,,,,,,,,,
1699660800,11/11/2023,,75559275,,,,,,,,,,,,,,,,,,,,,,,,,,,,,,,,,,,,,,,,,,,,,,,,,,,,,,,,,,,,,,,,,,,,,,,,,,,,,,,,,,,,,,,,,,,,,,,,,,,,,,,,,,,,,,,,,,,,,,,,,,,,,,,,,,,,,,,,,,,,,,,,,,,,,,,,,,,,,,,,,,,,,,,,,,,,,,,,,,,,,,,,,,,,,,,,,,,,,,,,,,,,,,,,,,,,,,,,,,,,,,,,,,,,,,,,,,,,,,,,,,,,,,,,,,,3502627,,,,,,,,,,,,,,,,,,,,,,,,1011,,,,,,,,,,,,,,,,,,,,,,,,,,,,,,,,,,,,,,,,,,,,,,,,,,,,,,,,
1699747200,11/12/2023,,75662292,,,,,,,,,,,,,,,,,,,,,,,,,,,,,,,,,,,,,,,,,,,,,,,,,,,,,,,,,,,,,,,,,,,,,,,,,,,,,,,,,,,,,,,,,,,,,,,,,,,,,,,,,,,,,,,,,,,,,,,,,,,,,,,,,,,,,,,,,,,,,,,,,,,,,,,,,,,,,,,,,,,,,,,,,,,,,,,,,,,,,,,,,,,,,,,,,,,,,,,,,,,,,,,,,,,,,,,,,,,,,,,,,,,,,,,,,,,,,,,,,,,,,,,,,,,3536763,,,,,,,,,,,,,,,,,,,,,,,,1014,,,,,,,,,,,,,,,,,,,,,,,,,,,,,,,,,,,,,,,,,,,,,,,,,,,,,,,,
1699833600,11/13/2023,,75377979,,,,,,,,,,,,,,,,,,,,,,,,,,,,,,,,,,,,,,,,,,,,,,,,,,,,,,,,,,,,,,,,,,,,,,,,,,,,,,,,,,,,,,,,,,,,,,,,,,,,,,,,,,,,,,,,,,,,,,,,,,,,,,,,,,,,,,,,,,,,,,,,,,,,,,,,,,,,,,,,,,,,,,,,,,,,,,,,,,,,,,,,,,,,,,,,,,,,,,,,,,,,,,,,,,,,,,,,,,,,,,,,,,,,,,,,,,,,,,,,,,,,,,,,,,,3552659,,,,,,,,,,,,,,,,,,,,,,,,1014,,,,,,,,,,,,,,,,,,,,,,,,,,,,,,,,,,,,,,,,,,,,,,,,,,,,,,,,
1699920000,11/14/2023,,75615553,,,,,,,,,,,,,,,,,,,,,,,,,,,,,,,,,,,,,,,,,,,,,,,,,,,,,,,,,,,,,,,,,,,,,,,,,,,,,,,,,,,,,,,,,,,,,,,,,,,,,,,,,,,,,,,,,,,,,,,,,,,,,,,,,,,,,,,,,,,,,,,,,,,,,,,,,,,,,,,,,,,,,,,,,,,,,,,,,,,,,,,,,,,,,,,,,,,,,,,,,,,,,,,,,,,,,,,,,,,,,,,,,,,,,,,,,,,,,,,,,,,,,,,,,,,3558364,,,,,,,,,,,,,,,,,,,,,,,,1014,,,,,,,,,,,,,,,,,,,,,,,,,,,,,,,,,,,,,,,,,,,,,,,,,,,,,,,,
1700006400,11/15/2023,,74709942,,,,,,,,,,,,,,,,,,,,,,,,,,,,,,,,,,,,,,,,,,,,,,,,,,,,,,,,,,,,,,,,,,,,,,,,,,,,,,,,,,,,,,,,,,,,,,,,,,,,,,,,,,,,,,,,,,,,,,,,,,,,,,,,,,,,,,,,,,,,,,,,,,,,,,,,,,,,,,,,,,,,,,,,,,,,,,,,,,,,,,,,,,,,,,,,,,,,,,,,,,,,,,,,,,,,,,,,,,,,,,,,,,,,,,,,,,,,,,,,,,,,,,,,,,,3518643,,,,,,,,,,,,,,,,,,,,,,,,1014,,,,,,,,,,,,,,,,,,,,,,,,,,,,,,,,,,,,,,,,,,,,,,,,,,,,,,,,
1700092800,11/16/2023,,75225568,,,,,,,,,,,,,,,,,,,,,,,,,,,,,,,,,,,,,,,,,,,,,,,,,,,,,,,,,,,,,,,,,,,,,,,,,,,,,,,,,,,,,,,,,,,,,,,,,,,,,,,,,,,,,,,,,,,,,,,,,,,,,,,,,,,,,,,,,,,,,,,,,,,,,,,,,,,,,,,,,,,,,,,,,,,,,,,,,,,,,,,,,,,,,,,,,,,,,,,,,,,,,,,,,,,,,,,,,,,,,,,,,,,,,,,,,,,,,,,,,,,,,,,,,,,3492815,,,,,,,,,,,,,,,,,,,,,,,,1014,,,,,,,,,,,,,,,,,,,,,,,,,,,,,,,,,,,,,,,,,,,,,,,,,,,,,,,,
1700179200,11/17/2023,,75003312,,,,,,,,,,,,,,,,,,,,,,,,,,,,,,,,,,,,,,,,,,,,,,,,,,,,,,,,,,,,,,,,,,,,,,,,,,,,,,,,,,,,,,,,,,,,,,,,,,,,,,,,,,,,,,,,,,,,,,,,,,,,,,,,,,,,,,,,,,,,,,,,,,,,,,,,,,,,,,,,,,,,,,,,,,,,,,,,,,,,,,,,,,,,,,,,,,,,,,,,,,,,,,,,,,,,,,,,,,,,,,,,,,,,,,,,,,,,,,,,,,,,,,,,,,,3488679,,,,,,,,,,,,,,,,,,,,,,,,1014,,,,,,,,,,,,,,,,,,,,,,,,,,,,,,,,,,,,,,,,,,,,,,,,,,,,,,,,
1700265600,11/18/2023,,75462902,,,,,,,,,,,,,,,,,,,,,,,,,,,,,,,,,,,,,,,,,,,,,,,,,,,,,,,,,,,,,,,,,,,,,,,,,,,,,,,,,,,,,,,,,,,,,,,,,,,,,,,,,,,,,,,,,,,,,,,,,,,,,,,,,,,,,,,,,,,,,,,,,,,,,,,,,,,,,,,,,,,,,,,,,,,,,,,,,,,,,,,,,,,,,,,,,,,,,,,,,,,,,,,,,,,,,,,,,,,,,,,,,,,,,,,,,,,,,,,,,,,,,,,,,,,3474726,,,,,,,,,,,,,,,,,,,,,,,,1014,,,,,,,,,,,,,,,,,,,,,,,,,,,,,,,,,,,,,,,,,,,,,,,,,,,,,,,,
1700352000,11/19/2023,,75142622,,,,,,,,,,,,,,,,,,,,,,,,,,,,,,,,,,,,,,,,,,,,,,,,,,,,,,,,,,,,,,,,,,,,,,,,,,,,,,,,,,,,,,,,,,,,,,,,,,,,,,,,,,,,,,,,,,,,,,,,,,,,,,,,,,,,,,,,,,,,,,,,,,,,,,,,,,,,,,,,,,,,,,,,,,,,,,,,,,,,,,,,,,,,,,,,,,,,,,,,,,,,,,,,,,,,,,,,,,,,,,,,,,,,,,,,,,,,,,,,,,,,,,,,,,,3474662,,,,,,,,,,,,,,,,,,,,,,,,1014,,,,,,,,,,,,,,,,,,,,,,,,,,,,,,,,,,,,,,,,,,,,,,,,,,,,,,,,
1700438400,11/20/2023,,74822069,,,,,,,,,,,,,,,,,,,,,,,,,,,,,,,,,,,,,,,,,,,,,,,,,,,,,,,,,,,,,,,,,,,,,,,,,,,,,,,,,,,,,,,,,,,,,,,,,,,,,,,,,,,,,,,,,,,,,,,,,,,,,,,,,,,,,,,,,,,,,,,,,,,,,,,,,,,,,,,,,,,,,,,,,,,,,,,,,,,,,,,,,,,,,,,,,,,,,,,,,,,,,,,,,,,,,,,,,,,,,,,,,,,,,,,,,,,,,,,,,,,,,,,,,,,3213560,,,,,,,,,,,,,,,,,,,,,,,,1014,,,,,,,,,,,,,,,,,,,,,,,,,,,,,,,,,,,,,,,,,,,,,,,,,,,,,,,,
1700524800,11/21/2023,,75037761,,,,,,,,,,,,,,,,,,,,,,,,,,,,,,,,,,,,,,,,,,,,,,,,,,,,,,,,,,,,,,,,,,,,,,,,,,,,,,,,,,,,,,,,,,,,,,,,,,,,,,,,,,,,,,,,,,,,,,,,,,,,,,,,,,,,,,,,,,,,,,,,,,,,,,,,,,,,,,,,,,,,,,,,,,,,,,,,,,,,,,,,,,,,,,,,,,,,,,,,,,,,,,,,,,,,,,,,,,,,,,,,,,,,,,,,,,,,,,,,,,,,,,,,,,,3276247,,,,,,,,,,,,,,,,,,,,,,,,1014,,,,,,,,,,,,,,,,,,,,,,,,,,,,,,,,,,,,,,,,,,,,,,,,,,,,,,,,
1700611200,11/22/2023,,74432524,,,,,,,,,,,,,,,,,,,,,,,,,,,,,,,,,,,,,,,,,,,,,,,,,,,,,,,,,,,,,,,,,,,,,,,,,,,,,,,,,,,,,,,,,,,,,,,,,,,,,,,,,,,,,,,,,,,,,,,,,,,,,,,,,,,,,,,,,,,,,,,,,,,,,,,,,,,,,,,,,,,,,,,,,,,,,,,,,,,,,,,,,,,,,,,,,,,,,,,,,,,,,,,,,,,,,,,,,,,,,,,,,,,,,,,,,,,,,,,,,,,,,,,,,,,2726660,,,,,,,,,,,,,,,,,,,,,,,,1014,,,,,,,,,,,,,,,,,,,,,,,,,,,,,,,,,,,,,,,,,,,,,,,,,,,,,,,,
1700697600,11/23/2023,,74427432,,,,,,,,,,,,,,,,,,,,,,,,,,,,,,,,,,,,,,,,,,,,,,,,,,,,,,,,,,,,,,,,,,,,,,,,,,,,,,,,,,,,,,,,,,,,,,,,,,,,,,,,,,,,,,,,,,,,,,,,,,,,,,,,,,,,,,,,,,,,,,,,,,,,,,,,,,,,,,,,,,,,,,,,,,,,,,,,,,,,,,,,,,,,,,,,,,,,,,,,,,,,,,,,,,,,,,,,,,,,,,,,,,,,,,,,,,,,,,,,,,,,,,,,,,,2215546,,,,,,,,,,,,,,,,,,,,,,,,1014,,,,,,,,,,,,,,,,,,,,,,,,,,,,,,,,,,,,,,,,,,,,,,,,,,,,,,,,
1700784000,11/24/2023,,74432463,,,,,,,,,,,,,,,,,,,,,,,,,,,,,,,,,,,,,,,,,,,,,,,,,,,,,,,,,,,,,,,,,,,,,,,,,,,,,,,,,,,,,,,,,,,,,,,,,,,,,,,,,,,,,,,,,,,,,,,,,,,,,,,,,,,,,,,,,,,,,,,,,,,,,,,,,,,,,,,,,,,,,,,,,,,,,,,,,,,,,,,,,,,,,,,,,,,,,,,,,,,,,,,,,,,,,,,,,,,,,,,,,,,,,,,,,,,,,,,,,,,,,,,,,,,2222972,,,,,,,,,,,,,,,,,,,,,,,,1014,,,,,,,,,,,,,,,,,,,,,,,,,,,,,,,,,,,,,,,,,,,,,,,,,,,,,,,,
1700870400,11/25/2023,,75190761,,,,,,,,,,,,,,,,,,,,,,,,,,,,,,,,,,,,,,,,,,,,,,,,,,,,,,,,,,,,,,,,,,,,,,,,,,,,,,,,,,,,,,,,,,,,,,,,,,,,,,,,,,,,,,,,,,,,,,,,,,,,,,,,,,,,,,,,,,,,,,,,,,,,,,,,,,,,,,,,,,,,,,,,,,,,,,,,,,,,,,,,,,,,,,,,,,,,,,,,,,,,,,,,,,,,,,,,,,,,,,,,,,,,,,,,,,,,,,,,,,,,,,,,,,,2364742,,,,,,,,,,,,,,,,,,,,,,,,1014,,,,,,,,,,,,,,,,,,,,,,,,,,,,,,,,,,,,,,,,,,,,,,,,,,,,,,,,
1700956800,11/26/2023,,75373784,,,,,,,,,,,,,,,,,,,,,,,,,,,,,,,,,,,,,,,,,,,,,,,,,,,,,,,,,,,,,,,,,,,,,,,,,,,,,,,,,,,,,,,,,,,,,,,,,,,,,,,,,,,,,,,,,,,,,,,,,,,,,,,,,,,,,,,,,,,,,,,,,,,,,,,,,,,,,,,,,,,,,,,,,,,,,,,,,,,,,,,,,,,,,,,,,,,,,,,,,,,,,,,,,,,,,,,,,,,,,,,,,,,,,,,,,,,,,,,,,,,,,,,,,,,2359895,,,,,,,,,,,,,,,,,,,,,,,,1014,,,,,,,,,,,,,,,,,,,,,,,,,,,,,,,,,,,,,,,,,,,,,,,,,,,,,,,,
1701043200,11/27/2023,,75991640,,,,,,,,,,,,,,,,,,,,,,,,,,,,,,,,,,,,,,,,,,,,,,,,,,,,,,,,,,,,,,,,,,,,,,,,,,,,,,,,,,,,,,,,,,,,,,,,,,,,,,,,,,,,,,,,,,,,,,,,,,,,,,,,,,,,,,,,,,,,,,,,,,,,,,,,,,,,,,,,,,,,,,,,,,,,,,,,,,,,,,,,,,,,,,,,,,,,,,,,,,,,,,,,,,,,,,,,,,,,,,,,,,,,,,,,,,,,,,,,,,,,,,,,,,,2369808,,,,,,,,,,,,,,,,,,,,,,,,1014,,,,,,,,,,,,,,,,,,,,,,,,,,,,,,,,,,,,,,,,,,,,,,,,,,,,,,,,
1701129600,11/28/2023,,75770293,,,,,,,,,,,,,,,,,,,,,,,,,,,,,,,,,,,,,,,,,,,,,,,,,,,,,,,,,,,,,,,,,,,,,,,,,,,,,,,,,,,,,,,,,,,,,,,,,,,,,,,,,,,,,,,,,,,,,,,,,,,,,,,,,,,,,,,,,,,,,,,,,,,,,,,,,,,,,,,,,,,,,,,,,,,,,,,,,,,,,,,,,,,,,,,,,,,,,,,,,,,,,,,,,,,,,,,,,,,,,,,,,,,,,,,,,,,,,,,,,,,,,,,,,,,2361043,,,,,,,,,,,,,,,,,,,,,,,,1014,,,,,,,,,,,,,,,,,,,,,,,,,,,,,,,,,,,,,,,,,,,,,,,,,,,,,,,,
1701216000,11/29/2023,,75334504,,,,,,,,,,,,,,,,,,,,,,,,,,,,,,,,,,,,,,,,,,,,,,,,,,,,,,,,,,,,,,,,,,,,,,,,,,,,,,,,,,,,,,,,,,,,,,,,,,,,,,,,,,,,,,,,,,,,,,,,,,,,,,,,,,,,,,,,,,,,,,,,,,,,,,,,,,,,,,,,,,,,,,,,,,,,,,,,,,,,,,,,,,,,,,,,,,,,,,,,,,,,,,,,,,,,,,1787111,,,,,,,,,,,,,,,,,,,,,,,,,,,,,,,,,,,,,2338539,,,,,,,,,,,,,,,,,,,,,,,,1014,,,,,,,,,,,,,,,,,,,,,,,,,,,,,,,,,,,,,,,,,,,,,,,,,,,,,,,,
1701302400,11/30/2023,,75316580,,,,,,,,,,,,,,,,,,,,,,,,,,,,,,,,,,,,,,,,,,,,,,,,,,,,,,,,,,,,,,,,,,,,,,,,,,,,,,,,,,,,,,,,,,,,,,,,,,,,,,,,,,,,,,,,,,,,,,,,,,,,,,,,,,,,,,,,,,,,,,,,,,,,,,,,,,,,,,,,,,,,,,,,,,,,,,,,,,,,,,,,,,,,,,,,,,,,,,,,,,,,,,,,,,,,,,1787107,,,,,,,,,,,,,,,,,,,,,,,,,,,,,,,,,,,,,2347917,,,,,,,,,,,,,,,,,,,,,,,,1014,,,,,,,,,,,,,,,,,,,,,,,,,,,,,,,,,,,,,,,,,,,,,,,,,,,,,,,,
1701388800,12/1/2023,,74959186,,,,,,,,,,,,,,,,,,,,,,,,,,,,,,,,,,,,,,,,,,,,,,,,,,,,,,,,,,,,,,,,,,,,,,,,,,,,,,,,,,,,,,,,,,,,,,,,,,,,,,,,,,,,,,,,,,,,,,,,,,,,,,,,,,,,,,,,,,,,,,,,,,,,,,,,,,,,,,,,,,,,,,,,,,,,,,,,,,,,,,,,,,,,,,,,,,,,,,,,,,,,,,,,,,,,,,1787106,,,,,,,,,,,,,,,,,,,,,,,,,,,,,,,,,,,,,2350127,,,,,,,,,,,,,,,,,,,,,,,,1014,,,,,,,,,,,,,,,,,,,,,,,,,,,,,,,,,,,,,,,,,,,,,,,,,,,,,,,,
1701475200,12/2/2023,,74912027,,,,,,,,,,,,,,,,,,,,,,,,,,,,,,,,,,,,,,,,,,,,,,,,,,,,,,,,,,,,,,,,,,,,,,,,,,,,,,,,,,,,,,,,,,,,,,,,,,,,,,,,,,,,,,,,,,,,,,,,,,,,,,,,,,,,,,,,,,,,,,,,,,,,,,,,,,,,,,,,,,,,,,,,,,,,,,,,,,,,,,,,,,,,,,,,,,,,,,,,,,,,,,,,,,,,,,1787100,,,,,,,,,,,,,,,,,,,,,,,,,,,,,,,,,,,,,2503264,,,,,,,,,,,,,,,,,,,,,,,,1014,,,,,,,,,,,,,,,,,,,,,,,,,,,,,,,,,,,,,,,,,,,,,,,,,,,,,,,,
1701561600,12/3/2023,,75531597,,,,,,,,,,,,,,,,,,,,,,,,,,,,,,,,,,,,,,,,,,,,,,,,,,,,,,,,,,,,,,,,,,,,,,,,,,,,,,,,,,,,,,,,,,,,,,,,,,,,,,,,,,,,,,,,,,,,,,,,,,,,,,,,,,,,,,,,,,,,,,,,,,,,,,,,,,,,,,,,,,,,,,,,,,,,,,,,,,,,,,,,,,,,,,,,,,,,,,,,,,,,,,,,,,,,,,1774410,,,,,,,,,,,,,,,,,,,,,,,,,,,,,,,,,,,,,2583250,,,,,,,,,,,,,,,,,,,,,,,,1014,,,,,,,,,,,,,,,,,,,,,,,,,,,,,,,,,,,,,,,,,,,,,,,,,,,,,,,,
1701648000,12/4/2023,,75951095,,,,,,,,,,,,,,,,,,,,,,,,,,,,,,,,,,,,,,,,,,,,,,,,,,,,,,,,,,,,,,,,,,,,,,,,,,,,,,,,,,,,,,,,,,,,,,,,,,,,,,,,,,,,,,,,,,,,,,,,,,,,,,,,,,,,,,,,,,,,,,,,,,,,,,,,,,,,,,,,,,,,,,,,,,,,,,,,,,,,,,,,,,,,,,,,,,,,,,,,,,,,,,,,,,,,,,1776678,,,,,,,,,,,,,,,,,,,,,,,,,,,,,,,,,,,,,2622969,,,,,,,,,,,,,,,,,,,,,,,,1014,,,,,,,,,,,,,,,,,,,,,,,,,,,,,,,,,,,,,,,,,,,,,,,,,,,,,,,,
1701734400,12/5/2023,,75639955,,,,,,,,,,,,,,,,,,,,,,,,,,,,,,,,,,,,,,,,,,,,,,,,,,,,,,,,,,,,,,,,,,,,,,,,,,,,,,,,,,,,,,,,,,,,,,,,,,,,,,,,,,,,,,,,,,,,,,,,,,,,,,,,,,,,,,,,,,,,,,,,,,,,,,,,,,,,,,,,,,,,,,,,,,,,,,,,,,,,,,,,,,,,,,,,,,,,,,,,,,,,,,,,,,,,,,1771679,,,,,,,,,,,,,,,,,,,,,,,,,,,,,,,,,,,,,2636324,,,,,,,,,,,,,,,,,,,,,,,,1014,,,,,,,,,,,,,,,,,,,,,,,,,,,,,,,,,,,,,,,,,,,,,,,,,,,,,,,,
1701820800,12/6/2023,,76306460,,,,,,,,,,,,,,,,,,,,,,,,,,,,,,,,,,,,,,,,,,,,,,,,,,,,,,,,,,,,,,,,,,,,,,,,,,,,,,,,,,,,,,,,,,,,,,,,,,,,,,,,,,,,,,,,,,,,,,,,,,,,,,,,,,,,,,,,,,,,,,,,,,,,,,,,,,,,,,,,,,,,,,,,,,,,,,,,,,,,,,,,,,,,,,,,,,,,,,,,,,,,,,,,,,,,,,1781173,,,,,,,,,,,,,,,,,,,,,,,,,,,,,,,,,,,,,2632217,,,,,,,,,,,,,,,,,,,,,,,,1014,,,,,,,,,,,,,,,,,,,,,,,,,,,,,,,,,,,,,,,,,,,,,,,,,,,,,,,,
1701907200,12/7/2023,,76521806,,,,,,,,,,,,,,,,,,,,,,,,,,,,,,,,,,,,,,,,,,,,,,,,,,,,,,,,,,,,,,,,,,,,,,,,,,,,,,,,,,,,,,,,,,,,,,,,,,,,,,,,,,,,,,,,,,,,,,,,,,,,,,,,,,,,,,,,,,,,,,,,,,,,,,,,,,,,,,,,,,,,,,,,,,,,,,,,,,,,,,,,,,,,,,,,,,,,,,,,,,,,,,,,,,,,,,1781192,,,,,,,,,,,,,,,,,,,,,,,,,,,,,,,,,,,,,2945889,,,,,,,,,,,,,,,,,,,,,,,,1014,,,,,,,,,,,,,,,,,,,,,,,,,,,,,,,,,,,,,,,,,,,,,,,,,,,,,,,,
1701993600,12/8/2023,,76733554,,,,,,,,,,,,,,,,,,,,,,,,,,,,,,,,,,,,,,,,,,,,,,,,,,,,,,,,,,,,,,,,,,,,,,,,,,,,,,,,,,,,,,,,,,,,,,,,,,,,,,,,,,,,,,,,,,,,,,,,,,,,,,,,,,,,,,,,,,,,,,,,,,,,,,,,,,,,,,,,,,,,,,,,,,,,,,,,,,,,,,,,,,,,,,,,,,,,,,,,,,,,,,,,,,,,,,1743115,,,,,,,,,,,,,,,,,,,,,,,,,,,,,,,,,,,,,3131276,,,,,,,,,,,,,,,,,,,,,,,,1014,,,,,,,,,,,,,,,,,,,,,,,,,,,,,,,,,,,,,,,,,,,,,,,,,,,,,,,,
1702080000,12/9/2023,,76943956,,,,,,,,,,,,,,,,,,,,,,,,,,,,,,,,,,,,,,,,,,,,,,,,,,,,,,,,,,,,,,,,,,,,,,,,,,,,,,,,,,,,,,,,,,,,,,,,,,,,,,,,,,,,,,,,,,,,,,,,,,,,,,,,,,,,,,,,,,,,,,,,,,,,,,,,,,,,,,,,,,,,,,,,,,,,,,,,,,,,,,,,,,,,,,,,,,,,,,,,,,,,,,,,,,,,,,1730226,,,,,,,,,,,,,,,,,,,,,,,,,,,,,,,,,,,,,3112536,,,,,,,,,,,,,,,,,,,,,,,,1014,,,,,,,,,,,,,,,,,,,,,,,,,,,,,,,,,,,,,,,,,,,,,,,,,,,,,,,,
1702166400,12/10/2023,,77173491,,,,,,,,,,,,,,,,,,,,,,,,,,,,,,,,,,,,,,,,,,,,,,,,,,,,,,,,,,,,,,,,,,,,,,,,,,,,,,,,,,,,,,,,,,,,,,,,,,,,,,,,,,,,,,,,,,,,,,,,,,,,,,,,,,,,,,,,,,,,,,,,,,,,,,,,,,,,,,,,,,,,,,,,,,,,,,,,,,,,,,,,,,,,,,,,,,,,,,,,,,,,,,,,,,,,,,1730226,,,,,,,,,,,,,,,,,,,,,,,,,,,,,,,,,,,,,3094894,,,,,,,,,,,,,,,,,,,,,,,,1014,,,,,,,,,,,,,,,,,,,,,,,,,,,,,,,,,,,,,,,,,,,,,,,,,,,,,,,,
1702252800,12/11/2023,,77412499,,,,,,,,,,,,,,,,,,,,,,,,,,,,,,,,,,,,,,,,,,,,,,,,,,,,,,,,,,,,,,,,,,,,,,,,,,,,,,,,,,,,,,,,,,,,,,,,,,,,,,,,,,,,,,,,,,,,,,,,,,,,,,,,,,,,,,,,,,,,,,,,,,,,,,,,,,,,,,,,,,,,,,,,,,,,,,,,,,,,,,,,,,,,,,,,,,,,,,,,,,,,,,,,,,,,,,1729295,,,,,,,,,,,,,,,,,,,,,,,,,,,,,,,,,,,,,3044616,,,,,,,,,,,,,,,,,,,,,,,,1014,,,,,,,,,,,,,,,,,,,,,,,,,,,,,,,,,,,,,,,,,,,,,,,,,,,,,,,,
1702339200,12/12/2023,,80505518,,,,,,,,,,,,,,,,,,,,,,,,,,,,,,,,,,,,,,,,,,,,,,,,,,,,,,,,,,,,,,,,,,,,,,,,,,,,,,,,,,,,,,,,,,,,,,,,,,,,,,,,,,,,,,,,,,,,,,,,,,,,,,,,,,,,,,,,,,,,,,,,,,,,,,,,,,,,,,,,,,,,,,,,,,,,,,,,,,,,,,,,,,,,,,,,,,,,,,,,,,,,,,,,,,,,,,1729199,,,,,,,,,,,,,,,,,,,,,,,,,,,,,,,,,,,,,3087398,,,,,,,,,,,,,,,,,,,,,,,,1014,,,,,,,,,,,,,,,,,,,,,,,,,,,,,,,,,,,,,,,,,,,,,,,,,,,,,,,,
1702425600,12/13/2023,,95347570,,,,,,,,,,,,,,,,,,,,,,,,,,,,,,,,,,,,,,,,,,,,,,,,,,,,,,,,,,,,,,,,,,,,,,,,,,,,,,,,,,,,,,,,,,,,,,,,,,,,,,,,,,,,,,,,,,,,,,,,,,,,,,,,,,,,,,,,,,,,,,,,,,,,,,,,,,,,,,,,,,,,,,,,,,,,,,,,,,,,,,,,,,,,,,,,,,,,,,,,,,,,,,,,,,,,,,1798347,,,,,,,,,,,,,,,,,,,,,,,,,,,,,,,,,,,,,3084727,,,,,,,,,,,,,,,,,,,,,,,,1014,,,,,,,,,,,,,,,,,,,,,,,,,,,,,,,,,,,,,,,,,,,,,,,,,,,,,,,,
1702512000,12/14/2023,,97879562,,,,,,,,,,,,,,,,,,,,,,,,,,,,,,,,,,,,,,,,,,,,,,,,,,,,,,,,,,,,,,,,,,,,,,,,,,,,,,,,,,,,,,,,,,,,,,,,,,,,,,,,,,,,,,,,,,,,,,,,,,,,,,,,,,,,,,,,,,,,,,,,,,,,,,,,,,,,,,,,,,,,,,,,,,,,,,,,,,,,,,,,,,,,,,,,,,,,,,,,,,,,,,,,,,,,,,1798207,,,,,,,,,,,,,,,,,,,,,,,,,,,,,,,,,,,,,3542725,,,,,,,,,,,,,,,,,,,,,,,,1014,,,,,,,,,,,,,,,,,,,,,,,,,,,,,,,,,,,,,,,,,,,,,,,,,,,,,,,,
1702598400,12/15/2023,,102846836,,,,,,,,,,,,,,,,,,,,,,,,,,,,,,,,,,,,,,,,,,,,,,,,,,,,,,,,,,,,,,,,,,,,,,,,,,,,,,,,,,,,,,,,,,,,,,,,,,,,,,,,,,,,,,,,,,,,,,,,,,,,,,,,,,,,,,,,,,,,,,,,,,,,,,,,,,,,,,,,,,,,,,,,,,,,,,,,,,,,,,,,,,,,,,,,,,,,,,,,,,,,,,,,,,,,,,2042528,,,,,,,,,,,,,,,,,,,,,,,,,,,,,,,,,,,,,3833896,,,,,,,,,,,,,,,,,,,,,,,,1014,,,,,,,,,,,,,,,,,,,,,,,,,,,,,,,,,,,,,,,,,,,,,,,,,,,,,,,,
1702684800,12/16/2023,,102726166,,,,,,,,,,,,,,,,,,,,,,,,,,,,,,,,,,,,,,,,,,,,,,,,,,,,,,,,,,,,,,,,,,,,,,,,,,,,,,,,,,,,,,,,,,,,,,,,,,,,,,,,,,,,,,,,,,,,,,,,,,,,,,,,,,,,,,,,,,,,,,,,,,,,,,,,,,,,,,,,,,,,,,,,,,,,,,,,,,,,,,,,,,,,,,,,,,,,,,,,,,,,,,,,,,,,,,2042528,,,,,,,,,,,,,,,,,,,,,,,,,,,,,,,,,,,,,3909455,,,,,,,,,,,,,,,,,,,,,,,,1014,,,,,,,,,,,,,,,,,,,,,,,,,,,,,,,,,,,,,,,,,,,,,,,,,,,,,,,,
1702771200,12/17/2023,,104223840,,,,,,,,,,,,,,,,,,,,,,,,,,,,,,,,,,,,,,,,,,,,,,,,,,,,,,,,,,,,,,,,,,,,,,,,,,,,,,,,,,,,,,,,,,,,,,,,,,,,,,,,,,,,,,,,,,,,,,,,,,,,,,,,,,,,,,,,,,,,,,,,,,,,,,,,,,,,,,,,,,,,,,,,,,,,,,,,,,,,,,,,,,,,,,,,,,,,,,,,,,,,,,,,,,,,,,2042528,,,,,,,,,,,,,,,,,,,,,,,,,,,,,,,,,,,,,3964207,,,,,,,,,,,,,,,,,,,,,,,,1014,,,,,,,,,,,,,,,,,,,,,,,,,,,,,,,,,,,,,,,,,,,,,,,,,,,,,,,,
1702857600,12/18/2023,,107927177,,,,,,,,,,,,,,,,,,,,,,,,,,,,,,,,,,,,,,,,,,,,,,,,,,,,,,,,,,,,,,,,,,,,,,,,,,,,,,,,,,,,,,,,,,,,,,,,,,,,,,,,,,,,,,,,,,,,,,,,,,,,,,,,,,,,,,,,,,,,,,,,,,,,,,,,,,,,,,,,,,,,,,,,,,,,,,,,,,,,,,,,,,,,,,,,,,,,,,,,,,,,,,,,,,,,,,2173209,,,,,,,,,,,,,,,,,,,,,,,,,,,,,,,,,,,,,4024051,,,,,,,,,,,,,,,,,,,,,,,,1015,,,,,,,,,,,,,,,,,,,,,,,,,,,,,,,,,,,,,,,,,,,,,,,,,,,,,,,,
1702944000,12/19/2023,,110268611,,,,,,,,,,,,,,,,,,,,,,,,,,,,,,,,,,,,,,,,,,,,,,,,,,,,,,,,,,,,,,,,,,,,,,,,,,,,,,,,,,,,,,,,,,,,,,,,,,,,,,,,,,,,,,,,,,,,,,,,,,,,,,,,,,,,,,,,,,,,,,,,,,,,,,,,,,,,,,,,,,,,,,,,,,,,,,,,,,,,,,,,,,,,,,,,,,,,,,,,,,,,,,,,,,,,,,2228771,,,,,,,,,,,,,,,,,,,,,,,,,,,,,,,,,,,,,4080617,,,,,,,,,,,,,,,,,,,,,,,,1015,,,,,,,,,,,,,,,,,,,,,,,,,,,,,,,,,,,,,,,,,,,,,,,,,,,,,,,,
1703030400,12/20/2023,,290111610,,,,,,,,,,,,,,,,,,,,,,,,,,,,,,,,,,,,,,,,,,,,,,,,,,,,,,,,,,,,,,,,,,,,,,,,,,,,,,,,,,,,,,,,,,,,,,,,,,,,,,,,,,,,,,,,,,,,,,,,,,,,,,,,,,,,,,,,,,,,,,,,,,,,,,,,,,,,,,,,,,,,,,,,,,,,,,,,,,,,,,,,,,,,,,,,,,,,,,,,,,,,,,,,,,,,,,2241559,,,,,,,,,,,,,,,,,,,,,,,,,,,,,,,,,,,,,4143178,,,,,,,,,,,,,,,,,,,,,,,,1015,,,,,,,,,,,,,,,,,,,,,,,,,,,,,,,,,,,,,,,,,,,,,,,,,,,,,,,,
1703116800,12/21/2023,,291334113,,,,,,,,,,,,,,,,,,,,,,,,,,,,,,,,,,,,,,,,,,,,,,,,,,,,,,,,,,,,,,,,,,,,,,,,,,,,,,,,,,,,,,,,,,,,,,,,,,,,,,,,,,,,,,,,,,,,,,,,,,,,,,,,,,,,,,,,,,,,,,,,,,,,,,,,,,13,,,,,,,,,,,,,,,,,,,,,,,,,,,,,,,,,,,,,,,,,,,,,,,,,,,,,,,,,,,,2240972,,,,,,,,,,,,,,,,,,,,,,,,,,,,,,,,,,,,,4148578,,,,,,,,,,,,,,,,,,,,,,,,1015,,,,,,,,,,,,,,,,,,,,,,,,,,,,,,,,,,,,,,,,,,,,,,,,,,,,,,,,
1703203200,12/22/2023,,292474767,,,,,,,,,,,,,,,,,,,,,,,,,,,,,,,,,,,,,,,,,,,,,,,,,,,,,,,,,,,,,,,,,,,,,,,,,,,,,,,,,,,,,,,,,,,,,,,,,,,,,,,,,,,,,,,,,,,,,,,,,,,,,,,,,,,,,,,,,,,,,,,,,,,,,,,,,,13,,,,,,,,,,,,,,,,,,,,,,,,,,,,,,,,,,,,,,,,,,,,,,,,,,,,,,,,,,,,2396554,,,,,,,,,,,,,,,,,,,,,,,,,,,,,,,,,,,,,3760256,,,,,,,,,,,,,,,,,,,,,,,,1015,,,,,,,,,,,,,,,,,,,,,,,,,,,,,,,,,,,,,,,,,,,,,,,,,,,,,,,,
1703289600,12/23/2023,,291095281,,,,,,,,,,,,,,,,,,,,,,,,,,,,,,,,,,,,,,,,,,,,,,,,,,,,,,,,,,,,,,,,,,,,,,,,,,,,,,,,,,,,,,,,,,,,,,,,,,,,,,,,,,,,,,,,,,,,,,,,,,,,,,,,,,,,,,,,,,,,,,,,,,,,,,,,,,13,,,,,,,,,,,,,,,,,,,,,,,,,,,,,,,,,,,,,,,,,,,,,,,,,,,,,,,,,,,,2463043,,,,,,,,,,,,,,,,,,,,,,,,,,,,,,,,,,,,,3753713,,,,,,,,,,,,,,,,,,,,,,,,1015,,,,,,,,,,,,,,,,,,,,,,,,,,,,,,,,,,,,,,,,,,,,,,,,,,,,,,,,
1703376000,12/24/2023,,290750162,,,,,,,,,,,,,,,,,,,,,,,,,,,,,,,,,,,,,,,,,,,,,,,,,,,,,,,,,,,,,,,,,,,,,,,,,,,,,,,,,,,,,,,,,,,,,,,,,,,,,,,,,,,,,,,,,,,,,,,,,,,,,,,,,,,,,,,,,,,,,,,,,,,,,,,,,,13,,,,,,,,,,,,,,,,,,,,,,,,,,,,,,,,,,,,,,,,,,,,,,,,,,,,,,,,,,,,2475326,,,,,,,,,,,,,,,,,,,,,,,,,,,,,,,,,,,,,3817884,,,,,,,,,,,,,,,,,,,,,,,,1015,,,,,,,,,,,,,,,,,,,,,,,,,,,,,,,,,,,,,,,,,,,,,,,,,,,,,,,,
1703462400,12/25/2023,,289753618,,,,,,,,,,,,,,,,,,,,,,,,,,,,,,,,,,,,,,,,,,,,,,,,,,,,,,,,,,,,,,,,,,,,,,,,,,,,,,,,,,,,,,,,,,,,,,,,,,,,,,,,,,,,,,,,,,,,,,,,,,,,,,,,,,,,,,,,,,,,,,,,,,,,,,,,,,13,,,,,,,,,,,,,,,,,,,,,,,,,,,,,,,,,,,,,,,,,,,,,,,,,,,,,,,,,,,,2475637,,,,,,,,,,,,,,,,,,,,,,,,,,,,,,,,,,,,,3810919,,,,,,,,,,,,,,,,,,,,,,,,1015,,,,,,,,,,,,,,,,,,,,,,,,,,,,,,,,,,,,,,,,,,,,,,,,,,,,,,,,
1703548800,12/26/2023,,290536548,,,,,,,,,,,,,,,,,,,,,,,,,,,,,,,,,,,,,,,,,,,,,,,,,,,,,,,,,,,,,,,,,,,,,,,,,,,,,,,,,,,,,,,,,,,,,,,,,,,,,,,,,,,,,,,,,,,,,,,,,,,,,,,,,,,,,,,,,,,,,,,,,,,,,,,,,,13,,,,,,,,,,,,,,,,,,,,,,,,,,,,,,,,,,,,,,,,,,,,,,,,,,,,,,,,,,,,2475461,,,,,,,,,,,,,,,,,,,,,,,,,,,,,,,,,,,,,6133480,,,,,,,,,,,,,,,,,,,,,,,,1015,,,,,,,,,,,,,,,,,,,,,,,,,,,,,,,,,,,,,,,,,,,,,,,,,,,,,,,,
1703635200,12/27/2023,,248947300,,,,,,,,,,,,,,,,,,,,,,,,,,,,,,,,,,,,,,,,,,,,,,,,,,,,,,,,,,,,,,,,,,,,,,,,,,,,,,,,,,,,,,,,,,,,,,,,,,,,,,,,,,,,,,,,,,,,,,,,,,,,,,,,,,,,,,,,,,,,,,,,,,,,,,,,,,13,,,,,,,,,,,,,,,,,,,,,,,,,,,,,,,,,,,,,,,,,,,,,,,,,,,,,,,,,,,,2481755,,,,,,,,,,,,,,,,,,,,,,,,,,,,,,,,,,,,,4677162,,,,,,,,,,,,,,,,,,,,,,,,1015,,,,,,,,,,,,,,,,,,,,,,,,,,,,,,,,,,,,,,,,,,,,,,,,,,,,,,,,
1703721600,12/28/2023,,192252018,,,,,,,,,,,,,,,,,,,,,,,,,,,,,,,,,,,,,,,,,,,,,,,,,,,,,,,,,,,,,,,,,,,,,,,,,,,,,,,,,,,,,,,,,,,,,,,,,,,,,,,,,,,,,,,,,,,,,,,,,,,,,,,,,,,,,,,,,,,,,,,,,,,,,,,,,,13,,,,,,,,,,,,,,,,,,,,,,,,,,,,,,,,,,,,,,,,,,,,,,,,,,,,,,,,,,,,2174398,,,,,,,,,,,,,,,,,,,,,,,,,,,,,,,,,,,,,4644572,,,,,,,,,,,,,,,,,,,,,,,,1015,,,,,,,,,,,,,,,,,,,,,,,,,,,,,,,,,,,,,,,,,,,,,,,,,,,,,,,,
1703808000,12/29/2023,,161705445,,,,,,,,,,,,,,,,,,,,,,,,,,,,,,,,,,,,,,,,,,,,,,,,,,,,,,,,,,,,,,,,,,,,,,,,,,,,,,,,,,,,,,,,,,,,,,,,,,,,,,,,,,,,,,,,,,,,,,,,,,,,,,,,,,,,,,,,,,,,,,,,,,,,,,,,,,11005,,,,,,,,,,,,,,,,,,,,,,,,,,,,,,,,,,,,,,,,,,,,,,,,,,,,,,,,,,,,1805945,,,,,,,,,,,,,,,,,,,,,,,,,,,,,,,,,,,,,4063659,,,,,,,,,,,,,,,,,,,,,,,,3515,,,,,,,,,,,,,,,,,,,,,,,,,,,,,,,,,,,,,,,,,,,,,,,,,,,,,,,,
1703894400,12/30/2023,,149560641,,,,,,,,,,,,,,,,,,,,,,,,,,,,,,,,,,,,,,,,,,,,,,,,,,,,,,,,,,,,,,,,,,,,,,,,,,,,,,,,,,,,,,,,,,,,,,,,,,,,,,,,,,,,,,,,,,,,,,,,,,,,,,,,,,,,,,,,,,,,,,,,,,,,,,,,,,11007,,,,,,,,,,,,,,,,,,,,,,,,,,,,,,,,,,,,,,,,,,,,,,,,,,,,,,,,,,,,1811584,,,,,,,,,,,,,,,,,,,,,,,,,,,,,,,,,,,,,4055294,,,,,,,,,,,,,,,,,,,,,,,,3515,,,,,,,,,,,,,,,,,,,,,,,,,,,,,,,,,,,,,,,,,,,,,,,,,,,,,,,,
1703980800,12/31/2023,,151188194,,,,,,,,,,,,,,,,,,,,,,,,,,,,,,,,,,,,,,,,,,,,,,,,,,,,,,,,,,,,,,,,,,,,,,,,,,,,,,,,,,,,,,,,,,,,,,,,,,,,,,,,,,,,,,,,,,,,,,,,,,,,,,,,,,,,,,,,,,,,,,,,,,,,,,,,,,11027,,,,,,,,,,,,,,,,,,,,,,,,,,,,,,,,,,,,,,,,,,,,,,,,,,,,,,,,,,,,1811584,,,,,,,,,,,,,,,,,,,,,,,,,,,,,,,,,,,,,5219284,,,,,,,,,,,,,,,,,,,,,,,,3515,,,,,,,,,,,,,,,,,,,,,,,,,,,,,,,,,,,,,,,,,,,,,,,,,,,,,,,,
1704067200,1/1/2024,,149767540,,,,,,,,,,,,,,,,,,,,,,,,,,,,,,,,,,,,,,,,,,,,,,,,,,,,,,,,,,,,,,,,,,,,,,,,,,,,,,,,,,,,,,,,,,,,,,,,,,,,,,,,,,,,,,,,,,,,,,,,,,,,,,,,,,,,,,,,,,,,,,,,,,,,,,,,,,10988,,,,,,,,,,,,,,,,,,,,,,,,,,,,,,,,,,,,,,,,,,,,,,,,,,,,,,,,,,,,1687034,,,,,,,,,,,,,,,,,,,,,,,,,,,,,,,,,,,,,3998241,,,,,,,,,,,,,,,,,,,,,,,,3515,,,,,,,,,,,,,,,,,,,,,,,,,,,,,,,,,,,,,,,,,,,,,,,,,,,,,,,,
1704153600,1/2/2024,,152604743,,,,,,,,,,,,,,,,,,,,,,,,,,,,,,,,,,,,,,,,,,,,,,,,,,,,,,,,,,,,,,,,,,,,,,,,,,,,,,,,,,,,,,,,,,,,,,,,,,,,,,,,,,,,,,,,,,,,,,,,,,,,,,,,,,,,,,,,,,,,,,,,,,,,,,,,,,10989,,,,,,,,,,,,,,,,,,,,,,,,,,,,,,,,,,,,,,,,,,,,,,,,,,,,,,,,,,,,1687034,,,,,,,,,,,,,,,,,,,,,,,,,,,,,,,,,,,,,4702704,,,,,,,,,,,,,,,,,,,,,,,,3515,,,,,,,,,,,,,,,,,,,,,,,,,,,,,,,,,,,,,,,,,,,,,,,,,,,,,,,,
1704240000,1/3/2024,,159191230,,,,,,,,,,,,,,,,,,,,,,,,,,,,,,,,,,,,,,,,,,,,,,,,,,,,,,,,,,,,,,,,,,,,,,,,,,,,,,,,,,,,,,,,,,,,,,,,,,,,,,,,,,,,,,,,,,,,,,,,,,,,,,,,,,,,,,,,,,,,,,,,,,,,,,,,,,11032,,,,,,,,,,,,,,,,,,,,,,,,,,,,,,,,,,,,,,,,,,,,,,,,,,,,,,,,,,,,1686990,,,,,,,,,,,,,,,,,,,,,,,,,,,,,,,,,,,,,5009999,,,,,,,,,,,,,,,,,,,,,,,,3515,,,,,,,,,,,,,,,,,,,,,,,,,,,,,,,,,,,,,,,,,,,,,,,,,,,,,,,,
1704326400,1/4/2024,,288351380,,,,,,,,,,,,,,,,,,,,,,,,,,,,,,,,,,,,,,,,,,,,,,,,,,,,,,,,,,,,,,,,,,,,,,,,,,,,,,,,,,,,,,,,,,,,,,,,,,,,,,,,,,,,,,,,,,,,,,,,,,,,,,,,,,,,,,,,,,,,,,,,,,,,,,,,,,11033,,,,,,,,,,,,,,,,,,,,,,,,,,,,,,,,,,,,,,,,,,,,,,,,,,,,,,,,,,,,1686977,,,,,,,,,,,,,,,,,,,,,,,,,,,,,,,,,,,,,3777927,,,,,,,,,,,,,,,,,,,,,,,,3515,,,,,,,,,,,,,,,,,,,,,,,,,,,,,,,,,,,,,,,,,,,,,,,,,,,,,,,,
1704412800,1/5/2024,,292525939,,,,,,,,,,,,,,,,,,,,,,,,,,,,,,,,,,,,,,,,,,,,,,,,,,,,,,,,,,,,,,,,,,,,,,,,,,,,,,,,,,,,,,,,,,,,,,,,,,,,,,,,,,,,,,,,,,,,,,,,,,,,,,,,,,,,,,,,,,,,,,,,,,,,,,,,,,11015,,,,,,,,,,,,,,,,,,,,,,,,,,,,,,,,,,,,,,,,,,,,,,,,,,,,,,,,,,,,1686950,,,,,,,,,,,8442,,,,,,,,,,,,,,,,,,,,,,,,,,3873901,,,,,,,,,,,,,,,,,,,,,,,,3515,,,,,,,,,,,,,,,,,,,,,,,,,,,,,,,,,,,,,,,,,,,,,,,,,,,,,,,,
1704499200,1/6/2024,,293741059,,,,,,,,,,,,,,,,,,,,,,,,,,,,,,,,,,,,,,,,,,,,,,,,,,,,,,,,,,,,,,,,,,,,,,,,,,,,,,,,,,,,,,,,,,,,,,,,,,,,,,,,,,,,,,,,,,,,,,,,,,,,,,,,,,,,,,,,,,,,,,,,,,,,,,,,,,11038,,,,,,,,,,,,,,,,,,,,,,,,,,,,,,,,,,,,,,,,,,,,,,,,,,,,,,,,,,,,1725831,,,,,,,,,,,8442,,,,,,,,,,,,,,,,,,,,,,,,,,3830672,,,,,,,,,,,,,,,,,,,,,,,,3515,,,,,,,,,,,,,,,,,,,,,,,,,,,,,,,,,,,,,,,,,,,,,,,,,,,,,,,,
1704585600,1/7/2024,,291394994,,,,,,,,,,,,,,,,,,,,,,,,,,,,,,,,,,,,,,,,,,,,,,,,,,,,,,,,,,,,,,,,,,,,,,,,,,,,,,,,,,,,,,,,,,,,,,,,,,,,,,,,,,,,,,,,,,,,,,,,,,,,,,,,,,,,,,,,,,,,,,,,,,,,,,,,,,11026,,,,,,,,,,,,,,,,,,,,,,,,,,,,,,,,,,,,,,,,,,,,,,,,,,,,,,,,,,,,1725831,,,,,,,,,,,8442,,,,,,,,,,,,,,,,,,,,,,,,,,3902996,,,,,,,,,,,,,,,,,,,,,,,,3515,,,,,,,,,,,,,,,,,,,,,,,,,,,,,,,,,,,,,,,,,,,,,,,,,,,,,,,,
1704672000,1/8/2024,,288635107,,,,,,,,,,,,,,,,,,,,,,,,,,,,,,,,,,,,,,,,,,,,,,,,,,,,,,,,,,,,,,,,,,,,,,,,,,,,,,,,,,,,,,,,,,,,,,,,,,,,,,,,,,,,,,,,,,,,,,,,,,,,,,,,,,,,,,,,,,,,,,,,,,,,,,,,,,11005,,,,,,,,,,,,,,,,,,,,,,,,,,,,,,,,,,,,,,,,,,,,,,,,,,,,,,,,,,,,1725831,,,,,,,,,,,8442,,,,,,,,,,,,,,,,,,,,,,,,,,3896867,,,,,,,,,,,,,,,,,,,,,,,,3515,,,,,,,,,,,,,,,,,,,,,,,,,,,,,,,,,,,,,,,,,,,,,,,,,,,,,,,,
1704758400,1/9/2024,,282040755,,,,,,,,,,,,,,,,,,,,,,,,,,,,,,,,,,,,,,,,,,,,,,,,,,,,,,,,,,,,,,,,,,,,,,,,,,,,,,,,,,,,,,,,,,,,,,,,,,,,,,,,,,,,,,,,,,,,,,,,,,,,,,,,,,,,,,,,,,,,,,,,,,,,,,,,,,10984,,,,,,,,,,,,,,,,,,,,,,,,,,,,,,,,,,,,,,,,,,,,,,,,,,,,,,,,,,,,1713594,,,,,,,,,,,8442,,,,,,,,,,,,,,,,,,,,,,,,,,3890389,,,,,,,,,,,,,,,,,,,,,,,,3515,,,,,,,,,,,,,,,,,,,,,,,,,,,,,,,,,,,,,,,,,,,,,,,,,,,,,,,,
1704844800,1/10/2024,,280114931,,,,,,,,,,,,,,,,,,,,,,,,,,,,,,,,,,,,,,,,,,,,,,,,,,,,,,,,,,,,,,,,,,,,,,,,,,,,,,,,,,,,,,,,,,,,,,,,,,,,,,,,,,,,,,,,,,,,,,,,,,,,,,,,,,,,,,,,,,,,,,,,,,,,,,,,,,10966,,,,,,,,,,,,,,,,,,,,,,,,,,,,,,,,,,,,,,,,,,,,,,,,,,,,,,,,,,,,1713579,,,,,,,,,,,8442,,,,,,,,,,,,,,,,,,,,,,,,,,3892147,,,,,,,,,,,,,,,,,,,,,,,,3515,,,,,,,,,,,,,,,,,,,,,,,,,,,,,,,,,,,,,,,,,,,,,,,,,,,,,,,,
1704931200,1/11/2024,,282792766,,,,,,,,,,,,,,,,,,,,,,,,,,,,,,,,,,,,,,,,,,,,,,,,,,,,,,,,,,,,,,,,,,,,,,,,,,,,,,,,,,,,,,,,,,,,,,,,,,,,,,,,,,,,,,,,,,,,,,,,,,,,,,,,,,,,,,,,,,,,,,,,,,,,,,,,,,11055,,,,,,,,,,,,,,,,,,,,,,,,,,,,,,,,,,,,,,,,,,,,,,,,,,,,,,,,,,,,1647801,,,,,,,,,,,8442,,,,,,,,,,,,,,,,,,,,,,,,,,3867066,,,,,,,,,,,,,,,,,,,,,,,,3515,,,,,,,,,,,,,,,,,,,,,,,,,,,,,,,,,,,,,,,,,,,,,,,,,,,,,,,,
1705017600,1/12/2024,,276158769,,,,,,,,,,,,,,,,,,,,,,,,,,,,,,,,,,,,,,,,,,,,,,,,,,,,,,,,,,,,,,,,,,,,,,,,,,,,,,,,,,,,,,,,,,,,,,,,,,,,,,,,,,,,,,,,,,,,,,,,,,,,,,,,,,,,,,,,,,,,,,,,,,,,,,,,,,11028,,,,,,,,,,,,,,,,,,,,,,,,,,,,,,,,,,,,,,,,,,,,,,,,,,,,,,,,,,,,1657934,,,,,,,,,,,8442,,,,,,,,,,,,,,,,,,,,,,,,,,3863691,,,,,,,,,,,,,,,,,,,,,,,,3515,,,,,,,,,,,,,,,,,,,,,,,,,,,,,,,,,,,,,,,,,,,,,,,,,,,,,,,,
1705104000,1/13/2024,,275426635,,,,,,,,,,,,,,,,,,,,,,,,,,,,,,,,,,,,,,,,,,,,,,,,,,,,,,,,,,,,,,,,,,,,,,,,,,,,,,,,,,,,,,,,,,,,,,,,,,,,,,,,,,,,,,,,,,,,,,,,,,,,,,,,,,,,,,,,,,,,,,,,,,,,,,,,,,11058,,,,,,,,,,,,,,,,,,,,,,,,,,,,,,,,,,,,,,,,,,,,,,,,,,,,,,,,,,,,1657934,,,,,,,,,,,8442,,,,,,,,,,,,,,,,,,,,,,,,,,3799096,,,,,,,,,,,,,,,,,,,,,,,,3515,,,,,,,,,,,,,,,,,,,,,,,,,,,,,,,,,,,,,,,,,,,,,,,,,,,,,,,,
1705190400,1/14/2024,,274464541,,,,,,,,,,,,,,,,,,,,,,,,,,,,,,,,,,,,,,,,,,,,,,,,,,,,,,,,,,,,,,,,,,,,,,,,,,,,,,,,,,,,,,,,,,,,,,,,,,,,,,,,,,,,,,,,,,,,,,,,,,,,,,,,,,,,,,,,,,,,,,,,,,,,,,,,,,11037,,,,,,,,,,,,,,,,,,,,,,,,,,,,,,,,,,,,,,,,,,,,,,,,,,,,,,,,,,,,1080351,,,,,,,,,,,8442,,,,,,,,,,,,,,,,,,,,,,,,,,3750405,,,,,,,,,,,,,,,,,,,,,,,,3515,,,,,,,,,,,,,,,,,,,,,,,,,,,,,,,,,,,,,,,,,,,,,,,,,,,,,,,,
1705276800,1/15/2024,,274139762,,,,,,,,,,,,,,,,,,,,,,,,,,,,,,,,,,,,,,,,,,,,,,,,,,,,,,,,,,,,,,,,,,,,,,,,,,,,,,,,,,,,,,,,,,,,,,,,,,,,,,,,,,,,,,,,,,,,,,,,,,,,,,,,,,,,,,,,,,,,,,,,,,,,,,,,,,11061,,,,,,,,,,,,,,,,,,,,,,,,,,,,,,,,,,,,,,,,,,,,,,,,,,,,,,,,,,,,1080351,,,,,,,,,,,8442,,,,,,,,,,,,,,,,,,,,,,,,,,5294136,,,,,,,,,,,,,,,,,,,,,,,,3515,,,,,,,,,,,,,,,,,,,,,,,,,,,,,,,,,,,,,,,,,,,,,,,,,,,,,,,,
1705363200,1/16/2024,,270854135,,,,,,,,,,,,,,,,,,,,,,,,,,,,,,,,,,,,,,,,,,,,,,,,,,,,,,,,,,,,,,,,,,,,,,,,,,,,,,,,,,,,,,,,,,,,,,,,,,,,,,,,,,,,,,,,,,,,,,,,,,,,,,,,,,,,,,,,,,,,,,,,,,,,,,,,,,40969,,,,,,,,,,,,,,,,,,,,,,,,,,,,,,,,,,,,,,,,,,,,,,,,,,,,,,,,,,,,1193864,,,,,,,,,,,8442,,,,,,,,,,,,,,,,,,,,,,,,,,3752792,,,,,,,,,,,,,,,,,,,,,,,,3515,,,,,,,,,,,,,,,,,,,,,,,,,,,,,,,,,,,,,,,,,,,,,,,,,,,,,,,,
1705449600,1/17/2024,,276075716,,,,,,,,,,,,,,,,,,,,,,,,,,,,,,,,,,,,,,,,,,,,,,,,,,,,,,,,,,,,,,,,,,,,,,,,,,,,,,,,,,,,,,,,,,,,,,,,,,,,,,,,,,,,,,,,,,,,,,,,,,,,,,,,,,,,,,,,,,,,,,,,,,,,,,,,,,41086,,,,,,,,,,,,,,,,,,,,,,,,,,,,,,,,,,,,,,,,,,,,,,,,,,,,,,,,,,,,1193864,,,,,,,,,,,8442,,,,,,,,,,,,,,,,,,,,,,,,,,3738663,,,,,,,,,,,,,,,,,,,,,,,,3515,,,,,,,,,,,,,,,,,,,,,,,,,,,,,,,,,,,,,,,,,,,,,,,,,,,,,,,,
1705536000,1/18/2024,,275167123,,,,,,,,,,,,,,,,,,,,,,,,,,,,,,,,,,,,,,,,,,,,,,,,,,,,,,,,,,,,,,,,,,,,,,,,,,,,,,,,,,,,,,,,,,,,,,,,,,,,,,,,,,,,,,,,,,,,,,,,,,,,,,,,,,,,,,,,,,,,,,,,,,,,,,,,,,40982,,,,,,,,,,,,,,,,,,,,,,,,,,,,,,,,,,,,,,,,,,,,,,,,,,,,,,,,,,,,1193864,,,,,,,,,,,8442,,,,,,,,,,,,,,,,,,,,,,,,,,3742311,,,,,,,,,,,,,,,,,,,,,,,,3515,,,,,,,,,,,,,,,,,,,,,,,,,,,,,,,,,,,,,,,,,,,,,,,,,,,,,,,,
1705622400,1/19/2024,,272805617,,,,,,,,,,,,,,,,,,,,,,,,,,,,,,,,,,,,,,,,,,,,,,,,,,,,,,,,,,,,,,,,,,,,,,,,,,,,,,,,,,,,,,,,,,,,,,,,,,,,,,,,,,,,,,,,,,,,,,,,,,,,,,,,,,,,,,,,,,,,,,,,,,,,,,,,,,41056,,,,,,,,,,,,,,,,,,,,,,,,,,,,,,,,,,,,,,,,,,,,,,,,,,,,,,,,,,,,1193864,,,,,,,,,,,8442,,,,,,,,,,,,,,,,,,,,,,,,,,3712441,,,,,,,,,,,,,,,,,,,,,,,,3515,,,,,,,,,,,,,,,,,,,,,,,,,,,,,,,,,,,,,,,,,,,,,,,,,,,,,,,,
1705708800,1/20/2024,,273156166,,,,,,,,,,,,,,,,,,,,,,,,,,,,,,,,,,,,,,,,,,,,,,,,,,,,,,,,,,,,,,,,,,,,,,,,,,,,,,,,,,,,,,,,,,,,,,,,,,,,,,,,,,,,,,,,,,,,,,,,,,,,,,,,,,,,,,,,,,,,,,,,,,,,,,,,,,41062,,,,,,,,,,,,,,,,,,,,,,,,,,,,,,,,,,,,,,,,,,,,,,,,,,,,,,,,,,,,1192649,,,,,,,,,,,8442,,,,,,,,,,,,,,,,,,,,,,,,,,3808489,,,,,,,,,,,,,,,,,,,,,,,,3515,,,,,,,,,,,,,,,,,,,,,,,,,,,,,,,,,,,,,,,,,,,,,,,,,,,,,,,,
1705795200,1/21/2024,,273244812,,,,,,,,,,,,,,,,,,,,,,,,,,,,,,,,,,,,,,,,,,,,,,,,,,,,,,,,,,,,,,,,,,,,,,,,,,,,,,,,,,,,,,,,,,,,,,,,,,,,,,,,,,,,,,,,,,,,,,,,,,,,,,,,,,,,,,,,,,,,,,,,,,,,,,,,,,41067,,,,,,,,,,,,,,,,,,,,,,,,,,,,,,,,,,,,,,,,,,,,,,,,,,,,,,,,,,,,1192649,,,,,,,,,,,8442,,,,,,,,,,,,,,,,,,,,,,,,,,3780656,,,,,,,,,,,,,,,,,,,,,,,,3515,,,,,,,,,,,,,,,,,,,,,,,,,,,,,,,,,,,,,,,,,,,,,,,,,,,,,,,,
1705881600,1/22/2024,,271948246,,,,,,,,,,,,,,,,,,,,,,,,,,,,,,,,,,,,,,,,,,,,,,,,,,,,,,,,,,,,,,,,,,,,,,,,,,,,,,,,,,,,,,,,,,,,,,,,,,,,,,,,,,,,,,,,,,,,,,,,,,,,,,,,,,,,,,,,,,,,,,,,,,,,,,,,,,41073,,,,,,,,,,,,,,,,,,,,,,,,,,,,,,,,,,,,,,,,,,,,,,,,,,,,,,,,,,,,1330182,,,,,,,,,,,8442,,,,,,,,,,,,,,,,,,,,,,,,,,3778624,,,,,,,,,,,,,,,,,,,,,,,,3515,,,,,,,,,,,,,,,,,,,,,,,,,,,,,,,,,,,,,,,,,,,,,,,,,,,,,,,,
1705968000,1/23/2024,,271345746,,,,,,,,,,,,,,,,,,,,,,,,,,,,,,,,,,,,,,,,,,,,,,,,,,,,,,,,,,,,,,,,,,,,,,,,,,,,,,,,,,,,,,,,,,,,,,,,,,,,,,,,,,,,,,,,,,,,,,,,,,,,,,,,,,,,,,,,,,,,,,,,,,,,,,,,,,41078,,,,,,,,,,,,,,,,,,,,,,,,,,,,,,,,,,,,,,,,,,,,,,,,,,,,,,,,,,,,1330039,,,,,,,,,,,8442,,,,,,,,,,,,,,,,,,,,,,,,,,3779930,,,,,,,,,,,,,,,,,,,,,,,,3515,,,,,,,,,,,,,,,,,,,,,,,,,,,,,,,,,,,,,,,,,,,,,,,,,,,,,,,,
1706054400,1/24/2024,,270880136,,,,,,,,,,,,,,,,,,,,,,,,,,,,,,,,,,,,,,,,,,,,,,,,,,,,,,,,,,,,,,,,,,,,,,,,,,,,,,,,,,,,,,,,,,,,,,,,,,,,,,,,,,,,,,,,,,,,,,,,,,,,,,,,,,,,,,,,,,,,,,,,,,,,,,,,,,41084,,,,,,,,,,,,,,,,,,,,,,,,,,,,,,,,,,,,,,,,,,,,,,,,,,,,,,,,,,,,1342588,,,,,,,,,,,8442,,,,,,,,,,,,,,,,,,,,,,,,,,3781867,,,,,,,,,,,,,,,,,,,,,,,,3515,,,,,,,,,,,,,,,,,,,,,,,,,,,,,,,,,,,,,,,,,,,,,,,,,,,,,,,,
1706140800,1/25/2024,,270916395,,,,,,,,,,,,,,,,,,,,,,,,,,,,,,,,,,,,,,,,,,,,,,,,,,,,,,,,,,,,,,,,,,,,,,,,,,,,,,,,,,,,,,,,,,,,,,,,,,,,,,,,,,,,,,,,,,,,,,,,,,,,,,,,,,,,,,,,,,,,,,,,,,,,,,,,,,41089,,,,,,,,,,,,,,,,,,,,,,,,,,,,,,,,,,,,,,,,,,,,,,,,,,,,,,,,,,,,1342485,,,,,,,,,,,8442,,,,,,,,,,,,,,,,,,,,,,,,,,3760567,,,,,,,,,,,,,,,,,,,,,,,,3515,,,,,,,,,,,,,,,,,,,,,,,,,,,,,,,,,,,,,,,,,,,,,,,,,,,,,,,,
1706227200,1/26/2024,,273594755,,,,,,,,,,,,,,,,,,,,,,,,,,,,,,,,,,,,,,,,,,,,,,,,,,,,,,,,,,,,,,,,,,,,,,,,,,,,,,,,,,,,,,,,,,,,,,,,,,,,,,,,,,,,,,,,,,,,,,,,,,,,,,,,,,,,,,,,,,,,,,,,,,,,,,,,,,41095,,,,,,,,,,,,,,,,,,,,,,,,,,,,,,,,,,,,,,,,,,,,,,,,,,,,,,,,,,,,1087763,,,,,,,,,,,8442,,,,,,,,,,,,,,,,,,,,,,,,,,3237681,,,,,,,,,,,,,,,,,,,,,,,,3515,,,,,,,,,,,,,,,,,,,,,,,,,,,,,,,,,,,,,,,,,,,,,,,,,,,,,,,,
1706313600,1/27/2024,,277310198,,,,,,,,,,,,,,,,,,,,,,,,,,,,,,,,,,,,,,,,,,,,,,,,,,,,,,,,,,,,,,,,,,,,,,,,,,,,,,,,,,,,,,,,,,,,,,,,,,,,,,,,,,,,,,,,,,,,,,,,,,,,,,,,,,,,,,,,,,,,,,,,,,,,,,,,,,41182,,,,,,,,,,,,,,,,,,,,,,,,,,,,,,,,,,,,,,,,,,,,,,,,,,,,,,,,,,,,1087667,,,,,,,,,,,8442,,,,,,,,,,,,,,,,,,,,,,,,,,3098761,,,,,,,,,,,,,,,,,,,,,,,,1018,,,,,,,,,,,,,,,,,,,,,,,,,,,,,,,,,,,,,,,,,,,,,,,,,,,,,,,,
1706400000,1/28/2024,,278136321,,,,,,,,,,,,,,,,,,,,,,,,,,,,,,,,,,,,,,,,,,,,,,,,,,,,,,,,,,,,,,,,,,,,,,,,,,,,,,,,,,,,,,,,,,,,,,,,,,,,,,,,,,,,,,,,,,,,,,,,,,,,,,,,,,,,,,,,,,,,,,,,,,,,,,,,,,41106,,,,,,,,,,,,,,,,,,,,,,,,,,,,,,,,,,,,,,,,,,,,,,,,,,,,,,,,,,,,1087547,,,,,,,,,,,8442,,,,,,,,,,,,,,,,,,,,,,,,,,3092345,,,,,,,,,,,,,,,,,,,,,,,,1018,,,,,,,,,,,,,,,,,,,,,,,,,,,,,,,,,,,,,,,,,,,,,,,,,,,,,,,,
1706486400,1/29/2024,,275625230,,,,,,,,,,,,,,,,,,,,,,,,,,,,,,,,,,,,,,,,,,,,,,,,,,,,,,,,,,,,,,,,,,,,,,,,,,,,,,,,,,,,,,,,,,,,,,,,,,,,,,,,,,,,,,,,,,,,,,,,,,,,,,,,,,,,,,,,,,,,,,,,,,,,,,,,,,41152,,,,,,,,,,,,,,,,,,,,,,,,,,,,,,,,,,,,,,,,,,,,,,,,,,,,,,,,,,,,1087427,,,,,,,,,,,8442,,,,,,,,,,,,,,,,,,,,,,,,,,3091454,,,,,,,,,,,,,,,,,,,,,,,,1018,,,,,,,,,,,,,,,,,,,,,,,,,,,,,,,,,,,,,,,,,,,,,,,,,,,,,,,,
1706572800,1/30/2024,,286088908,,,,,,,,,,,,,,,,,,,,,,,,,,,,,,,,,,,,,,,,,,,,,,,,,,,,,,,,,,,,,,,,,,,,,,,,,,,,,,,,,,,,,,,,,,,,,,,,,,,,,,,,,,,,,,,,,,,,,,,,,,,,,,,,,,,,,,,,,,,,,,,,,,,,,,,,,,41101,,,,,,,,,,,,,,,,,,,,,,,,,,,,,,,,,,,,,,,,,,,,,,,,,,,,,,,,,,,,1087427,,,,,,,,,,,8442,,,,,,,,,,,,,,,,,,,,,,,,,,3091162,,,,,,,,,,,,,,,,,,,,,,,,1018,,,,,,,,,,,,,,,,,,,,,,,,,,,,,,,,,,,,,,,,,,,,,,,,,,,,,,,,
1706659200,1/31/2024,,286832930,,,,,,,,,,,,,,,,,,,,,,,,,,,,,,,,,,,,,,,,,,,,,,,,,,,,,,,,,,,,,,,,,,,,,,,,,,,,,,,,,,,,,,,,,,,,,,,,,,,,,,,,,,,,,,,,,,,,,,,,,,,,,,,,,,,,,,,,,,,,,,,,,,,,,,,,,,41204,,,,,,,,,,,,,,,,,,,,,,,,,,,,,,,,,,,,,,,,,,,,,,,,,,,,,,,,,,,,1182713,,,,,,,,,,,8442,,,,,,,,,,,,,,,,,,,,,,,,,,2904215,,,,,,,,,,,,,,,,,,,,,,,,1018,,,,,,,,,,,,,,,,,,,,,,,,,,,,,,,,,,,,,,,,,,,,,,,,,,,,,,,,
1706745600,2/1/2024,,279822476,,,,,,,,,,,,,,,,,,,,,,,,,,,,,,,,,,,,,,,,,,,,,,,,,,,,,,,,,,,,,,,,,,,,,,,,,,,,,,,,,,,,,,,,,,,,,,,,,,,,,,,,,,,,,,,,,,,,,,,,,,,,,,,,,,,,,,,,,,,,,,,,,,,,,,,,,,41098,,,,,,,,,,,,,,,,,,,,,,,,,,,,,,,,,,,,,,,,,,,,,,,,,,,,,,,,,,,,1197475,,,,,,,,,,,8442,,,,,,,,,,,,,,,,,,,,,,,,,,2480131,,,,,,,,,,,,,,,,,,,,,,,,1018,,,,,,,,,,,,,,,,,,,,,,,,,,,,,,,,,,,,,,,,,,,,,,,,,,,,,,,,
1706832000,2/2/2024,,283099337,,,,,,,,,,,,,,,,,,,,,,,,,,,,,,,,,,,,,,,,,,,,,,,,,,,,,,,,,,,,,,,,,,,,,,,,,,,,,,,,,,,,,,,,,,,,,,,,,,,,,,,,,,,,,,,,,,,,,,,,,,,,,,,,,,,,,,,,,,,,,,,,,,,,,,,,,,41070,,,,,,,,,,,,,,,,,,,,,,,,,,,,,,,,,,,,,,,,,,,,,,,,,,,,,,,,,,,,1043465,,,,,,,,,,,8442,,,,,,,,,,,,,,,,,,,,,,,,,,2141603,,,,,,,,,,,,,,,,,,,,,,,,1018,,,,,,,,,,,,,,,,,,,,,,,,,,,,,,,,,,,,,,,,,,,,,,,,,,,,,,,,
1706918400,2/3/2024,,288999219,,,,,,,,,,,,,,,,,,,,,,,,,,,,,,,,,,,,,,,,,,,,,,,,,,,,,,,,,,,,,,,,,,,,,,,,,,,,,,,,,,,,,,,,,,,,,,,,,,,,,,,,,,,,,,,,,,,,,,,,,,,,,,,,,,,,,,,,,,,,,,,,,,,,,,,,,,41126,,,,,,,,,,,,,,,,,,,,,,,,,,,,,,,,,,,,,,,,,,,,,,,,,,,,,,,,,,,,1025622,,,,,,,,,,,8442,,,,,,,,,,,,,,,,,,,,,,,,,,2121596,,,,,,,,,,,,,,,,,,,,,,,,1018,,,,,,,,,,,,,,,,,,,,,,,,,,,,,,,,,,,,,,,,,,,,,,,,,,,,,,,,
1707004800,2/4/2024,,290082887,,,,,,,,,,,,,,,,,,,,,,,,,,,,,,,,,,,,,,,,,,,,,,,,,,,,,,,,,,,,,,,,,,,,,,,,,,,,,,,,,,,,,,,,,,,,,,,,,,,,,,,,,,,,,,,,,,,,,,,,,,,,,,,,,,,,,,,,,,,,,,,,,,,,,,,,,,41131,,,,,,,,,,,,,,,,,,,,,,,,,,,,,,,,,,,,,,,,,,,,,,,,,,,,,,,,,,,,1037579,,,,,,,,,,,8442,,,,,,,,,,,,,,,,,,,,,,,,,,2131233,,,,,,,,,,,,,,,,,,,,,,,,1018,,,,,,,,,,,,,,,,,,,,,,,,,,,,,,,,,,,,,,,,,,,,,,,,,,,,,,,,
1707091200,2/5/2024,,290140067,,,,,,,,,,,,,,,,,,,,,,,,,,,,,,,,,,,,,,,,,,,,,,,,,,,,,,,,,,,,,,,,,,,,,,,,,,,,,,,,,,,,,,,,,,,,,,,,,,,,,,,,,,,,,,,,,,,,,,,,,,,,,,,,,,,,,,,,,,,,,,,,,,,,,,,,,,41093,,,,,,,,,,,,,,,,,,,,,,,,,,,,,,,,,,,,,,,,,,,,,,,,,,,,,,,,,,,,1037579,,,,,,,,,,,8442,,,,,,,,,,,,,,,,,,,,,,,,,,2128398,,,,,,,,,,,,,,,,,,,,,,,,1018,,,,,,,,,,,,,,,,,,,,,,,,,,,,,,,,,,,,,,,,,,,,,,,,,,,,,,,,
1707177600,2/6/2024,,285485643,,,,,,,,,,,,,,,,,,,,,,,,,,,,,,,,,,,,,,,,,,,,,,,,,,,,,,,,,,,,,,,,,,,,,,,,,,,,,,,,,,,,,,,,,,,,,,,,,,,,,,,,,,,,,,,,,,,,,,,,,,,,,,,,,,,,,,,,,,,,,,,,,,,,,,,,,,41083,,,,,,,,,,,,,,,,,,,,,,,,,,,,,,,,,,,,,,,,,,,,,,,,,,,,,,,,,,,,1037579,,,,,,,,,,,8442,,,,,,,,,,,,,,,,,,,,,,,,,,2115624,,,,,,,,,,,,,,,,,,,,,,,,1018,,,,,,,,,,,,,,,,,,,,,,,,,,,,,,,,,,,,,,,,,,,,,,,,,,,,,,,,
1707264000,2/7/2024,,288984520,,,,,,,,,,,,,,,,,,,,,,,,,,,,,,,,,,,,,,,,,,,,,,,,,,,,,,,,,,,,,,,,,,,,,,,,,,,,,,,,,,,,,,,,,,,,,,,,,,,,,,,,,,,,,,,,,,,,,,,,,,,,,,,,,,,,,,,,,,,,,,,,,,,,,,,,,,41243,,,,,,,,,,,,,,,,,,,,,,,,,,,,,,,,,,,,,,,,,,,,,,,,,,,,,,,,,,,,1035044,,,,,,,,,,,8442,,,,,,,,,,,,,,,,,,,,,,,,,,2118558,,,,,,,,,,,,,,,,,,,,,,,,1018,,,,,,,,,,,,,,,,,,,,,,,,,,,,,,,,,,,,,,,,,,,,,,,,,,,,,,,,
1707350400,2/8/2024,,291750757,,,,,,,,,,,,,,,,,,,,,,,,,,,,,,,,,,,,,,,,,,,,,,,,,,,,,,,,,,,,,,,,,,,,,,,,,,,,,,,,,,,,,,,,,,,,,,,,,,,,,,,,,,,,,,,,,,,,,,,,,,,,,,,,,,,,,,,,,,,,,,,,,,,,,,,,,,41166,,,,,,,,,,,,,,,,,,,,,,,,,,,,,,,,,,,,,,,,,,,,,,,,,,,,,,,,,,,,1165810,,,,,,,,,,,8442,,,,,,,,,,,,,,,,,,,,,,,,,,2117977,,,,,,,,,,,,,,,,,,,,,,,,1018,,,,,,,,,,,,,,,,,,,,,,,,,,,,,,,,,,,,,,,,,,,,,,,,,,,,,,,,
1707436800,2/9/2024,,288087174,,,,,,,,,,,,,,,,,,,,,,,,,,,,,,,,,,,,,,,,,,,,,,,,,,,,,,,,,,,,,,,,,,,,,,,,,,,,,,,,,,,,,,,,,,,,,,,,,,,,,,,,,,,,,,,,,,,,,,,,,,,,,,,,,,,,,,,,,,,,,,,,,,,,,,,,,,41172,,,,,,,,,,,,,,,,,,,,,,,,,,,,,,,,,,,,,,,,,,,,,,,,,,,,,,,,,,,,1264489,,,,,,,,,,,8442,,,,,,,,,,,,,,,,,,,,,,,,,,2100523,,,,,,,,,,,,,,,,,,,,,,,,1018,,,,,,,,,,,,,,,,,,,,,,,,,,,,,,,,,,,,,,,,,,,,,,,,,,,,,,,,
1707523200,2/10/2024,,288238438,,,,,,,,,,,,,,,,,,,,,,,,,,,,,,,,,,,,,,,,,,,,,,,,,,,,,,,,,,,,,,,,,,,,,,,,,,,,,,,,,,,,,,,,,,,,,,,,,,,,,,,,,,,,,,,,,,,,,,,,,,,,,,,,,,,,,,,,,,,,,,,,,,,,,,,,,,41139,,,,,,,,,,,,,,,,,,,,,,,,,,,,,,,,,,,,,,,,,,,,,,,,,,,,,,,,,,,,1387773,,,,,,,,,,,8442,,,,,,,,,,,,,,,,,,,,,,,,,,2098643,,,,,,,,,,,,,,,,,,,,,,,,1019,,,,,,,,,,,,,,,,,,,,,,,,,,,,,,,,,,,,,,,,,,,,,,,,,,,,,,,,
1707609600,2/11/2024,,285373470,,,,,,,,,,,,,,,,,,,,,,,,,,,,,,,,,,,,,,,,,,,,,,,,,,,,,,,,,,,,,,,,,,,,,,,,,,,,,,,,,,,,,,,,,,,,,,,,,,,,,,,,,,,,,,,,,,,,,,,,,,,,,,,,,,,,,,,,,,,,,,,,,,,,,,,,,,41306,,,,,,,,,,,,,,,,,,,,,,,,,,,,,,,,,,,,,,,,,,,,,,,,,,,,,,,,,,,,1485467,,,,,,,,,,,8442,,,,,,,,,,,,,,,,,,,,,,,,,,2095979,,,,,,,,,,,,,,,,,,,,,,,,1019,,,,,,,,,,,,,,,,,,,,,,,,,,,,,,,,,,,,,,,,,,,,,,,,,,,,,,,,
1707696000,2/12/2024,,285255225,,,,,,,,,,,,,,,,,,,,,,,,,,,,,,,,,,,,,,,,,,,,,,,,,,,,,,,,,,,,,,,,,,,,,,,,,,,,,,,,,,,,,,,,,,,,,,,,,,,,,,,,,,,,,,,,,,,,,,,,,,,,,,,,,,,,,,,,,,,,,,,,,,,,,,,,,,41353,,,,,,,,,,,,,,,,,,,,,,,,,,,,,,,,,,,,,,,,,,,,,,,,,,,,,,,,,,,,1485327,,,,,,,,,,,8442,,,,,,,,,,,,,,,,,,,,,,,,,,2101106,,,,,,,,,,,,,,,,,,,,,,,,1019,,,,,,,,,,,,,,,,,,,,,,,,,,,,,,,,,,,,,,,,,,,,,,,,,,,,,,,,
1707782400,2/13/2024,,285134515,,,,,,,,,,,,,,,,,,,,,,,,,,,,,,,,,,,,,,,,,,,,,,,,,,,,,,,,,,,,,,,,,,,,,,,,,,,,,,,,,,,,,,,,,,,,,,,,,,,,,,,,,,,,,,,,,,,,,,,,,,,,,,,,,,,,,,,,,,,,,,,,,,,,,,,,,,41317,,,,,,,,,,,,,,,,,,,,,,,,,,,,,,,,,,,,,,,,,,,,,,,,,,,,,,,,,,,,1485327,,,,,,,,,,,8442,,,,,,,,,,,,,,,,,,,,,,,,,,2100643,,,,,,,,,,,,,,,,,,,,,,,,1019,,,,,,,,,,,,,,,,,,,,,,,,,,,,,,,,,,,,,,,,,,,,,,,,,,,,,,,,
1707868800,2/14/2024,,281668307,,,,,,,,,,,,,,,,,,,,,,,,,,,,,,,,,,,,,,,,,,,,,,,,,,,,,,,,,,,,,,,,,,,,,,,,,,,,,,,,,,,,,,,,,,,,,,,,,,,,,,,,,,,,,,,,,,,,,,,,,,,,,,,,,,,,,,,,,,,,,,,,,,,,,,,,,,41240,,,,,,,,,,,,,,,,,,,,,,,,,,,,,,,,,,,,,,,,,,,,,,,,,,,,,,,,,,,,1485327,,,,,,,,,,,8442,,,,,,,,,,,,,,,,,,,,,,,,,,2092074,,,,,,,,,,,,,,,,,,,,,,,,1019,,,,,,,,,,,,,,,,,,,,,,,,,,,,,,,,,,,,,,,,,,,,,,,,,,,,,,,,
1707955200,2/15/2024,,280451113,,,,,,,,,,,,,,,,,,,,,,,,,,,,,,,,,,,,,,,,,,,,,,,,,,,,,,,,,,,,,,,,,,,,,,,,,,,,,,,,,,,,,,,,,,,,,,,,,,,,,,,,,,,,,,,,,,,,,,,,,,,,,,,,,,,,,,,,,,,,,,,,,,,,,,,,,,41493,,,,,,,,,,,,,,,,,,,,,,,,,,,,,,,,,,,,,,,,,,,,,,,,,,,,,,,,,,,,1485327,,,,,,,,,,,8442,,,,,,,,,,,,,,,,,,,,,,,,,,3445776,,,,,,,,,,,,,,,,,,,,,,,,1019,,,,,,,,,,,,,,,,,,,,,,,,,,,,,,,,,,,,,,,,,,,,,,,,,,,,,,,,
1708041600,2/16/2024,,278362506,,,,,,,,,,,,,,,,,,,,,,,,,,,,,,,,,,,,,,,,,,,,,,,,,,,,,,,,,,,,,,,,,,,,,,,,,,,,,,,,,,,,,,,,,,,,,,,,,,,,,,,,,,,,,,,,,,,,,,,,,,,,,,,,,,,,,,,,,,,,,,,,,,,,,,,,,,41170,,,,,,,,,,,,,,,,,,,,,,,,,,,,,,,,,,,,,,,,,,,,,,,,,,,,,,,,,,,,1479315,,,,,,,,,,,8442,,,,,,,,,,,,,,,,,,,,,,,,,,1586419,,,,,,,,,,,,,,,,,,,,,,,,1019,,,,,,,,,,,,,,,,,,,,,,,,,,,,,,,,,,,,,,,,,,,,,,,,,,,,,,,,
1708128000,2/17/2024,,281210230,,,,,,,,,,,,,,,,,,,,,,,,,,,,,,,,,,,,,,,,,,,,,,,,,,,,,,,,,,,,,,,,,,,,,,,,,,,,,,,,,,,,,,,,,,,,,,,,,,,,,,,,,,,,,,,,,,,,,,,,,,,,,,,,,,,,,,,,,,,,,,,,,,,,,,,,,,41257,,,,,,,,,,,,,,,,,,,,,,,,,,,,,,,,,,,,,,,,,,,,,,,,,,,,,,,,,,,,1490300,,,,,,,,,,,8442,,,,,,,,,,,,,,,,,,,,,,,,,,1590535,,,,,,,,,,,,,,,,,,,,,,,,1019,,,,,,,,,,,,,,,,,,,,,,,,,,,,,,,,,,,,,,,,,,,,,,,,,,,,,,,,
1708214400,2/18/2024,,280647278,,,,,,,,,,,,,,,,,,,,,,,,,,,,,,,,,,,,,,,,,,,,,,,,,,,,,,,,,,,,,,,,,,,,,,,,,,,,,,,,,,,,,,,,,,,,,,,,,,,,,,,,,,,,,,,,,,,,,,,,,,,,,,,,,,,,,,,,,,,,,,,,,,,,,,,,,,41214,,,,,,,,,,,,,,,,,,,,,,,,,,,,,,,,,,,,,,,,,,,,,,,,,,,,,,,,,,,,1490244,,,,,,,,,,,8442,,,,,,,,,,,,,,,,,,,,,,,,,,1579885,,,,,,,,,,,,,,,,,,,,,,,,1019,,,,,,,,,,,,,,,,,,,,,,,,,,,,,,,,,,,,,,,,,,,,,,,,,,,,,,,,
1708300800,2/19/2024,,277156527,,,,,,,,,,,,,,,,,,,,,,,,,,,,,,,,,,,,,,,,,,,,,,,,,,,,,,,,,,,,,,,,,,,,,,,,,,,,,,,,,,,,,,,,,,,,,,,,,,,,,,,,,,,,,,,,,,,,,,,,,,,,,,,,,,,,,,,,,,,,,,,,,,,,,,,,,,41268,,,,,,,,,,,,,,,,,,,,,,,,,,,,,,,,,,,,,,,,,,,,,,,,,,,,,,,,,,,,1491510,,,,,,,,,,,8442,,,,,,,,,,,,,,,,,,,,,,,,,,1577687,,,,,,,,,,,,,,,,,,,,,,,,1019,,,,,,,,,,,,,,,,,,,,,,,,,,,,,,,,,,,,,,,,,,,,,,,,,,,,,,,,
1708387200,2/20/2024,,275690342,,,,,,,,,,,,,,,,,,,,,,,,,,,,,,,,,,,,,,,,,,,,,,,,,,,,,,,,,,,,,,,,,,,,,,,,,,,,,,,,,,,,,,,,,,,,,,,,,,,,,,,,,,,,,,,,,,,,,,,,,,,,,,,,,,,,,,,,,,,,,,,,,,,,,,,,,,41200,,,,,,,,,,,,,,,,,,,,,,,,,,,,,,,,,,,,,,,,,,,,,,,,,,,,,,,,,,,,1491510,,,,,,,,,,,8442,,,,,,,,,,,,,,,,,,,,,,,,,,1573698,,,,,,,,,,,,,,,,,,,,,,,,1019,,,,,,,,,,,,,,,,,,,,,,,,,,,,,,,,,,,,,,,,,,,,,,,,,,,,,,,,
1708473600,2/21/2024,,276662356,,,,,,,,,,,,,,,,,,,,,,,,,,,,,,,,,,,,,,,,,,,,,,,,,,,,,,,,,,,,,,,,,,,,,,,,,,,,,,,,,,,,,,,,,,,,,,,,,,,,,,,,,,,,,,,,,,,,,,,,,,,,,,,,,,,,,,,,,,,,,,,,,,,,,,,,,,41226,,,,,,,,,,,,,,,,,,,,,,,,,,,,,,,,,,,,,,,,,,,,,,,,,,,,,,,,,,,,1514834,,,,,,,,,,,8442,,,,,,,,,,,,,,,,,,,,,,,,,,1576316,,,,,,,,,,,,,,,,,,,,,,,,1019,,,,,,,,,,,,,,,,,,,,,,,,,,,,,,,,,,,,,,,,,,,,,,,,,,,,,,,,
1708560000,2/22/2024,,274090913,,,,,,,,,,,,,,,,,,,,,,,,,,,,,,,,,,,,,,,,,,,,,,,,,,,,,,,,,,,,,,,,,,,,,,,,,,,,,,,,,,,,,,,,,,,,,,,,,,,,,,,,,,,,,,,,,,,,,,,,,,,,,,,,,,,,,,,,,,,,,,,,,,,,,,,,,,41180,,,,,,,,,,,,,,,,,,,,,,,,,,,,,,,,,,,,,,,,,,,,,,,,,,,,,,,,,,,,1514834,,,,,,,,,,,8442,,,,,,,,,,,,,,,,,,,,,,,,,,1576368,,,,,,,,,,,,,,,,,,,,,,,,1019,,,,,,,,,,,,,,,,,,,,,,,,,,,,,,,,,,,,,,,,,,,,,,,,,,,,,,,,
1708646400,2/23/2024,,273543970,,,,,,,,,,,,,,,,,,,,,,,,,,,,,,,,,,,,,,,,,,,,,,,,,,,,,,,,,,,,,,,,,,,,,,,,,,,,,,,,,,,,,,,,,,,,,,,,,,,,,,,,,,,,,,,,,,,,,,,,,,,,,,,,,,,,,,,,,,,,,,,,,,,,,,,,,,41331,,,,,,,,,,,,,,,,,,,,,,,,,,,,,,,,,,,,,,,,,,,,,,,,,,,,,,,,,,,,1504584,,,,,,,,,,,8442,,,,,,,,,,,,,,,,,,,,,,,,,,1578184,,,,,,,,,,,,,,,,,,,,,,,,1019,,,,,,,,,,,,,,,,,,,,,,,,,,,,,,,,,,,,,,,,,,,,,,,,,,,,,,,,
1708732800,2/24/2024,,273341503,,,,,,,,,,,,,,,,,,,,,,,,,,,,,,,,,,,,,,,,,,,,,,,,,,,,,,,,,,,,,,,,,,,,,,,,,,,,,,,,,,,,,,,,,,,,,,,,,,,,,,,,,,,,,,,,,,,,,,,,,,,,,,,,,,,,,,,,,,,,,,,,,,,,,,,,,,91584,,,,,,,,,,,,,,,,,,,,,,,,,,,,,,,,,,,,,,,,,,,,,,,,,,,,,,,,,,,,1497926,,,,,,,,,,,8442,,,,,,,,,,,,,,,,,,,,,,,,,,1578557,,,,,,,,,,,,,,,,,,,,,,,,1019,,,,,,,,,,,,,,,,,,,,,,,,,,,,,,,,,,,,,,,,,,,,,,,,,,,,,,,,
1708819200,2/25/2024,,269514177,,,,,,,,,,,,,,,,,,,,,,,,,,,,,,,,,,,,,,,,,,,,,,,,,,,,,,,,,,,,,,,,,,,,,,,,,,,,,,,,,,,,,,,,,,,,,,,,,,,,,,,,,,,,,,,,,,,,,,,,,,,,,,,,,,,,,,,,,,,,,,,,,,,,,,,,,,41242,,,,,,,,,,,,,,,,,,,,,,,,,,,,,,,,,,,,,,,,,,,,,,,,,,,,,,,,,,,,1509968,,,,,,,,,,,8442,,,,,,,,,,,,,,,,,,,,,,,,,,1581602,,,,,,,,,,,,,,,,,,,,,,,,1019,,,,,,,,,,,,,,,,,,,,,,,,,,,,,,,,,,,,,,,,,,,,,,,,,,,,,,,,
1708905600,2/26/2024,,268613393,,,,,,,,,,,,,,,,,,,,,,,,,,,,,,,,,,,,,,,,,,,,,,,,,,,,,,,,,,,,,,,,,,,,,,,,,,,,,,,,,,,,,,,,,,,,,,,,,,,,,,,,,,,,,,,,,,,,,,,,,,,,,,,,,,,,,,,,,,,,,,,,,,,,,,,,,,41430,,,,,,,,,,,,,,,,,,,,,,,,,,,,,,,,,,,,,,,,,,,,,,,,,,,,,,,,,,,,1563770,,,,,,,,,,,8442,,,,,,,,,,,,,,,,,,,,,,,,,,1452707,,,,,,,,,,,,,,,,,,,,,,,,1019,,,,,,,,,,,,,,,,,,,,,,,,,,,,,,,,,,,,,,,,,,,,,,,,,,,,,,,,
1708992000,2/27/2024,,278748551,,,,,,,,,,,,,,,,,,,,,,,,,,,,,,,,,,,,,,,,,,,,,,,,,,,,,,,,,,,,,,,,,,,,,,,,,,,,,,,,,,,,,,,,,,,,,,,,,,,,,,,,,,,,,,,,,,,,,,,,,,,,,,,,,,,,,,,,,,,,,,,,,,,,,,,,,,41259,,,,,,,,,,,,,,,,,,,,,,,,,,,,,,,,,,,,,,,,,,,,,,,,,,,,,,,,,,,,1563770,,,,,,,,,,,8442,,,,,,,,,,,,,,,,,,,,,,,,,,1426615,,,,,,,,,,,,,,,,,,,,,,,,1019,,,,,,,,,,,,,,,,,,,,,,,,,,,,,,,,,,,,,,,,,,,,,,,,,,,,,,,,
1709078400,2/28/2024,,288802791,,,,,,,,,,,,,,,,,,,,,,,,,,,,,,,,,,,,,,,,,,,,,,,,,,,,,,,,,,,,,,,,,,,,,,,,,,,,,,,,,,,,,,,,,,,,,,,,,,,,,,,,,,,,,,,,,,,,,,,,,,,,,,,,,,,,,,,,,,,,,,,,,,,,,,,,,,41317,,,,,,,,,,,,,,,,,,,,,,,,,,,,,,,,,,,,,,,,,,,,,,,,,,,,,,,,,,,,1567124,,,,,,,,,,,8442,,,,,,,,,,,,,,,,,,,,,,,,,,1421257,,,,,,,,,,,,,,,,,,,,,,,,1019,,,,,,,,,,,,,,,,,,,,,,,,,,,,,,,,,,,,,,,,,,,,,,,,,,,,,,,,
1709164800,2/29/2024,,283091798,,,,,,,,,,,,,,,,,,,,,,,,,,,,,,,,,,,,,,,,,,,,,,,,,,,,,,,,,,,,,,,,,,,,,,,,,,,,,,,,,,,,,,,,,,,,,,,,,,,,,,,,,,,,,,,,,,,,,,,,,,,,,,,,,,,,,,,,,,,,,,,,,,,,,,,,,,41694,,,,,,,,,,,,,,,,,,,,,,,,,,,,,,,,,,,,,,,,,,,,,,,,,,,,,,,,,,,,1604358,,,,,,,,,,,8442,,,,,,,,,,,,,,,,,,,,,,,,,,1410234,,,,,,,,,,,,,,,,,,,,,,,,1019,,,,,,,,,,,,,,,,,,,,,,,,,,,,,,,,,,,,,,,,,,,,,,,,,,,,,,,,
1709251200,3/1/2024,,289850302,,,,,,,,,,,,,,,,,,,,,,,,,,,,,,,,,,,,,,,,,,,,,,,,,,,,,,,,,,,,,,,,,,,,,,,,,,,,,,,,,,,,,,,,,,,,,,,,,,,,,,,,,,,,,,,,,,,,,,,,,,,,,,,,,,,,,,,,,,,,,,,,,,,,,,,,,,41411,,,,,,,,,,,,,,,,,,,,,,,,,,,,,,,,,,,,,,,,,,,,,,,,,,,,,,,,,,,,1541463,,,,,,,,,,,8442,,,,,,,,,,,,,,,,,,,,,,,,,,1376654,,,,,,,,,,,,,,,,,,,,,,,,1019,,,,,,,,,,,,,,,,,,,,,,,,,,,,,,,,,,,,,,,,,,,,,,,,,,,,,,,,
1709337600,3/2/2024,,305530182,,,,,,,,,,,,,,,,,,,,,,,,,,,,,,,,,,,,,,,,,,,,,,,,,,,,,,,,,,,,,,,,,,,,,,,,,,,,,,,,,,,,,,,,,,,,,,,,,,,,,,,,,,,,,,,,,,,,,,,,,,,,,,,,,,,,,,,,,,,,,,,,,,,,,,,,,,41581,,,,,,,,,,,,,,,,,,,,,,,,,,,,,,,,,,,,,,,,,,,,,,,,,,,,,,,,,,,,1514498,,,,,,,,,,,8442,,,,,,,,,,,,,,,,,,,,,,,,,,1310247,,,,,,,,,,,,,,,,,,,,,,,,1019,,,,,,,,,,,,,,,,,,,,,,,,,,,,,,,,,,,,,,,,,,,,,,,,,,,,,,,,
1709424000,3/3/2024,,312641076,,,,,,,,,,,,,,,,,,,,,,,,,,,,,,,,,,,,,,,,,,,,,,,,,,,,,,,,,,,,,,,,,,,,,,,,,,,,,,,,,,,,,,,,,,,,,,,,,,,,,,,,,,,,,,,,,,,,,,,,,,,,,,,,,,,,,,,,,,,,,,,,,,,,,,,,,,41339,,,,,,,,,,,,,,,,,,,,,,,,,,,,,,,,,,,,,,,,,,,,,,,,,,,,,,,,,,,,1577162,,,,,,,,,,,8442,,,,,,,,,,,,,,,,,,,,,,,,,,1288061,,,,,,,,,,,,,,,,,,,,,,,,1019,,,,,,,,,,,,,,,,,,,,,,,,,,,,,,,,,,,,,,,,,,,,,,,,,,,,,,,,
1709510400,3/4/2024,,317978391,,,,,,,,,,,,,,,,,,,,,,,,,,,,,,,,,,,,,,,,,,,,,,,,,,,,,,,,,,,,,,,,,,,,,,,,,,,,,,,,,,,,,,,,,,,,,,,,,,,,,,,,,,,,,,,,,,,,,,,,,,,,,,,,,,,,,,,,,,,,,,,,,,,,,,,,,,41634,,,,,,,,,,,,,,,,,,,,,,,,,,,,,,,,,,,,,,,,,,,,,,,,,,,,,,,,,,,,1598308,,,,,,,,,,,8442,,,,,,,,,,,,,,,,,,,,,,,,,,1256746,,,,,,,,,,,,,,,,,,,,,,,,1019,,,,,,,,,,,,,,,,,,,,,,,,,,,,,,,,,,,,,,,,,,,,,,,,,,,,,,,,
1709596800,3/5/2024,,213590532,,,,,,,,,,,,,,,,,,,,,,,,,,,,,,,,,,,,,,,,,,,,,,,,,,,,,,,,,,,,,,,,,,,,,,,,,,,,,,,,,,,,,,,,,,,,,,,,,,,,,,,,,,,,,,,,,,,,,,,,,,,,,,,,,,,,,,,,,,,,,,,,,,,,,,,,,,41259,,,,,,,,,,,,,,,,,,,,,,,,,,,,,,,,,,,,,,,,,,,,,,,,,,,,,,,,,,,,1642148,,,,,,,,,,,8442,,,,,,,,,,,,,,,,,,,,,,,,,,1256588,,,,,,,,,,,,,,,,,,,,,,,,1019,,,,,,,,,,,,,,,,,,,,,,,,,,,,,,,,,,,,,,,,,,,,,,,,,,,,,,,,
1709683200,3/6/2024,,187526119,,,,,,,,,,,,,,,,,,,,,,,,,,,,,,,,,,,,,,,,,,,,,,,,,,,,,,,,,,,,,,,,,,,,,,,,,,,,,,,,,,,,,,,,,,,,,,,,,,,,,,,,,,,,,,,,,,,,,,,,,,,,,,,,,,,,,,,,,,,,,,,,,,,,,,,,,,41397,,,,,,,,,,,,,,,,,,,,,,,,,,,,,,,,,,,,,,,,,,,,,,,,,,,,,,,,,,,,1862289,,,,,,,,,,,8442,,,,,,,,,,,,,,,,,,,,,,,,,,1256824,,,,,,,,,,,,,,,,,,,,,,,,1019,,,,,,,,,,,,,,,,,,,,,,,,,,,,,,,,,,,,,,,,,,,,,,,,,,,,,,,,
1709769600,3/7/2024,,190889286,,,,,,,,,,,,,,,,,,,,,,,,,,,,,,,,,,,,,,,,,,,,,,,,,,,,,,,,,,,,,,,,,,,,,,,,,,,,,,,,,,,,,,,,,,,,,,,,,,,,,,,,,,,,,,,,,,,,,,,,,,,,,,,,,,,,,,,,,,,,,,,,,,,,,,,,,,41298,,,,,,,,,,,,,,,,,,,,,,,,,,,,,,,,,,,,,,,,,,,,,,,,,,,,,,,,,,,,1862289,,,,,,,,,,,8442,,,,,,,,,,,,,,,,,,,,,,,,,,1342025,,,,,,,,,,,,,,,,,,,,,,,,1019,,,,,,,,,,,,,,,,,,,,,,,,,,,,,,,,,,,,,,,,,,,,,,,,,,,,,,,,
1709856000,3/8/2024,,191622988,,,,,,,,,,,,,,,,,,,,,,,,,,,,,,,,,,,,,,,,,,,,,,,,,,,,,,,,,,,,,,,,,,,,,,,,,,,,,,,,,,,,,,,,,,,,,,,,,,,,,,,,,,,,,,,,,,,,,,,,,,,,,,,,,,,,,,,,,,,,,,,,,,,,,,,,,,41532,,,,,,,,,,,,,,,,,,,,,,,,,,,,,,,,,,,,,,,,,,,,,,,,,,,,,,,,,,,,2174620,,,,,,,,,,,8442,,,,,,,,,,,,,,,,,,,,,,,,,,1306236,,,,,,,,,,,,,,,,,,,,,,,,1019,,,,,,,,,,,,,,,,,,,,,,,,,,,,,,,,,,,,,,,,,,,,,,,,,,,,,,,,
1709942400,3/9/2024,,194235692,,,,,,,,,,,,,,,,,,,,,,,,,,,,,,,,,,,,,,,,,,,,,,,,,,,,,,,,,,,,,,,,,,,,,,,,,,,,,,,,,,,,,,,,,,,,,,,,,,,,,,,,,,,,,,,,,,,,,,,,,,,,,,,,,,,,,,,,,,,,,,,,,,,,,,,,,,41496,,,,,,,,,,,,,,,,,,,,,,,,,,,,,,,,,,,,,,,,,,,,,,,,,,,,,,,,,,,,2157142,,,,,,,,,,,8442,,,,,,,,,,,,,,,,,,,,,,,,,,1299331,,,,,,,,,,,,,,,,,,,,,,,,1019,,,,,,,,,,,,,,,,,,,,,,,,,,,,,,,,,,,,,,,,,,,,,,,,,,,,,,,,
1710028800,3/10/2024,,199710469,,,,,,,,,,,,,,,,,,,,,,,,,,,,,,,,,,,,,,,,,,,,,,,,,,,,,,,,,,,,,,,,,,,,,,,,,,,,,,,,,,,,,,,,,,,,,,,,,,,,,,,,,,,,,,,,,,,,,,,,,,,,,,,,,,,,,,,,,,,,,,,,,,,,,,,,,,41502,,,,,,,,,,,,,,,,,,,,,,,,,,,,,,,,,,,,,,,,,,,,,,,,,,,,,,,,,,,,2240885,,,,,,,,,,,8442,,,,,,,,,,,,,,,,,,,,,,,,,,1367156,,,,,,,,,,,,,,,,,,,,,,,,1019,,,,,,,,,,,,,,,,,,,,,,,,,,,,,,,,,,,,,,,,,,,,,,,,,,,,,,,,
1710115200,3/11/2024,,202970589,,,,,,,,,,,,,,,,,,,,,,,,,,,,,,,,,,,,,,,,,,,,,,,,,,,,,,,,,,,,,,,,,,,,,,,,,,,,,,,,,,,,,,,,,,,,,,,,,,,,,,,,,,,,,,,,,,,,,,,,,,,,,,,,,,,,,,,,,,,,,,,,,,,,,,,,,,41169,,,,,,,,,,,,,,,,,,,,,,,,,,,,,,,,,,,,,,,,,,,,,,,,,,,,,,,,,,,,2274767,,,,,,,,,,,8442,,,,,,,,,,,,,,,,,,,,,,,,,,1369847,,,,,,,,,,,,,,,,,,,,,,,,1019,,,,,,,,,,,,,,,,,,,,,,,,,,,,,,,,,,,,,,,,,,,,,,,,,,,,,,,,
1710201600,3/12/2024,,255422225,,,,,,,,,,,,,,,,,,,,,,,,,,,,,,,,,,,,,,,,,,,,,,,,,,,,,,,,,,,,,,,,,,,,,,,,,,,,,,,,,,,,,,,,,,,,,,,,,,,,,,,,,,,,,,,,,,,,,,,,,,,,,,,,,,,,,,,,,,,,,,,,,,,,,,,,,,41389,,,,,,,,,,,,,,,,,,,,,,,,,,,,,,,,,,,,,,,,,,,,,,,,,,,,,,,,,,,,2416074,,,,,,,,,,,8442,,,,,,,,,,,,,,,,,,,,,,,,,,1381454,,,,,,,,,,,,,,,,,,,,,,,,1019,,,,,,,,,,,,,,,,,,,,,,,,,,,,,,,,,,,,,,,,,,,,,,,,,,,,,,,,
1710288000,3/13/2024,,262302270,,,,,,,,,,,,,,,,,,,,,,,,,,,,,,,,,,,,,,,,,,,,,,,,,,,,,,,,,,,,,,,,,,,,,,,,,,,,,,,,,,,,,,,,,,,,,,,,,,,,,,,,,,,,,,,,,,,,,,,,,,,,,,,,,,,,,,,,,,,,,,,,,,,,,,,,,,41350,,,,,,,,,,,,,,,,,,,,,,,,,,,,,,,,,,,,,,,,,,,,,,,,,,,,,,,,,,,,2493452,,,,,,,,,,,8442,,,,,,,,,,,,,,,,,,,,,,,,,,1389673,,,,,,,,,,,,,,,,,,,,,,,,1019,,,,,,,,,,,,,,,,,,,,,,,,,,,,,,,,,,,,,,,,,,,,,,,,,,,,,,,,
1710374400,3/14/2024,,270997506,,,,,,,,,,,,,,,,,,,,,,,,,,,,,,,,,,,,,,,,,,,,,,,,,,,,,,,,,,,,,,,,,,,,,,,,,,,,,,,,,,,,,,,,,,,,,,,,,,,,,,,,,,,,,,,,,,,,,,,,,,,,,,,,,,,,,,,,,,,,,,,,,,,,,,,,,,41358,,,,,,,,,,,,,,,,,,,,,,,,,,,,,,,,,,,,,,,,,,,,,,,,,,,,,,,,,,,,2510606,,,,,,,,,,,8442,,,,,,,,,,,,,,,,,,,,,,,,,,1351494,,,,,,,,,,,,,,,,,,,,,,,,1019,,,,,,,,,,,,,,,,,,,,,,,,,,,,,,,,,,,,,,,,,,,,,,,,,,,,,,,,
1710460800,3/15/2024,,275649572,,,,,,,,,,,,,,,,,,,,,,,,,,,,,,,,,,,,,,,,,,,,,,,,,,,,,,,,,,,,,,,,,,,,,,,,,,,,,,,,,,,,,,,,,,,,,,,,,,,,,,,,,,,,,,,,,,,,,,,,,,,,,,,,,,,,,,,,,,,,,,,,,,,,,,,,,,41612,,,,,,,,,,,,,,,,,,,,,,,,,,,,,,,,,,,,,,,,,,,,,,,,,,,,,,,,,,,,2671422,,,,,,,,,,,8442,,,,,,,,,,,,,,,,,,,,,,,,,,1085033,,,,,,,,,,,,,,,,,,,,,,,,1019,,,,,,,,,,,,,,,,,,,,,,,,,,,,,,,,,,,,,,,,,,,,,,,,,,,,,,,,
1710547200,3/16/2024,,323396296,,,,,,,,,,,,,,,,,,,,,,,,,,,,,,,,,,,,,,,,,,,,,,,,,,,,,,,,,,,,,,,,,,,,,,,,,,,,,,,,,,,,,,,,,,,,,,,,,,,,,,,,,,,,,,,,,,,,,,,,,,,,,,,,,,,,,,,,,,,,,,,,,,,,,,,,,,41659,,,,,,,,,,,,,,,,,,,,,,,,,,,,,,,,,,,,,,,,,,,,,,,,,,,,,,,,,,,,2673067,,,,,,,,,,,8442,,,,,,,,,,,,,,,,,,,,,,,,,,1062655,,,,,,,,,,,,,,,,,,,,,,,,1019,,,,,,,,,,,,,,,,,,,,,,,,,,,,,,,,,,,,,,,,,,,,,,,,,,,,,,,,
1710633600,3/17/2024,,318402451,,,,,,,,,,,,,,,,,,,,,,,,,,,,,,,,,,,,,,,,,,,,,,,,,,,,,,,,,,,,,,,,,,,,,,,,,,,,,,,,,,,,,,,,,,,,,,,,,,,,,,,,,,,,,,,,,,,,,,,,,,,,,,,,,,,,,,,,,,,,,,,,,,,,,,,,,,41458,,,,,,,,,,,,,,,,,,,,,,,,,,,,,,,,,,,,,,,,,,,,,,,,,,,,,,,,,,,,2661359,,,,,,,,,,,8442,,,,,,,,,,,,,,,,,,,,,,,,,,1072325,,,,,,,,,,,,,,,,,,,,,,,,1019,,,,,,,,,,,,,,,,,,,,,,,,,,,,,,,,,,,,,,,,,,,,,,,,,,,,,,,,
1710720000,3/18/2024,,318871226,,,,,,,,,,,,,,,,,,,,,,,,,,,,,,,,,,,,,,,,,,,,,,,,,,,,,,,,,,,,,,,,,,,,,,,,,,,,,,,,,,,,,,,,,,,,,,,,,,,,,,,,,,,,,,,,,,,,,,,,,,,,,,,,,,,,,,,,,,,,,,,,,,,,,,,,,,41344,,,,,,,,,,,,,,,,,,,,,,,,,,,,,,,,,,,,,,,,,,,,,,,,,,,,,,,,,,,,2662717,,,,,,,,,,,8442,,,,,,,,,,,,,,,,,,,,,,,,,,1067780,,,,,,,,,,,,,,,,,,,,,,,,1019,,,,,,,,,,,,,,,,,,,,,,,,,,,,,,,,,,,,,,,,,,,,,,,,,,,,,,,,
1710806400,3/19/2024,,329059657,,,,,,,,,,,,,,,,,,,,,,,,,,,,,,,,,,,,,,,,,,,,,,,,,,,,,,,,,,,,,,,,,,,,,,,,,,,,,,,,,,,,,,,,,,,,,,,,,,,,,,,,,,,,,,,,,,,,,,,,,,,,,,,,,,,,,,,,,,,,,,,,,,,,,,,,,,41302,,,,,,,,,,,,,,,,,,,,,,,,,,,,,,,,,,,,,,,,,,,,,,,,,,,,,,,,,,,,2727826,,,,,,,,,,,8442,,,,,,,,,,,,,,,,,,,,,,,,,,1072624,,,,,,,,,,,,,,,,,,,,,,,,1019,,,,,,,,,,,,,,,,,,,,,,,,,,,,,,,,,,,,,,,,,,,,,,,,,,,,,,,,
1710892800,3/20/2024,,382910987,,,,,,,,,,,,,,,,,,,,,,,,,,,,,,,,,,,,,,,,,,,,,,,,,,,,,,,,,,,,,,,,,,,,,,,,,,,,,,,,,,,,,,,,,,,,,,,,,,,,,,,,,,,,,,,,,,,,,,,,,,,,,,,,,,,,,,,,,,,,,,,,,,,,,,,,,,41805,,,,,,,,,,,,,,,,,,,,,,,,,,,,,,,,,,,,,,,,,,,,,,,,,,,,,,,,,,,,2727826,,,,,,,,,,,8442,,,,,,,,,,,,,,,,,,,,,,,,,,1073260,,,,,,,,,,,,,,,,,,,,,,,,1019,,,,,,,,,,,,,,,,,,,,,,,,,,,,,,,,,,,,,,,,,,,,,,,,,,,,,,,,
1710979200,3/21/2024,,439615523,,,,,,,,,,,,,,,,,,,,,,,,,,,,,,,,,,,,,,,,,,,,,,,,,,,,,,,,,,,,,,,,,,,,,,,,,,,,,,,,,,,,,,,,,,,,,,,,,,,,,,,,,,,,,,,,,,,,,,,,,,,,,,,,,,,,,,,,,,,,,,,,,,,,,,,,,,41397,,,,,,,,,,,,,,,,,,,,,,,,,,,,,,,,,,,,,,,,,,,,,,,,,,,,,,,,,,,,2936896,,,,,,1404411,,,,,8442,,,,,,,,,,,,,,,,,,,,,,,,,,1078524,,,,,,,,,,,,,,,,,,,,,,,,1019,,,,,,,,,,,,,,,,,,,,,,,,,,,,,,,,,,,,,,,,,,,,,,,,,,,,,,,,
1711065600,3/22/2024,,567179146,,,,,,,,,,,,,,,,,,,,,,,,,,,,,,,,,,,,,,,,,,,,,,,,,,,,,,,,,,,,,,,,,,,,,,,,,,,,,,,,,,,,,,,,,,,,,,,,,,,,,,,,,,,,,,,,,,,,,,,,,,,,,,,,,,,,,,,,,,,,,,,,,,,,,,,,,,41268,,,,,,,,,,,,,,,,,,,,,,,,,,,,,,,,,,,,,,,,,,,,,,,,,,,,,,,,,,,,3558998,,,,,,1549508,,,,,8442,,,,,,,,,,,,,,,,,,,,,,,,,,1074536,,,,,,,,,,,,,,,,,,,,,,,,1019,,,,,,,,,,,,,,,,,,,,,,,,,,,,,,,,,,,,,,,,,,,,,,,,,,,,,,,,
1711152000,3/23/2024,,670630038,,,,,,,,,,,,,,,,,,,,,,,,,,,,,,,,,,,,,,,,,,,,,,,,,,,,,,,,,,,,,,,,,,,,,,,,,,,,,,,,,,,,,,,,,,,,,,,,,,,,,,,,,,,,,,,,,,,,,,,,,,,,,,,,,,,,,,,,,,,,,,,,,,,,,,,,,,41402,,,,,,,,,,,,,,,,,,,,,,,,,,,,,,,,,,,,,,,,,,,,,,,,,,,,,,,,,,,,3683250,,,,,,1611558,,,,,8442,,,,,,,,,,,,,,,,,,,,,,,,,,1113290,,,,,,,,,,,,,,,,,,,,,,,,1019,,,,,,,,,,,,,,,,,,,,,,,,,,,,,,,,,,,,,,,,,,,,,,,,,,,,,,,,
1711238400,3/24/2024,,669099380,,,,,,,,,,,,,,,,,,,,,,,,,,,,,,,,,,,,,,,,,,,,,,,,,,,,,,,,,,,,,,,,,,,,,,,,,,,,,,,,,,,,,,,,,,,,,,,,,,,,,,,,,,,,,,,,,,,,,,,,,,,,,,,,,,,,,,,,,,,,,,,,,,,,,,,,,,41662,,,,,,,,,,,,,,,,,,,,,,,,,,,,,,,,,,,,,,,,,,,,,,,,,,,,,,,,,,,,3775888,,,,,,1636461,,,,,8442,,,,,,,,,,,,,,,,,,,,,,,,,,1264662,,,,,,,,,,,,,,,,,,,,,,,,1019,,,,,,,,,,,,,,,,,,,,,,,,,,,,,,,,,,,,,,,,,,,,,,,,,,,,,,,,
1711324800,3/25/2024,,672502343,,,,,,,,,,,,,,,,,,,,,,,,,,,,,,,,,,,,,,,,,,,,,,,,,,,,,,,,,,,,,,,,,,,,,,,,,,,,,,,,,,,,,,,,,,,,,,,,,,,,,,,,,,,,,,,,,,,,,,,,,,,,,,,,,,,,,,,,,,,,,,,,,,,,,,,,,,41343,,,,,,,,,,,,,,,,,,,,,,,,,,,,,,,,,,,,,,,,,,,,,,,,,,,,,,,,,,,,4310441,,,,,,1788734,,,,,8442,,,,,,,,,,,,,,,,,,,,,,,,,,1277006,,,,,,,,,,,,,,,,,,,,,,,,1019,,,,,,,,,,,,,,,,,,,,,,,,,,,,,,,,,,,,,,,,,,,,,,,,,,,,,,,,
1711411200,3/26/2024,,703004890,,,,,,,,,,,,,,,,,,,,,,,,,,,,,,,,,,,,,,,,,,,,,,,,,,,,,,,,,,,,,,,,,,,,,,,,,,,,,,,,,,,,,,,,,,,,,,,,,,,,,,,,,,,,,,,,,,,,,,,,,,,,,,,,,,,,,,,,,,,,,,,,,,,,,,,,,,41466,,,,,,,,,,,,,,,,,,,,,,,,,,,,,,,,,,,,,,,,,,,,,,,,,,,,,,,,,,,,4577112,,,,,,1860452,,,,,8442,,,,,,,,,,,,,,,,,,,,,,,,,,1281616,,,,,,,,,,,,,,,,,,,,,,,,1019,,,,,,,,,,,,,,,,,,,,,,,,,,,,,,,,,,,,,,,,,,,,,,,,,,,,,,,,
1711497600,3/27/2024,,835210470,,,,,,,,,,,,,,,,,,,,,,,,,,,,,,,,,,,,,,,,,,,,,,,,,,,,,,,,,,,,,,,,,,,,,,,,,,,,,,,,,,,,,,,,,,,,,,,,,,,,,,,,,,,,,,,,,,,,,,,,,,,,,,,,,,,,,,,,,,,,,,,,,,,,,,,,,,41637,,,,,,,,,,,,,,,,,,,,,,,,,,,,,,,,,,,,,,,,,,,,,,,,,,,,,,,,,,,,4909556,,,,,,2258650,,,,,8442,,,,,,,,,,,,,,,,,,,,,,,,,,1132032,,,,,,,,,,,,,,,,,,,,,,,,1019,,,,,,,,,,,,,,,,,,,,,,,,,,,,,,,,,,,,,,,,,,,,,,,,,,,,,,,,
1711584000,3/28/2024,,1059777302,,,,,,,,,,,,,,,,,,,,,,,,,,,,,,,,,,,,,,,,,,,,,,,,,,,,,,,,,,,,,,,,,,,,,,,,,,,,,,,,,,,,,,,,,,,,,,,,,,,,,,,,,,,,,,,,,,,,,,,,,,,,,,,,,,,,,,,,,,,,,,,,,,,,,,,,,,41560,,,,,,,,,,,,,,,,,,,,,,,,,,,,,,,,,,,,,,,,,,,,,,,,,,,,,,,,,,,,4595329,,,,,,2662266,,,,,8442,,,,,,,,,,,,,,,,,,,,,,,,,,912260,,,,,,,,,,,,,,,,,,,,,,,,1019,,,,,,,,,,,,,,,,,,,,,,,,,,,,,,,,,,,,,,,,,,,,,,,,,,,,,,,,
1711670400,3/29/2024,,1115759360,,,,,,,,,,,,,,,,,,,,,,,,,,,,,,,,,,,,,,,,,,,,,,,,,,,,,,,,,,,,,,,,,,,,,,,,,,,,,,,,,,,,,,,,,,,,,,,,,,,,,,,,,,,,,,,,,,,,,,,,,,,,,,,,,,,,,,,,,,,,,,,,,,,,,,,,,,41483,,,,,,,,,,,,,,,,,,,,,,,,,,,,,,,,,,,,,,,,,,,,,,,,,,,,,,,,,,,,4431738,,,,,,2639077,,,,,8442,,,,,,,,,,,,,,,,,,,,,,,,,,807974,,,,,,,,,,,,,,,,,,,,,,,,1019,,,,,,,,,,,,,,,,,,,,,,,,,,,,,,,,,,,,,,,,,,,,,,,,,,,,,,,,
1711756800,3/30/2024,,1046084471,,,,,,,,,,,,,,,,,,,,,,,,,,,,,,,,,,,,,,,,,,,,,,,,,,,,,,,,,,,,,,,,,,,,,,,,,,,,,,,,,,,,,,,,,,,,,,,,,,,,,,,,,,,,,,,,,,,,,,,,,,,,,,,,,,,,,,,,,,,,,,,,,,,,,,,,,,41447,,,,,,,,,,,,,,,,,,,,,,,,,,,,,,,,,,,,,,,,,,,,,,,,,,,,,,,,,,,,4323292,,,,,,2631026,,,,,8442,,,,,,,,,,,,,,,,,,,,,,,,,,762968,,,,,,,,,,,,,,,,,,,,,,,,1019,,,,,,,,,,,,,,,,,,,,,,,,,,,,,,,,,,,,,,,,,,,,,,,,,,,,,,,,
1711843200,3/31/2024,,1050215023,,,,,,,,,,,,,,,,,,,,,,,,,,,,,,,,,,,,,,,,,,,,,,,,,,,,,,,,,,,,,,,,,,,,,,,,,,,,,,,,,,,,,,,,,,,,,,,,,,,,,,,,,,,,,,,,,,,,,,,,,,,,,,,,,,,,,,,,,,,,,,,,,,,,,,,,,,41452,,,,,,,,,,,,,,,,,,,,,,,,,,,,,,,,,,,,,,,,,,,,,,,,,,,,,,,,,,,,4292092,,,,,,2664278,,,,,8442,,,,,,,,,,,,,,,,,,,,,,,,,,758100,,,,,,,,,,,,,,,,,,,,,,,,1019,,,,,,,,,,,,,,,,,,,,,,,,,,,,,,,,,,,,,,,,,,,,,,,,,,,,,,,,
1711929600,4/1/2024,,1059592036,,,,,,,,,,,,,,,,,,,,,,,,,,,,,,,,,,,,,,,,,,,,,,,,,,,,,,,,,,,,,,,,,,,,,,,,,,,,,,,,,,,,,,,,,,,,,,,,,,,,,,,,,,,,,,,,,,,,,,,,,,,,,,,,,,,,,,,,,,,,,,,,,,,,,,,,,,41458,,,,,,,,,,,,,,,,,,,,,,,,,,,,,,,,,,,,,,,,,,,,,,,,,,,,,,,,,,,,4291900,,,,,,2659209,,,,,8442,,,,,,,,,,,,,,,,,,,,,,,,,,749465,,,,,,,,,,,,,,,,,,,,,,,,1019,,,,,,,,,,,,,,,,,,,,,,,,,,,,,,,,,,,,,,,,,,,,,,,,,,,,,,,,
1712016000,4/2/2024,,1190003951,,,,,,,,,,,,,,,,,,,,,,,,,,,,,,,,,,,,,,,,,,,,,,,,,,,,,,,,,,,,,,,,,,,,,,,,,,,,,,,,,,,,,,,,,,,,,,,,,,,,,,,,,,,,,,,,,,,,,,,,,,,,,,,,,,,,,,,,,,,,,,,,,,,,,,,,,,41463,,,,,,,,,,,,,,,,,,,,,,,,,,,,,,,,,,,,,,,,,,,,,,,,,,,,,,,,,,,,4327932,,,,,,2987198,,,,,8442,,,,,,,,,,,,,,,,,,,,,,,,,,742512,,,,,,,,,,,,,,,,,,,,,,,,1019,,,,,,,,,,,,,,,,,,,,,,,,,,,,,,,,,,,,,,,,,,,,,,,,,,,,,,,,
1712102400,4/3/2024,,1308790842,,,,,,,,,,,,,,,,,,,,,,,,,,,,,,,,,,,,,,,,,,,,,,,,,,,,,,,,,,,,,,,,,,,,,,,,,,,,,,,,,,,,,,,,,,,,,,,,,,,,,,,,,,,,,,,,,,,,,,,,,,,,,,,,,,,,,,,,,,,,,,,,,,,,,,,,,,41469,,,,,,,,,,,,,,,,,,,,,,,,,,,,,,,,,,,,,,,,,,,,,,,,,,,,,,,,,,,,4371314,,,,,,3186633,,,,,8442,,,,,,,,,,,,,,,,,,,,,,,,,,741847,,,,,,,,,,,,,,,,,,,,,,,,1019,,,,,,,,,,,,,,,,,,,,,,,,,,,,,,,,,,,,,,,,,,,,,,,,,,,,,,,,
1712188800,4/4/2024,,1395021971,,,,,,,,,,,,,,,,,,,,,,,,,,,,,,,,,,,,,,,,,,,,,,,,,,,,,,,,,,,,,,,,,,,,,,,,,,,,,,,,,,,,,,,,,,,,,,,,,,,,,,,,,,,,,,,,,,,,,,,,,,,,,,,,,,,,,,,,,,,,,,,,,,,,,,,,,,41474,,,,,,,,,,,,,,,,,,,,,,,,,,,,,,,,,,,,,,,,,,,,,,,,,,,,,,,,,,,,4371314,,,,,,3156297,,,,,8442,,,,,,,,,,,,,,,,,,,,,,,,,,743006,,,,,,,,,,,,,,,,,,,,,,,,1019,,,,,,,,,,,,,,,,,,,,,,,,,,,,,,,,,,,,,,,,,,,,,,,,,,,,,,,,
1712275200,4/5/2024,,1442943585,,,,,,,,,,,,,,,,,,,,,,,,,,,,,,,,,,,,,,,,,,,,,,,,,,,,,,,,,,,,,,,,,,,,,,,,,,,,,,,,,,,,,,,,,,,,,,,,,,,,,,,,,,,,,,,,,,,,,,,,,,,,,,,,,,,,,,,,,,,,,,,,,,,,,,,,,,41480,,,,,,,,,,,,,,,,,,,,,,,,,,,,,,,,,,,,,,,,,,,,,,,,,,,,,,,,,,,,4475639,,,,,,2735522,,,,,8442,,,,,,,,,,,,,,,,,,,,,,,,,,558416,,,,,,,,,,,,,,,,,,,,,,,,1019,,,,,,,,,,,,,,,,,,,,,,,,,,,,,,,,,,,,,,,,,,,,,,,,,,,,,,,,
1712361600,4/6/2024,,1554885952,,,,,,,,,,,,,,,,,,,,,,,,,,,,,,,,,,,,,,,,,,,,,,,,,,,,,,,,,,,,,,,,,,,,,,,,,,,,,,,,,,,,,,,,,,,,,,,,,,,,,,,,,,,,,,,,,,,,,,,,,,,,,,,,,,,,,,,,,,,,,,,,,,,,,,,,,,41485,,,,,,,,,,,,,,,,,,,,,,,,,,,,,,,,,,,,,,,,,,,,,,,,,,,,,,,,,,,,4541106,,,,,,2681552,,,,,8442,,,,,,,,,,,,,,,,,,,,,,,,,,567855,,,,,,,,,,,,,,,,,,,,,,,,1020,,,,,,,,,,,,,,,,,,,,,,,,,,,,,,,,,,,,,,,,,,,,,,,,,,,,,,,,
1712448000,4/7/2024,,1554462318,,,,,,,,,,,,,,,,,,,,,,,,,,,,,,,,,,,,,,,,,,,,,,,,,,,,,,,,,,,,,,,,,,,,,,,,,,,,,,,,,,,,,,,,,,,,,,,,,,,,,,,,,,,,,,,,,,,,,,,,,,,,,,,,,,,,,,,,,,,,,,,,,,,,,,,,,,41491,,,,,,,,,,,,,,,,,,,,,,,,,,,,,,,,,,,,,,,,,,,,,,,,,,,,,,,,,,,,4614104,,,,,,2661478,,,,,8442,,,,,,,,,,,,,,,,,,,,,,,,,,728848,,,,,,,,,,,,,,,,,,,,,,,,1020,,,,,,,,,,,,,,,,,,,,,,,,,,,,,,,,,,,,,,,,,,,,,,,,,,,,,,,,
1712534400,4/8/2024,,1556645023,,,,,,,,,,,,,,,,,,,,,,,,,,,,,,,,,,,,,,,,,,,,,,,,,,,,,,,,,,,,,,,,,,,,,,,,,,,,,,,,,,,,,,,,,,,,,,,,,,,,,,,,,,,,,,,,,,,,,,,,,,,,,,,,,,,,,,,,,,,,,,,,,,,,,,,,,,41496,,,,,,,,,,,,,,,,,,,,,,,,,,,,,,,,,,,,,,,,,,,,,,,,,,,,,,,,,,,,4621231,,,,,,2532057,,,,,8442,,,,,,,,,,,,,,,,,,,,,,,,,,740002,,,,,,,,,,,,,,,,,,,,,,,,1020,,,,,,,,,,,,,,,,,,,,,,,,,,,,,,,,,,,,,,,,,,,,,,,,,,,,,,,,
1712620800,4/9/2024,,1668429016,,,,,,,,,,,,,,,,,,,,,,,,,,,,,,,,,,,,,,,,,,,,,,,,,,,,,,,,,,,,,,,,,,,,,,,,,,,,,,,,,,,,,,,,,,,,,,,,,,,,,,,,,,,,,,,,,,,,,,,,,,,,,,,,,,,,,,,,,,,,,,,,,,,,,,,,,,41502,,,,,,,,,,,,,,,,,,,,,,,,,,,,,,,,,,,,,,,,,,,,,,,,,,,,,,,,,,,,4861887,,,,,,2576158,,,,,8442,,,,,,,,,,,,,,,,,,,,,,,,,,752572,,,,,,,,,,,,,,,,,,,,,,,,1020,,,,,,,,,,,,,,,,,,,,,,,,,,,,,,,,,,,,,,,,,,,,,,,,,,,,,,,,
1712707200,4/10/2024,,1679654298,,,,,,,,,,,,,,,,,,,,,,,,,,,,,,,,,,,,,,,,,,,,,,,,,,,,,,,,,,,,,,,,,,,,,,,,,,,,,,,,,,,,,,,,,,,,,,,,,,,,,,,,,,,,,,,,,,,,,,,,,,,,,,,,,,,,,,,,,,,,,,,,,,,,,,,,,,41507,,,,,,,,,,,,,,,,,,,,,,,,,,,,,,,,,,,,,,,,,,,,,,,,,,,,,,,,,,,,4903068,,,,,,2565546,,,,,8442,,,,,,,,,,,,,,,,,,,,,,,,,,429755,,,,,,,,,,,,,,,,,,,,,,,,1020,,,,,,,,,,,,,,,,,,,,,,,,,,,,,,,,,,,,,,,,,,,,,,,,,,,,,,,,
1712793600,4/11/2024,,1731037355,,,,,,,,,,,,,,,,,,,,,,,,,,,,,,,,,,,,,,,,,,,,,,,,,,,,,,,,,,,,,,,,,,,,,,,,,,,,,,,,,,,,,,,,,,,,,,,,,,,,,,,,,,,,,,,,,,,,,,,,,,,,,,,,,,,,,,,,,,,,,,,,,,,,,,,,,,41513,,,,,,,,,,,,,,,,,,,,,,,,,,,,,,,,,,,,,,,,,,,,,,,,,,,,,,,,,,,,4905918,,,,,,2577256,,,,,8442,,,,,,,,,,,,,,,,,,,,,,,,,,450934,,,,,,,,,,,,,,,,,,,,,,,,1020,,,,,,,,,,,,,,,,,,,,,,,,,,,,,,,,,,,,,,,,,,,,,,,,,,,,,,,,
1712880000,4/12/2024,,1727412751,,,,,,,,,,,,,,,,,,,,,,,,,,,,,,,,,,,,,,,,,,,,,,,,,,,,,,,,,,,,,,,,,,,,,,,,,,,,,,,,,,,,,,,,,,,,,,,,,,,,,,,,,,,,,,,,,,,,,,,,,,,,,,,,,,,,,,,,,,,,,,,,,,,,,,,,,,41519,,,,,,,,,,,,,,,,,,,,,,,,,,,,,,,,,,,,,,,,,,,,,,,,,,,,,,,,,,,,4610495,,,,,,2619324,,,,,8442,,,,,,,,,,,,,,,,,,,,,,,,,,517461,,,,,,,,,,,,,,,,,,,,,,,,1020,,,,,,,,,,,,,,,,,,,,,,,,,,,,,,,,,,,,,,,,,,,,,,,,,,,,,,,,
1712966400,4/13/2024,,1852471915,,,,,,,,,,,,,,,,,,,,,,,,,,,,,,,,,,,,,,,,,,,,,,,,,,,,,,,,,,,,,,,,,,,,,,,,,,,,,,,,,,,,,,,,,,,,,,,,,,,,,,,,,,,,,,,,,,,,,,,,,,,,,,,,,,,,,,,,,,,,,,,,,,,,,,,,,,41524,,,,,,,,,,,,,,,,,,,,,,,,,,,,,,,,,,,,,,,,,,,,,,,,,,,,,,,,,,,,4619567,,,,,,2542009,,,,,8442,,,,,,,,,,,,,,,,,,,,,,,,,,489428,,,,,,,,,,,,,,,,,,,,,,,,1020,,,,,,,,,,,,,,,,,,,,,,,,,,,,,,,,,,,,,,,,,,,,,,,,,,,,,,,,
1713052800,4/14/2024,,1844852376,,,,,,,,,,,,,,,,,,,,,,,,,,,,,,,,,,,,,,,,,,,,,,,,,,,,,,,,,,,,,,,,,,,,,,,,,,,,,,,,,,,,,,,,,,,,,,,,,,,,,,,,,,,,,,,,,,,,,,,,,,,,,,,,,,,,,,,,,,,,,,,,,,,,,,,,,,41530,,,,,,,,,,,,,,,,,,,,,,,,,,,,,,,,,,,,,,,,,,,,,,,,,,,,,,,,,,,,4507498,,,,,,2450144,,,,,8442,,,,,,,,,,,,,,,,,,,,,,,,,,471864,,,,,,,,,,,,,,,,,,,,,,,,1020,,,,,,,,,,,,,,,,,,,,,,,,,,,,,,,,,,,,,,,,,,,,,,,,,,,,,,,,
1713139200,4/15/2024,,1861883704,,,,,,,,,,,,,,,,,,,,,,,,,,,,,,,,,,,,,,,,,,,,,,,,,,,,,,,,,,,,,,,,,,,,,,,,,,,,,,,,,,,,,,,,,,,,,,,,,,,,,,,,,,,,,,,,,,,,,,,,,,,,,,,,,,,,,,,,,,,,,,,,,,,,,,,,,,41535,,,,,,,,,,,,,,,,,,,,,,,,,,,,,,,,,,,,,,,,,,,,,,,,,,,,,,,,,,,,4507897,,,,,,2601761,,,,,8442,,,,,,,,,,,,,,,,,,,,,,,,,,467335,,,,,,,,,,,,,,,,,,,,,,,,1020,,,,,,,,,,,,,,,,,,,,,,,,,,,,,,,,,,,,,,,,,,,,,,,,,,,,,,,,
1713225600,4/16/2024,,1935233220,,,,,,,,,,,,,,,,,,,,,,,,,,,,,,,,,,,,,,,,,,,,,,,,,,,,,,,,,,,,,,,,,,,,,,,,,,,,,,,,,,,,,,,,,,,,,,,,,,,,,,,,,,,,,,,,,,,,,,,,,,,,,,,,,,,,,,,,,,,,,,,,,,,,,,,,,,41541,,,,,,,,,,,,,,,,,,,,,,,,,,,,,,,,,,,,,,,,,,,,,,,,,,,,,,,,,,,,4783790,,,,,,2591240,,,,,8442,,,,,,,,,,,,,,,,,,,,,,,,,,463779,,,,,,,,,,,,,,,,,,,,,,,,1020,,,,,,,,,,,,,,,,,,,,,,,,,,,,,,,,,,,,,,,,,,,,,,,,,,,,,,,,
1713312000,4/17/2024,,2029575790,,,,,,,,,,,,,,,,,,,,,,,,,,,,,,,,,,,,,,,,,,,,,,,,,,,,,,,,,,,,,,,,,,,,,,,,,,,,,,,,,,,,,,,,,,,,,,,,,,,,,,,,,,,,,,,,,,,,,,,,,,,,,,,,,,,,,,,,,,,,,,,,,,,,,,,,,,41546,,,,,,,,,,,,,,,,,,,,,,,,,,,,,,,,,,,,,,,,,,,,,,,,,,,,,,,,,,,,4818150,,,,,,2604518,,,,,8442,,,,,,,,,,,,,,,,,,,,,,,,,,463171,,,,,,,,,,,,,,,,,,,,,,,,1020,,,,,,,,,,,,,,,,,,,,,,,,,,,,,,,,,,,,,,,,,,,,,,,,,,,,,,,,
1713398400,4/18/2024,,2135913836,,,,,,,,,,,,,,,,,,,,,,,,,,,,,,,,,,,,,,,,,,,,,,,,,,,,,,,,,,,,,,,,,,,,,,,,,,,,,,,,,,,,,,,,,,,,,,,,,,,,,,,,,,,,,,,,,,,,,,,,,,,,,,,,,,,,,,,,,,,,,,,,,,,,,,,,,,41552,,,,,,,,,,,,,,,,,,,,,,,,,,,,,,,,,,,,,,,,,,,,,,,,,,,,,,,,,,,,4818130,,,,,,2590279,,,,,8442,,,,,,,,,,,,,,,,,,,,,,,,,,496793,,,,,,,,,,,,,,,,,,,,,,,,1020,,,,,,,,,,,,,,,,,,,,,,,,,,,,,,,,,,,,,,,,,,,,,,,,,,,,,,,,
1713484800,4/19/2024,,2243602206,,,,,,,,,,,,,,,,,,,,,,,,,,,,,,,,,,,,,,,,,,,,,,,,,,,,,,,,,,,,,,,,,,,,,,,,,,,,,,,,,,,,,,,,,,,,,,,,,,,,,,,,,,,,,,,,,,,,,,,,,,,,,,,,,,,,,,,,,,,,,,,,,,,,,,,,,,41557,,,,,,,,,,,,,,,,,,,,,,,,,,,,,,,,,,,,,,,,,,,,,,,,,,,,,,,,,,,,4808111,,,,,,2602912,,,,,,,,,,,,,,,,,,,,,,,,,,,,,,,574694,,,,,,,,,,,,,,,,,,,,,,,,1020,,,,,,,,,,,,,,,,,,,,,,,,,,,,,,,,,,,,,,,,,,,,,,,,,,,,,,,,
1713571200,4/20/2024,,2296907514,,,,,,,,,,,,,,,,,,,,,,,,,,,,,,,,,,,,,,,,,,,,,,,,,,,,,,,,,,,,,,,,,,,,,,,,,,,,,,,,,,,,,,,,,,,,,,,,,,,,,,,,,,,,,,,,,,,,,,,,,,,,,,,,,,,,,,,,,,,,,,,,,,,,,,,,,,41563,,,,,,,,,,,,,,,,,,,,,,,,,,,,,,,,,,,,,,,,,,,,,,,,,,,,,,,,,,,,4808111,,,,,,2588765,,,,,8442,,,,,,,,,,,,,,,,,,,,,,,,,,555365,,,,,,,,,,,,,,,,,,,,,,,,1020,,,,,,,,,,,,,,,,,,,,,,,,,,,,,,,,,,,,,,,,,,,,,,,,,,,,,,,,
1713657600,4/21/2024,,2348812582,,,,,,,,,,,,,,,,,,,,,,,,,,,,,,,,,,,,,,,,,,,,,,,,,,,,,,,,,,,,,,,,,,,,,,,,,,,,,,,,,,,,,,,,,,,,,,,,,,,,,,,,,,,,,,,,,,,,,,,,,,,,,,,,,,,,,,,,,,,,,,,,,,,,,,,,,,41488,,,,,,,,,,,,,,,,,,,,,,,,,,,,,,,,,,,,,,,,,,,,,,,,,,,,,,,,,,,,4808111,,,,,,2597492,,,,,8442,,,,,,,,,,,,,,,,,,,,,,,,,,563174,,,,,,,,,,,,,,,,,,,,,,,,1020,,,,,,,,,,,,,,,,,,,,,,,,,,,,,,,,,,,,,,,,,,,,,,,,,,,,,,,,
1713744000,4/22/2024,,2350212822,,,,,,,,,,,,,,,,,,,,,,,,,,,,,,,,,,,,,,,,,,,,,,,,,,,,,,,,,,,,,,,,,,,,,,,,,,,,,,,,,,,,,,,,,,,,,,,,,,,,,,,,,,,,,,,,,,,,,,,,,,,,,,,,,,,,,,,,,,,,,,,,,,,,,,,,,,,,,,,,,,,,,,,,,,,,,,,,,,,,,,,,,,,,,,,,,,,,,,,,,,,,,,,,,,,,,,5019028,,,,,,2607406,,,,,8442,,,,,,,,,,,,,,,,,,,,,,,,,,588858,,,,,,,,,,,,,,,,,,,,,,,,1020,,,,,,,,,,,,,,,,,,,,,,,,,,,,,,,,,,,,,,,,,,,,,,,,,,,,,,,,
1713830400,4/23/2024,,2342273852,,,,,,,,,,,,,,,,,,,,,,,,,,,,,,,,,,,,,,,,,,,,,,,,,,,,,,,,,,,,,,,,,,,,,,,,,,,,,,,,,,,,,,,,,,,,,,,,,,,,,,,,,,,,,,,,,,,,,,,,,,,,,,,,,,,,,,,,,,,,,,,,,,,,,,,,,,41579,,,,,,,,,,,,,,,,,,,,,,,,,,,,,,,,,,,,,,,,,,,,,,,,,,,,,,,,,,,,,,,,,,2607606,,,,,8442,,,,,,,,,,,,,,,,,,,,,,,,,,578230,,,,,,,,,,,,,,,,,,,,,,,,1020,,,,,,,,,,,,,,,,,,,,,,,,,,,,,,,,,,,,,,,,,,,,,,,,,,,,,,,,
1713916800,4/24/2024,,2439875774,,,,,,,,,,,,,,,,,,,,,,,,,,,,,,,,,,,,,,,,,,,,,,,,,,,,,,,,,,,,,,,,,,,,,,,,,,,,,,,,,,,,,,,,,,,,,,,,,,,,,,,,,,,,,,,,,,,,,,,,,,,,,,,,,,,,,,,,,,,,,,,,,,,,,,,,,,41585,,,,,,,,,,,,,,,,,,,,,,,,,,,,,,,,,,,,,,,,,,,,,,,,,,,,,,,,,,,,5055957,,,,,,2594338,,,,,8442,,,,,,,,,,,,,,,,,,,,,,,,,,572836,,,,,,,,,,,,,,,,,,,,,,,,1020,,,,,,,,,,,,,,,,,,,,,,,,,,,,,,,,,,,,,,,,,,,,,,,,,,,,,,,,
1714003200,4/25/2024,,2440227167,,,,,,,,,,,,,,,,,,,,,,,,,,,,,,,,,,,,,,,,,,,,,,,,,,,,,,,,,,,,,,,,,,,,,,,,,,,,,,,,,,,,,,,,,,,,,,,,,,,,,,,,,,,,,,,,,,,,,,,,,,,,,,,,,,,,,,,,,,,,,,,,,,,,,,,,,,41590,,,,,,,,,,,,,,,,,,,,,,,,,,,,,,,,,,,,,,,,,,,,,,,,,,,,,,,,,,,,4887067,,,,,,2584579,,,,,8442,,,,,,,,,,,,,,,,,,,,,,,,,,677944,,,,,,,,,,,,,,,,,,,,,,,,1020,,,,,,,,,,,,,,,,,,,,,,,,,,,,,,,,,,,,,,,,,,,,,,,,,,,,,,,,
1714089600,4/26/2024,,2442667394,,,,,,,,,,,,,,,,,,,,,,,,,,,,,,,,,,,,,,,,,,,,,,,,,,,,,,,,,,,,,,,,,,,,,,,,,,,,,,,,,,,,,,,,,,,,,,,,,,,,,,,,,,,,,,,,,,,,,,,,,,,,,,,,,,,,,,,,,,,,,,,,,,,,,,,,,,,,,,,,,,,,,,,,,,,,,,,,,,,,,,,,,,,,,,,,,,,,,,,,,,,,,,,,,,,,,,4696089,,,,,,2585927,,,,,8442,,,,,,,,,,,,,,,,,,,,,,,,,,694376,,,,,,,,,,,,,,,,,,,,,,,,1020,,,,,,,,,,,,,,,,,,,,,,,,,,,,,,,,,,,,,,,,,,,,,,,,,,,,,,,,
1714176000,4/27/2024,,2436090982,,,,,,,,,,,,,,,,,,,,,,,,,,,,,,,,,,,,,,,,,,,,,,,,,,,,,,,,,,,,,,,,,,,,,,,,,,,,,,,,,,,,,,,,,,,,,,,,,,,,,,,,,,,,,,,,,,,,,,,,,,,,,,,,,,,,,,,,,,,,,,,,,,,,,,,,,,156617,,,,,,,,,,,,,,,,,,,,,,,,,,,,,,,,,,,,,,,,,,,,,,,,,,,,,,,,,,,,4685043,,,,,,2540432,,,,,8442,,,,,,,,,,,,,,,,,,,,,,,,,,735094,,,,,,,,,,,,,,,,,,,,,,,,1020,,,,,,,,,,,,,,,,,,,,,,,,,,,,,,,,,,,,,,,,,,,,,,,,,,,,,,,,
1714262400,4/28/2024,,2435186144,,,,,,,,,,,,,,,,,,,,,,,,,,,,,,,,,,,,,,,,,,,,,,,,,,,,,,,,,,,,,,,,,,,,,,,,,,,,,,,,,,,,,,,,,,,,,,,,,,,,,,,,,,,,,,,,,,,,,,,,,,,,,,,,,,,,,,,,,,,,,,,,,,,,,,,,,,156638,,,,,,,,,,,,,,,,,,,,,,,,,,,,,,,,,,,,,,,,,,,,,,,,,,,,,,,,,,,,4666762,,,,,,2540386,,,,,8442,,,,,,,,,,,,,,,,,,,,,,,,,,745792,,,,,,,,,,,,,,,,,,,,,,,,1020,,,,,,,,,,,,,,,,,,,,,,,,,,,,,,,,,,,,,,,,,,,,,,,,,,,,,,,,
1714348800,4/29/2024,,2436706016,,,,,,,,,,,,,,,,,,,,,,,,,,,,,,,,,,,,,,,,,,,,,,,,,,,,,,,,,,,,,,,,,,,,,,,,,,,,,,,,,,,,,,,,,,,,,,,,,,,,,,,,,,,,,,,,,,,,,,,,,,,,,,,,,,,,,,,,,,,,,,,,,,,,,,,,,,156658,,,,,,,,,,,,,,,,,,,,,,,,,,,,,,,,,,,,,,,,,,,,,,,,,,,,,,,,,,,,4650452,,,,,,2551392,,,,,8442,,,,,,,,,,,,,,,,,,,,,,,,,,747875,,,,,,,,,,,,,,,,,,,,,,,,1020,,,,,,,,,,,,,,,,,,,,,,,,,,,,,,,,,,,,,,,,,,,,,,,,,,,,,,,,
1714435200,4/30/2024,,2437431716,,,,,,,,,,,,,,,,,,,,,,,,,,,,,,,,,,,,,,,,,,,,,,,,,,,,,,,,,,,,,,,,,,,,,,,,,,,,,,,,,,,,,,,,,,,,,,,,,,,,,,,,,,,,,,,,,,,,,,,,,,,,,,,,,,,,,,,,,,,,,,,,,,,,,,,,,,156679,,,,,,,,,,,,,,,,,,,,,,,,,,,,,,,,,,,,,,,,,,,,,,,,,,,,,,,,,,,,4606688,,,,,,2540125,,,,,8442,,,,,,,,,,,,,,,,,,,,,,,,,,821181,,,,,,,,,,,,,,,,,,,,,,,,1020,,,,,,,,,,,,,,,,,,,,,,,,,,,,,,,,,,,,,,,,,,,,,,,,,,,,,,,,
1714521600,5/1/2024,,2528590875,,,,,,,,,,,,,,,,,,,,,,,,,,,,,,,,,,,,,,,,,,,,,,,,,,,,,,,,,,,,,,,,,,,,,,,,,,,,,,,,,,,,,,,,,,,,,,,,,,,,,,,,,,,,,,,,,,,,,,,,,,,,,,,,,,,,,,,,,,,,,,,,,,,,,,,,,,156700,,,,,,,,,,,,,,,,,,,,,,,,,,,,,,,,,,,,,,,,,,,,,,,,,,,,,,,,,,,,4608566,,,,,,2553766,,,,,8442,,,,,,,,,,,,,,,,,,,,,,,,,,909507,,,,,,,,,,,,,,,,,,,,,,,,1020,,,,,,,,,,,,,,,,,,,,,,,,,,,,,,,,,,,,,,,,,,,,,,,,,,,,,,,,
1714608000,5/2/2024,,2527723253,,,,,,,,,,,,,,,,,,,,,,,,,,,,,,,,,,,,,,,,,,,,,,,,,,,,,,,,,,,,,,,,,,,,,,,,,,,,,,,,,,,,,,,,,,,,,,,,,,,,,,,,,,,,,,,,,,,,,,,,,,,,,,,,,,,,,,,,,,,,,,,,,,,,,,,,,,156721,,,,,,,,,,,,,,,,,,,,,,,,,,,,,,,,,,,,,,,,,,,,,,,,,,,,,,,,,,,,4594700,,,,,,2537394,,,,,8442,,,,,,,,,,,,,,,,,,,,,,,,,,893462,,,,,,,,,,,,,,,,,,,,,,,,1020,,,,,,,,,,,,,,,,,,,,,,,,,,,,,,,,,,,,,,,,,,,,,,,,,,,,,,,,
1714694400,5/3/2024,,2633211181,,,,,,,,,,,,,,,,,,,,,,,,,,,,,,,,,,,,,,,,,,,,,,,,,,,,,,,,,,,,,,,,,,,,,,,,,,,,,,,,,,,,,,,,,,,,,,,,,,,,,,,,,,,,,,,,,,,,,,,,,,,,,,,,,,,,,,,,,,,,,,,,,,,,,,,,,,156742,,,,,,,,,,,,,,,,,,,,,,,,,,,,,,,,,,,,,,,,,,,,,,,,,,,,,,,,,,,,4579661,,,,,,2548220,,,,,8442,,,,,,,,,,,,,,,,,,,,,,,,,,815384,,,,,,,,,,,,,,,,,,,,,,,,1020,,,,,,,,,,,,,,,,,,,,,,,,,,,,,,,,,,,,,,,,,,,,,,,,,,,,,,,,
1714780800,5/4/2024,,2659882039,,,,,,,,,,,,,,,,,,,,,,,,,,,,,,,,,,,,,,,,,,,,,,,,,,,,,,,,,,,,,,,,,,,,,,,,,,,,,,,,,,,,,,,,,,,,,,,,,,,,,,,,,,,,,,,,,,,,,,,,,,,,,,,,,,,,,,,,,,,,,,,,,,,,,,,,,,156762,,,,,,,,,,,,,,,,,,,,,,,,,,,,,,,,,,,,,,,,,,,,,,,,,,,,,,,,,,,,4522983,,,,,,2550766,,,,,8442,,,,,,,,,,,,,,,,,,,,,,,,,,835316,,724856,,,,,,,,,,,,,,,,,,,,,,1020,,,,,,,,,,,,,,,,,,,,,,,,,,,,,,,,,,,,,,,,,,,,,,,,,,,,,,,,
1714867200,5/5/2024,,2661201912,,,,,,,,,,,,,,,,,,,,,,,,,,,,,,,,,,,,,,,,,,,,,,,,,,,,,,,,,,,,,,,,,,,,,,,,,,,,,,,,,,,,,,,,,,,,,,,,,,,,,,,,,,,,,,,,,,,,,,,,,,,,,,,,,,,,,,,,,,,,,,,,,,,,,,,,,,156783,,,,,,,,,,,,,,,,,,,,,,,,,,,,,,,,,,,,,,,,,,,,,,,,,,,,,,,,,,,,4517564,,,,,,2546959,,,,,8442,,,,,,,,,,,,,,,,,,,,,,,,,,828546,,724856,,,,,,,,,,,,,,,,,,,,,,1020,,,,,,,,,,,,,,,,,,,,,,,,,,,,,,,,,,,,,,,,,,,,,,,,,,,,,,,,
1714953600,5/6/2024,,2668192103,,,,,,,,,,,,,,,,,,,,,,,,,,,,,,,,,,,,,,,,,,,,,,,,,,,,,,,,,,,,,,,,,,,,,,,,,,,,,,,,,,,,,,,,,,,,,,,,,,,,,,,,,,,,,,,,,,,,,,,,,,,,,,,,,,,,,,,,,,,,,,,,,,,,,,,,,,156804,,,,,,,,,,,,,,,,,,,,,,,,,,,,,,,,,,,,,,,,,,,,,,,,,,,,,,,,,,,,4391479,,,,,,2539006,,,,,8442,,,,,,,,,,,,,,,,,,,,,,,,,,743045,,758288,,,,,,,,,,,,,,,,,,,,,,1020,,,,,,,,,,,,,,,,,,,,,,,,,,,,,,,,,,,,,,,,,,,,,,,,,,,,,,,,
1715040000,5/7/2024,,2680426233,,,,,,,,,,,,,,,,,,,,,,,,,,,,,,,,,,,,,,,,,,,,,,,,,,,,,,,,,,,,,,,,,,,,,,,,,,,,,,,,,,,,,,,,,,,,,,,,,,,,,,,,,,,,,,,,,,,,,,,,,,,,,,,,,,,,,,,,,,,,,,,,,,,,,,,,,,156825,,,,,,,,,,,,,,,,,,,,,,,,,,,,,,,,,,,,,,,,,,,,,,,,,,,,,,,,,,,,4396444,,,,,,2545592,,,,,8442,,,,,,,,,,,,,,,,,,,,,,,,,,845273,,758992,,,,,,,,,,,,,,,,,,,,,,1020,,,,,,,,,,,,,,,,,,,,,,,,,,,,,,,,,,,,,,,,,,,,,,,,,,,,,,,,
1715126400,5/8/2024,,2675856018,,,,,,,,,,,,,,,,,,,,,,,,,,,,,,,,,,,,,,,,,,,,,,,,,,,,,,,,,,,,,,,,,,,,,,,,,,,,,,,,,,,,,,,,,,,,,,,,,,,,,,,,,,,,,,,,,,,,,,,,,,,,,,,,,,,,,,,,,,,,,,,,,,,,,,,,,,156846,,,,,,,,,,,,,,,,,,,,,,,,,,,,,,,,,,,,,,,,,,,,,,,,,,,,,,,,,,,,4357404,,,,,,2530239,,,,,8442,,,,,,,,,,,,,,,,,,,,,,,,,,833635,,803992,,,,,,,,,,,,,,,,,,,,,,1020,,,,,,,,,,,,,,,,,,,,,,,,,,,,,,,,,,,,,,,,,,,,,,,,,,,,,,,,
1715212800,5/9/2024,,2680303919,,,,,,,,,,,,,,,,,,,,,,,,,,,,,,,,,,,,,,,,,,,,,,,,,,,,,,,,,,,,,,,,,,,,,,,,,,,,,,,,,,,,,,,,,,,,,,,,,,,,,,,,,,,,,,,,,,,,,,,,,,,,,,,,,,,,,,,,,,,,,,,,,,,,,,,,,,156551,,,,,,,,,,,,,,,,,,,,,,,,,,,,,,,,,,,,,,,,,,,,,,,,,,,,,,,,,,,,4060700,,,,,,2521489,,,,,8442,,,,,,,,,,,,,,,,,,,,,,,,,,799725,,1168066,,,,,,,,,,,,,,,,,,,,,,1020,,,,,,,,,,,,,,,,,,,,,,,,,,,,,,,,,,,,,,,,,,,,,,,,,,,,,,,,
1715299200,5/10/2024,,2680072732,,,,,,,,,,,,,,,,,,,,,,,,,,,,,,,,,,,,,,,,,,,,,,,,,,,,,,,,,,,,,,,,,,,,,,,,,,,,,,,,,,,,,,,,,,,,,,,,,,,,,,,,,,,,,,,,,,,,,,,,,,,,,,,,,,,,,,,,,,,,,,,,,,,,,,,,,,156887,,,,,,,,,,,,,,,,,,,,,,,,,,,,,,,,,,,,,,,,,,,,,,,,,,,,,,,,,,,,4017173,,,,,,2508548,,,,,8442,,,,,,,,,,,,,,,,,,,,,,,,,,834750,,1168754,,,,,,,,,,,,,,,,,,,,,,1020,,,,,,,,,,,,,,,,,,,,,,,,,,,,,,,,,,,,,,,,,,,,,,,,,,,,,,,,
1715385600,5/11/2024,,2679943896,,,,,,,,,,,,,,,,,,,,,,,,,,,,,,,,,,,,,,,,,,,,,,,,,,,,,,,,,,,,,,,,,,,,,,,,,,,,,,,,,,,,,,,,,,,,,,,,,,,,,,,,,,,,,,,,,,,,,,,,,,,,,,,,,,,,,,,,,,,,,,,,,,,,,,,,,,156908,,,,,,,,,,,,,,,,,,,,,,,,,,,,,,,,,,,,,,,,,,,,,,,,,,,,,,,,,,,,4018656,,,,,,2509549,,,,,8442,,,,,,,,,,,,,,,,,,,,,,,,,,920361,,1142921,,,,,,,,,,,,,,,,,,,,,,1020,,,,,,,,,,,,,,,,,,,,,,,,,,,,,,,,,,,,,,,,,,,,,,,,,,,,,,,,
1715472000,5/12/2024,,2677899196,,,,,,,,,,,,,,,,,,,,,,,,,,,,,,,,,,,,,,,,,,,,,,,,,,,,,,,,,,,,,,,,,,,,,,,,,,,,,,,,,,,,,,,,,,,,,,,,,,,,,,,,,,,,,,,,,,,,,,,,,,,,,,,,,,,,,,,,,,,,,,,,,,,,,,,,,,156759,,,,,,,,,,,,,,,,,,,,,,,,,,,,,,,,,,,,,,,,,,,,,,,,,,,,,,,,,,,,3952634,,,,,,2512237,,,,,8442,,,,,,,,,,,,,,,,,,,,,,,,,,1068446,,1105660,,,,,,,,,,,,,,,,,,,,,,1020,,,,,,,,,,,,,,,,,,,,,,,,,,,,,,,,,,,,,,,,,,,,,,,,,,,,,,,,
1715558400,5/13/2024,,2676348606,,,,,,,,,,,,,,,,,,,,,,,,,,,,,,,,,,,,,,,,,,,,,,,,,,,,,,,,,,,,,,,,,,,,,,,,,,,,,,,,,,,,,,,,,,,,,,,,,,,,,,,,,,,,,,,,,,,,,,,,,,,,,,,,,,,,,,,,,,,,,,,,,,,,,,,,,,156950,,,,,,,,,,,,,,,,,,,,,,,,,,,,,,,,,,,,,,,,,,,,,,,,,,,,,,,,,,,,3947279,,,,,,2505802,,,,,8442,,,,,,,,,,,,,,,,,,,,,,,,,,1074385,,1105660,,,,,,,,,,,,,,,,,,,,,,1020,,,,,,,,,,,,,,,,,,,,,,,,,,,,,,,,,,,,,,,,,,,,,,,,,,,,,,,,
1715644800,5/14/2024,,2681228559,,,,,,,,,,,,,,,,,,,,,,,,,,,,,,,,,,,,,,,,,,,,,,,,,,,,,,,,,,,,,,,,,,,,,,,,,,,,,,,,,,,,,,,,,,,,,,,,,,,,,,,,,,,,,,,,,,,,,,,,,,,,,,,,,,,,,,,,,,,,,,,,,,,,,,,,,,156971,,,,,,,,,,,,,,,,,,,,,,,,,,,,,,,,,,,,,,,,,,,,,,,,,,,,,,,,,,,,3855663,,,,,,2508308,,,,,8442,,,,,,,,,,,,,,,,,,,,,,,,,,1087953,,1219615,,,,,,,,,,,,,,,,,,,,,,1020,,,,,,,,,,,,,,,,,,,,,,,,,,,,,,,,,,,,,,,,,,,,,,,,,,,,,,,,
1715731200,5/15/2024,,2664697152,,,,,,,,,,,,,,,,,,,,,,,,,,,,,,,,,,,,,,,,,,,,,,,,,,,,,,,,,,,,,,,,,,,,,,,,,,,,,,,,,,,,,,,,,,,,,,,,,,,,,,,,,,,,,,,,,,,,,,,,,,,,,,,,,,,,,,,,,,,,,,,,,,,,,,,,,,156991,,,,,,,,,,,,,,,,,,,,,,,,,,,,,,,,,,,,,,,,,,,,,,,,,,,,,,,,,,,,3849320,,,,,,2505802,,,,,8442,,,,,,,,,,,,,,,,,,,,,,,,,,1088576,,1219615,,,,,,,,,,,,,,,,,,,,,,1020,,,,,,,,,,,,,,,,,,,,,,,,,,,,,,,,,,,,,,,,,,,,,,,,,,,,,,,,
1715817600,5/16/2024,,2712468164,,,,,,,,,,,,,,,,,,,,,,,,,,,,,,,,,,,,,,,,,,,,,,,,,,,,,,,,,,,,,,,,,,,,,,,,,,,,,,,,,,,,,,,,,,,,,,,,,,,,,,,,,,,,,,,,,,,,,,,,,,,,,,,,,,,,,,,,,,,,,,,,,,,,,,,,,,157012,,,,,,,,,,,,,,,,,,,,,,,,,,,,,,,,,,,,,,,,,,,,,,,,,,,,,,,,,,,,3836935,,,,,,2502046,,,,,8442,,,,,,,,,,,,,,,,,,,,,,,,,,1160497,,1219615,,,,,,,,,,,,,,,,,,,,,,1020,,,,,,,,,,,,,,,,,,,,,,,,,,,,,,,,,,,,,,,,,,,,,,,,,,,,,,,,
1715904000,5/17/2024,,2715710254,,,,,,,,,,,,,,,,,,,,,,,,,,,,,,,,,,,,,,,,,,,,,,,,,,,,,,,,,,,,,,,,,,,,,,,,,,,,,,,,,,,,,,,,,,,,,,,,,,,,,,,,,,,,,,,,,,,,,,,,,,,,,,,,,,,,,,,,,,,,,,,,,,,,,,,,,,157033,,,,,,,,,,,,,,,,,,,,,,,,,,,,,,,,,,,,,,,,,,,,,,,,,,,,,,,,,,,,3653596,,,,,,2285553,,,,,8442,,,,,,,,,,,,,,,,,,,,,,,,,,1088117,,1222703,,,,,,,,,,,,,,,,,,,,,,1020,,,,,,,,,,,,,,,,,,,,,,,,,,,,,,,,,,,,,,,,,,,,,,,,,,,,,,,,
1715990400,5/18/2024,,2696553845,,,,,,,,,,,,,,,,,,,,,,,,,,,,,,,,,,,,,,,,,,,,,,,,,,,,,,,,,,,,,,,,,,,,,,,,,,,,,,,,,,,,,,,,,,,,,,,,,,,,,,,,,,,,,,,,,,,,,,,,,,,,,,,,,,,,,,,,,,,,,,,,,,,,,,,,,,157211,,,,,,,,,,,,,,,,,,,,,,,,,,,,,,,,,,,,,,,,,,,,,,,,,,,,,,,,,,,,3514935,,,,,,2244923,,,,,8442,,,,,,,,,,,,,,,,,,,,,,,,,,1081337,,1498954,,,,,,,,,,,,,,,,,,,,,,1020,,,,,,,,,,,,,,,,,,,,,,,,,,,,,,,,,,,,,,,,,,,,,,,,,,,,,,,,
1716076800,5/19/2024,,2699538959,,,,,,,,,,,,,,,,,,,,,,,,,,,,,,,,,,,,,,,,,,,,,,,,,,,,,,,,,,,,,,,,,,,,,,,,,,,,,,,,,,,,,,,,,,,,,,,,,,,,,,,,,,,,,,,,,,,,,,,,,,,,,,,,,,,,,,,,,,,,,,,,,,,,,,,,,,157075,,,,,,,,,,,,,,,,,,,,,,,,,,,,,,,,,,,,,,,,,,,,,,,,,,,,,,,,,,,,3434080,,,,,,2241469,,,,,8442,,,,,,,,,,,,,,,,,,,,,,,,,,1073092,,1498954,,,,,,,,,,,,,,,,,,,,,,1020,,,,,,,,,,,,,,,,,,,,,,,,,,,,,,,,,,,,,,,,,,,,,,,,,,,,,,,,
1716163200,5/20/2024,,2700419263,,,,,,,,,,,,,,,,,,,,,,,,,,,,,,,,,,,,,,,,,,,,,,,,,,,,,,,,,,,,,,,,,,,,,,,,,,,,,,,,,,,,,,,,,,,,,,,,,,,,,,,,,,,,,,,,,,,,,,,,,,,,,,,,,,,,,,,,,,,,,,,,,,,,,,,,,,157095,,,,,,,,,,,,,,,,,,,,,,,,,,,,,,,,,,,,,,,,,,,,,,,,,,,,,,,,,,,,3434898,,,,,,2206821,,,,,8442,,,,,,,,,,,,,,,,,,,,,,,,,,1075449,,1498954,,,,,,,,,,,,,,,,,,,,,,1020,,,,,,,,,,,,,,,,,,,,,,,,,,,,,,,,,,,,,,,,,,,,,,,,,,,,,,,,
1716249600,5/21/2024,,2723718150,,,,,,,,,,,,,,,,,,,,,,,,,,,,,,,,,,,,,,,,,,,,,,,,,,,,,,,,,,,,,,,,,,,,,,,,,,,,,,,,,,,,,,,,,,,,,,,,,,,,,,,,,,,,,,,,,,,,,,,,,,,,,,,,,,,,,,,,,,,,,,,,,,,,,,,,,,157116,,,,,,,,,,,,,,,,,,,,,,,,,,,,,,,,,,,,,,,,,,,,,,,,,,,,,,,,,,,,3499006,,,,,,2202088,,,,,8442,,,,,,,,,,,,,,,,,,,,,,,,,,1024087,,1498283,,,,,,,,,,,,,,,,,,,,,,1020,,,,,,,,,,,,,,,,,,,,,,,,,,,,,,,,,,,,,,,,,,,,,,,,,,,,,,,,
1716336000,5/22/2024,,2844872117,,,,,,,,,,,,,,,,,,,,,,,,,,,,,,,,,,,,,,,,,,,,,,,,,,,,,,,,,,,,,,,,,,,,,,,,,,,,,,,,,,,,,,,,,,,,,,,,,,,,,,,,,,,,,,,,,,,,,,,,,,,,,,,,,,,,,,,,,,,,,,,,,,,,,,,,,,157137,,,,,,,,,,,,,,,,,,,,,,,,,,,,,,,,,,,,,,,,,,,,,,,,,,,,,,,,,,,,2907235,,,,,,2121684,,,,,8442,,,,,,,,,,,,,,,,,,,,,,,,,,1002281,,1498283,,,,,,,,,,,,,,,,,,,,,,1020,,,,,,,,,,,,,,,,,,,,,,,,,,,,,,,,,,,,,,,,,,,,,,,,,,,,,,,,
1716422400,5/23/2024,,2851533950,,,,,,,,,,,,,,,,,,,,,,,,,,,,,,,,,,,,,,,,,,,,,,,,,,,,,,,,,,,,,,,,,,,,,,,,,,,,,,,,,,,,,,,,,,,,,,,,,,,,,,,,,,,,,,,,,,,,,,,,,,,,,,,,,,,,,,,,,,,,,,,,,,,,,,,,,,157158,,,,,,,,,,,,,,,,,,,,,,,,,,,,,,,,,,,,,,,,,,,,,,,,,,,,,,,,,,,,2619900,,,,,,2119861,,,,,8442,,,,,,,,,,,,,,,,,,,,,,,,,,981384,,1500781,,,,,,,,,,,,,,,,,,,,,,1020,,,,,,,,,,,,,,,,,,,,,,,,,,,,,,,,,,,,,,,,,,,,,,,,,,,,,,,,
1716508800,5/24/2024,,2973102644,,,,,,,,,,,,,,,,,,,,,,,,,,,,,,,,,,,,,,,,,,,,,,,,,,,,,,,,,,,,,,,,,,,,,,,,,,,,,,,,,,,,,,,,,,,,,,,,,,,,,,,,,,,,,,,,,,,,,,,,,,,,,,,,,,,,,,,,,,,,,,,,,,,,,,,,,,157179,,,,,,,,,,,,,,,,,,,,,,,,,,,,,,,,,,,,,,,,,,,,,,,,,,,,,,,,,,,,2338226,,,,,,1579334,,,,,8442,,,,,,,,,,,,,,,,,,,,,,,,,,974134,,1865438,,,,,,,,,,,,,,,,,,,,,,1020,,,,,,,,,,,,,,,,,,,,,,,,,,,,,,,,,,,,,,,,,,,,,,,,,,,,,,,,
1716595200,5/25/2024,,2977175937,,,,,,,,,,,,,,,,,,,,,,,,,,,,,,,,,,,,,,,,,,,,,,,,,,,,,,,,,,,,,,,,,,,,,,,,,,,,,,,,,,,,,,,,,,,,,,,,,,,,,,,,,,,,,,,,,,,,,,,,,,,,,,,,,,,,,,,,,,,,,,,,,,,,,,,,,,157199,,,,,,,,,,,,,,,,,,,,,,,,,,,,,,,,,,,,,,,,,,,,,,,,,,,,,,,,,,,,2376309,,,,,,1571413,,,,,8442,,,,,,,,,,,,,,,,,,,,,,,,,,963149,,1865438,,,,,,,,,,,,,,,,,,,,,,1020,,,,,,,,,,,,,,,,,,,,,,,,,,,,,,,,,,,,,,,,,,,,,,,,,,,,,,,,
1716681600,5/26/2024,,2976428100,,,,,,,,,,,,,,,,,,,,,,,,,,,,,,,,,,,,,,,,,,,,,,,,,,,,,,,,,,,,,,,,,,,,,,,,,,,,,,,,,,,,,,,,,,,,,,,,,,,,,,,,,,,,,,,,,,,,,,,,,,,,,,,,,,,,,,,,,,,,,,,,,,,,,,,,,,157220,,,,,,,,,,,,,,,,,,,,,,,,,,,,,,,,,,,,,,,,,,,,,,,,,,,,,,,,,,,,2348163,,,,,,1644440,,,,,8442,,,,,,,,,,,,,,,,,,,,,,,,,,974485,,1865438,,,,,,,,,,,,,,,,,,,,,,1020,,,,,,,,,,,,,,,,,,,,,,,,,,,,,,,,,,,,,,,,,,,,,,,,,,,,,,,,
1716768000,5/27/2024,,3014244161,,,,,,,,,,,,,,,,,,,,,,,,,,,,,,,,,,,,,,,,,,,,,,,,,,,,,,,,,,,,,,,,,,,,,,,,,,,,,,,,,,,,,,,,,,,,,,,,,,,,,,,,,,,,,,,,,,,,,,,,,,,,,,,,,,,,,,,,,,,,,,,,,,,,,,,,,,157241,,,,,,,,,,,,,,,,,,,,,,,,,,,,,,,,,,,,,,,,,,,,,,,,,,,,,,,,,,,,2363304,,,,,,1642121,,,,,8442,,,,,,,,,,,,,,,,,,,,,,,,,,979807,,1865438,,,,,,,,,,,,,,,,,,,,,,1020,,,,,,,,,,,,,,,,,,,,,,,,,,,,,,,,,,,,,,,,,,,,,,,,,,,,,,,,
1716854400,5/28/2024,,3012302191,,,,,,,,,,,,,,,,,,,,,,,,,,,,,,,,,,,,,,,,,,,,,,,,,,,,,,,,,,,,,,,,,,,,,,,,,,,,,,,,,,,,,,,,,,,,,,,,,,,,,,,,,,,,,,,,,,,,,,,,,,,,,,,,,,,,,,,,,,,,,,,,,,,,,,,,,,157262,,,,,,,,,,,,,,,,,,,,,,,,,,,,,,,,,,,,,,,,,,,,,,,,,,,,,,,,,,,,2501373,,,,,,1675204,,,,,8442,,,,,,,,,,,,,,,,,,,,,,,,,,954903,,2274104,,,,,,,,,,,,,,,,,,,,,,1020,,,,,,,,,,,,,,,,,,,,,,,,,,,,,,,,,,,,,,,,,,,,,,,,,,,,,,,,
1716940800,5/29/2024,,3030434317,,,,,,,,,,,,,,,,,,,,,,,,,,,,,,,,,,,,,,,,,,,,,,,,,,,,,,,,,,,,,,,,,,,,,,,,,,,,,,,,,,,,,,,,,,,,,,,,,,,,,,,,,,,,,,,,,,,,,,,,,,,,,,,,,,,,,,,,,,,,,,,,,,,,,,,,,,157283,,,,,,,,,,,,,,,,,,,,,,,,,,,,,,,,,,,,,,,,,,,,,,,,,,,,,,,,,,,,2532547,,,,,,1527739,,,,,8442,,,,,,,,,,,,,,,,,,,,,,,,,,927750,,2274104,,,,,,,,,,,,,,,,,,,,,,1020,,,,,,,,,,,,,,,,,,,,,,,,,,,,,,,,,,,,,,,,,,,,,,,,,,,,,,,,
1717027200,5/30/2024,,3004560643,,,,,,,,,,,,,,,,,,,,,,,,,,,,,,,,,,,,,,,,,,,,,,,,,,,,,,,,,,,,,,,,,,,,,,,,,,,,,,,,,,,,,,,,,,,,,,,,,,,,,,,,,,,,,,,,,,,,,,,,,,,,,,,,,,,,,,,,,,,,,,,,,,,,,,,,,,157304,,,,,,,,,,,,,,,,,,,,,,,,,,,,,,,,,,,,,,,,,,,,,,,,,,,,,,,,,,,,2601088,,,,,,1533850,,,,,8442,,,,,,,,,,,,,,,,,,,,,,,,,,896683,,2294104,,,,,,,,,,,,,,,,,,,,,,1020,,,,,,,,,,,,,,,,,,,,,,,,,,,,,,,,,,,,,,,,,,,,,,,,,,,,,,,,
1717113600,5/31/2024,,3008825795,,,,,,,,,,,,,,,,,,,,,,,,,,,,,,,,,,,,,,,,,,,,,,,,,,,,,,,,,,,,,,,,,,,,,,,,,,,,,,,,,,,,,,,,,,,,,,,,,,,,,,,,,,,,,,,,,,,,,,,,,,,,,,,,,,,,,,,,,,,,,,,,,,,,,,,,,,265182,,,,,,,,,,,,,,,,,,,,,,,,,,,,,,,,,,,,,,,,,,,,,,,,,,,,,,,,,,,,2574001,,,,,,1647614,,,,,8442,,,,,,,,,,,,,,,,,,,,,,,,,,1530886,,2294104,,,,,,,,,,,,,,,,,,,,,,1020,,,,,,,,,,,,,,,,,,,,,,,,,,,,,,,,,,,,,,,,,,,,,,,,,,,,,,,,
1717200000,6/1/2024,,3004352322,,,,,,,,,,,,,,,,,,,,,,,,,,,,,,,,,,,,,,,,,,,,,,,,,,,,,,,,,,,,,,,,,,,,,,,,,,,,,,,,,,,,,,,,,,,,,,,,,,,,,,,,,,,,,,,,,,,,,,,,,,,,,,,,,,,,,,,,,,,,,,,,,,,,,,,,,,265217,,,,,,,,,,,,,,,,,,,,,,,,,,,,,,,,,,,,,,,,,,,,,,,,,,,,,,,,,,,,2555574,,,,,,1705959,,,,,8442,,,,,,,,,,,,,,,,,,,,,,,,,,1530254,,2297805,,,,,,,,,,,,,,,,,,,,,,1020,,,,,,,,,,,,,,,,,,,,,,,,,,,,,,,,,,,,,,,,,,,,,,,,,,,,,,,,
1717286400,6/2/2024,,3018681135,,,,,,,,,,,,,,,,,,,,,,,,,,,,,,,,,,,,,,,,,,,,,,,,,,,,,,,,,,,,,,,,,,,,,,,,,,,,,,,,,,,,,,,,,,,,,,,,,,,,,,,,,,,,,,,,,,,,,,,,,,,,,,,,,,,,,,,,,,,,,,,,,,,,,,,,,,265252,,,,,,,,,,,,,,,,,,,,,,,,,,,,,,,,,,,,,,,,,,,,,,,,,,,,,,,,,,,,2562743,,,,,,1704264,,,,,8442,,,,,,,,,,,,,,,,,,,,,,,,,,874458,,2241523,,,,,,,,,,,,,,,,,,,,,,1020,,,,,,,,,,,,,,,,,,,,,,,,,,,,,,,,,,,,,,,,,,,,,,,,,,,,,,,,
1717372800,6/3/2024,,3034420221,,,,,,,,,,,,,,,,,,,,,,,,,,,,,,,,,,,,,,,,,,,,,,,,,,,,,,,,,,,,,,,,,,,,,,,,,,,,,,,,,,,,,,,,,,,,,,,,,,,,,,,,,,,,,,,,,,,,,,,,,,,,,,,,,,,,,,,,,,,,,,,,,,,,,,,,,,265075,,,,,,,,,,,,,,,,,,,,,,,,,,,,,,,,,,,,,,,,,,,,,,,,,,,,,,,,,,,,2565864,,,,,,1715989,,,,,8442,,,,,,,,,,,,,,,,,,,,,,,,,,1315717,,2241523,,,,,,,,,,,,,,,,,,,,,,1020,,,,,,,,,,,,,,,,,,,,,,,,,,,,,,,,,,,,,,,,,,,,,,,,,,,,,,,,
1717459200,6/4/2024,,3116181587,,,,,,,,,,,,,,,,,,,,,,,,,,,,,,,,,,,,,,,,,,,,,,,,,,,,,,,,,,,,,,,,,,,,,,,,,,,,,,,,,,,,,,,,,,,,,,,,,,,,,,,,,,,,,,,,,,,,,,,,,,,,,,,,,,,,,,,,,,,,,,,,,,,,,,,,,,265323,,,,,,,,,,,,,,,,,,,,,,,,,,,,,,,,,,,,,,,,,,,,,,,,,,,,,,,,,,,,2573728,,,,,,1715960,,,,,8442,,,,,,,,,,,,,,,,,,,,,,,,,,731785,,2241523,,,,,,,,,,,,,,,,,,,,,,1020,,,,,,,,,,,,,,,,,,,,,,,,,,,,,,,,,,,,,,,,,,,,,,,,,,,,,,,,
1717545600,6/5/2024,,3115735164,,,,,,,,,,,,,,,,,,,,,,,,,,,,,,,,,,,,,,,,,,,,,,,,,,,,,,,,,,,,,,,,,,,,,,,,,,,,,,,,,,,,,,,,,,,,,,,,,,,,,,,,,,,,,,,,,,,,,,,,,,,,,,,,,,,,,,,,,,,,,,,,,,,,,,,,,,455152,,,,,,,,,,,,,,,,,,,,,,,,,,,,,,,,,,,,,,,,,,,,,,,,,,,,,,,,,,,,2734167,,,,,,1715960,,,,,8442,,,,,,,,,,,,,,,,,,,,,,,,,,744698,,2406243,,,,,,,,,,,,,,,,,,,,,,1020,,,,,,,,,,,,,,,,,,,,,,,,,,,,,,,,,,,,,,,,,,,,,,,,,,,,,,,,
1717632000,6/6/2024,,3120777900,,,,,,,,,,,,,,,,,,,,,,,,,,,,,,,,,,,,,,,,,,,,,,,,,,,,,,,,,,,,,,,,,,,,,,,,,,,,,,,,,,,,,,,,,,,,,,,,,,,,,,,,,,,,,,,,,,,,,,,,,,,,,,,,,,,,,,,,,,,,,,,,,,,,,,,,,,454750,,,,,,,,,,,,,,,,,,,,,,,,,,,,,,,,,,,,,,,,,,,,,,,,,,,,,,,,,,,,2700984,,,,,,1716103,,,,,8442,,,,,,,,,,,,,,,,,,,,,,,,,,750843,,2432243,,,,,,,,,,,,,,,,,,,,,,1020,,,,,,,,,,,,,,,,,,,,,,,,,,,,,,,,,,,,,,,,,,,,,,,,,,,,,,,,
1717718400,6/7/2024,,3124603049,,,,,,,,,,,,,,,,,,,,,,,,,,,,,,,,,,,,,,,,,,,,,,,,,,,,,,,,,,,,,,,,,,,,,,,,,,,,,,,,,,,,,,,,,,,,,,,,,,,,,,,,,,,,,,,,,,,,,,,,,,,,,,,,,,,,,,,,,,,,,,,,,,,,,,,,,,454675,,,,,,,,,,,,,,,,,,,,,,,,,,,,,,,,,,,,,,,,,,,,,,,,,,,,,,,,,,,,2705451,,,,,,1716229,,,,,8442,,,,,,,,,,,,,,,,,,,,,,,,,,749191,,2432243,,,,,,,,,,,,,,,,,,,,,,1020,,,,,,,,,,,,,,,,,,,,,,,,,,,,,,,,,,,,,,,,,,,,,,,,,,,,,,,,
1717804800,6/8/2024,,3099361480,,,,,,,,,,,,,,,,,,,,,,,,,,,,,,,,,,,,,,,,,,,,,,,,,,,,,,,,,,,,,,,,,,,,,,,,,,,,,,,,,,,,,,,,,,,,,,,,,,,,,,,,,,,,,,,,,,,,,,,,,,,,,,,,,,,,,,,,,,,,,,,,,,,,,,,,,,454363,,,,,,,,,,,,,,,,,,,,,,,,,,,,,,,,,,,,,,,,,,,,,,,,,,,,,,,,,,,,2709425,,,,,,1715289,,,,,8442,,,,,,,,,,,,,,,,,,,,,,,,,,749362,,2389742,,,,,,,,,,,,,,,,,,,,,,1020,,,,,,,,,,,,,,,,,,,,,,,,,,,,,,,,,,,,,,,,,,,,,,,,,,,,,,,,
1717891200,6/9/2024,,3096865611,,,,,,,,,,,,,,,,,,,,,,,,,,,,,,,,,,,,,,,,,,,,,,,,,,,,,,,,,,,,,,,,,,,,,,,,,,,,,,,,,,,,,,,,,,,,,,,,,,,,,,,,,,,,,,,,,,,,,,,,,,,,,,,,,,,,,,,,,,,,,,,,,,,,,,,,,,454107,,,,,,,,,,,,,,,,,,,,,,,,,,,,,,,,,,,,,,,,,,,,,,,,,,,,,,,,,,,,2775978,,,,,,1715402,,,,,8442,,,,,,,,,,,,,,,,,,,,,,,,,,747117,,2456434,,,,,,,,,,,,,,,,,,,,,,1020,,,,,,,,,,,,,,,,,,,,,,,,,,,,,,,,,,,,,,,,,,,,,,,,,,,,,,,,
1717977600,6/10/2024,,3096720364,,,,,,,,,,,,,,,,,,,,,,,,,,,,,,,,,,,,,,,,,,,,,,,,,,,,,,,,,,,,,,,,,,,,,,,,,,,,,,,,,,,,,,,,,,,,,,,,,,,,,,,,,,,,,,,,,,,,,,,,,,,,,,,,,,,,,,,,,,,,,,,,,,,,,,,,,,454863,,,,,,,,,,,,,,,,,,,,,,,,,,,,,,,,,,,,,,,,,,,,,,,,,,,,,,,,,,,,2779557,,,,,,1715403,,,,,8442,,,,,,,,,,,,,,,,,,,,,,,,,,751938,,2456334,,,,,,,,,,,,,,,,,,,,,,1020,,,,,,,,,,,,,,,,,,,,,,,,,,,,,,,,,,,,,,,,,,,,,,,,,,,,,,,,
1718064000,6/11/2024,,3143579275,,,,,,,,,,,,,,,,,,,,,,,,,,,,,,,,,,,,,,,,,,,,,,,,,,,,,,,,,,,,,,,,,,,,,,,,,,,,,,,,,,,,,,,,,,,,,,,,,,,,,,,,,,,,,,,,,,,,,,,,,,,,,,,,,,,,,,,,,,,,,,,,,,,,,,,,,,454576,,,,,,,,,,,,,,,,,,,,,,,,,,,,,,,,,,,,,,,,,,,,,,,,,,,,,,,,,,,,2784950,,,,,,1716404,,,,,8442,,,,,,,,,,,,,,,,,,,,,,,,,,759524,,2365233,,,,,,,,,,,,,,,,,,,,,,1020,,,,,,,,,,,,,,,,,,,,,,,,,,,,,,,,,,,,,,,,,,,,,,,,,,,,,,,,
1718150400,6/12/2024,,3147824640,,,,,,,,,,,,,,,,,,,,,,,,,,,,,,,,,,,,,,,,,,,,,,,,,,,,,,,,,,,,,,,,,,,,,,,,,,,,,,,,,,,,,,,,,,,,,,,,,,,,,,,,,,,,,,,,,,,,,,,,,,,,,,,,,,,,,,,,,,,,,,,,,,,,,,,,,,455576,,,,,,,,,,,,,,,,,,,,,,,,,,,,,,,,,,,,,,,,,,,,,,,,,,,,,,,,,,,,2782543,,,,,,1716404,,,,,8442,,,,,,,,,,,,,,,,,,,,,,,,,,689277,,2365233,,,,,,,,,,,,,,,,,,,,,,1020,,,,,,,,,,,,,,,,,,,,,,,,,,,,,,,,,,,,,,,,,,,,,,,,,,,,,,,,
1718236800,6/13/2024,,3133960399,,,,,,,,,,,,,,,,,,,,,,,,,,,,,,,,,,,,,,,,,,,,,,,,,,,,,,,,,,,,,,,,,,,,,,,,,,,,,,,,,,,,,,,,,,,,,,,,,,,,,,,,,,,,,,,,,,,,,,,,,,,,,,,,,,,,,,,,,,,,,,,,,,,,,,,,,,453893,,,,,,,,,,,,,,,,,,,,,,,,,,,,,,,,,,,,,,,,,,,,,,,,,,,,,,,,,,,,2824106,,,,,,1719929,,,,,8442,,,,,,,,,,,,,,,,,,,,,,,,,,674656,,2079165,,,,,,,,,,,,,,,,,,,,,,1020,,,,,,,,,,,,,,,,,,,,,,,,,,,,,,,,,,,,,,,,,,,,,,,,,,,,,,,,
1718323200,6/14/2024,,3180119443,,,,,,,,,,,,,,,,,,,,,,,,,,,,,,,,,,,,,,,,,,,,,,,,,,,,,,,,,,,,,,,,,,,,,,,,,,,,,,,,,,,,,,,,,,,,,,,,,,,,,,,,,,,,,,,,,,,,,,,,,,,,,,,,,,,,,,,,,,,,,,,,,,,,,,,,,,454816,,,,,,,,,,,,,,,,,,,,,,,,,,,,,,,,,,,,,,,,,,,,,,,,,,,,,,,,,,,,2719938,,,,,,1719929,,,,,8442,,,,,,,,,,,,,,,,,,,,,,,,,,637127,,2079165,,,,,,,,,,,,,,,,,,,,,,1020,,,,,,,,,,,,,,,,,,,,,,,,,,,,,,,,,,,,,,,,,,,,,,,,,,,,,,,,
1718409600,6/15/2024,,3165459287,,,,,,,,,,,,,,,,,,,,,,,,,,,,,,,,,,,,,,,,,,,,,,,,,,,,,,,,,,,,,,,,,,,,,,,,,,,,,,,,,,,,,,,,,,,,,,,,,,,,,,,,,,,,,,,,,,,,,,,,,,,,,,,,,,,,,,,,,,,,,,,,,,,,,,,,,,455758,,,,,,,,,,,,,,,,,,,,,,,,,,,,,,,,,,,,,,,,,,,,,,,,,,,,,,,,,,,,2711850,,,,,,1719929,,,,,8442,,,,,,,,,,,,,,,,,,,,,,,,,,633951,,2079165,,,,,,,,,,,,,,,,,,,,,,1020,,,,,,,,,,,,,,,,,,,,,,,,,,,,,,,,,,,,,,,,,,,,,,,,,,,,,,,,
1718496000,6/16/2024,,3108613166,,,,,,,,,,,,,,,,,,,,,,,,,,,,,,,,,,,,,,,,,,,,,,,,,,,,,,,,,,,,,,,,,,,,,,,,,,,,,,,,,,,,,,,,,,,,,,,,,,,,,,,,,,,,,,,,,,,,,,,,,,,,,,,,,,,,,,,,,,,,,,,,,,,,,,,,,,459006,,,,,,,,,,,,,,,,,,,,,,,,,,,,,,,,,,,,,,,,,,,,,,,,,,,,,,,,,,,,2727951,,,,,,1719929,,,,,8442,,,,,,,,,,,,,,,,,,,,,,,,,,646961,,2079165,,,,,,,,,,,,,,,,,,,,,,1020,,,,,,,,,,,,,,,,,,,,,,,,,,,,,,,,,,,,,,,,,,,,,,,,,,,,,,,,
1718582400,6/17/2024,,3111859047,,,,,,,,,,,,,,,,,,,,,,,,,,,,,,,,,,,,,,,,,,,,,,,,,,,,,,,,,,,,,,,,,,,,,,,,,,,,,,,,,,,,,,,,,,,,,,,,,,,,,,,,,,,,,,,,,,,,,,,,,,,,,,,,,,,,,,,,,,,,,,,,,,,,,,,,,,455390,,,,,,,,,,,,,,,,,,,,,,,,,,,,,,,,,,,,,,,,,,,,,,,,,,,,,,,,,,,,2680036,,,,,,1719929,,,,,8442,,,,,,,,,,,,,,,,,,,,,,,,,,647420,,2079165,,,,,,,,,,,,,,,,,,,,,,1020,,,,,,,,,,,,,,,,,,,,,,,,,,,,,,,,,,,,,,,,,,,,,,,,,,,,,,,,
1718668800,6/18/2024,,3113830551,,,,,,,,,,,,,,,,,,,,,,,,,,,,,,,,,,,,,,,,,,,,,,,,,,,,,,,,,,,,,,,,,,,,,,,,,,,,,,,,,,,,,,,,,,,,,,,,,,,,,,,,,,,,,,,,,,,,,,,,,,,,,,,,,,,,,,,,,,,,,,,,,,,,,,,,,,456850,,,,,,,,,,,,,,,,,,,,,,,,,,,,,,,,,,,,,,,,,,,,,,,,,,,,,,,,,,,,2676051,,,,,,1719929,,,,,8442,,,,,,,,,,,,,,,,,,,,,,,,,,596022,,2079413,,,,,,,,,,,,,,,,,,,,,,1020,,,,,,,,,,,,,,,,,,,,,,,,,,,,,,,,,,,,,,,,,,,,,,,,,,,,,,,,
1718755200,6/19/2024,,3105216164,,,,,,,,,,,,,,,,,,,,,,,,,,,,,,,,,,,,,,,,,,,,,,,,,,,,,,,,,,,,,,,,,,,,,,,,,,,,,,,,,,,,,,,,,,,,,,,,,,,,,,,,,,,,,,,,,,,,,,,,,,,,,,,,,,,,,,,,,,,,,,,,,,,,,,,,,,454266,,,,,,,,,,,,,,,,,,,,,,,,,,,,,,,,,,,,,,,,,,,,,,,,,,,,,,,,,,,,2693992,,,,,,1719757,,,,,8442,,,,,,,,,,,,,,,,,,,,,,,,,,604481,,1664768,,,,,,,,,,,,,,,,,,,,,,1020,,,,,,,,34,,,,,,,,,,,,,,,,,,,,,,,,,,,,,,,,,,,,,,,,,,,,,,,,
1718841600,6/20/2024,,3102889354,,,,,,,,,,,,,,,,,,,,,,,,,,,,,,,,,,,,,,,,,,,,,,,,,,,,,,,,,,,,,,,,,,,,,,,,,,,,,,,,,,,,,,,,,,,,,,,,,,,,,,,,,,,,,,,,,,,,,,,,,,,,,,,,,,,,,,,,,,,,,,,,,,,,,,,,,,454564,,,,,,,,,,,,,,,,,,,,,,,,,,,,,,,,,,,,,,,,,,,,,,,,,,,,,,,,,,,,2694042,,,,,,1719757,,,,,8442,,,,,,,,,,,,,,,,,,,,,,,,,,620313,,1614693,,,,,,,,,,,,,,,,,,,,,,1020,,,,,,,,29,,,,,,,,,,,,,,,,,,,,,,,,,,,,,,,,,,,,,,,,,,,,,,,,
1718928000,6/21/2024,,3113986564,,,,,,,,,,,,,,,,,,,,,,,,,,,,,,,,,,,,,,,,,,,,,,,,,,,,,,,,,,,,,,,,,,,,,,,,,,,,,,,,,,,,,,,,,,,,,,,,,,,,,,,,,,,,,,,,,,,,,,,,,,,,,,,,,,,,,,,,,,,,,,,,,,,,,,,,,,456121,,,,,,,,,,,,,,,,,,,,,,,,,,,,,,,,,,,,,,,,,,,,,,,,,,,,,,,,,,,,2784477,,,,,,1717965,,,,,8442,,,,,,,,,,,,,,,,,,,,,,,,,,607601,,1602194,,,,,,,,,,,,,,,,,,,,,,1020,,,,,,,,30,,,,,,,,,,,,,,,,,,,,,,,,,,,,,,,,,,,,,,,,,,,,,,,,
1719014400,6/22/2024,,3107924923,,,,,,,,,,,,,,,,,,,,,,,,,,,,,,,,,,,,,,,,,,,,,,,,,,,,,,,,,,,,,,,,,,,,,,,,,,,,,,,,,,,,,,,,,,,,,,,,,,,,,,,,,,,,,,,,,,,,,,,,,,,,,,,,,,,,,,,,,,,,,,,,,,,,,,,,,,455188,,,,,,,,,,,,,,,,,,,,,,,,,,,,,,,,,,,,,,,,,,,,,,,,,,,,,,,,,,,,2715207,,,,,,1717965,,,,,8442,,,,,,,,,,,,,,,,,,,,,,,,,,607123,,1531794,,,,,,,,,,,,,,,,,,,,,,1020,,,,,,,,29,,,,,,,,,,,,,,,,,,,,,,,,,,,,,,,,,,,,,,,,,,,,,,,,
1719100800,6/23/2024,,3105330642,,,,,,,,,,,,,,,,,,,,,,,,,,,,,,,,,,,,,,,,,,,,,,,,,,,,,,,,,,,,,,,,,,,,,,,,,,,,,,,,,,,,,,,,,,,,,,,,,,,,,,,,,,,,,,,,,,,,,,,,,,,,,,,,,,,,,,,,,,,,,,,,,,,,,,,,,,454696,,,,,,,,,,,,,,,,,,,,,,,,,,,,,,,,,,,,,,,,,,,,,,,,,,,,,,,,,,,,2698214,,,,,,1717965,,,,,8442,,,,,,,,,,,,,,,,,,,,,,,,,,601866,,1410155,,,,,,,,,,,,,,,,,,,,,,1020,,,,,,,,29,,,,,,,,,,,,,,,,,,,,,,,,,,,,,,,,,,,,,,,,,,,,,,,,
1719187200,6/24/2024,,3102007537,,,,,,,,,,,,,,,,,,,,,,,,,,,,,,,,,,,,,,,,,,,,,,,,,,,,,,,,,,,,,,,,,,,,,,,,,,,,,,,,,,,,,,,,,,,,,,,,,,,,,,,,,,,,,,,,,,,,,,,,,,,,,,,,,,,,,,,,,,,,,,,,,,,,,,,,,,457215,,,,,,,,,,,,,,,,,,,,,,,,,,,,,,,,,,,,,,,,,,,,,,,,,,,,,,,,,,,,2743393,,,,,,1717965,,,,,8442,,,,,,,,,,,,,,,,,,,,,,,,,,598789,,1410154,,,,,,,,,,,,,,,,,,,,,,1020,,,,,,,,29,,,,,,,,,,,,,,,,,,,,,,,,,,,,,,,,,,,,,,,,,,,,,,,,
1719273600,6/25/2024,,3102995733,,,,,,,,,,,,,,,,,,,,,,,,,,,,,,,,,,,,,,,,,,,,,,,,,,,,,,,,,,,,,,,,,,,,,,,,,,,,,,,,,,,,,,,,,,,,,,,,,,,,,,,,,,,,,,,,,,,,,,,,,,,,,,,,,,,,,,,,,,,,,,,,,,,,,,,,,,454938,,,,,,,,,,,,,,,,,,,,,,,,,,,,,,,,,,,,,,,,,,,,,,,,,,,,,,,,,,,,2697366,,,,,,1720343,,,,,8442,,,,,,,,,,,,,,,,,,,,,,,,,,508680,,1387556,,,,,,,,,,,,,,,,,,,,,,1020,,,,,,,,36,,,,,,,,,,,,,,,,,,,,,,,,,,,,,,,,,,,,,,,,,,,,,,,,
1719360000,6/26/2024,,3124598716,,,,,,,,,,,,,,,,,,,,,,,,,,,,,,,,,,,,,,,,,,,,,,,,,,,,,,,,,,,,,,,,,,,,,,,,,,,,,,,,,,,,,,,,,,,,,,,,,,,,,,,,,,,,,,,,,,,,,,,,,,,,,,,,,,,,,,,,,,,,,,,,,,,,,,,,,,455392,,,,,,,,,,,,,,,,,,,,,,,,,,,,,,,,,,,,,,,,,,,,,,,,,,,,,,,,,,,,2706880,,,,,,1720343,,,,,8442,,,,,,,,,,,,,,,,,,,,,,,,,,498553,,1346436,,,,,,,,,,,,,,,,,,,,,,1020,,,,,,,,47,,,,,,,,,,,,,,,,,,,,,,,,,,,,,,,,,,,,,,,,,,,,,,,,
1719446400,6/27/2024,,3113432559,,,,,,,,,,,,,,,,,,,,,,,,,,,,,,,,,,,,,,,,,,,,,,,,,,,,,,,,,,,,,,,,,,,,,,,,,,,,,,,,,,,,,,,,,,,,,,,,,,,,,,,,,,,,,,,,,,,,,,,,,,,,,,,,,,,,,,,,,,,,,,,,,,,,,,,,,,456024,,,,,,,,,,,,,,,,,,,,,,,,,,,,,,,,,,,,,,,,,,,,,,,,,,,,,,,,,,,,2705961,,,,,,1720343,,,,,8442,,,,,,,,,,,,,,,,,,,,,,,,,,426204,,1346436,,,,,,,,,,,,,,,,,,,,,,1020,,,,,,,,66849,,,,,,,,,,,,,,,,,,,,,,,,,,,,,,,,,,,,,,,,,,,,,,,,
1719532800,6/28/2024,,3045752799,,,,,,,,,,,,,,,,,,,,,,,,,,,,,,,,,,,,,,,,,,,,,,,,,,,,,,,,,,,,,,,,,,,,,,,,,,,,,,,,,,,,,,,,,,,,,,,,,,,,,,,,,,,,,,,,,,,,,,,,,,,,,,,,,,,,,,,,,,,,,,,,,,,,,,,,,,454743,,,,,,,,,,,,,,,,,,,,,,,,,,,,,,,,,,,,,,,,,,,,,,,,,,,,,,,,,,,,2431265,,,,,,1712660,,,,,8442,,,,,,,,,,,,,,,,,,,,,,,,,,526958,,1142309,,,,,,,,,,,,,,,,,,,,,,1020,,,,,,,,66724,,,,,,,,,,,,,,,,,,,,,,,,,,,,,,,,,,,,,,,,,,,,,,,,
1719619200,6/29/2024,,3026874437,,,,,,,,,,,,,,,,,,,,,,,,,,,,,,,,,,,,,,,,,,,,,,,,,,,,,,,,,,,,,,,,,,,,,,,,,,,,,,,,,,,,,,,,,,,,,,,,,,,,,,,,,,,,,,,,,,,,,,,,,,,,,,,,,,,,,,,,,,,,,,,,,,,,,,,,,,455520,,,,,,,,,,,,,,,,,,,,,,,,,,,,,,,,,,,,,,,,,,,,,,,,,,,,,,,,,,,,2364033,,,,,,1712660,,,,,8442,,,,,,,,,,,,,,,,,,,,,,,,,,511092,,1142309,,,,,,,,,,,,,,,,,,,,,,1020,,,,,,,,66786,,,,,,,,,,,,,,,,,,,,,,,,,,,,,,,,,,,,,,,,,,,,,,,,
1719705600,6/30/2024,,3018822833,,,,,,,,,,,,,,,,,,,,,,,,,,,,,,,,,,,,,,,,,,,,,,,,,,,,,,,,,,,,,,,,,,,,,,,,,,,,,,,,,,,,,,,,,,,,,,,,,,,,,,,,,,,,,,,,,,,,,,,,,,,,,,,,,,,,,,,,,,,,,,,,,,,,,,,,,,457123,,,,,,,,,,,,,,,,,,,,,,,,,,,,,,,,,,,,,,,,,,,,,,,,,,,,,,,,,,,,2364180,,,,,,1712660,,,,,8442,,,,,,,,,,,,,,,,,,,,,,,,,,516146,,1142209,,,,,,,,,,,,,,,,,,,,,,1020,,,,,,,,66911,,,,,,,,,,,,,,,,,,,,,,,,,,,,,,,,,,,,,,,,,,,,,,,,
1719792000,7/1/2024,,3023101261,,,,,,,,,,,,,,,,,,,,,,,,,,,,,,,,,,,,,,,,,,,,,,,,,,,,,,,,,,,,,,,,,,,,,,,,,,,,,,,,,,,,,,,,,,,,,,,,,,,,,,,,,,,,,,,,,,,,,,,,,,,,,,,,,,,,,,,,,,,,,,,,,,,,,,,,,,454472,,,,,,,,,,,,,,,,,,,,,,,,,,,,,,,,,,,,,,,,,,,,,,,,,,,,,,,,,,,,2364550,,,,,,1701213,,,,,8442,,,,,,,,,,,,,,,,,,,,,,,,,,525775,,1142209,,,,,,,,,,,,,,,,,,,,,,1020,,,,,,,,67036,,,,,,,,,,,,,,,,,,,,,,,,,,,,,,,,,,,,,,,,,,,,,,,,
1719878400,7/2/2024,,3103200000,,,,,,,,,,,,,,,,,,,,,,,,,,,,,,,,,,,,,,,,,,,,,,,,,,,,,,,,,,,,,,,,,,,,,,,,,,,,,,,,,,,,,,,,,,,,,,,,,,,,,,,,,,,,,,,,,,,,,,,,,,,,,,,,,,,,,,,,,,,,,,,,,,,,,,,,,,455719,,,,,,,,,,,,,,,,,,,,,,,,,,,,,,,,,,,,,,,,,,,,,,,,,,,,,,,,,,,,2365859,,,,,,1686379,,,,,8442,,,,,,,,,,,,,,,,,,,,,,,,,,661486,,1142209,,,,,,,,,,,,,,,,,,,,,,1020,,,,,,,,29,,,,,,,,,,,,,,,,,,,,,,,,,,,,,,,,,,,,,,,,,,,,,,,,
1719964800,7/3/2024,,3101334034,,,,,,,,,,,,,,,,,,,,,,,,,,,,,,,,,,,,,,,,,,,,,,,,,,,,,,,,,,,,,,,,,,,,,,,,,,,,,,,,,,,,,,,,,,,,,,,,,,,,,,,,,,,,,,,,,,,,,,,,,,,,,,,,,,,,,,,,,,,,,,,,,,,,,,,,,,456849,,,,,,,,,,,,,,,,,,,,,,,,,,,,,,,,,,,,,,,,,,,,,,,,,,,,,,,,,,,,2384848,,,,,,1575760,,,,,8442,,,,,,,,,,,,,,,,,,,,,,,,,,677113,,1100800,,,,,,,,,,,,,,,,,,,,,,1029,,,,,,,,29,,,,,,,,,,,,,,,,,,,,,,,,,,,,,,,,,,,,,,,,,,,,,,,,
1720051200,7/4/2024,,3096357874,,,,,,,,,,,,,,,,,,,,,,,,,,,,,,,,,,,,,,,,,,,,,,,,,,,,,,,,,,,,,,,,,,,,,,,,,,,,,,,,,,,,,,,,,,,,,,,,,,,,,,,,,,,,,,,,,,,,,,,,,,,,,,,,,,,,,,,,,,,,,,,,,,,,,,,,,,455381,,,,,,,,,,,,,,,,,,,,,,,,,,,,,,,,,,,,,,,,,,,,,,,,,,,,,,,,,,,,2382908,,,,,,1576002,,,,,8442,,,,,,,,,,,,,,,,,,,,,,,,,,818860,,1102562,,,,,,,,,,,,,,,,,,,,,,1030,,,,,,,,29,,,,,,,,,,,,,,,,,,,,,,,,,,,,,,,,,,,,,,,,,,,,,,,,
1720137600,7/5/2024,,3095447542,,,,,,,,,,,,,,,,,,,,,,,,,,,,,,,,,,,,,,,,,,,,,,,,,,,,,,,,,,,,,,,,,,,,,,,,,,,,,,,,,,,,,,,,,,,,,,,,,,,,,,,,,,,,,,,,,,,,,,,,,,,,,,,,,,,,,,,,,,,,,,,,,,,,,,,,,,455986,,,,,,,,,,,,,,,,,,,,,,,,,,,,,,,,,,,,,,,,,,,,,,,,,,,,,,,,,,,,2335829,,,,,,1514349,,,,,8442,,,,,,,,,,,,,,,,,,,,,,,,,,814477,,898604,,,,,,,,,,,,,,,,,,,,,,1030,,,,,,,,29,,,,,,,,,,,,,,,,,,,,,,,,,,,,,,,,,,,,,,,,,,,,,,,,
1720224000,7/6/2024,,3074135879,,,,,,,,,,,,,,,,,,,,,,,,,,,,,,,,,,,,,,,,,,,,,,,,,,,,,,,,,,,,,,,,,,,,,,,,,,,,,,,,,,,,,,,,,,,,,,,,,,,,,,,,,,,,,,,,,,,,,,,,,,,,,,,,,,,,,,,,,,,,,,,,,,,,,,,,,,457030,,,,,,,,,,,,,,,,,,,,,,,,,,,,,,,,,,,,,,,,,,,,,,,,,,,,,,,,,,,,2105458,,,,,,1272590,,,,,8442,,,,,,,,,,,,,,,,,,,,,,,,,,788991,,898604,,,,,,,,,,,,,,,,,,,,,,1030,,,,,,,,29,,,,,,,,,,,,,,,,,,,,,,,,,,,,,,,,,,,,,,,,,,,,,,,,
1720310400,7/7/2024,,3062419780,,,,,,,,,,,,,,,,,,,,,,,,,,,,,,,,,,,,,,,,,,,,,,,,,,,,,,,,,,,,,,,,,,,,,,,,,,,,,,,,,,,,,,,,,,,,,,,,,,,,,,,,,,,,,,,,,,,,,,,,,,,,,,,,,,,,,,,,,,,,,,,,,,,,,,,,,,455565,,,,,,,,,,,,,,,,,,,,,,,,,,,,,,,,,,,,,,,,,,,,,,,,,,,,,,,,,,,,2105458,,,,,,1265112,,,,,8442,,,,,,,,,,,,,,,,,,,,,,,,,,787359,,898604,,,,,,,,,,,,,,,,,,,,,,1030,,,,,,,,29,,,,,,,,,,,,,,,,,,,,,,,,,,,,,,,,,,,,,,,,,,,,,,,,
1720396800,7/8/2024,,3061456978,,,,,,,,,,,,,,,,,,,,,,,,,,,,,,,,,,,,,,,,,,,,,,,,,,,,,,,,,,,,,,,,,,,,,,,,,,,,,,,,,,,,,,,,,,,,,,,,,,,,,,,,,,,,,,,,,,,,,,,,,,,,,,,,,,,,,,,,,,,,,,,,,,,,,,,,,,458522,,,,,,,,,,,,,,,,,,,,,,,,,,,,,,,,,,,,,,,,,,,,,,,,,,,,,,,,,,,,2072771,,,,,,1265112,,,,,8442,,,,,,,,,,,,,,,,,,,,,,,,,,794223,,898604,,,,,,,,,,,,,,,,,,,,,,1030,,,,,,,,29,,,,,,,,,,,,,,,,,,,,,,,,,,,,,,,,,,,,,,,,,,,,,,,,
1720483200,7/9/2024,,3092138908,,,,,,,,,,,,,,,,,,,,,,,,,,,,,,,,,,,,,,,,,,,,,,,,,,,,,,,,,,,,,,,,,,,,,,,,,,,,,,,,,,,,,,,,,,,,,,,,,,,,,,,,,,,,,,,,,,,,,,,,,,,,,,,,,,,,,,,,,,,,,,,,,,,,,,,,,,455600,,,,,,,,,,,,,,,,,,,,,,,,,,,,,,,,,,,,,,,,,,,,,,,,,,,,,,,,,,,,2066323,,,,,,1249416,,,,,8442,,,,,,,,,,,,,,,,,,,,,,,,,,795770,,948439,,,,,,,,,,,,,,,,,,,,,,1030,,,,,,,,29,,,,,,,,,,,,,,,,,,,,,,,,,,,,,,,,,,,,,,,,,,,,,,,,
1720569600,7/10/2024,,2972977407,,,,,,,,,,,,,,,,,,,,,,,,,,,,,,,,,,,,,,,,,,,,,,,,,,,,,,,,,,,,,,,,,,,,,,,,,,,,,,,,,,,,,,,,,,,,,,,,,,,,,,,,,,,,,,,,,,,,,,,,,,,,,,,,,,,,,,,,,,,,,,,,,,,,,,,,,,458186,,,,,,,,,,,,,,,,,,,,,,,,,,,,,,,,,,,,,,,,,,,,,,,,,,,,,,,,,,,,2066105,,,,,,1249416,,,,,8442,,,,,,,,,,,,,,,,,,,,,,,,,,806617,,948439,,,,,,,,,,,,,,,,,,,,,,1030,,,,,,,,28,,,,,,,,,,,,,,,,,,,,,,,,,,,,,,,,,,,,,,,,,,,,,,,,
1720656000,7/11/2024,,2970566686,,,,,,,,,,,,,,,,,,,,,,,,,,,,,,,,,,,,,,,,,,,,,,,,,,,,,,,,,,,,,,,,,,,,,,,,,,,,,,,,,,,,,,,,,,,,,,,,,,,,,,,,,,,,,,,,,,,,,,,,,,,,,,,,,,,,,,,,,,,,,,,,,,,,,,,,,,456555,,,,,,,,,,,,,,,,,,,,,,,,,,,,,,,,,,,,,,,,,,,,,,,,,,,,,,,,,,,,2017804,,,,,,1249394,,,,,8442,,,,,,,,,,,,,,,,,,,,,,,,,,767782,,948439,,,,,,,,,,,,,,,,,,,,,,1030,,,,,,,,28,,,,,,,,,,,,,,,,,,,,,,,,,,,,,,,,,,,,,,,,,,,,,,,,
1720742400,7/12/2024,,2965607903,,,,,,,,,,,,,,,,,,,,,,,,,,,,,,,,,,,,,,,,,,,,,,,,,,,,,,,,,,,,,,,,,,,,,,,,,,,,,,,,,,,,,,,,,,,,,,,,,,,,,,,,,,,,,,,,,,,,,,,,,,,,,,,,,,,,,,,,,,,,,,,,,,,,,,,,,,457851,,,,,,,,,,,,,,,,,,,,,,,,,,,,,,,,,,,,,,,,,,,,,,,,,,,,,,,,,,,,1995108,,,,,,1249574,,,,,8442,,,,,,,,,,,,,,,,,,,,,,,,,,766008,,928135,,,,,,,,,,,,,,,,,,,,,,1030,,,,,,,,28,,,,,,,,,,,,,,,,,,,,,,,,,,,,,,,,,,,,,,,,,,,,,,,,
1720828800,7/13/2024,,2978206331,,,,,,,,,,,,,,,,,,,,,,,,,,,,,,,,,,,,,,,,,,,,,,,,,,,,,,,,,,,,,,,,,,,,,,,,,,,,,,,,,,,,,,,,,,,,,,,,,,,,,,,,,,,,,,,,,,,,,,,,,,,,,,,,,,,,,,,,,,,,,,,,,,,,,,,,,,711273,,,,,,,,,,,,,,,,,,,,,,,,,,,,,,,,,,,,,,,,,,,,,,,,,,,,,,,,,,,,1980121,,,,,,1249489,,,,,8442,,,,,,,,,,,,,,,,,,,,,,,,,,730017,,363073,,,,,,,,,,,,,,,,,,,,,,1030,,,,,,,,28,,,,,,,,,,,,,,,,,,,,,,,,,,,,,,,,,,,,,,,,,,,,,,,,
1720915200,7/14/2024,,2972560634,,,,,,,,,,,,,,,,,,,,,,,,,,,,,,,,,,,,,,,,,,,,,,,,,,,,,,,,,,,,,,,,,,,,,,,,,,,,,,,,,,,,,,,,,,,,,,,,,,,,,,,,,,,,,,,,,,,,,,,,,,,,,,,,,,,,,,,,,,,,,,,,,,,,,,,,,,707832,,,,,,,,,,,,,,,,,,,,,,,,,,,,,,,,,,,,,,,,,,,,,,,,,,,,,,,,,,,,1979295,,,,,,1249609,,,,,8442,,,,,,,,,,,,,,,,,,,,,,,,,,726354,,355641,,,,,,,,,,,,,,,,,,,,,,1030,,,,,,,,28,,,,,,,,,,,,,,,,,,,,,,,,,,,,,,,,,,,,,,,,,,,,,,,,
1721001600,7/15/2024,,2971756568,,,,,,,,,,,,,,,,,,,,,,,,,,,,,,,,,,,,,,,,,,,,,,,,,,,,,,,,,,,,,,,,,,,,,,,,,,,,,,,,,,,,,,,,,,,,,,,,,,,,,,,,,,,,,,,,,,,,,,,,,,,,,,,,,,,,,,,,,,,,,,,,,,,,,,,,,,712876,,,,,,,,,,,,,,,,,,,,,,,,,,,,,,,,,,,,,,,,,,,,,,,,,,,,,,,,,,,,1979295,,,,,,1250159,,,,,8442,,,,,,,,,,,,,,,,,,,,,,,,,,718709,,355641,,,,,,,,,,,,,,,,,,,,,,1030,,,,,,,,28,,,,,,,,,,,,,,,,,,,,,,,,,,,,,,,,,,,,,,,,,,,,,,,,
1721088000,7/16/2024,,2976357937,,,,,,,,,,,,,,,,,,,,,,,,,,,,,,,,,,,,,,,,,,,,,,,,,,,,,,,,,,,,,,,,,,,,,,,,,,,,,,,,,,,,,,,,,,,,,,,,,,,,,,,,,,,,,,,,,,,,,,,,,,,,,,,,,,,,,,,,,,,,,,,,,,,,,,,,,,707223,,,,,,,,,,,,,,,,,,,,,,,,,,,,,,,,,,,,,,,,,,,,,,,,,,,,,,,,,,,,1980016,,,,,,1265331,,,,,8442,,,,,,,,,,,,,,,,,,,,,,,,,,718943,,333656,,,,,,,,,,,,,,,,,,,,,,1030,,,,,,,,28,,,,,,,,,,,,,,,,,,,,,,,,,,,,,,,,,,,,,,,,,,,,,,,,
1721174400,7/17/2024,,2972766288,,,,,,,,,,,,,,,,,,,,,,,,,,,,,,,,,,,,,,,,,,,,,,,,,,,,,,,,,,,,,,,,,,,,,,,,,,,,,,,,,,,,,,,,,,,,,,,,,,,,,,,,,,,,,,,,,,,,,,,,,,,,,,,,,,,,,,,,,,,,,,,,,,,,,,,,,,704544,,,,,,,,,,,,,,,,,,,,,,,,,,,,,,,,,,,,,,,,,,,,,,,,,,,,,,,,,,,,1977792,,,,,,1265331,,,,,8442,,,,,,,,,,,,,,,,,,,,,,,,,,711805,,333656,,,,,,,,,,,,,,,,,,,,,,1030,,,,,,,,28,,,,,,,,,,,,,,,,,,,,,,,,,,,,,,,,,,,,,,,,,,,,,,,,
1721260800,7/18/2024,,2986369965,,,,,,,,,,,,,,,,,,,,,,,,,,,,,,,,,,,,,,,,,,,,,,,,,,,,,,,,,,,,,,,,,,,,,,,,,,,,,,,,,,,,,,,,,,,,,,,,,,,,,,,,,,,,,,,,,,,,,,,,,,,,,,,,,,,,,,,,,,,,,,,,,,,,,,,,,,969434,,,,,,,,,,,,,,,,,,,,,,,,,,,,,,,,,,,,,,,,,,,,,,,,,,,,,,,,,,,,2142026,,,,,,1270253,,,,,8442,,,,,,,,,,,,,,,,,,,,,,,,,,706698,,333656,,,,,,,,,,,,,,,,,,,,,,1030,,,,,,,,573,,,,,,,,,,,,,,,,,,,,,,,,,,,,,,,,,,,,,,,,,,,,,,,,
1721347200,7/19/2024,,2991331064,,,,,,,,,,,,,,,,,,,,,,,,,,,,,,,,,,,,,,,,,,,,,,,,,,,,,,,,,,,,,,,,,,,,,,,,,,,,,,,,,,,,,,,,,,,,,,,,,,,,,,,,,,,,,,,,,,,,,,,,,,,,,,,,,,,,,,,,,,,,,,,,,,,,,,,,,,965113,,,,,,,,,,,,,,,,,,,,,,,,,,,,,,,,,,,,,,,,,,,,,,,,,,,,,,,,,,,,2133868,,,,,,1270025,,,,,8442,,,,,,,,,,,,,,,,,,,,,,,,,,700885,,528573,,,,,,,,,,,,,,,,,,,,,,1030,,,,,,,,1145,,,,,,,,,,,,,,,,,,,,,,,,,,,,,,,,,,,,,,,,,,,,,,,,
1721433600,7/20/2024,,3019630592,,,,,,,,,,,,,,,,,,,,,,,,,,,,,,,,,,,,,,,,,,,,,,,,,,,,,,,,,,,,,,,,,,,,,,,,,,,,,,,,,,,,,,,,,,,,,,,,,,,,,,,,,,,,,,,,,,,,,,,,,,,,,,,,,,,,,,,,,,,,,,,,,,,,,,,,,,968723,,,,,,,,,,,,,,,,,,,,,,,,,,,,,,,,,,,,,,,,,,,,,,,,,,,,,,,,,,,,2133181,,,,,,1270025,,,,,8442,,,,,,,,,,,,,,,,,,,,,,,,,,692542,,694857,,,,,,,,,,,,,,,,,,,,,,1030,,,,,,,,597,,,,,,,,,,,,,,,,,,,,,,,,,,,,,,,,,,,,,,,,,,,,,,,,
1721520000,7/21/2024,,3008600244,,,,,,,,,,,,,,,,,,,,,,,,,,,,,,,,,,,,,,,,,,,,,,,,,,,,,,,,,,,,,,,,,,,,,,,,,,,,,,,,,,,,,,,,,,,,,,,,,,,,,,,,,,,,,,,,,,,,,,,,,,,,,,,,,,,,,,,,,,,,,,,,,,,,,,,,,,970787,,,,,,,,,,,,,,,,,,,,,,,,,,,,,,,,,,,,,,,,,,,,,,,,,,,,,,,,,,,,2132791,,,,,,1267874,,,,,8442,,,,,,,,,,,,,,,,,,,,,,,,,,703099,,766952,,,,,,,,,,,,,,,,,,,,,,1030,,,,,,,,596,,,,,,,,,,,,,,,,,,,,,,,,,,,,,,,,,,,,,,,,,,,,,,,,
1721606400,7/22/2024,,3010588278,,,,,,,,,,,,,,,,,,,,,,,,,,,,,,,,,,,,,,,,,,,,,,,,,,,,,,,,,,,,,,,,,,,,,,,,,,,,,,,,,,,,,,,,,,,,,,,,,,,,,,,,,,,,,,,,,,,,,,,,,,,,,,,,,,,,,,,,,,,,,,,,,,,,,,,,,,967685,,,,,,,,,,,,,,,,,,,,,,,,,,,,,,,,,,,,,,,,,,,,,,,,,,,,,,,,,,,,2132791,,,,,,1267874,,,,,8442,,,,,,,,,,,,,,,,,,,,,,,,,,846851,,766952,,,,,,,,,,,,,,,,,,,,,,1030,,,,,,,,597,,,,,,,,,,,,,,,,,,,,,,,,,,,,,,,,,,,,,,,,,,,,,,,,
1721692800,7/23/2024,,3020578627,,,,,,,,,,,,,,,,,,,,,,,,,,,,,,,,,,,,,,,,,,,,,,,,,,,,,,,,,,,,,,,,,,,,,,,,,,,,,,,,,,,,,,,,,,,,,,,,,,,,,,,,,,,,,,,,,,,,,,,,,,,,,,,,,,,,,,,,,,,,,,,,,,,,,,,,,,967406,,,,,,,,,,,,,,,,,,,,,,,,,,,,,,,,,,,,,,,,,,,,,,,,,,,,,,,,,,,,2132439,,,,,,1267896,,,,,8442,,,,,,,,,,,,,,,,,,,,,,,,,,876059,,826952,,,,,,,,,,,,,,,,,,,,,,1030,,,,,,,,597,,,,,,,,,,,,,,,,,,,,,,,,,,,,,,,,,,,,,,,,,,,,,,,,
1721779200,7/24/2024,,3024875658,,,,,,,,,,,,,,,,,,,,,,,,,,,,,,,,,,,,,,,,,,,,,,,,,,,,,,,,,,,,,,,,,,,,,,,,,,,,,,,,,,,,,,,,,,,,,,,,,,,,,,,,,,,,,,,,,,,,,,,,,,,,,,,,,,,,,,,,,,,,,,,,,,,,,,,,,,964369,,,,,,,,,,,,,,,,,,,,,,,,,,,,,,,,,,,,,,,,,,,,,,,,,,,,,,,,,,,,2147412,,,,,,1267874,,,,,8442,,,,,,,,,,,,,,,,,,,,,,,,,,874291,,944242,,,,,,,,,,,,,,,,,,,,,,1030,,,,,,,,618,,,,,,,,,,,,,,,,,,,,,,,,,,,,,,,,,,,,,,,,,,,,,,,,
1721865600,7/25/2024,,3031190651,,,,,,,,,,,,,,,,,,,,,,,,,,,,,,,,,,,,,,,,,,,,,,,,,,,,,,,,,,,,,,,,,,,,,,,,,,,,,,,,,,,,,,,,,,,,,,,,,,,,,,,,,,,,,,,,,,,,,,,,,,,,,,,,,,,,,,,,,,,,,,,,,,,,,,,,,,963127,,,,,,,,,,,,,,,,,,,,,,,,,,,,,,,,,,,,,,,,,,,,,,,,,,,,,,,,,,,,2244842,,,,,,1267874,,,,,8442,,,,,,,,,,,,,,,,,,,,,,,,,,882755,,944242,,,,,,,,,,,,,,,,,,,,,,1030,,,,,,,,615,,,,,,,,,,,,,,,,,,,,,,,,,,,,,,,,,,,,,,,,,,,,,,,,
1721952000,7/26/2024,,3032784847,,,,,,,,,,,,,,,,,,,,,,,,,,,,,,,,,,,,,,,,,,,,,,,,,,,,,,,,,,,,,,,,,,,,,,,,,,,,,,,,,,,,,,,,,,,,,,,,,,,,,,,,,,,,,,,,,,,,,,,,,,,,,,,,,,,,,,,,,,,,,,,,,,,,,,,,,,969492,,,,,,,,,,,,,,,,,,,,,,,,,,,,,,,,,,,,,,,,,,,,,,,,,,,,,,,,,,,,2235179,,,,,,1267874,,,,,8442,,,,,,,,,,,,,,,,,,,,,,,,,,893079,,617083,,,,,,,,,,,,,,,,,,,,,,1030,,,,,,,,617,,,,,,,,,,,,,,,,,,,,,,,,,,,,,,,,,,,,,,,,,,,,,,,,
1722038400,7/27/2024,,3026008615,,,,,,,,,,,,,,,,,,,,,,,,,,,,,,,,,,,,,,,,,,,,,,,,,,,,,,,,,,,,,,,,,,,,,,,,,,,,,,,,,,,,,,,,,,,,,,,,,,,,,,,,,,,,,,,,,,,,,,,,,,,,,,,,,,,,,,,,,,,,,,,,,,,,,,,,,,967252,,,,,,,,,,,,,,,,,,,,,,,,,,,,,,,,,,,,,,,,,,,,,,,,,,,,,,,,,,,,2310519,,,,,,1268079,,,,,8442,,,,,,,,,,,,,,,,,,,,,,,,,,884970,,594833,,,,,,,,,,,,,,,,,,,,,,1030,,,,,,,,615,,,,,,,,,,,,,,,,,,,,,,,,,,,,,,,,,,,,,,,,,,,,,,,,
1722124800,7/28/2024,,3021590782,,,,,,,,,,,,,,,,,,,,,,,,,,,,,,,,,,,,,,,,,,,,,,,,,,,,,,,,,,,,,,,,,,,,,,,,,,,,,,,,,,,,,,,,,,,,,,,,,,,,,,,,,,,,,,,,,,,,,,,,,,,,,,,,,,,,,,,,,,,,,,,,,,,,,,,,,,967300,,,,,,,,,,,,,,,,,,,,,,,,,,,,,,,,,,,,,,,,,,,,,,,,,,,,,,,,,,,,2315655,,,,,,1268129,,,,,8442,,,,,,,,,,,,,,,,,,,,,,,,,,895520,,526014,,,,,,,,,,,,,,,,,,,,,,1030,,,,,,,,540,,,,,,,,,,,,,,,,,,,,,,,,,,,,,,,,,,,,,,,,,,,,,,,,
1722211200,7/29/2024,,3018264347,,,,,,,,,,,,,,,,,,,,,,,,,,,,,,,,,,,,,,,,,,,,,,,,,,,,,,,,,,,,,,,,,,,,,,,,,,,,,,,,,,,,,,,,,,,,,,,,,,,,,,,,,,,,,,,,,,,,,,,,,,,,,,,,,,,,,,,,,,,,,,,,,,,,,,,,,,967047,,,,,,,,,,,,,,,,,,,,,,,,,,,,,,,,,,,,,,,,,,,,,,,,,,,,,,,,,,,,2407228,,,,,,1268129,,,,,8442,,,,,,,,,,,,,,,,,,,,,,,,,,896565,,526014,,,,,,,,,,,,,,,,,,,,,,1030,,,,,,,,541,,,,,,,,,,,,,,,,,,,,,,,,,,,,,,,,,,,,,,,,,,,,,,,,
1722297600,7/30/2024,,3019312401,,,,,,,,,,,,,,,,,,,,,,,,,,,,,,,,,,,,,,,,,,,,,,,,,,,,,,,,,,,,,,,,,,,,,,,,,,,,,,,,,,,,,,,,,,,,,,,,,,,,,,,,,,,,,,,,,,,,,,,,,,,,,,,,,,,,,,,,,,,,,,,,,,,,,,,,,,967078,,,,,,,,,,,,,,,,,,,,,,,,,,,,,,,,,,,,,,,,,,,,,,,,,,,,,,,,,,,,1915033,,,,,,1236129,,,,,8442,,,,,,,,,,,,,,,,,,,,,,,,,,903693,,526014,,,,,,,,,,,,,,,,,,,,,,1030,,,,,,,,580,,,,,,,,,,,,,,,,,,,,,,,,,,,,,,,,,,,,,,,,,,,,,,,,
1722384000,7/31/2024,,3027646835,,,,,,,,,,,,,,,,,,,,,,,,,,,,,,,,,,,,,,,,,,,,,,,,,,,,,,,,,,,,,,,,,,,,,,,,,,,,,,,,,,,,,,,,,,,,,,,,,,,,,,,,,,,,,,,,,,,,,,,,,,,,,,,,,,,,,,,,,,,,,,,,,,,,,,,,,,970134,,,,,,,,,,,,,,,,,,,,,,,,,,,,,,,,,,,,,,,,,,,,,,,,,,,,,,,,,,,,2348886,,,,,,1236129,,,,,8442,,,,,,,,,,,,,,,,,,,,,,,,,,918741,,527468,,,,,,,,,,,,,,,,,,,,,,1030,,,,,,,,1626549,,,,,,,,,,,,,,,,,,,,,,,,,,,,,,,,,,,,,,,,,,,,,,,,
1722470400,8/1/2024,,3025548562,,,,,,,,,,,,,,,,,,,,,,,,,,,,,,,,,,,,,,,,,,,,,,,,,,,,,,,,,,,,,,,,,,,,,,,,,,,,,,,,,,,,,,,,,,,,,,,,,,,,,,,,,,,,,,,,,,,,,,,,,,,,,,,,,,,,,,,,,,,,,,,,,,,,,,,,,,974139,,,,,,,,,,,,,,,,,,,,,,,,,,,,,,,,,,,,,,,,,,,,,,,,,,,,,,,,,,,,2282859,,,,,,1236129,,,,,8442,,,,,,,,,,,,,,,,,,,,,,,,,,917669,,527468,,,,,,,,,,,,,,,,,,,,,,1030,,,,,,,,1852297,,,,,,,,,,,,,,,,,,,,,,,,,,,,,,,,,,,,,,,,,,,,,,,,
1722556800,8/2/2024,,3037083170,,,,,,,,,,,,,,,,,,,,,,,,,,,,,,,,,,,,,,,,,,,,,,,,,,,,,,,,,,,,,,,,,,,,,,,,,,,,,,,,,,,,,,,,,,,,,,,,,,,,,,,,,,,,,,,,,,,,,,,,,,,,,,,,,,,,,,,,,,,,,,,,,,,,,,,,,,974268,,,,,,,,,,,,,,,,,,,,,,,,,,,,,,,,,,,,,,,,,,,,,,,,,,,,,,,,,,,,2478143,,,,,,1174563,,,,,8442,,,,,,,,,,,,,,,,,,,,,,,,,,920011,,436795,,,,,,,,,,,,,,,,,,,,,,1030,,,,,,,,1473889,,,,,,,,,,,,,,,,,,,,,,,,,,,,,,,,,,,,,,,,,,,,,,,,
1722643200,8/3/2024,,3020555261,,,,,,,,,,,,,,,,,,,,,,,,,,,,,,,,,,,,,,,,,,,,,,,,,,,,,,,,,,,,,,,,,,,,,,,,,,,,,,,,,,,,,,,,,,,,,,,,,,,,,,,,,,,,,,,,,,,,,,,,,,,,,,,,,,,,,,,,,,,,,,,,,,,,,,,,,,974396,,,,,,,,,,,,,,,,,,,,,,,,,,,,,,,,,,,,,,,,,,,,,,,,,,,,,,,,,,,,2426302,,,,,,1157078,,,,,8442,,,,,,,,,,,,,,,,,,,,,,,,,,920011,,436795,,,,,,,,,,,,,,,,,,,,,,1030,,,,,,,,1638170,,,,,,,,,,,,,,,,,,,,,,,,,,,,,,,,,,,,,,,,,,,,,,,,
1722729600,8/4/2024,,3013311586,,,,,,,,,,,,,,,,,,,,,,,,,,,,,,,,,,,,,,,,,,,,,,,,,,,,,,,,,,,,,,,,,,,,,,,,,,,,,,,,,,,,,,,,,,,,,,,,,,,,,,,,,,,,,,,,,,,,,,,,,,,,,,,,,,,,,,,,,,,,,,,,,,,,,,,,,,974525,,,,,,,,,,,,,,,,,,,,,,,,,,,,,,,,,,,,,,,,,,,,,,,,,,,,,,,,,,,,2425068,,,,,,1156050,,,,,8442,,,,,,,,,,,,,,,,,,,,,,,,,,923260,,436795,,,,,,,,,,,,,,,,,,,,,,1030,,,,,,,,1904855,,,,,,,,,,,,,,,,,,,,,,,,,,,,,,,,,,,,,,,,,,,,,,,,
1722816000,8/5/2024,,3009595889,,,,,,,,,,,,,,,,,,,,,,,,,,,,,,,,,,,,,,,,,,,,,,,,,,,,,,,,,,,,,,,,,,,,,,,,,,,,,,,,,,,,,,,,,,,,,,,,,,,,,,,,,,,,,,,,,,,,,,,,,,,,,,,,,,,,,,,,,,,,,,,,,,,,,,,,,,974654,,,,,,,,,,,,,,,,,,,,,,,,,,,,,,,,,,,,,,,,,,,,,,,,,,,,,,,,,,,,2420693,,,,,,1154526,,,,,8442,,,,,,,,,,,,,,,,,,,,,,,,,,923260,,436795,,,,,,,,,,,,,,,,,,,,,,1030,,,,,,,,2703381,,,,,,,,,,,,,,,,,,,,,,,,,,,,,,,,,,,,,,,,,,,,,,,,
1722902400,8/6/2024,,2993411703,,,,,,,,,,,,,,,,,,,,,,,,,,,,,,,,,,,,,,,,,,,,,,,,,,,,,,,,,,,,,,,,,,,,,,,,,,,,,,,,,,,,,,,,,,,,,,,,,,,,,,,,,,,,,,,,,,,,,,,,,,,,,,,,,,,,,,,,,,,,,,,,,,,,,,,,,,967649,,,,,,,,,,,,,,,,,,,,,,,,,,,,,,,,,,,,,,,,,,,,,,,,,,,,,,,,,,,,2257773,,,,,,492219,,,,,8442,,,,,,,,,,,,,,,,,,,,,,,,,,653120,,376571,,,,,,,,,,,,,,,,,,,,,,1030,,,,,,,,3095738,,,,,,,,,,,,,,,,,,,,,,,,,,,,,,,,,,,,,,,,,,,,,,,,
1722988800,8/7/2024,,3013560750,,,,,,,,,,,,,,,,,,,,,,,,,,,,,,,,,,,,,,,,,,,,,,,,,,,,,,,,,,,,,,,,,,,,,,,,,,,,,,,,,,,,,,,,,,,,,,,,,,,,,,,,,,,,,,,,,,,,,,,,,,,,,,,,,,,,,,,,,,,,,,,,,,,,,,,,,,969985,,,,,,,,,,,,,,,,,,,,,,,,,,,,,,,,,,,,,,,,,,,,,,,,,,,,,,,,,,,,2314525,,,,,,492219,,,,,8442,,,,,,,,,,,,,,,,,,,,,,,,,,655339,,376571,,,,,,,,,,,,,,,,,,,,,,1030,,,,,,,,3982120,,,,,,,,,,,,,,,,,,,,,,,,,,,,,,,,,,,,,,,,,,,,,,,,
1723075200,8/8/2024,,3035514745,,,,,,,,,,,,,,,,,,,,,,,,,,,,,,,,,,,,,,,,,,,,,,,,,,,,,,,,,,,,,,,,,,,,,,,,,,,,,,,,,,,,,,,,,,,,,,,,,,,,,,,,,,,,,,,,,,,,,,,,,,,,,,,,,,,,,,,,,,,,,,,,,,,,,,,,,,985712,,,,,,,,,,,,,,,,,,,,,,,,,,,,,,,,,,,,,,,,,,,,,,,,,,,,,,,,,,,,2315710,,,,,,492219,,,,,8442,,,,,,,,,,,,,,,,,,,,,,,,,,659664,,376571,,,,,,,,,,,,,,,,,,,,,,1030,,,,,,,,4214411,,,,,,,,,,,,,,,,,,,,,,,,,,,,,,,,,,,,,,,,,,,,,,,,
1723161600,8/9/2024,,3015934145,,,,,,,,,,,,,,,,,,,,,,,,,,,,,,,,,,,,,,,,,,,,,,,,,,,,,,,,,,,,,,,,,,,,,,,,,,,,,,,,,,,,,,,,,,,,,,,,,,,,,,,,,,,,,,,,,,,,,,,,,,,,,,,,,,,,,,,,,,,,,,,,,,,,,,,,,,973228,,,,,,,,,,,,,,,,,,,,,,,,,,,,,,,,,,,,,,,,,,,,,,,,,,,,,,,,,,,,2270565,,,,,,494249,,,,,8442,,,,,,,,,,,,,,,,,,,,,,,,,,661801,,338810,,,,,,,,,,,,,,,,,,,,,,1030,,,,,,,,5085293,,,,,,,,,,,,,,,,,,,,,,,,,,,,,,,,,,,,,,,,,,,,,,,,
1723248000,8/10/2024,,3014987080,,,,,,,,,,,,,,,,,,,,,,,,,,,,,,,,,,,,,,,,,,,,,,,,,,,,,,,,,,,,,,,,,,,,,,,,,,,,,,,,,,,,,,,,,,,,,,,,,,,,,,,,,,,,,,,,,,,,,,,,,,,,,,,,,,,,,,,,,,,,,,,,,,,,,,,,,,970445,,,,,,,,,,,,,,,,,,,,,,,,,,,,,,,,,,,,,,,,,,,,,,,,,,,,,,,,,,,,2264184,,,,,,494227,,,,,8442,,,,,,,,,,,,,,,,,,,,,,,,,,661801,,338810,,,,,,,,,,,,,,,,,,,,,,1030,,,,,,,,5560231,,,,,,,,,,,,,,,,,,,,,,,,,,,,,,,,,,,,,,,,,,,,,,,,
1723334400,8/11/2024,,3007155654,,,,,,,,,,,,,,,,,,,,,,,,,,,,,,,,,,,,,,,,,,,,,,,,,,,,,,,,,,,,,,,,,,,,,,,,,,,,,,,,,,,,,,,,,,,,,,,,,,,,,,,,,,,,,,,,,,,,,,,,,,,,,,,,,,,,,,,,,,,,,,,,,,,,,,,,,,969069,,,,,,,,,,,,,,,,,,,,,,,,,,,,,,,,,,,,,,,,,,,,,,,,,,,,,,,,,,,,2262328,,,,,,494278,,,,,8442,,,,,,,,,,,,,,,,,,,,,,,,,,660405,,338810,,,,,,,,,,,,,,,,,,,,,,1030,,,,,,,,5560231,,,,,,,,,,,,,,,,,,,,,,,,,,,,,,,,,,,,,,,,,,,,,,,,
1723420800,8/12/2024,,3015142181,,,,,,,,,,,,,,,,,,,,,,,,,,,,,,,,,,,,,,,,,,,,,,,,,,,,,,,,,,,,,,,,,,,,,,,,,,,,,,,,,,,,,,,,,,,,,,,,,,,,,,,,,,,,,,,,,,,,,,,,,,,,,,,,,,,,,,,,,,,,,,,,,,,,,,,,,,970486,,,,,,,,,,,,,,,,,,,,,,,,,,,,,,,,,,,,,,,,,,,,,,,,,,,,,,,,,,,,2266614,,,,,,504999,,,,,8442,,,,,,,,,,,,,,,,,,,,,,,,,,659512,,308564,,,,,,,,,,,,,,,,,,,,,,1030,,,,,,,,5560231,,,,,,,,,,,,,,,,,,,,,,,,,,,,,,,,,,,,,,,,,,,,,,,,
1723507200,8/13/2024,,3007063278,,,,,,,,,,,,,,,,,,,,,,,,,,,,,,,,,,,,,,,,,,,,,,,,,,,,,,,,,,,,,,,,,,,,,,,,,,,,,,,,,,,,,,,,,,,,,,,,,,,,,,,,,,,,,,,,,,,,,,,,,,,,,,,,,,,,,,,,,,,,,,,,,,,,,,,,,,970547,,,,,,,,,,,,,,,,,,,,,,,,,,,,,,,,,,,,,,,,,,,,,,,,,,,,,,,,,,,,2268716,,,,,,504999,,,,,8442,,,,,,,,,,,,,,,,,,,,,,,,,,664149,,308564,,,,,,,,,,,,,,,,,,,,,,1030,,,,,,,,6546444,,,,,,,,,,,,,,,,,,,,,,,,,,,,,,,,,,,,,,,,,,,,,,,,
1723593600,8/14/2024,,3018632596,,,,,,,,,,,,,,,,,,,,,,,,,,,,,,,,,,,,,,,,,,,,,,,,,,,,,,,,,,,,,,,,,,,,,,,,,,,,,,,,,,,,,,,,,,,,,,,,,,,,,,,,,,,,,,,,,,,,,,,,,,,,,,,,,,,,,,,,,,,,,,,,,,,,,,,,,,970680,,,,,,,,,,,,,,,,,,,,,,,,,,,,,,,,,,,,,,,,,,,,,,,,,,,,,,,,,,,,2268793,,,,,,510480,,,,,8442,,,,,,,,,,,,,,,,,,,,,,,,,,666980,,294524,,,,,,,,,,,,,,,,,,,,,,1030,,,,,,,,7499877,,,,,,,,,,,,,,,,,,,,,,,,,,,,,,,,,,,,,,,,,,,,,,,,
1723680000,8/15/2024,,3011078158,,,,,,,,,,,,,,,,,,,,,,,,,,,,,,,,,,,,,,,,,,,,,,,,,,,,,,,,,,,,,,,,,,,,,,,,,,,,,,,,,,,,,,,,,,,,,,,,,,,,,,,,,,,,,,,,,,,,,,,,,,,,,,,,,,,,,,,,,,,,,,,,,,,,,,,,,,973028,,,,,,,,,,,,,,,,,,,,,,,,,,,,,,,,,,,,,,,,,,,,,,,,,,,,,,,,,,,,2285141,,,,,,524200,,,,,8442,,,,,,,,,,,,,,,,,,,,,,,,,,667730,,294524,,,,,,,,,,,,,,,,,,,,,,1030,,,,,,,,8271282,,,,,,,,,,,,,,,,,,,,,,,,,,,,,,,,,,,,,,,,,,,,,,,,
1723766400,8/16/2024,,3011736802,,,,,,,,,,,,,,,,,,,,,,,,,,,,,,,,,,,,,,,,,,,,,,,,,,,,,,,,,,,,,,,,,,,,,,,,,,,,,,,,,,,,,,,,,,,,,,,,,,,,,,,,,,,,,,,,,,,,,,,,,,,,,,,,,,,,,,,,,,,,,,,,,,,,,,,,,,970249,,,,,,,,,,,,,,,,,,,,,,,,,,,,,,,,,,,,,,,,,,,,,,,,,,,,,,,,,,,,2294313,,,,,,524200,,,,,8442,,,,,,,,,,,,,,,,,,,,,,,,,,661408,,294867,,,,,,,,,,,,,,,,,,,,,,1030,,,,,,,,8955120,,,,,,,,,,,,,,,,,,,,,,,,,,,,,,,,,,,,,,,,,,,,,,,,
1723852800,8/17/2024,,3012375458,,,,,,,,,,,,,,,,,,,,,,,,,,,,,,,,,,,,,,,,,,,,,,,,,,,,,,,,,,,,,,,,,,,,,,,,,,,,,,,,,,,,,,,,,,,,,,,,,,,,,,,,,,,,,,,,,,,,,,,,,,,,,,,,,,,,,,,,,,,,,,,,,,,,,,,,,,971190,,,,,,,,,,,,,,,,,,,,,,,,,,,,,,,,,,,,,,,,,,,,,,,,,,,,,,,,,,,,2592303,,,,,,524200,,,,,8442,,,,,,,,,,,,,,,,,,,,,,,,,,662290,,294867,,,,,,,,,,,,,,,,,,,,,,1030,,,,,,,,8704311,,,,,,,,,,,,,,,,,,,,,,,,,,,,,,,,,,,,,,,,,,,,,,,,
1723939200,8/18/2024,,3002360145,,,,,,,,,,,,,,,,,,,,,,,,,,,,,,,,,,,,,,,,,,,,,,,,,,,,,,,,,,,,,,,,,,,,,,,,,,,,,,,,,,,,,,,,,,,,,,,,,,,,,,,,,,,,,,,,,,,,,,,,,,,,,,,,,,,,,,,,,,,,,,,,,,,,,,,,,,970027,,,,,,,,,,,,,,,,,,,,,,,,,,,,,,,,,,,,,,,,,,,,,,,,,,,,,,,,,,,,2588263,,,,,,524200,,,,,8442,,,,,,,,,,,,,,,,,,,,,,,,,,662952,,287162,,,,,,,,,,,,,,,,,,,,,,1030,,,,,,,,8704311,,,,,,,,,,,,,,,,,,,,,,,,,,,,,,,,,,,,,,,,,,,,,,,,
1724025600,8/19/2024,,3003407297,,,,,,,,,,,,,,,,,,,,,,,,,,,,,,,,,,,,,,,,,,,,,,,,,,,,,,,,,,,,,,,,,,,,,,,,,,,,,,,,,,,,,,,,,,,,,,,,,,,,,,,,,,,,,,,,,,,,,,,,,,,,,,,,,,,,,,,,,,,,,,,,,,,,,,,,,,971601,,,,,,,,,,,,,,,,,,,,,,,,,,,,,,,,,,,,,,,,,,,,,,,,,,,,,,,,,,,,2688483,,,,,,524200,,,,,8442,,,,,,,,,,,,,,,,,,,,,,,,,,661979,,272326,,,,,,,,,,,,,,,,,,,,,,1030,,,,,,,,8720166,,,,,,,,,,,,,,,,,,,,,,,,,,,,,,,,,,,,,,,,,,,,,,,,
1724112000,8/20/2024,,3009430990,,,,,,,,,,,,,,,,,,,,,,,,,,,,,,,,,,,,,,,,,,,,,,,,,,,,,,,,,,,,,,,,,,,,,,,,,,,,,,,,,,,,,,,,,,,,,,,,,,,,,,,,,,,,,,,,,,,,,,,,,,,,,,,,,,,,,,,,,,,,,,,,,,,,,,,,,,971623,,,,,,,,,,,,,,,,,,,,,,,,,,,,,,,,,,,,,,,,,,,,,,,,,,,,,,,,,,,,2492159,,,,,,533362,,,,,8442,,,,,,,,,,,,,,,,,,,,,,,,,,662641,,272326,,,,,,,,,,,,,,,,,,,,,,1030,,,,,,,,8151626,,,,,,,,,,,,,,,,,,,,,,,,,,,,,,,,,,,,,,,,,,,,,,,,
1724198400,8/21/2024,,3009149707,,,,,,,,,,,,,,,,,,,,,,,,,,,,,,,,,,,,,,,,,,,,,,,,,,,,,,,,,,,,,,,,,,,,,,,,,,,,,,,,,,,,,,,,,,,,,,,,,,,,,,,,,,,,,,,,,,,,,,,,,,,,,,,,,,,,,,,,,,,,,,,,,,,,,,,,,,1170728,,,,,,,,,,,,,,,,,,,,,,,,,,,,,,,,,,,,,,,,,,,,,,,,,,,,,,,,,,,,2491089,,,,,,533362,,,,,8442,,,,,,,,,,,,,,,,,,,,,,,,,,663102,,272326,,,,,,,,,,,,,,,,,,,,,,1030,,,,,,,,8151626,,,,,,,,,,,,,,,,,,,,,,,,,,,,,,,,,,,,,,,,,,,,,,,,
1724284800,8/22/2024,,3012908345,,,,,,,,,,,,,,,,,,,,,,,,,,,,,,,,,,,,,,,,,,,,,,,,,,,,,,,,,,,,,,,,,,,,,,,,,,,,,,,,,,,,,,,,,,,,,,,,,,,,,,,,,,,,,,,,,,,,,,,,,,,,,,,,,,,,,,,,,,,,,,,,,,,,,,,,,,1446303,,,,,,,,,,,,,,,,,,,,,,,,,,,,,,,,,,,,,,,,,,,,,,,,,,,,,,,,,,,,2520992,,,,,,533362,,,,,8442,,,,,,,,,,,,,,,,,,,,,,,,,,660894,,272326,,,,,,,,,,,,,,,,,,,,,,1030,,,,,,,,8151626,,,,,,,,,,,,,,,,,,,,,,,,,,,,,,,,,,,,,,,,,,,,,,,,
1724371200,8/23/2024,,3037740818,,,,,,,,,,,,,,,,,,,,,,,,,,,,,,,,,,,,,,,,,,,,,,,,,,,,,,,,,,,,,,,,,,,,,,,,,,,,,,,,,,,,,,,,,,,,,,,,,,,,,,,,,,,,,,,,,,,,,,,,,,,,,,,,,,,,,,,,,,,,,,,,,,,,,,,,,,1388730,,,,,,,,,,,,,,,,,,,,,,,,,,,,,,,,,,,,,,,,,,,,,,,,,,,,,,,,,,,,2689850,,,,,,533362,,,,,8442,,,,,,,,,,,,,,,,,,,,,,,,,,661779,,251194,,,,,,,,,,,,,,,,,,,,,,1030,,,,,,,,8313880,,,,,,,,,,,,,,,,,,,,,,,,,,,,,,,,,,,,,,,,,,,,,,,,
1724457600,8/24/2024,,3054571964,,,,,,,,,,,,,,,,,,,,,,,,,,,,,,,,,,,,,,,,,,,,,,,,,,,,,,,,,,,,,,,,,,,,,,,,,,,,,,,,,,,,,,,,,,,,,,,,,,,,,,,,,,,,,,,,,,,,,,,,,,,,,,,,,,,,,,,,,,,,,,,,,,,,,,,,,,1395169,,,,,,,,,,,,,,,,,,,,,,,,,,,,,,,,,,,,,,,,,,,,,,,,,,,,,,,,,,,,2723133,,,,,,534865,,,,,8442,,,,,,,,,,,,,,,,,,,,,,,,,,669084,,251194,,,,,,,,,,,,,,,,,,,,,,1030,,,,,,,,8901565,,,,,,,,,,,,,,,,,,,,,,,,,,,,,,,,,,,,,,,,,,,,,,,,
1724544000,8/25/2024,,3057019398,,,,,,,,,,,,,,,,,,,,,,,,,,,,,,,,,,,,,,,,,,,,,,,,,,,,,,,,,,,,,,,,,,,,,,,,,,,,,,,,,,,,,,,,,,,,,,,,,,,,,,,,,,,,,,,,,,,,,,,,,,,,,,,,,,,,,,,,,,,,,,,,,,,,,,,,,,1392214,,,,,,,,,,,,,,,,,,,,,,,,,,,,,,,,,,,,,,,,,,,,,,,,,,,,,,,,,,,,2855949,,,,,,534865,,,,,8442,,,,,,,,,,,,,,,,,,,,,,,,,,667898,,251194,,,,,,,,,,,,,,,,,,,,,,1030,,,,,,,,8901565,,,,,,,,,,,,,,,,,,,,,,,,,,,,,,,,,,,,,,,,,,,,,,,,
1724630400,8/26/2024,,3055119726,,,,,,,,,,,,,,,,,,,,,,,,,,,,,,,,,,,,,,,,,,,,,,,,,,,,,,,,,,,,,,,,,,,,,,,,,,,,,,,,,,,,,,,,,,,,,,,,,,,,,,,,,,,,,,,,,,,,,,,,,,,,,,,,,,,,,,,,,,,,,,,,,,,,,,,,,,1392754,,,,,,,,,,,,,,,,,,,,,,,,,,,,,,,,,,,,,,,,,,,,,,,,,,,,,,,,,,,,2800018,,,,,,534865,,,,,8442,,,,,,,,,,,,,,,,,,,,,,,,,,663250,,251194,,,,,,,,,,,,,,,,,,,,,,1030,,,,,,,,8901565,,,,,,,,,,,,,,,,,,,,,,,,,,,,,,,,,,,,,,,,,,,,,,,,
1724716800,8/27/2024,,3082555319,,,,,,,,,,,,,,,,,,,,,,,,,,,,,,,,,,,,,,,,,,,,,,,,,,,,,,,,,,,,,,,,,,,,,,,,,,,,,,,,,,,,,,,,,,,,,,,,,,,,,,,,,,,,,,,,,,,,,,,,,,,,,,,,,,,,,,,,,,,,,,,,,,,,,,,,,,1397117,,,,,,,,,,,,,,,,,,,,,,,,,,,,,,,,,,,,,,,,,,,,,,,,,,,,,,,,,,,,2801635,,,,,,534865,,,,,8442,,,,,,,,,,,,,,,,,,,,,,,,,,660152,,251194,,,,,,,,,,,,,,,,,,,,,,1030,,,,,,,,8972876,,,,,,,,,,,,,,,,,,,,,,,,,,,,,,,,,,,,,,,,,,,,,,,,
1724803200,8/28/2024,,3099022368,,,,,,,,,,,,,,,,,,,,,,,,,,,,,,,,,,,,,,,,,,,,,,,,,,,,,,,,,,,,,,,,,,,,,,,,,,,,,,,,,,,,,,,,,,,,,,,,,,,,,,,,,,,,,,,,,,,,,,,,,,,,,,,,,,,,,,,,,,,,,,,,,,,,,,,,,,1394516,,,,,,,,,,,,,,,,,,,,,,,,,,,,,,,,,,,,,,,,,,,,,,,,,,,,,,,,,,,,2851339,,,,,,535265,,,,,8442,,,,,,,,,,,,,,,,,,,,,,,,,,666933,,251194,,,,,,,,,,,,,,,,,,,,,,1030,,,,,,,,8926061,,,,,,,,,,,,,,,,,,,,,,,,,,,,,,,,,,,,,,,,,,,,,,,,
1724889600,8/29/2024,,3095183435,,,,,,,,,,,,,,,,,,,,,,,,,,,,,,,,,,,,,,,,,,,,,,,,,,,,,,,,,,,,,,,,,,,,,,,,,,,,,,,,,,,,,,,,,,,,,,,,,,,,,,,,,,,,,,,,,,,,,,,,,,,,,,,,,,,,,,,,,,,,,,,,,,,,,,,,,,1390385,,,,,,,,,,,,,,,,,,,,,,,,,,,,,,,,,,,,,,,,,,,,,,,,,,,,,,,,,,,,2835371,,,,,,535265,,,,,8442,,,,,,,,,,,,,,,,,,,,,,,,,,665750,,251194,,,,,,,,,,,,,,,,,,,,,,1030,,,,,,,,10368277,,,,,,,,,,,,,,,,,,,,,,,,,,,,,,,,,,,,,,,,,,,,,,,,
1724976000,8/30/2024,,3082265559,,,,,,,,,,,,,,,,,,,,,,,,,,,,,,,,,,,,,,,,,,,,,,,,,,,,,,,,,,,,,,,,,,,,,,,,,,,,,,,,,,,,,,,,,,,,,,,,,,,,,,,,,,,,,,,,,,,,,,,,,,,,,,,,,,,,,,,,,,,,,,,,,,,,,,,,,,1394886,,,,,,,,,,,,,,,,,,,,,,,,,,,,,,,,,,,,,,,,,,,,,,,,,,,,,,,,,,,,2852568,,,,,,535265,,,,,8442,,,,,,,,,,,,,,,,,,,,,,,,,,668733,,251194,,,,,,,,,,,,,,,,,,,,,,1030,,,,,,,,10549892,,,,,,,,,,,,,,,,,,,,,,,,,,,,,,,,,,,,,,,,,,,,,,,,
1725062400,8/31/2024,,3103692632,,,,,,,,,,,,,,,,,,,,,,,,,,,,,,,,,,,,,,,,,,,,,,,,,,,,,,,,,,,,,,,,,,,,,,,,,,,,,,,,,,,,,,,,,,,,,,,,,,,,,,,,,,,,,,,,,,,,,,,,,,,,,,,,,,,,,,,,,,,,,,,,,,,,,,,,,,1395073,,,,,,,,,,,,,,,,,,,,,,,,,,,,,,,,,,,,,,,,,,,,,,,,,,,,,,,,,,,,2800410,,,,,,536178,,,,,8442,,,,,,,,,,,,,,,,,,,,,,,,,,681110,,229970,,,,,,,,,,,,,,,,,,,,,,1030,,,,,,,,10454850,,,,,,,,,,,,,,,,,,,,,,,,,,,,,,,,,,,,,,,,,,,,,,,,
1725148800,9/1/2024,,3095053092,,,,,,,,,,,,,,,,,,,,,,,,,,,,,,,,,,,,,,,,,,,,,,,,,,,,,,,,,,,,,,,,,,,,,,,,,,,,,,,,,,,,,,,,,,,,,,,,,,,,,,,,,,,,,,,,,,,,,,,,,,,,,,,,,,,,,,,,,,,,,,,,,,,,,,,,,,1384282,,,,,,,,,,,,,,,,,,,,,,,,,,,,,,,,,,,,,,,,,,,,,,,,,,,,,,,,,,,,2801708,,,,,,523235,,,,,8442,,,,,,,,,,,,,,,,,,,,,,,,,,685106,,229970,,,,,,,,,,,,,,,,,,,,,,1030,,,,,,,,10549894,,,,,,,,,,,,,,,,,,,,,,,,,,,,,,,,,,,,,,,,,,,,,,,,
1725235200,9/2/2024,,3117387049,,,,,,,,,,,,,,,,,,,,,,,,,,,,,,,,,,,,,,,,,,,,,,,,,,,,,,,,,,,,,,,,,,,,,,,,,,,,,,,,,,,,,,,,,,,,,,,,,,,,,,,,,,,,,,,,,,,,,,,,,,,,,,,,,,,,,,,,,,,,,,,,,,,,,,,,,,1394051,,,,,,,,,,,,,,,,,,,,,,,,,,,,,,,,,,,,,,,,,,,,,,,,,,,,,,,,,,,,2810895,,,,,,523235,,,,,8442,,,,,,,,,,,,,,,,,,,,,,,,,,689752,,229970,,,,,,,,,,,,,,,,,,,,,,1030,,,,,,,,10549894,,,,,,,,,,,,,,,,,,,,,,,,,,,,,,,,,,,,,,,,,,,,,,,,
1725321600,9/3/2024,,3134309495,,,,,,,,,,,,,,,,,,,,,,,,,,,,,,,,,,,,,,,,,,,,,,,,,,,,,,,,,,,,,,,,,,,,,,,,,,,,,,,,,,,,,,,,,,,,,,,,,,,,,,,,,,,,,,,,,,,,,,,,,,,,,,,,,,,,,,,,,,,,,,,,,,,,,,,,,,1391113,,,,,,,,,,,,,,,,,,,,,,,,,,,,,,,,,,,,,,,,,,,,,,,,,,,,,,,,,,,,2850710,,,,,,523752,,,,,8442,,,,,,,,,,,,,,,,,,,,,,,,,,692987,,229970,,,,,,,,,,,,,,,,,,,,,,1030,,,,,,,,10877029,,,,,,,,,,,,,,,,,,,,,,,,,,,,,,,,,,,,,,,,,,,,,,,,
1725408000,9/4/2024,,3131561613,,,,,,,,,,,,,,,,,,,,,,,,,,,,,,,,,,,,,,,,,,,,,,,,,,,,,,,,,,,,,,,,,,,,,,,,,,,,,,,,,,,,,,,,,,,,,,,,,,,,,,,,,,,,,,,,,,,,,,,,,,,,,,,,,,,,,,,,,,,,,,,,,,,,,,,,,,1893719,,,,,,,,,,,,,,,,,,,,,,,,,,,,,,,,,,,,,,,,,,,,,,,,,,,,,,,,,,,,2834415,,,,,,523752,,,,,8442,,,,,,,,,,,,,,,,,,,,,,,,,,698321,,229970,,,,,,,,,,,,,,,,,,,,,,1030,,,,,,,,11779611,,,,,,,,,,,,,,,,,,,,,,,,,,,,,,,,,,,,,,,,,,,,,,,,
1725494400,9/5/2024,,3147391777,,,,,,,,,,,,,,,,,,,,,,,,,,,,,,,,,,,,,,,,,,,,,,,,,,,,,,,,,,,,,,,,,,,,,,,,,,,,,,,,,,,,,,,,,,,,,,,,,,,,,,,,,,,,,,,,,,,,,,,,,,,,,,,,,,,,,,,,,,,,,,,,,,,,,,,,,,1898466,,,,,,,,,,,,,,,,,,,,,,,,,,,,,,,,,,,,,,,,,,,,,,,,,,,,,,,,,,,,2843117,,,,,,523752,,,,,8442,,,,,,,,,,,,,,,,,,,,,,,,,,690325,,229970,,,,,,,,54718,,,,,,,,,,,,,,1030,,,,,,,,11740725,,,,,,,,,,,,,,,,,,,,,,,,,,,,,,,,,,,,,,,,,,,,,,,,
1725580800,9/6/2024,,3148583110,,,,,,,,,,,,,,,,,,,,,,,,,,,,,,,,,,,,,,,,,,,,,,,,,,,,,,,,,,,,,,,,,,,,,,,,,,,,,,,,,,,,,,,,,,,,,,,,,,,,,,,,,,,,,,,,,,,,,,,,,,,,,,,,,,,,,,,,,,,,,,,,,,,,,,,,,,1891304,,,,,,,,,,,,,,,,,,,,,,,,,,,,,,,,,,,,,,,,,,,,,,,,,,,,,,,,,,,,2813076,,,,,,527166,,,,,8442,,,,,,,,,,,,,,,,,,,,,,,,,,696530,,229970,,,,,,,,54718,,,,,,,,,,,,,,1030,,,,,,,,11685888,,,,,,,,,,,,,,,,,,,,,,,,,,,,,,,,,,,,,,,,,,,,,,,,
1725667200,9/7/2024,,3162791612,,,,,,,,,,,,,,,,,,,,,,,,,,,,,,,,,,,,,,,,,,,,,,,,,,,,,,,,,,,,,,,,,,,,,,,,,,,,,,,,,,,,,,,,,,,,,,,,,,,,,,,,,,,,,,,,,,,,,,,,,,,,,,,,,,,,,,,,,,,,,,,,,,,,,,,,,,1893467,,,,,,,,,,,,,,,,,,,,,,,,,,,,,,,,,,,,,,,,,,,,,,,,,,,,,,,,,,,,2780055,,,,,,527166,,,,,8442,,,,,,,,,,,,,,,,,,,,,,,,,,698646,,229970,,,,,,,,54799,,,,,,,,,,,,,,1030,,,,,,,,11655298,,,,,,,,,,,,,,,,,,,,,,,,,,,,,,,,,,,,,,,,,,,,,,,,
1725753600,9/8/2024,,3150476301,,,,,,,,,,,,,,,,,,,,,,,,,,,,,,,,,,,,,,,,,,,,,,,,,,,,,,,,,,,,,,,,,,,,,,,,,,,,,,,,,,,,,,,,,,,,,,,,,,,,,,,,,,,,,,,,,,,,,,,,,,,,,,,,,,,,,,,,,,,,,,,,,,,,,,,,,,1889874,,,,,,,,,,,,,,,,,,,,,,,,,,,,,,,,,,,,,,,,,,,,,,,,,,,,,,,,,,,,2805530,,,,,,527391,,,,,8442,,,,,,,,,,,,,,,,,,,,,,,,,,702413,,229970,,,,,,,,55330,,,,,,,,,,,,,,1030,,,,,,,,11655298,,,,,,,,,,,,,,,,,,,,,,,,,,,,,,,,,,,,,,,,,,,,,,,,
1725840000,9/9/2024,,3152771561,,,,,,,,,,,,,,,,,,,,,,,,,,,,,,,,,,,,,,,,,,,,,,,,,,,,,,,,,,,,,,,,,,,,,,,,,,,,,,,,,,,,,,,,,,,,,,,,,,,,,,,,,,,,,,,,,,,,,,,,,,,,,,,,,,,,,,,,,,,,,,,,,,,,,,,,,,1895561,,,,,,,,,,,,,,,,,,,,,,,,,,,,,,,,,,,,,,,,,,,,,,,,,,,,,,,,,,,,2792561,,,,,,527391,,,,,8442,,,,,,,,,,,,,,,,,,,,,,,,,,538194,,229970,,,,,,,,55195,,,,,,,,,,,,,,1030,,,,,,,,11655298,,,,,,,,,,,,,,,,,,,,,,,,,,,,,,,,,,,,,,,,,,,,,,,,
1725926400,9/10/2024,,3183909385,,,,,,,,,,,,,,,,,,,,,,,,,,,,,,,,,,,,,,,,,,,,,,,,,,,,,,,,,,,,,,,,,,,,,,,,,,,,,,,,,,,,,,,,,,,,,,,,,,,,,,,,,,,,,,,,,,,,,,,,,,,,,,,,,,,,,,,,,,,,,,,,,,,,,,,,,,1893548,,,,,,,,,,,,,,,,,,,,,,,,,,,,,,,,,,,,,,,,,,,,,,,,,,,,,,,,,,,,2792657,,,,,,527391,,,,,8442,,,,,,,,,,,,,,,,,,,,,,,,,,499680,,208758,,,,,,,,55202,,,,,,,,,,,,,,1030,,,,,,,,11655298,,,,,,,,,,,,,,,,,,,,,,,,,,,,,,,,,,,,,,,,,,,,,,,,
1726012800,9/11/2024,,3205293054,,,,,,,,,,,,,,,,,,,,,,,,,,,,,,,,,,,,,,,,,,,,,,,,,,,,,,,,,,,,,,,,,,,,,,,,,,,,,,,,,,,,,,,,,,,,,,,,,,,,,,,,,,,,,,,,,,,,,,,,,,,,,,,,,,,,,,,,,,,,,,,,,,,,,,,,,,1894278,,,,,,,,,,,,,,,,,,,,,,,,,,,,,,,,,,,,,,,,,,,,,,,,,,,,,,,,,,,,2979116,,,,,,530391,,,,,8442,,,,,,,,,,,,,,,,,,,,,,,,,,440037,,208758,,,,,,,,55488,,,,,,,,,,,,,,1030,,,,,,,,16686046,,,,,,,,,,,,,,,,,,,,,,,,,,,,,,,,,,,,,,,,,,,,,,,,
1726099200,9/12/2024,,3199180619,,,,,,,,,,,,,,,,,,,,,,,,,,,,,,,,,,,,,,,,,,,,,,,,,,,,,,,,,,,,,,,,,,,,,,,,,,,,,,,,,,,,,,,,,,,,,,,,,,,,,,,,,,,,,,,,,,,,,,,,,,,,,,,,,,,,,,,,,,,,,,,,,,,,,,,,,,1395914,,,,,,,,,,,,,,,,,,,,,,,,,,,,,,,,,,,,,,,,,,,,,,,,,,,,,,,,,,,,2972540,,,,,,532297,,,,,8442,,,,,,,,,,,,,,,,,,,,,,,,,,207698,,208758,,,,,,,,55862,,,,,,,,,,,,,,1030,,,,,,,,16837737,,,,,,,,,,,,,,,,,,,,,,,,,,,,,,,,,,,,,,,,,,,,,,,,
1726185600,9/13/2024,,3237698692,,,,,,,,,,,,,,,,,,,,,,,,,,,,,,,,,,,,,,,,,,,,,,,,,,,,,,,,,,,,,,,,,,,,,,,,,,,,,,,,,,,,,,,,,,,,,,,,,,,,,,,,,,,,,,,,,,,,,,,,,,,,,,,,,,,,,,,,,,,,,,,,,,,,,,,,,,1400822,,,,,,,,,,,,,,,,,,,,,,,,,,,,,,,,,,,,,,,,,,,,,,,,,,,,,,,,,,,,2869072,,,,,,532297,,,,,8442,,,,,,,,,,,,,,,,,,,,,,,,,,206630,,208758,,,,,,,,55133,,,,,,,,,,,,,,1030,,,,,,,,16837848,,,,,,,,,,,,,,,,,,,,,,,,,,,,,,,,,,,,,,,,,,,,,,,,
1726272000,9/14/2024,,3289593120,,,,,,,,,,,,,,,,,,,,,,,,,,,,,,,,,,,,,,,,,,,,,,,,,,,,,,,,,,,,,,,,,,,,,,,,,,,,,,,,,,,,,,,,,,,,,,,,,,,,,,,,,,,,,,,,,,,,,,,,,,,,,,,,,,,,,,,,,,,,,,,,,,,,,,,,,,1396429,,,,,,,,,,,,,,,,,,,,,,,,,,,,,,,,,,,,,,,,,,,,,,,,,,,,,,,,,,,,2875908,,,,,,522459,,,,,8442,,,,,,,,,,,,,,,,,,,,,,,,,,194072,,208758,,,,,,,,55274,,,,,,,,,,,,,,1030,,,,,,,,16860060,,,,,,,,,,,,,,,,,,,,,,,,,,,,,,,,,,,,,,,,,,,,,,,,
1726358400,9/15/2024,,3290467005,,,,,,,,,,,,,,,,,,,,,,,,,,,,,,,,,,,,,,,,,,,,,,,,,,,,,,,,,,,,,,,,,,,,,,,,,,,,,,,,,,,,,,,,,,,,,,,,,,,,,,,,,,,,,,,,,,,,,,,,,,,,,,,,,,,,,,,,,,,,,,,,,,,,,,,,,,1396059,,,,,,,,,,,,,,,,,,,,,,,,,,,,,,,,,,,,,,,,,,,,,,,,,,,,,,,,,,,,2800990,,,,,,526859,,,,,8442,,,,,,,,,,,,,,,,,,,,,,,,,,195465,,208758,,,,,,,,55994,,,,,,,,,,,,,,1030,,,,,,,,17159425,,,,,,,,,,,,,,,,,,,,,,,,,,,,,,,,,,,,,,,,,,,,,,,,
1726444800,9/16/2024,,3292496234,,,,,,,,,,,,,,,,,,,,,,,,,,,,,,,,,,,,,,,,,,,,,,,,,,,,,,,,,,,,,,,,,,,,,,,,,,,,,,,,,,,,,,,,,,,,,,,,,,,,,,,,,,,,,,,,,,,,,,,,,,,,,,,,,,,,,,,,,,,,,,,,,,,,,,,,,,1398588,,,,,,,,,,,,,,,,,,,,,,,,,,,,,,,,,,,,,,,,,,,,,,,,,,,,,,,,,,,,2807486,,,,,,526881,,,,,8442,,,,,,,,,,,,,,,,,,,,,,,,,,188629,,208758,,,,,,,,56436,,,,,,,,,,,,,,1030,,,,,,,,17159425,,,,,,,,,,,,,,,,,,,,,,,,,,,,,,,,,,,,,,,,,,,,,,,,
1726531200,9/17/2024,,3290574318,,,,,,,,,,,,,,,,,,,,,,,,,,,,,,,,,,,,,,,,,,,,,,,,,,,,,,,,,,,,,,,,,,,,,,,,,,,,,,,,,,,,,,,,,,,,,,,,,,,,,,,,,,,,,,,,,,,,,,,,,,,,,,,,,,,,,,,,,,,,,,,,,,,,,,,,,,1396709,,,,,,,,,,,,,,,,,,,,,,,,,,,,,,,,,,,,,,,,,,,,,,,,,,,,,,,,,,,,2813856,,,,,,526881,,,,,8442,,,,,,,,,,,,,,,,,,,,,,,,,,182168,,208758,,,,,,,,56044,,,,,,,,,,,,,,1030,,,,,,,,17177113,,,,,,,,,,,,,,,,,,,,,,,,,,,,,,,,,,,,,,,,,,,,,,,,
1726617600,9/18/2024,,3286507813,,,,,,,,,,,,,,,,,,,,,,,,,,,,,,,,,,,,,,,,,,,,,,,,,,,,,,,,,,,,,,,,,,,,,,,,,,,,,,,,,,,,,,,,,,,,,,,,,,,,,,,,,,,,,,,,,,,,,,,,,,,,,,,,,,,,,,,,,,,,,,,,,,,,,,,,,,1397563,,,,,,,,,,,,,,,,,,,,,,,,,,,,,,,,,,,,,,,,,,,,,,,,,,,,,,,,,,,,3047453,,,,,,527379,,,,,8442,,,,,,,,,,,,,,,,,,,,,,,,,,169602,,208758,,,,,,,,56865,,,,,,,,,,,,,,1030,,,,,,,,17177112,,,,,,,,,,,,,,,,,,,,,,,,,,,,,,,,,,,,,,,,,,,,,,,,
1726704000,9/19/2024,,3283573105,,,,,,,,,,,,,,,,,,,,,,,,,,,,,,,,,,,,,,,,,,,,,,,,,,,,,,,,,,,,,,,,,,,,,,,,,,,,,,,,,,,,,,,,,,,,,,,,,,,,,,,,,,,,,,,,,,,,,,,,,,,,,,,,,,,,,,,,,,,,,,,,,,,,,,,,,,1397700,,,,,,,,,,,,,,,,,,,,,,,,,,,,,,,,,,,,,,,,,,,,,,,,,,,,,,,,,,,,3087662,,,,,,518206,,,,,8442,,,,,,,,,,,,,,,,,,,,,,,,,,166937,,208758,,,,,,,,57272,,,,,,,,,,,,,,1030,,,,,,,,17331861,,,,,,,,,,,,,,,,,,,,,,,,,,,,,,,,,,,,,,,,,,,,,,,,
1726790400,9/20/2024,,3338393620,,,,,,,,,,,,,,,,,,,,,,,,,,,,,,,,,,,,,,,,,,,,,,,,,,,,,,,,,,,,,,,,,,,,,,,,,,,,,,,,,,,,,,,,,,,,,,,,,,,,,,,,,,,,,,,,,,,,,,,,,,,,,,,,,,,,,,,,,,,,,,,,,,,,,,,,,,1397936,,,,,,,,,,,,,,,,,,,,,,,,,,,,,,,,,,,,,,,,,,,,,,,,,,,,,,,,,,,,3076438,,,,,,512796,,,,,8442,,,,,,,,,,,,,,,,,,,,,,,,,,165800,,208758,,,,,,,,59076,,,,,,,,,,,,,,1030,,,,,,,,17331861,,,,,,,,,,,,,,,,,,,,,,,,,,,,,,,,,,,,,,,,,,,,,,,,
1726876800,9/21/2024,,3348715519,,,,,,,,,,,,,,,,,,,,,,,,,,,,,,,,,,,,,,,,,,,,,,,,,,,,,,,,,,,,,,,,,,,,,,,,,,,,,,,,,,,,,,,,,,,,,,,,,,,,,,,,,,,,,,,,,,,,,,,,,,,,,,,,,,,,,,,,,,,,,,,,,,,,,,,,,,1399520,,,,,,,,,,,,,,,,,,,,,,,,,,,,,,,,,,,,,,,,,,,,,,,,,,,,,,,,,,,,3126002,,,,,,517850,,,,,8442,,,,,,,,,,,,,,,,,,,,,,,,,,157182,,208758,,,,,,,,57689,,,,,,,,,,,,,,1030,,,,,,,,19931116,,,,,,,,,,,,,,,,,,,,,,,,,,,,,,,,,,,,,,,,,,,,,,,,
1726963200,9/22/2024,,3376366021,,,,,,,,,,,,,,,,,,,,,,,,,,,,,,,,,,,,,,,,,,,,,,,,,,,,,,,,,,,,,,,,,,,,,,,,,,,,,,,,,,,,,,,,,,,,,,,,,,,,,,,,,,,,,,,,,,,,,,,,,,,,,,,,,,,,,,,,,,,,,,,,,,,,,,,,,,1403901,,,,,,,,,,,,,,,,,,,,,,,,,,,,,,,,,,,,,,,,,,,,,,,,,,,,,,,,,,,,3127283,,,,,,517850,,,,,8442,,,,,,,,,,,,,,,,,,,,,,,,,,156016,,208758,,,,,,,,57015,,,,,,,,,,,,,,1030,,,,,,,,19931116,,,,,,,,,,,,,,,,,,,,,,,,,,,,,,,,,,,,,,,,,,,,,,,,
1727049600,9/23/2024,,3377202469,,,,,,,,,,,,,,,,,,,,,,,,,,,,,,,,,,,,,,,,,,,,,,,,,,,,,,,,,,,,,,,,,,,,,,,,,,,,,,,,,,,,,,,,,,,,,,,,,,,,,,,,,,,,,,,,,,,,,,,,,,,,,,,,,,,,,,,,,,,,,,,,,,,,,,,,,,1397596,,,,,,,,,,,,,,,,,,,,,,,,,,,,,,,,,,,,,,,,,,,,,,,,,,,,,,,,,,,,3109447,,,,,,513803,,,,,8442,,,,,,,,,,,,,,,,,,,,,,,,,,155439,,208758,,,,,,,,57367,,,,,,,,,,,,,,1030,,,,,,,,19753159,,,,,,,,,,,,,,,,,,,,,,,,,,,,,,,,,,,,,,,,,,,,,,,,
1727136000,9/24/2024,,3364249544,,,,,,,,,,,,,,,,,,,,,,,,,,,,,,,,,,,,,,,,,,,,,,,,,,,,,,,,,,,,,,,,,,,,,,,,,,,,,,,,,,,,,,,,,,,,,,,,,,,,,,,,,,,,,,,,,,,,,,,,,,,,,,,,,,,,,,,,,,,,,,,,,,,,,,,,,,1407072,,,,,,,,,,,,,,,,,,,,,,,,,,,,,,,,,,,,,,,,,,,,,,,,,,,,,,,,,,,,3201420,,,,,,513803,,,,,8442,,,,,,,,,,,,,,,,,,,,,,,,,,154314,,208758,,,,,,,,58318,,,,,,,,,,,,,,1030,,,,,,,,19986431,,,,,,,,,,,,,,,,,,,,,,,,,,,,,,,,,,,,,,,,,,,,,,,,
1727222400,9/25/2024,,3388525889,,,,,,,,,,,,,,,,,,,,,,,,,,,,,,,,,,,,,,,,,,,,,,,,,,,,,,,,,,,,,,,,,,,,,,,,,,,,,,,,,,,,,,,,,,,,,,,,,,,,,,,,,,,,,,,,,,,,,,,,,,,,,,,,,,,,,,,,,,,,,,,,,,,,,,,,,,1396059,,,,,,,,,,,,,,,,,,,,,,,,,,,,,,,,,,,,,,,,,,,,,,,,,,,,,,,,,,,,3369346,,,,,,513781,,,,,8442,,,,,,,,,,,,,,,,,,,,,,,,,,150926,,208758,,,,,,,,59200,,,,,,,,,,,,,,1030,,,,,,,,22632022,,,,,,,,,,,,,,,,,,,,,,,,,,,,,,,,,,,,,,,,,,,,,,,,
1727308800,9/26/2024,,3411002621,,,,,,,,,,,,,,,,,,,,,,,,,,,,,,,,,,,,,,,,,,,,,,,,,,,,,,,,,,,,,,,,,,,,,,,,,,,,,,,,,,,,,,,,,,,,,,,,,,,,,,,,,,,,,,,,,,,,,,,,,,,,,,,,,,,,,,,,,,,,,,,,,,,,,,,,,,1398829,,,,,,,,,,,,,,,,,,,,,,,,,,,,,,,,,,,,,,,,,,,,,,,,,,,,,,,,,,,,3444539,,,,,,514792,,,,,8442,,,,,,,,,,,,,,,,,,,,,,,,,,150306,,208758,,,,,,,,58989,,,,,,,,,,,,,,1030,,,,,,,,22952805,,,,,,,,,,,,,,,,,,,,,,,,,,,,,,,,,,,,,,,,,,,,,,,,
1727395200,9/27/2024,,3422512095,,,,,,,,,,,,,,,,,,,,,,,,,,,,,,,,,,,,,,,,,,,,,,,,,,,,,,,,,,,,,,,,,,,,,,,,,,,,,,,,,,,,,,,,,,,,,,,,,,,,,,,,,,,,,,,,,,,,,,,,,,,,,,,,,,,,,,,,,,,,,,,,,,,,,,,,,,1399239,,,,,,,,,,,,,,,,,,,,,,,,,,,,,,,,,,,,,,,,,,,,,,,,,,,,,,,,,,,,3348253,,,,,,514794,,,,,8442,,,,,,,,,,,,,,,,,,,,,,,,,,140692,,208758,,,,,,,,54904,,,,,,,,,,,,,,1030,,,,,,,,22952917,,,,,,,,,,,,,,,,,,,,,,,,,,,,,,,,,,,,,,,,,,,,,,,,
1727481600,9/28/2024,,3454927158,,,,,,,,,,,,,,,,,,,,,,,,,,,,,,,,,,,,,,,,,,,,,,,,,,,,,,,,,,,,,,,,,,,,,,,,,,,,,,,,,,,,,,,,,,,,,,,,,,,,,,,,,,,,,,,,,,,,,,,,,,,,,,,,,,,,,,,,,,,,,,,,,,,,,,,,,,1398986,,,,,,,,,,,,,,,,,,,,,,,,,,,,,,,,,,,,,,,,,,,,,,,,,,,,,,,,,,,,3415289,,,,,,515794,,,,,8442,,,,,,,,,,,,,,,,,,,,,,,,,,140232,,208758,,,,,,,,63748,,,,,,,,,,,,,,1030,,,,,,,,24978058,,,,,,,,,,,,,,,,,,,,,,,,,,,,,,,,,,,,,,,,,,,,,,,,
1727568000,9/29/2024,,3460726124,,,,,,,,,,,,,,,,,,,,,,,,,,,,,,,,,,,,,,,,,,,,,,,,,,,,,,,,,,,,,,,,,,,,,,,,,,,,,,,,,,,,,,,,,,,,,,,,,,,,,,,,,,,,,,,,,,,,,,,,,,,,,,,,,,,,,,,,,,,,,,,,,,,,,,,,,,1398214,,,,,,,,,,,,,,,,,,,,,,,,,,,,,,,,,,,,,,,,,,,,,,,,,,,,,,,,,,,,3511538,,,,,,515816,,,,,8442,,,,,,,,,,,,,,,,,,,,,,,,,,135784,,208758,,,,,,,,63550,,,,,,,,,,,,,,1030,,,,,,,,24978058,,,,,,,,,,,,,,,,,,,,,,,,,,,,,,,,,,,,,,,,,,,,,,,,
1727654400,9/30/2024,,3458223470,,,,,,,,,,,,,,,,,,,,,,,,,,,,,,,,,,,,,,,,,,,,,,,,,,,,,,,,,,,,,,,,,,,,,,,,,,,,,,,,,,,,,,,,,,,,,,,,,,,,,,,,,,,,,,,,,,,,,,,,,,,,,,,,,,,,,,,,,,,,,,,,,,,,,,,,,,1399699,,,,,,,,,,,,,,,,,,,,,,,,,,,,,,,,,,,,,,,,,,,,,,,,,,,,,,,,,,,,3643270,,,,,,516266,,,,,8442,,,,,,,,,,,,,,,,,,,,,,,,,,130168,,208758,,,,,,,,60907,,,,,,,,,,,,,,1030,,,,,,,,24755040,,,,,,,,,,,,,,,,,,,,,,,,,,,,,,,,,,,,,,,,,,,,,,,,
1727740800,10/1/2024,,3486357670,,,,,,,,,,,,,,,,,,,,,,,,,,,,,,,,,,,,,,,,,,,,,,,,,,,,,,,,,,,,,,,,,,,,,,,,,,,,,,,,,,,,,,,,,,,,,,,,,,,,,,,,,,,,,,,,,,,,,,,,,,,,,,,,,,,,,,,,,,,,,,,,,,,,,,,,,,1394776,,,,,,,,,,,,,,,,,,,,,,,,,,,,,,,,,,,,,,,,,,,,,,,,,,,,,,,,,,,,3867787,,,,,,516338,,,,,8442,,,,,,,,,,,,,,,,,,,,,,,,,,127626,,208758,,,,,,,,72381,,,,,,,,,,,,,,1030,,,,,,,,27405681,,,,,,,,,,,,,,,,,,,,,,,,,,,,,,,,,,,,,,,,,,,,,,,,
1727827200,10/2/2024,,3436342651,,,,,,,,,,,,,,,,,,,,,,,,,,,,,,,,,,,,,,,,,,,,,,,,,,,,,,,,,,,,,,,,,,,,,,,,,,,,,,,,,,,,,,,,,,,,,,,,,,,,,,,,,,,,,,,,,,,,,,,,,,,,,,,,,,,,,,,,,,,,,,,,,,,,,,,,,,1404370,,,,,,,,,,,,,,,,,,,,,,,,,,,,,,,,,,,,,,,,,,,,,,,,,,,,,,,,,,,,3774329,,,,,,516338,,,,,8442,,,,,,,,,,,,,,,,,,,,,,,,,,121235,,208758,,,,,,,,75270,,,,,,,,,,,,,,1030,,,,,,,,30756771,,,,,,,,,,,,,,,,,,,,,,,,,,,,,,,,,,,,,,,,,,,,,,,,
1727913600,10/3/2024,,3439559759,,,,,,,,,,,,,,,,,,,,,,,,,,,,,,,,,,,,,,,,,,,,,,,,,,,,,,,,,,,,,,,,,,,,,,,,,,,,,,,,,,,,,,,,,,,,,,,,,,,,,,,,,,,,,,,,,,,,,,,,,,,,,,,,,,,,,,,,,,,,,,,,,,,,,,,,,,1401756,,,,,,,,,,,,,,,,,,,,,,,,,,,,,,,,,,,,,,,,,,,,,,,,,,,,,,,,,,,,4066913,,,,,,516338,,,,,8442,,,,,,,,,,,,,,,,,,,,,,,,,,107623,,208758,,,,,,,,74017,,,,,,,,,,,,,,1030,,,,,,,,30479705,,,,,,,,,,,,,,,,,,,,,,,,,,,,,,,,,,,,,,,,,,,,,,,,
1728000000,10/4/2024,,3440938073,,,,,,,,,,,,,,,,,,,,,,,,,,,,,,,,,,,,,,,,,,,,,,,,,,,,,,,,,,,,,,,,,,,,,,,,,,,,,,,,,,,,,,,,,,,,,,,,,,,,,,,,,,,,,,,,,,,,,,,,,,,,,,,,,,,,,,,,,,,,,,,,,,,,,,,,,,1395888,,,,,,,,,,,,,,,,,,,,,,,,,,,,,,,,,,,,,,,,,,,,,,,,,,,,,,,,,,,,4152265,,,,,,516316,,,,,8442,,,,,,,,,,,,,,,,,,,,,,,,,,107099,,208758,,,,,,,,71265,,,,,,,,,,,,,,1030,,,,,,,,33467277,,,,,,,,,,,,,,,,,,,,,,,,,,,,,,,,,,,,,,,,,,,,,,,,
1728086400,10/5/2024,,3443442637,,,,,,,,,,,,,,,,,,,,,,,,,,,,,,,,,,,,,,,,,,,,,,,,,,,,,,,,,,,,,,,,,,,,,,,,,,,,,,,,,,,,,,,,,,,,,,,,,,,,,,,,,,,,,,,,,,,,,,,,,,,,,,,,,,,,,,,,,,,,,,,,,,,,,,,,,,1400144,,,,,,,,,,,,,,,,,,,,,,,,,,,,,,,,,,,,,,,,,,,,,,,,,,,,,,,,,,,,4219648,,,,,,516313,,,,,8442,,,,,,,,,,,,,,,,,,,,,,,,,,107151,,208758,,,,,,,,67305,,,,,,,,,,,,,,1030,,,,,,,,35368103,,,,,,,,,,,,,,,,,,,,,,,,,,,,,,,,,,,,,,,,,,,,,,,,
1728172800,10/6/2024,,3450821612,,,,,,,,,,,,,,,,,,,,,,,,,,,,,,,,,,,,,,,,,,,,,,,,,,,,,,,,,,,,,,,,,,,,,,,,,,,,,,,,,,,,,,,,,,,,,,,,,,,,,,,,,,,,,,,,,,,,,,,,,,,,,,,,,,,,,,,,,,,,,,,,,,,,,,,,,,1399668,,,,,,,,,,,,,,,,,,,,,,,,,,,,,,,,,,,,,,,,,,,,,,,,,,,,,,,,,,,,4278912,,,,,,516313,,,,,8442,,,,,,,,,,,,,,,,,,,,,,,,,,104265,,208758,,,,,,,,65962,,,,,,,,,,,,,,1030,,,,,,,,35368103,,,,,,,,,,,,,,,,,,,,,,,,,,,,,,,,,,,,,,,,,,,,,,,,
1728259200,10/7/2024,,3458635566,,,,,,,,,,,,,,,,,,,,,,,,,,,,,,,,,,,,,,,,,,,,,,,,,,,,,,,,,,,,,,,,,,,,,,,,,,,,,,,,,,,,,,,,,,,,,,,,,,,,,,,,,,,,,,,,,,,,,,,,,,,,,,,,,,,,,,,,,,,,,,,,,,,,,,,,,,1393179,,,,,,,,,,,,,,,,,,,,,,,,,,,,,,,,,,,,,,,,,,,,,,,,,,,,,,,,,,,,4205237,,,,,,516313,,,,,8442,,,,,,,,,,,,,,,,,,,,,,,,,,103933,,208758,,,,,,,,62506,,,,,,,,,,,,,,1030,,,,,,,,35335862,,,,,,,,,,,,,,,,,,,,,,,,,,,,,,,,,,,,,,,,,,,,,,,,
1728345600,10/8/2024,,3476306462,,,,,,,,,,,,,,,,,,,,,,,,,,,,,,,,,,,,,,,,,,,,,,,,,,,,,,,,,,,,,,,,,,,,,,,,,,,,,,,,,,,,,,,,,,,,,,,,,,,,,,,,,,,,,,,,,,,,,,,,,,,,,,,,,,,,,,,,,,,,,,,,,,,,,,,,,,1400813,,,,,,,,,,,,,,,,,,,,,,,,,,,,,,,,,,,,,,,,,,,,,,,,,,,,,,,,,,,,4204803,,,,,,516313,,,,,8442,,,,,,,,,,,,,,,,,,,,,,,,,,103757,,208758,,,,,,,,60303,,,,,,,,,,,,,,1030,,,,,,,,35368103,,,,,,,,,,,,,,,,,,,,,,,,,,,,,,,,,,,,,,,,,,,,,,,,
1728432000,10/9/2024,,3461071705,,,,,,,,,,,,,,,,,,,,,,,,,,,,,,,,,,,,,,,,,,,,,,,,,,,,,,,,,,,,,,,,,,,,,,,,,,,,,,,,,,,,,,,,,,,,,,,,,,,,,,,,,,,,,,,,,,,,,,,,,,,,,,,,,,,,,,,,,,,,,,,,,,,,,,,,,,1704876,,,,,,,,,,,,,,,,,,,,,,,,,,,,,,,,,,,,,,,,,,,,,,,,,,,,,,,,,,,,4241828,,,,,,516313,,,,,8442,,,,,,,,,,,,,,,,,,,,,,,,,,102119,,208758,,,,,,,,55583,,,,,,,,,,,,,,1030,,,,,,,,35303621,,,,,,,,,,,,,,,,,,,,,,,,,,,,,,,,,,,,,,,,,,,,,,,,
1728518400,10/10/2024,,3458170405,,,,,,,,,,,,,,,,,,,,,,,,,,,,,,,,,,,,,,,,,,,,,,,,,,,,,,,,,,,,,,,,,,,,,,,,,,,,,,,,,,,,,,,,,,,,,,,,,,,,,,,,,,,,,,,,,,,,,,,,,,,,,,,,,,,,,,,,,,,,,,,,,,,,,,,,,,2325680,,,,,,,,,,,,,,,,,,,,,,,,,,,,,,,,,,,,,,,,,,,,,,,,,,,,,,,,,,,,4189290,,,,,,518567,,,,,8442,,,,,,,,,,,,,,,,,,,,,,,,,,102419,,208758,,,,,,,,53455,,,,,,,,,,,,,,1030,,,,,,,,35174767,,,,,,,,,,,,,,,,,,,,,,,,,,,,,,,,,,,,,,,,,,,,,,,,
1728604800,10/11/2024,,3458583671,,,,,,,,,,,,,,,,,,,,,,,,,,,,,,,,,,,,,,,,,,,,,,,,,,,,,,,,,,,,,,,,,,,,,,,,,,,,,,,,,,,,,,,,,,,,,,,,,,,,,,,,,,,,,,,,,,,,,,,,,,,,,,,,,,,,,,,,,,,,,,,,,,,,,,,,,,2307821,,,,,,,,,,,,,,,,,,,,,,,,,,,,,,,,,,,,,,,,,,,,,,,,,,,,,,,,,,,,4409878,,,,,,521469,,,,,8442,,,,,,,,,,,,,,,,,,,,,,,,,,100040,,208758,,,,,,,,51345,,,,,,,,,,,,,,1030,,,,,,,,35271490,,,,,,,,,,,,,,,,,,,,,,,,,,,,,,,,,,,,,,,,,,,,,,,,
1728691200,10/12/2024,,3468826892,,,,,,,,,,,,,,,,,,,,,,,,,,,,,,,,,,,,,,,,,,,,,,,,,,,,,,,,,,,,,,,,,,,,,,,,,,,,,,,,,,,,,,,,,,,,,,,,,,,,,,,,,,,,,,,,,,,,,,,,,,,,,,,,,,,,,,,,,,,,,,,,,,,,,,,,,,2321661,,,,,,,,,,,,,,,,,,,,,,,,,,,,,,,,,,,,,,,,,,,,,,,,,,,,,,,,,,,,4533006,,,,,,521469,,,,,8442,,,,,,,,,,,,,,,,,,,,,,,,,,73794,,208758,,,,,,,,49543,,,,,,,,,,,,,,1030,,,,,,,,35303742,,,,,,,,,,,,,,,,,,,,,,,,,,,,,,,,,,,,,,,,,,,,,,,,
1728777600,10/13/2024,,3488187590,,,,,,,,,,,,,,,,,,,,,,,,,,,,,,,,,,,,,,,,,,,,,,,,,,,,,,,,,,,,,,,,,,,,,,,,,,,,,,,,,,,,,,,,,,,,,,,,,,,,,,,,,,,,,,,,,,,,,,,,,,,,,,,,,,,,,,,,,,,,,,,,,,,,,,,,,,2317945,,,,,,,,,,,,,,,,,,,,,,,,,,,,,,,,,,,,,,,,,,,,,,,,,,,,,,,,,,,,4809023,,,,,,521486,,,,,8442,,,,,,,,,,,,,,,,,,,,,,,,,,73655,,208758,,,,,,,,50386,,,,,,,,,,,,,,1030,,,,,,,,35271501,,,,,,,,,,,,,,,,,,,,,,,,,,,,,,,,,,,,,,,,,,,,,,,,
1728864000,10/14/2024,,3496831180,,,,,,,,,,,,,,,,,,,,,,,,,,,,,,,,,,,,,,,,,,,,,,,,,,,,,,,,,,,,,,,,,,,,,,,,,,,,,,,,,,,,,,,,,,,,,,,,,,,,,,,,,,,,,,,,,,,,,,,,,,,,,,,,,,,,,,,,,,,,,,,,,,,,,,,,,,2319771,,,,,,,,,,,,,,,,,,,,,,,,,,,,,,,,,,,,,,,,,,,,,,,,,,,,,,,,,,,,4842535,,,,,,521486,,,,,8442,,,,,,,,,,,,,,,,,,,,,,,,,,73691,,208758,,,,,,,,48947,,,,,,,,,,,,,,1030,,,,,,,,35271501,,,,,,,,,,,,,,,,,,,,,,,,,,,,,,,,,,,,,,,,,,,,,,,,
1728950400,10/15/2024,,3500009782,,,,,,,,,,,,,,,,,,,,,,,,,,,,,,,,,,,,,,,,,,,,,,,,,,,,,,,,,,,,,,,,,,,,,,,,,,,,,,,,,,,,,,,,,,,,,,,,,,,,,,,,,,,,,,,,,,,,,,,,,,,,,,,,,,,,,,,,,,,,,,,,,,,,,,,,,,2336507,,,,,,,,,,,,,,,,,,,,,,,,,,,,,,,,,,,,,,,,,,,,,,,,,,,,,,,,,,,,4877930,,,,,,521486,,,,,8442,,,,,,,,,,,,,,,,,,,,,,,,,,73676,,208758,,,,,,,,50401,,,,,,,,,,,,,,1030,,,,,,,,35290963,,,,,,,,,,,,,,,,,,,,,,,,,,,,,,,,,,,,,,,,,,,,,,,,
1729036800,10/16/2024,,3493623142,,,,,,,,,,,,,,,,,,,,,,,,,,,,,,,,,,,,,,,,,,,,,,,,,,,,,,,,,,,,,,,,,,,,,,,,,,,,,,,,,,,,,,,,,,,,,,,,,,,,,,,,,,,,,,,,,,,,,,,,,,,,,,,,,,,,,,,,,,,,,,,,,,,,,,,,,,2320582,,,,,,,,,,,,,,,,,,,,,,,,,,,,,,,,,,,,,,,,,,,,,,,,,,,,,,,,,,,,4830397,,,,,,521486,,,,,8442,,,,,,,,,,,,,,,,,,,,,,,,,,73525,,208758,,,,,,,,49187,,,,,,,,,,,,,,1030,,,,,,,,35161336,,,,,,,,,,,,,,,,,,,,,,,,,,,,,,,,,,,,,,,,,,,,,,,,
1729123200,10/17/2024,,3489606768,,,,,,,,,,,,,,,,,,,,,,,,,,,,,,,,,,,,,,,,,,,,,,,,,,,,,,,,,,,,,,,,,,,,,,,,,,,,,,,,,,,,,,,,,,,,,,,,,,,,,,,,,,,,,,,,,,,,,,,,,,,,,,,,,,,,,,,,,,,,,,,,,,,,,,,,,,2325532,,,,,,,,,,,,,,,,,,,,,,,,,,,,,,,,,,,,,,,,,,,,,,,,,,,,,,,,,,,,4918331,,,,,,521488,,,,,8442,,,,,,,,,,,,,,,,,,,,,,,,,,73395,,208758,,,,,,,,51451,,,,,,,,,,,,,,1030,,,,,,,,40405926,,,,,,,,,,,,,,,,,,,,,,,,,,,,,,,,,,,,,,,,,,,,,,,,
1729209600,10/18/2024,,3415046829,,,,,,,,,,,,,,,,,,,,,,,,,,,,,,,,,,,,,,,,,,,,,,,,,,,,,,,,,,,,,,,,,,,,,,,,,,,,,,,,,,,,,,,,,,,,,,,,,,,,,,,,,,,,,,,,,,,,,,,,,,,,,,,,,,,,,,,,,,,,,,,,,,,,,,,,,,2315391,,,,,,,,,,,,,,,,,,,,,,,,,,,,,,,,,,,,,,,,,,,,,,,,,,,,,,,,,,,,4969899,,,,,,511228,,,,,8442,,,,,,,,,,,,,,,,,,,,,,,,,,67664,,4633,,,,,,,,50335,,,,,,,,,,,,,,1030,,,,,,,,40247642,,,,,,,,,,,,,,,,,,,,,,,,,,,,,,,,,,,,,,,,,,,,,,,,
1729296000,10/19/2024,,3428524329,,,,,,,,,,,,,,,,,,,,,,,,,,,,,,,,,,,,,,,,,,,,,,,,,,,,,,,,,,,,,,,,,,,,,,,,,,,,,,,,,,,,,,,,,,,,,,,,,,,,,,,,,,,,,,,,,,,,,,,,,,,,,,,,,,,,,,,,,,,,,,,,,,,,,,,,,,2276550,,,,,,,,,,,,,,,,,,,,,,,,,,,,,,,,,,,,,,,,,,,,,,,,,,,,,,,,,,,,4959820,,,,,,507570,,,,,8442,,,,,,,,,,,,,,,,,,,,,,,,,,66864,,4633,,,,,,,,50510,,,,,,,,,,,,,,1030,,,,,,,,40284702,,,,,,,,,,,,,,,,,,,,,,,,,,,,,,,,,,,,,,,,,,,,,,,,
1729382400,10/20/2024,,3420277496,,,,,,,,,,,,,,,,,,,,,,,,,,,,,,,,,,,,,,,,,,,,,,,,,,,,,,,,,,,,,,,,,,,,,,,,,,,,,,,,,,,,,,,,,,,,,,,,,,,,,,,,,,,,,,,,,,,,,,,,,,,,,,,,,,,,,,,,,,,,,,,,,,,,,,,,,,2276320,,,,,,,,,,,,,,,,,,,,,,,,,,,,,,,,,,,,,,,,,,,,,,,,,,,,,,,,,,,,4793049,,,,,,507570,,,,,8442,,,,,,,,,,,,,,,,,,,,,,,,,,66953,,4633,,,,,,,,49299,,,,,,,,,,,,,,1030,,,,,,,,40321762,,,,,,,,,,,,,,,,,,,,,,,,,,,,,,,,,,,,,,,,,,,,,,,,
1729468800,10/21/2024,,3452736887,,,,,,,,,,,,,,,,,,,,,,,,,,,,,,,,,,,,,,,,,,,,,,,,,,,,,,,,,,,,,,,,,,,,,,,,,,,,,,,,,,,,,,,,,,,,,,,,,,,,,,,,,,,,,,,,,,,,,,,,,,,,,,,,,,,,,,,,,,,,,,,,,,,,,,,,,,2276168,,,,,,,,,,,,,,,,,,,,,,,,,,,,,,,,,,,,,,,,,,,,,,,,,,,,,,,,,,,,4677911,,,,,,507570,,,,,8442,,,,,,,,,,,,,,,,,,,,,,,,,,66951,,4633,,,,,,,,46571,,,,,,,,,,,,,,1030,,,,,,,,40173521,,,,,,,,,,,,,,,,,,,,,,,,,,,,,,,,,,,,,,,,,,,,,,,,
1729555200,10/22/2024,,3407648823,,,,,,,,,,,,,,,,,,,,,,,,,,,,,,,,,,,,,,,,,,,,,,,,,,,,,,,,,,,,,,,,,,,,,,,,,,,,,,,,,,,,,,,,,,,,,,,,,,,,,,,,,,,,,,,,,,,,,,,,,,,,,,,,,,,,,,,,,,,,,,,,,,,,,,,,,,2230967,,,,,,,,,,,,,,,,,,,,,,,,,,,,,,,,,,,,,,,,,,,,,,,,,,,,,,,,,,,,4707216,,,,,,507570,,,,,8442,,,,,,,,,,,,,,,,,,,,,,,,,,66895,,5900,,,,,,,,45699,,,,,,,,,,,,,,1030,,,,,,,,40034944,,,,,,,,,,,,,,,,,,,,,,,,,,,,,,,,,,,,,,,,,,,,,,,,
1729641600,10/23/2024,,3399140750,,,,,,,,,,,,,,,,,,,,,,,,,,,,,,,,,,,,,,,,,,,,,,,,,,,,,,,,,,,,,,,,,,,,,,,,,,,,,,,,,,,,,,,,,,,,,,,,,,,,,,,,,,,,,,,,,,,,,,,,,,,,,,,,,,,,,,,,,,,,,,,,,,,,,,,,,,2229022,,,,,,,,,,,,,,,,,,,,,,,,,,,,,,,,,,,,,,,,,,,,,,,,,,,,,,,,,,,,4724127,,,,,,507570,,,,,8442,,,,,,,,,,,,,,,,,,,,,,,,,,67530,,5900,,,,,,,,44240,,,,,,,,,,,,,,1030,,,,,,,,39886804,,,,,,,,,,,,,,,,,,,,,,,,,,,,,,,,,,,,,,,,,,,,,,,,
1729728000,10/24/2024,,3401308981,,,,,,,,,,,,,,,,,,,,,,,,,,,,,,,,,,,,,,,,,,,,,,,,,,,,,,,,,,,,,,,,,,,,,,,,,,,,,,,,,,,,,,,,,,,,,,,,,,,,,,,,,,,,,,,,,,,,,,,,,,,,,,,,,,,,,,,,,,,,,,,,,,,,,,,,,,2058007,,,,,,,,,,,,,,,,,,,,,,,,,,,,,,,,,,,,,,,,,,,,,,,,,,,,,,,,,,,,4663713,,,,,,507567,,,,,8442,,,,,,,,,,,,,,,,,,,,,,,,,,66942,,6501,,,,,,,,42446,,,,,,,,,,,,,,1030,,,,,,,,47407908,,,,,,,,,,,,,,,,,,,,,,,,,,,,,,,,,,,,,,,,,,,,,,,,
1729814400,10/25/2024,,3408118859,,,,,,,,,,,,,,,,,,,,,,,,,,,,,,,,,,,,,,,,,,,,,,,,,,,,,,,,,,,,,,,,,,,,,,,,,,,,,,,,,,,,,,,,,,,,,,,,,,,,,,,,,,,,,,,,,,,,,,,,,,,,,,,,,,,,,,,,,,,,,,,,,,,,,,,,,,2002939,,,,,,,,,,,,,,,,,,,,,,,,,,,,,,,,,,,,,,,,,,,,,,,,,,,,,,,,,,,,4651492,,,,,,507567,,,,,8442,,,,,,,,,,,,,,,,,,,,,,,,,,63930,,6501,,,,,,,,42459,,,,,,,,,,,,,,1030,,,,,,,,47077196,,,,,,,,,,,,,,,,,,,,,,,,,,,,,,,,,,,,,,,,,,,,,,,,
1729900800,10/26/2024,,3442757614,,,,,,,,,,,,,,,,,,,,,,,,,,,,,,,,,,,,,,,,,,,,,,,,,,,,,,,,,,,,,,,,,,,,,,,,,,,,,,,,,,,,,,,,,,,,,,,,,,,,,,,,,,,,,,,,,,,,,,,,,,,,,,,,,,,,,,,,,,,,,,,,,,,,,,,,,,2016507,,,,,,,,,,,,,,,,,,,,,,,,,,,,,,,,,,,,,,,,,,,,,,,,,,,,,,,,,,,,4522914,,,,,,507219,,,,,8442,,,,,,,,,,,,,,,,,,,,,,,,,,58441,,6501,,,,,,,,42554,,,,,,,,,,,,,,1030,,,,,,,,47077196,,,,,,,,,,,,,,,,,,,,,,,,,,,,,,,,,,,,,,,,,,,,,,,,
1729987200,10/27/2024,,3456225118,,,,,,,,,,,,,,,,,,,,,,,,,,,,,,,,,,,,,,,,,,,,,,,,,,,,,,,,,,,,,,,,,,,,,,,,,,,,,,,,,,,,,,,,,,,,,,,,,,,,,,,,,,,,,,,,,,,,,,,,,,,,,,,,,,,,,,,,,,,,,,,,,,,,,,,,,,2016857,,,,,,,,,,,,,,,,,,,,,,,,,,,,,,,,,,,,,,,,,,,,,,,,,,,,,,,,,,,,4578796,,,,,,779660,,,,,8442,,,,,,,,,,,,,,,,,,,,,,,,,,58871,,6501,,,,,,,,41824,,,,,,,,,,,,,,1030,,,,,,,,47120867,,,,,,,,,,,,,,,,,,,,,,,,,,,,,,,,,,,,,,,,,,,,,,,,
1730073600,10/28/2024,,3472017248,,,,,,,,,,,,,,,,,,,,,,,,,,,,,,,,,,,,,,,,,,,,,,,,,,,,,,,,,,,,,,,,,,,,,,,,,,,,,,,,,,,,,,,,,,,,,,,,,,,,,,,,,,,,,,,,,,,,,,,,,,,,,,,,,,,,,,,,,,,,,,,,,,,,,,,,,,2018111,,,,,,,,,,,,,,,,,,,,,,,,,,,,,,,,,,,,,,,,,,,,,,,,,,,,,,,,,,,,4666359,,,,,,779660,,,,,8442,,,,,,,,,,,,,,,,,,,,,,,,,,60718,,6501,,,,,,,,42861,,,,,,,,,,,,,,1030,,,,,,,,47208208,,,,,,,,,,,,,,,,,,,,,,,,,,,,,,,,,,,,,,,,,,,,,,,,
1730160000,10/29/2024,,3489957815,,,,,,,,,,,,,,,,,,,,,,,,,,,,,,,,,,,,,,,,,,,,,,,,,,,,,,,,,,,,,,,,,,,,,,,,,,,,,,,,,,,,,,,,,,,,,,,,,,,,,,,,,,,,,,,,,,,,,,,,,,,,,,,,,,,,,,,,,,,,,,,,,,,,,,,,,,2020541,,,,,,,,,,,,,,,,,,,,,,,,,,,,,,,,,,,,,,,,,,,,,,,,,,,,,,,,,,,,4690975,,,,,,779661,,,,,8442,,,,,,,,,,,,,,,,,,,,,,,,,,60718,,6501,,,,,,,,42278,,,,,,,,,,,,,,1030,,,,,,,,47214165,,,,,,,,,,,,,,,,,,,,,,,,,,,,,,,,,,,,,,,,,,,,,,,,
1730246400,10/30/2024,,3519386462,,,,,,,,,,,,,,,,,,,,,,,,,,,,,,,,,,,,,,,,,,,,,,,,,,,,,,,,,,,,,,,,,,,,,,,,,,,,,,,,,,,,,,,,,,,,,,,,,,,,,,,,,,,,,,,,,,,,,,,,,,,,,,,,,,,,,,,,,,,,,,,,,,,,,,,,,,1875357,,,,,,,,,,,,,,,,,,,,,,,,,,,,,,,,,,,,,,,,,,,,,,,,,,,,,,,,,,,,4669819,,,,,,779661,,,,,8442,,,,,,,,,,,,,,,,,,,,,,,,,,60600,,6501,,,,,,,,42694,,,,,,,,,,,,,,1030,,,,,,,,47432749,,,,,,,,,,,,,,,,,,,,,,,,,,,,,,,,,,,,,,,,,,,,,,,,
1730332800,10/31/2024,,3532144824,,,,,,,,,,,,,,,,,,,,,,,,,,,,,,,,,,,,,,,,,,,,,,,,,,,,,,,,,,,,,,,,,,,,,,,,,,,,,,,,,,,,,,,,,,,,,,,,,,,,,,,,,,,,,,,,,,,,,,,,,,,,,,,,,,,,,,,,,,,,,,,,,,,,,,,,,,1474417,,,,,,,,,,,,,,,,,,,,,,,,,,,,,,,,,,,,,,,,,,,,,,,,,,,,,,,,,,,,4776826,,,,,,779664,,,,,8442,,,,,,,,,,,,,,,,,,,,,,,,,,60533,,6501,,,,,,,,42344,,,,,,,,,,,,,,1030,,,,,,,,47563899,,,,,,,,,,,,,,,,,,,,,,,,,,,,,,,,,,,,,,,,,,,,,,,,
1730419200,11/1/2024,,3513972809,,,,,,,,,,,,,,,,,,,,,,,,,,,,,,,,,,,,,,,,,,,,,,,,,,,,,,,,,,,,,,,,,,,,,,,,,,,,,,,,,,,,,,,,,,,,,,,,,,,,,,,,,,,,,,,,,,,,,,,,,,,,,,,,,,,,,,,,,,,,,,,,,,,,,,,,,,1460502,,,,,,,,,,,,,,,,,,,,,,,,,,,,,,,,,,,,,,,,,,,,,,,,,,,,,,,,,,,,4848029,,,,,,771977,,,,,8442,,,,,,,,,,,,,,,,,,,,,,,,,,60487,,6501,,,,,,,,45189,,,,,,,,,,,,,,1030,,,,,,,,41954141,,,,,,,,,,,,,,,,,,,,,,,,,,,,,,,,,,,,,,,,,,,,,,,,
1730505600,11/2/2024,,3491930895,,,,,,,,,,,,,,,,,,,,,,,,,,,,,,,,,,,,,,,,,,,,,,,,,,,,,,,,,,,,,,,,,,,,,,,,,,,,,,,,,,,,,,,,,,,,,,,,,,,,,,,,,,,,,,,,,,,,,,,,,,,,,,,,,,,,,,,,,,,,,,,,,,,,,,,,,,1457443,,,,,,,,,,,,,,,,,,,,,,,,,,,,,,,,,,,,,,,,,,,,,,,,,,,,,,,,,,,,5218929,,,,,,771977,,,,,8442,,,,,,,,,,,,,,,,,,,,,,,,,,63971,,6501,,,,,,,,43599,,,,,,,,,,,,,,1030,,,,,,,,44690075,,,,,,,,,,,,,,,,,,,,,,,,,,,,,,,,,,,,,,,,,,,,,,,,
1730592000,11/3/2024,,3493390284,,,,,,,,,,,,,,,,,,,,,,,,,,,,,,,,,,,,,,,,,,,,,,,,,,,,,,,,,,,,,,,,,,,,,,,,,,,,,,,,,,,,,,,,,,,,,,,,,,,,,,,,,,,,,,,,,,,,,,,,,,,,,,,,,,,,,,,,,,,,,,,,,,,,,,,,,,1457430,,,,,,,,,,,,,,,,,,,,,,,,,,,,,,,,,,,,,,,,,,,,,,,,,,,,,,,,,,,,5164355,,,,,,771822,,,,,8442,,,,,,,,,,,,,,,,,,,,,,,,,,63960,,6501,,,,,,,,44393,,,,,,,,,,,,,,1030,,,,,,,,46453726,,,,,,,,,,,,,,,,,,,,,,,,,,,,,,,,,,,,,,,,,,,,,,,,
1730678400,11/4/2024,,3501655765,,,,,,,,,,,,,,,,,,,,,,,,,,,,,,,,,,,,,,,,,,,,,,,,,,,,,,,,,,,,,,,,,,,,,,,,,,,,,,,,,,,,,,,,,,,,,,,,,,,,,,,,,,,,,,,,,,,,,,,,,,,,,,,,,,,,,,,,,,,,,,,,,,,,,,,,,,1466921,,,,,,,,,,,,,,,,,,,,,,,,,,,,,,,,,,,,,,,,,,,,,,,,,,,,,,,,,,,,4933226,,,,,,770048,,,,,8442,,,,,,,,,,,,,,,,,,,,,,,,,,51817,,6501,,,,,,,,43551,,,,,,,,,,,,,,1030,,,,,,,,46483704,,,,,,,,,,,,,,,,,,,,,,,,,,,,,,,,,,,,,,,,,,,,,,,,
1730764800,11/5/2024,,3511923376,,,,,,,,,,,,,,,,,,,,,,,,,,,,,,,,,,,,,,,,,,,,,,,,,,,,,,,,,,,,,,,,,,,,,,,,,,,,,,,,,,,,,,,,,,,,,,,,,,,,,,,,,,,,,,,,,,,,,,,,,,,,,,,,,,,,,,,,,,,,,,,,,,,,,,,,,,1461276,,,,,,,,,,,,,,,,,,,,,,,,,,,,,,,,,,,,,,,,,,,,,,,,,,,,,,,,,,,,4910606,,,,,,761103,,,,,8442,,,,,,,,,,,,,,,,,,,,,,,,,,51839,,6501,,,,,,,,43293,,,,,,,,,,,,,,1030,,,,,,,,44494161,,,,,,,,,,,,,,,,,,,,,,,,,,,,,,,,,,,,,,,,,,,,,,,,
1730851200,11/6/2024,,3501419523,,,,,,,,,,,,,,,,,,,,,,,,,,,,,,,,,,,,,,,,,,,,,,,,,,,,,,,,,,,,,,,,,,,,,,,,,,,,,,,,,,,,,,,,,,,,,,,,,,,,,,,,,,,,,,,,,,,,,,,,,,,,,,,,,,,,,,,,,,,,,,,,,,,,,,,,,,1460009,,,,,,,,,,,,,,,,,,,,,,,,,,,,,,,,,,,,,,,,,,,,,,,,,,,,,,,,,,,,4802575,,,,,,761377,,,,,8442,,,,,,,,,,,,,,,,,,,,,,,,,,52290,,6501,,,,,,,,46410,,,,,,,,,,,,,,1030,,,,,,,,45766389,,,,,,,,,,,,,,,,,,,,,,,,,,,,,,,,,,,,,,,,,,,,,,,,
1730937600,11/7/2024,,3512422870,,,,,,,,,,,,,,,,,,,,,,,,,,,,,,,,,,,,,,,,,,,,,,,,,,,,,,,,,,,,,,,,,,,,,,,,,,,,,,,,,,,,,,,,,,,,,,,,,,,,,,,,,,,,,,,,,,,,,,,,,,,,,,,,,,,,,,,,,,,,,,,,,,,,,,,,,,1456231,,,,,,,,,,,,,,,,,,,,,,,,,,,,,,,,,,,,,,,,,,,,,,,,,,,,,,,,,,,,4804861,,,,,,764431,,,,,8442,,,,,,,,,,,,,,,,,,,,,,,,,,51944,,6501,,,,,,,,42094,,,,,,,,,,,,,,1030,,,,,,,,44239350,,,,,,,,,,,,,,,,,,,,,,,,,,,,,,,,,,,,,,,,,,,,,,,,
1731024000,11/8/2024,,3366323434,,,,,,,,,,,,,,,,,,,,,,,,,,,,,,,,,,,,,,,,,,,,,,,,,,,,,,,,,,,,,,,,,,,,,,,,,,,,,,,,,,,,,,,,,,,,,,,,,,,,,,,,,,,,,,,,,,,,,,,,,,,,,,,,,,,,,,,,,,,,,,,,,,,,,,,,,,1459251,,,,,,,,,,,,,,,,,,,,,,,,,,,,,,,,,,,,,,,,,,,,,,,,,,,,,,,,,,,,4811108,,,,,,772966,,,,,8442,,,,,,,,,,,,,,,,,,,,,,,,,,51491,,6501,,,,,,,,41449,,,,,,,,,,,,,,1030,,,,,,,,43830108,,,,,,,,,,,,,,,,,,,,,,,,,,,,,,,,,,,,,,,,,,,,,,,,
1731110400,11/9/2024,,3331592850,,,,,,,,,,,,,,,,,,,,,,,,,,,,,,,,,,,,,,,,,,,,,,,,,,,,,,,,,,,,,,,,,,,,,,,,,,,,,,,,,,,,,,,,,,,,,,,,,,,,,,,,,,,,,,,,,,,,,,,,,,,,,,,,,,,,,,,,,,,,,,,,,,,,,,,,,,1460589,,,,,,,,,,,,,,,,,,,,,,,,,,,,,,,,,,,,,,,,,,,,,,,,,,,,,,,,,,,,5035108,,,,,,773766,,,,,8442,,,,,,,,,,,,,,,,,,,,,,,,,,51742,,6501,,,,,,,,39508,,,,,,,,,,,,,,1030,,,,,,,,46918456,,,,,,,,,,,,,,,,,,,,,,,,,,,,,,,,,,,,,,,,,,,,,,,,
1731196800,11/10/2024,,3342839671,,,,,,,,,,,,,,,,,,,,,,,,,,,,,,,,,,,,,,,,,,,,,,,,,,,,,,,,,,,,,,,,,,,,,,,,,,,,,,,,,,,,,,,,,,,,,,,,,,,,,,,,,,,,,,,,,,,,,,,,,,,,,,,,,,,,,,,,,,,,,,,,,,,,,,,,,,1460782,,,,,,,,,,,,,,,,,,,,,,,,,,,,,,,,,,,,,,,,,,,,,,,,,,,,,,,,,,,,5347218,,,,,,774029,,,,,8442,,,,,,,,,,,,,,,,,,,,,,,,,,51291,,6501,,,,,,,,40157,,,,,,,,,,,,,,1030,,,,,,,,47176190,,,,,,,,,,,,,,,,,,,,,,,,,,,,,,,,,,,,,,,,,,,,,,,,
1731283200,11/11/2024,,3371671280,,,,,,,,,,,,,,,,,,,,,,,,,,,,,,,,,,,,,,,,,,,,,,,,,,,,,,,,,,,,,,,,,,,,,,,,,,,,,,,,,,,,,,,,,,,,,,,,,,,,,,,,,,,,,,,,,,,,,,,,,,,,,,,,,,,,,,,,,,,,,,,,,,,,,,,,,,1466819,,,,,,,,,,,,,,,,,,,,,,,,,,,,,,,,,,,,,,,,,,,,,,,,,,,,,,,,,,,,5337895,,,,,,777947,,,,,8442,,,,,,,,,,,,,,,,,,,,,,,,,,50403,,6501,,,,,,,,40953,,,,,,,,,,,,,,1030,,,,,,,,47307479,,,,,,,,,,,,,,,,,,,,,,,,,,,,,,,,,,,,,,,,,,,,,,,,
1731369600,11/12/2024,,3326368989,,,,,,,,,,,,,,,,,,,,,,,,,,,,,,,,,,,,,,,,,,,,,,,,,,,,,,,,,,,,,,,,,,,,,,,,,,,,,,,,,,,,,,,,,,,,,,,,,,,,,,,,,,,,,,,,,,,,,,,,,,,,,,,,,,,,,,,,,,,,,,,,,,,,,,,,,,1447612,,,,,,,,,,,,,,,,,,,,,,,,,,,,,,,,,,,,,,,,,,,,,,,,,,,,,,,,,,,,5181872,,,,,,840176,,,,,8442,,,,,,,,,,,,,,,,,,,,,,,,,,50486,,6501,,,,,,,,40328,,,,,,,,,,,,,,1030,,,,,,,,50303589,,,,,,,,,,,,,,,,,,,,,,,,,,,,,,,,,,,,,,,,,,,,,,,,
1731456000,11/13/2024,,3301437537,,,,,,,,,,,,,,,,,,,,,,,,,,,,,,,,,,,,,,,,,,,,,,,,,,,,,,,,,,,,,,,,,,,,,,,,,,,,,,,,,,,,,,,,,,,,,,,,,,,,,,,,,,,,,,,,,,,,,,,,,,,,,,,,,,,,,,,,,,,,,,,,,,,,,,,,,,1445692,,,,,,,,,,,,,,,,,,,,,,,,,,,,,,,,,,,,,,,,,,,,,,,,,,,,,,,,,,,,5099091,,,,,,3970559,,,,,8442,,,,,,,,,,,,,,,,,,,,,,,,,,50293,,6501,,,,,,,,40391,,,,,,,,,,,,,,1030,,,,,,,,49886462,,,,,,,,,,,,,,,,,,,,,,,,,,,,,,,,,,,,,,,,,,,,,,,,
1731542400,11/14/2024,,3321580446,,,,,,,,,,,,,,,,,,,,,,,,,,,,,,,,,,,,,,,,,,,,,,,,,,,,,,,,,,,,,,,,,,,,,,,,,,,,,,,,,,,,,,,,,,,,,,,,,,,,,,,,,,,,,,,,,,,,,,,,,,,,,,,,,,,,,,,,,,,,,,,,,,,,,,,,,,1443257,,,,,,,,,,,,,,,,,,,,,,,,,,,,,,,,,,,,,,,,,,,,,,,,,,,,,,,,,,,,5201445,,,,,,9200658,,,,,8442,,,,,,,,,,,,,,,,,,,,,,,,,,50512,,6501,,,,,,,,39894,,,,,,,,,,,,,,1030,,,,,,,,49520835,,,,,,,,,,,,,,,,,,,,,,,,,,,,,,,,,,,,,,,,,,,,,,,,
1731628800,11/15/2024,,3321503109,,,,,,,,,,,,,,,,,,,,,,,,,,,,,,,,,,,,,,,,,,,,,,,,,,,,,,,,,,,,,,,,,,,,,,,,,,,,,,,,,,,,,,,,,,,,,,,,,,,,,,,,,,,,,,,,,,,,,,,,,,,,,,,,,,,,,,,,,,,,,,,,,,,,,,,,,,1445462,,,,,,,,,,,,,,,,,,,,,,,,,,,,,,,,,,,,,,,,,,,,,,,,,,,,,,,,,,,,5043108,,,,,,22990593,,,,,8442,,,,,,,,,,,,,,,,,,,,,,,,,,50663,,6501,,,,,,,,41866,,,,,,,,,,,,,,1030,,,,,,,,49862201,,,,,,,,,,,,,,,,,,,,,,,,,,,,,,,,,,,,,,,,,,,,,,,,
1731715200,11/16/2024,,3302714456,,,,,,,,,,,,,,,,,,,,,,,,,,,,,,,,,,,,,,,,,,,,,,,,,,,,,,,,,,,,,,,,,,,,,,,,,,,,,,,,,,,,,,,,,,,,,,,,,,,,,,,,,,,,,,,,,,,,,,,,,,,,,,,,,,,,,,,,,,,,,,,,,,,,,,,,,,1423749,,,,,,,,,,,,,,,,,,,,,,,,,,,,,,,,,,,,,,,,,,,,,,,,,,,,,,,,,,,,5023695,,,,,,22985261,,,,,8442,,,,,,,,,,,,,,,,,,,,,,,,,,50411,,6501,,,,,,,,41438,,,,,,,,,,,,,,1030,,,,,,,,49956727,,,,,,,,,,,,,,,,,,,,,,,,,,,,,,,,,,,,,,,,,,,,,,,,
1731801600,11/17/2024,,3310766431,,,,,,,,,,,,,,,,,,,,,,,,,,,,,,,,,,,,,,,,,,,,,,,,,,,,,,,,,,,,,,,,,,,,,,,,,,,,,,,,,,,,,,,,,,,,,,,,,,,,,,,,,,,,,,,,,,,,,,,,,,,,,,,,,,,,,,,,,,,,,,,,,,,,,,,,,,1429020,,,,,,,,,,,,,,,,,,,,,,,,,,,,,,,,,,,,,,,,,,,,,,,,,,,,,,,,,,,,4642946,,,,,,22986775,,,,,8442,,,,,,,,,,,,,,,,,,,,,,,,,,50670,,6501,,,,,,,,38200,,,,,,,,,,,,,,1030,,,,,,,,49909464,,,,,,,,,,,,,,,,,,,,,,,,,,,,,,,,,,,,,,,,,,,,,,,,
1731888000,11/18/2024,,3310662271,,,,,,,,,,,,,,,,,,,,,,,,,,,,,,,,,,,,,,,,,,,,,,,,,,,,,,,,,,,,,,,,,,,,,,,,,,,,,,,,,,,,,,,,,,,,,,,,,,,,,,,,,,,,,,,,,,,,,,,,,,,,,,,,,,,,,,,,,,,,,,,,,,,,,,,,,,1437102,,,,,,,,,,,,,,,,,,,,,,,,,,,,,,,,,,,,,,,,,,,,,,,,,,,,,,,,,,,,4660117,,,,,,22991672,,,,,8442,,,,,,,,,,,,,,,,,,,,,,,,,,40702,,6501,,,,,,,,36948,,,,,,,,,,,,,,1030,,,,,,,,50051252,,,,,,,,,,,,,,,,,,,,,,,,,,,,,,,,,,,,,,,,,,,,,,,,
1731974400,11/19/2024,,3292222284,,,,,,,,,,,,,,,,,,,,,,,,,,,,,,,,,,,,,,,,,,,,,,,,,,,,,,,,,,,,,,,,,,,,,,,,,,,,,,,,,,,,,,,,,,,,,,,,,,,,,,,,,,,,,,,,,,,,,,,,,,,,,,,,,,,,,,,,,,,,,,,,,,,,,,,,,,1439334,,,,,,,,,,,,,,,,,,,,,,,,,,,,,,,,,,,,,,,,,,,,,,,,,,,,,,,,,,,,4934682,,,,,,22992300,,,,,8442,,,,,,,,,,,,,,,,,,,,,,,,,,40753,,6501,,,,,,,,35455,,,,,,,,,,,,,,1030,,,,,,,,47813094,,,,,,,,,,,,,,,,,,,,,,,,,,,,,,,,,,,,,,,,,,,,,,,,
1732060800,11/20/2024,,3287364709,,,,,,,,,,,,,,,,,,,,,,,,,,,,,,,,,,,,,,,,,,,,,,,,,,,,,,,,,,,,,,,,,,,,,,,,,,,,,,,,,,,,,,,,,,,,,,,,,,,,,,,,,,,,,,,,,,,,,,,,,,,,,,,,,,,,,,,,,,,,,,,,,,,,,,,,,,1453902,,,,,,,,,,,,,,,,,,,,,,,,,,,,,,,,,,,,,,,,,,,,,,,,,,,,,,,,,,,,4640821,,,,,,22990069,,,,,8442,,,,,,,,,,,,,,,,,,,,,,,,,,40766,,6501,,,,,,,,34110,,,,,,,,,,,,,,1030,,,,,,,,48062991,,,,,,,,,,,,,,,,,,,,,,,,,,,,,,,,,,,,,,,,,,,,,,,,
1732147200,11/21/2024,,3264896111,,,,,,,,,,,,,,,,,,,,,,,,,,,,,,,,,,,,,,,,,,,,,,,,,,,,,,,,,,,,,,,,,,,,,,,,,,,,,,,,,,,,,,,,,,,,,,,,,,,,,,,,,,,,,,,,,,,,,,,,,,,,,,,,,,,,,,,,,,,,,,,,,,,,,,,,,,1453390,,,,,,,,,,,,,,,,,,,,,,,,,,,,,,,,,,,,,,,,,,,,,,,,,,,,,,,,,,,,4626454,,,,,,10952323,,,,,8442,,,,,,,,,,,,,,,,,,,,,,,,,,61366,,6501,,,,,,,,29484,,,,,,,,,,,,,,1030,,,,,,,,38075838,,,,,,,,,,,,,,,,,,,,,,,,,,,,,,,,,,,,,,,,,,,,,,,,
1732233600,11/22/2024,,3267982696,,,,,,,,,,,,,,,,,,,,,,,,,,,,,,,,,,,,,,,,,,,,,,,,,,,,,,,,,,,,,,,,,,,,,,,,,,,,,,,,,,,,,,,,,,,,,,,,,,,,,,,,,,,,,,,,,,,,,,,,,,,,,,,,,,,,,,,,,,,,,,,,,,,,,,,,,,1453300,,,,,,,,,,,,,,,,,,,,,,,,,,,,,,,,,,,,,,,,,,,,,,,,,,,,,,,,,,,,4700876,,,,,,10969495,,,,,8442,,,,,,,,,,,,,,,,,,,,,,,,,,61539,,6501,,,,,,,,29940,,,,,,,,,,,,,,1030,,,,,,,,37858675,,,,,,,,,,,,,,,,,,,,,,,,,,,,,,,,,,,,,,,,,,,,,,,,
1732320000,11/23/2024,,3269694090,,,,,,,,,,,,,,,,,,,,,,,,,,,,,,,,,,,,,,,,,,,,,,,,,,,,,,,,,,,,,,,,,,,,,,,,,,,,,,,,,,,,,,,,,,,,,,,,,,,,,,,,,,,,,,,,,,,,,,,,,,,,,,,,,,,,,,,,,,,,,,,,,,,,,,,,,,1450485,,,,,,,,,,,,,,,,,,,,,,,,,,,,,,,,,,,,,,,,,,,,,,,,,,,,,,,,,,,,4565257,,,,,,14949665,,,,,8442,,,,,,,,,,,,,,,,,,,,,,,,,,52078,,6501,,,,,,,,29615,,,,,,,,,,,,,,1030,,,,,,,,37931112,,,,,,,,,,,,,,,,,,,,,,,,,,,,,,,,,,,,,,,,,,,,,,,,
1732406400,11/24/2024,,3276831797,,,,,,,,,,,,,,,,,,,,,,,,,,,,,,,,,,,,,,,,,,,,,,,,,,,,,,,,,,,,,,,,,,,,,,,,,,,,,,,,,,,,,,,,,,,,,,,,,,,,,,,,,,,,,,,,,,,,,,,,,,,,,,,,,,,,,,,,,,,,,,,,,,,,,,,,,,1455135,,,,,,,,,,,,,,,,,,,,,,,,,,,,,,,,,,,,,,,,,,,,,,,,,,,,,,,,,,,,4749893,,,,,,14949622,,,,,8442,,,,,,,,,,,,,,,,,,,,,,,,,,52100,,6501,,,,,,,,29177,,,,,,,,,,,,,,1030,,,,,,,,38039694,,,,,,,,,,,,,,,,,,,,,,,,,,,,,,,,,,,,,,,,,,,,,,,,
1732492800,11/25/2024,,3275006607,,,,,,,,,,,,,,,,,,,,,,,,,,,,,,,,,,,,,,,,,,,,,,,,,,,,,,,,,,,,,,,,,,,,,,,,,,,,,,,,,,,,,,,,,,,,,,,,,,,,,,,,,,,,,,,,,,,,,,,,,,,,,,,,,,,,,,,,,,,,,,,,,,,,,,,,,,1466935,,,,,,,,,,,,,,,,,,,,,,,,,,,,,,,,,,,,,,,,,,,,,,,,,,,,,,,,,,,,4991457,,,,,,14944288,,,,,8442,,,,,,,,,,,,,,,,,,,,,,,,,,52017,,6501,,,,,,,,30382,,,,,,,,,,,,,,1030,,,,,,,,38148275,,,,,,,,,,,,,,,,,,,,,,,,,,,,,,,,,,,,,,,,,,,,,,,,
1732579200,11/26/2024,,3258479411,,,,,,,,,,,,,,,,,,,,,,,,,,,,,,,,,,,,,,,,,,,,,,,,,,,,,,,,,,,,,,,,,,,,,,,,,,,,,,,,,,,,,,,,,,,,,,,,,,,,,,,,,,,,,,,,,,,,,,,,,,,,,,,,,,,,,,,,,,,,,,,,,,,,,,,,,,1447435,,,,,,,,,,,,,,,,,,,,,,,,,,,,,,,,,,,,,,,,,,,,,,,,,,,,,,,,,,,,5097435,,,,,,14934814,,,,,8442,,,,,,,,,,,,,,,,,,,,,,,,,,52026,,6501,,,,,,,,28492,,,,,,,,,,,,,,1030,,,,,,,,37953979,,,,,,,,,,,,,,,,,,,,,,,,,,,,,,,,,,,,,,,,,,,,,,,,
1732665600,11/27/2024,,3298066960,,,,,,,,,,,,,,,,,,,,,,,,,,,,,,,,,,,,,,,,,,,,,,,,,,,,,,,,,,,,,,,,,,,,,,,,,,,,,,,,,,,,,,,,,,,,,,,,,,,,,,,,,,,,,,,,,,,,,,,,,,,,,,,,,,,,,,,,,,,,,,,,,,,,,,,,,,1450572,,,,,,,,,,,,,,,,,,,,,,,,,,,,,,,,,,,,,,,,,,,,,,,,,,,,,,,,,,,,5051939,,,,,,14939714,,,,,8442,,,,,,,,,,,,,,,,,,,,,,,,,,34568,,6501,,,,,,,,28125,,,,,,,,,,,,,,1030,,,,,,,,38587269,,,,,,,,,,,,,,,,,,,,,,,,,,,,,,,,,,,,,,,,,,,,,,,,
1732752000,11/28/2024,,3313514049,,,,,,,,,,,,,,,,,,,,,,,,,,,,,,,,,,,,,,,,,,,,,,,,,,,,,,,,,,,,,,,,,,,,,,,,,,,,,,,,,,,,,,,,,,,,,,,,,,,,,,,,,,,,,,,,,,,,,,,,,,,,,,,,,,,,,,,,,,,,,,,,,,,,,,,,,,1453001,,,,,,,,,,,,,,,,,,,,,,,,,,,,,,,,,,,,,,,,,,,,,,,,,,,,,,,,,,,,5019188,,,,,,14940126,,,,,8442,,,,,,,,,,,,,,,,,,,,,,,,,,36049,,6501,,,,,,,,30422,,,,,,,,,,,,,,1030,,,,,,,,38571828,,,,,,,,,,,,,,,,,,,,,,,,,,,,,,,,,,,,,,,,,,,,,,,,
1732838400,11/29/2024,,3276058131,,,,,,,,,,,,,,,,,,,,,,,,,,,,,,,,,,,,,,,,,,,,,,,,,,,,,,,,,,,,,,,,,,,,,,,,,,,,,,,,,,,,,,,,,,,,,,,,,,,,,,,,,,,,,,,,,,,,,,,,,,,,,,,,,,,,,,,,,,,,,,,,,,,,,,,,,,1450351,,,,,,,,,,,,,,,,,,,,,,,,,,,,,,,,,,,,,,,,,,,,,,,,,,,,,,,,,,,,5017519,,,,,,14940200,,,,,8442,,,,,,,,,,,,,,,,,,,,,,,,,,49293,,6501,,,,,,,,30008,,,,,,,,,,,,,,1030,,,,,,,,38720604,,,,,,,,,,,,,,,,,,,,,,,,,,,,,,,,,,,,,,,,,,,,,,,,
1732924800,11/30/2024,,3280606090,,,,,,,,,,,,,,,,,,,,,,,,,,,,,,,,,,,,,,,,,,,,,,,,,,,,,,,,,,,,,,,,,,,,,,,,,,,,,,,,,,,,,,,,,,,,,,,,,,,,,,,,,,,,,,,,,,,,,,,,,,,,,,,,,,,,,,,,,,,,,,,,,,,,,,,,,,1449769,,,,,,,,,,,,,,,,,,,,,,,,,,,,,,,,,,,,,,,,,,,,,,,,,,,,,,,,,,,,5016795,,,,,,14937231,,,,,8442,,,,,,,,,,,,,,,,,,,,,,,,,,47058,,6501,,,,,,,,30207,,,,,,,,,,,,,,1030,,,,,,,,39313218,,,,,,,,,,,,,,,,,,,,,,,,,,,,,,,,,,,,,,,,,,,,,,,,
1733011200,12/1/2024,,3304738448,,,,,,,,,,,,,,,,,,,,,,,,,,,,,,,,,,,,,,,,,,,,,,,,,,,,,,,,,,,,,,,,,,,,,,,,,,,,,,,,,,,,,,,,,,,,,,,,,,,,,,,,,,,,,,,,,,,,,,,,,,,,,,,,,,,,,,,,,,,,,,,,,,,,,,,,,,1453576,,,,,,,,,,,,,,,,,,,,,,,,,,,,,,,,,,,,,,,,,,,,,,,,,,,,,,,,,,,,4919068,,,,,,14935338,,,,,8442,,,,,,,,,,,,,,,,,,,,,,,,,,46748,,6501,,,,,,,,30969,,,,,,,,,,,,,,1030,,,,,,,,39313218,,,,,,,,,,,,,,,,,,,,,,,,,,,,,,,,,,,,,,,,,,,,,,,,
1733097600,12/2/2024,,3304415011,,,,,,,,,,,,,,,,,,,,,,,,,,,,,,,,,,,,,,,,,,,,,,,,,,,,,,,,,,,,,,,,,,,,,,,,,,,,,,,,,,,,,,,,,,,,,,,,,,,,,,,,,,,,,,,,,,,,,,,,,,,,,,,,,,,,,,,,,,,,,,,,,,,,,,,,,,1449856,,,,,,,,,,,,,,,,,,,,,,,,,,,,,,,,,,,,,,,,,,,,,,,,,,,,,,,,,,,,4865735,,,,,,14934044,,,,,8442,,,,,,,,,,,,,,,,,,,,,,,,,,38610,,6501,,,,,,,,30798,,,,,,,,,,,,,,1030,,,,,,,,38979111,,,,,,,,,,,,,,,,,,,,,,,,,,,,,,,,,,,,,,,,,,,,,,,,
1733184000,12/3/2024,,3253948319,,,,,,,,,,,,,,,,,,,,,,,,,,,,,,,,,,,,,,,,,,,,,,,,,,,,,,,,,,,,,,,,,,,,,,,,,,,,,,,,,,,,,,,,,,,,,,,,,,,,,,,,,,,,,,,,,,,,,,,,,,,,,,,,,,,,,,,,,,,,,,,,,,,,,,,,,,1451885,,,,,,,,,,,,,,,,,,,,,,,,,,,,,,,,,,,,,,,,,,,,,,,,,,,,,,,,,,,,4849821,,,,,,14931488,,,,,8442,,,,,,,,,,,,,,,,,,,,,,,,,,36154,,6501,,,,,,,,30612,,,,,,,,,,,,,,1030,,,,,,,,39550176,,,,,,,,,,,,,,,,,,,,,,,,,,,,,,,,,,,,,,,,,,,,,,,,
1733270400,12/4/2024,,3257269116,,,,,,,,,,,,,,,,,,,,,,,,,,,,,,,,,,,,,,,,,,,,,,,,,,,,,,,,,,,,,,,,,,,,,,,,,,,,,,,,,,,,,,,,,,,,,,,,,,,,,,,,,,,,,,,,,,,,,,,,,,,,,,,,,,,,,,,,,,,,,,,,,,,,,,,,,,1447996,,,,,,,,,,,,,,,,,,,,,,,,,,,,,,,,,,,,,,,,,,,,,,,,,,,,,,,,,,,,4873149,,,,,,14931155,,,,,8442,,,,,,,,,,,,,,,,,,,,,,,,,,36111,,6501,,,,,,,,30515,,,,,,,,,,,,,,1030,,,,,,,,39075169,,,,,,,,,,,,,,,,,,,,,,,,,,,,,,,,,,,,,,,,,,,,,,,,
1733356800,12/5/2024,,3245558072,,,,,,,,,,,,,,,,,,,,,,,,,,,,,,,,,,,,,,,,,,,,,,,,,,,,,,,,,,,,,,,,,,,,,,,,,,,,,,,,,,,,,,,,,,,,,,,,,,,,,,,,,,,,,,,,,,,,,,,,,,,,,,,,,,,,,,,,,,,,,,,,,,,,,,,,,,1457249,,,,,,,,,,,,,,,,,,,,,,,,,,,,,,,,,,,,,,,,,,,,,,,,,,,,,,,,,,,,4646344,,,,,,14657155,,,,,8442,,,,,,,,,,,,,,,,,,,,,,,,,,36544,,6501,,,,,,,,29837,,,,,,,,,,,,,,1030,,,,,,,,39260712,,,,,,,,,,,,,,,,,,,,,,,,,,,,,,,,,,,,,,,,,,,,,,,,
1733443200,12/6/2024,,3198680408,,,,,,,,,,,,,,,,,,,,,,,,,,,,,,,,,,,,,,,,,,,,,,,,,,,,,,,,,,,,,,,,,,,,,,,,,,,,,,,,,,,,,,,,,,,,,,,,,,,,,,,,,,,,,,,,,,,,,,,,,,,,,,,,,,,,,,,,,,,,,,,,,,,,,,,,,,1453082,,,,,,,,,,,,,,,,,,,,,,,,,,,,,,,,,,,,,,,,,,,,,,,,,,,,,,,,,,,,4646344,,,,,,14549771,,,,,8442,,,,,,,,,,,,,,,,,,,,,,,,,,34538,,6501,,,,,,,,30056,,,,,,,,,,,,,,1030,,,,,,,,35028741,,,,,,,,,,,,,,,,,,,,,,,,,,,,,,,,,,,,,,,,,,,,,,,,
1733529600,12/7/2024,,3201954717,,,,,,,,,,,,,,,,,,,,,,,,,,,,,,,,,,,,,,,,,,,,,,,,,,,,,,,,,,,,,,,,,,,,,,,,,,,,,,,,,,,,,,,,,,,,,,,,,,,,,,,,,,,,,,,,,,,,,,,,,,,,,,,,,,,,,,,,,,,,,,,,,,,,,,,,,,1452538,,,,,,,,,,,,,,,,,,,,,,,,,,,,,,,,,,,,,,,,,,,,,,,,,,,,,,,,,,,,4821377,,,,,,14550426,,,,,8442,,,,,,,,,,,,,,,,,,,,,,,,,,34580,,6501,,,,,,,,30997,,,,,,,,,,,,,,1030,,,,,,,,34962524,,,,,,,,,,,,,,,,,,,,,,,,,,,,,,,,,,,,,,,,,,,,,,,,
1733616000,12/8/2024,,3212994658,,,,,,,,,,,,,,,,,,,,,,,,,,,,,,,,,,,,,,,,,,,,,,,,,,,,,,,,,,,,,,,,,,,,,,,,,,,,,,,,,,,,,,,,,,,,,,,,,,,,,,,,,,,,,,,,,,,,,,,,,,,,,,,,,,,,,,,,,,,,,,,,,,,,,,,,,,1457811,,,,,,,,,,,,,,,,,,,,,,,,,,,,,,,,,,,,,,,,,,,,,,,,,,,,,,,,,,,,5156418,,,,,,14552233,,,,,8442,,,,,,,,,,,,,,,,,,,,,,,,,,34621,,6501,,,,,,,,31263,,,,,,,,,,,,,,1030,,,,,,,,35061849,,,,,,,,,,,,,,,,,,,,,,,,,,,,,,,,,,,,,,,,,,,,,,,,
1733702400,12/9/2024,,3212863323,,,,,,,,,,,,,,,,,,,,,,,,,,,,,,,,,,,,,,,,,,,,,,,,,,,,,,,,,,,,,,,,,,,,,,,,,,,,,,,,,,,,,,,,,,,,,,,,,,,,,,,,,,,,,,,,,,,,,,,,,,,,,,,,,,,,,,,,,,,,,,,,,,,,,,,,,,1453636,,,,,,,,,,,,,,,,,,,,,,,,,,,,,,,,,,,,,,,,,,,,,,,,,,,,,,,,,,,,5183025,,,,,,14552233,,,,,8442,,,,,,,,,,,,,,,,,,,,,,,,,,34565,,6501,,,,,,,,31020,,,,,,,,,,,,,,1030,,,,,,,,34929415,,,,,,,,,,,,,,,,,,,,,,,,,,,,,,,,,,,,,,,,,,,,,,,,
1733788800,12/10/2024,,3223636268,,,,,,,,,,,,,,,,,,,,,,,,,,,,,,,,,,,,,,,,,,,,,,,,,,,,,,,,,,,,,,,,,,,,,,,,,,,,,,,,,,,,,,,,,,,,,,,,,,,,,,,,,,,,,,,,,,,,,,,,,,,,,,,,,,,,,,,,,,,,,,,,,,,,,,,,,,1346481,,,,,,,,,,,,,,,,,,,,,,,,,,,,,,,,,,,,,,,,,,,,,,,,,,,,,,,,,,,,5170882,,,,,,14550186,,,,,8442,,,,,,,,,,,,,,,,,,,,,,,,,,34665,,6501,,,,,,,,30052,,,,,,,,,,,,,,1030,,,,,,,,34830090,,,,,,,,,,,,,,,,,,,,,,,,,,,,,,,,,,,,,,,,,,,,,,,,
1733875200,12/11/2024,,3223686126,,,,,,,,,,,,,,,,,,,,,,,,,,,,,,,,,,,,,,,,,,,,,,,,,,,,,,,,,,,,,,,,,,,,,,,,,,,,,,,,,,,,,,,,,,,,,,,,,,,,,,,,,,,,,,,,,,,,,,,,,,,,,,,,,,,,,,,,,,,,,,,,,,,,,,,,,,1331197,,,,,,,,,,,,,,,,,,,,,,,,,,,,,,,,,,,,,,,,,,,,,,,,,,,,,,,,,,,,5125139,,,,,,14550371,,,,,8442,,,,,,,,,,,,,,,,,,,,,,,,,,35190,,6501,,,,,,,,28861,,,,,,,,,,,,,,1030,,,,,,,,34797086,,,,,,,,,,,,,,,,,,,,,,,,,,,,,,,,,,,,,,,,,,,,,,,,
1733961600,12/12/2024,,3267678376,,,,,,,,,,,,,,,,,,,,,,,,,,,,,,,,,,,,,,,,,,,,,,,,,,,,,,,,,,,,,,,,,,,,,,,,,,,,,,,,,,,,,,,,,,,,,,,,,,,,,,,,,,,,,,,,,,,,,,,,,,,,,,,,,,,,,,,,,,,,,,,,,,,,,,,,,,1329165,,,,,,,,,,,,,,,,,,,,,,,,,,,,,,,,,,,,,,,,,,,,,,,,,,,,,,,,,,,,5117418,,,,,,14347178,,,,,8442,,,,,,,,,,,,,,,,,,,,,,,,,,35085,,6501,,,,,,,,28974,,,,,,,,,,,,,,1030,,,,,,,,34715577,,,,,,,,,,,,,,,,,,,,,,,,,,,,,,,,,,,,,,,,,,,,,,,,
1734048000,12/13/2024,,3277063312,,,,,,,,,,,,,,,,,,,,,,,,,,,,,,,,,,,,,,,,,,,,,,,,,,,,,,,,,,,,,,,,,,,,,,,,,,,,,,,,,,,,,,,,,,,,,,,,,,,,,,,,,,,,,,,,,,,,,,,,,,,,,,,,,,,,,,,,,,,,,,,,,,,,,,,,,,1329822,,,,,,,,,,,,,,,,,,,,,,,,,,,,,,,,,,,,,,,,,,,,,,,,,,,,,,,,,,,,5321714,,,,,,14366177,,,,,8442,,,,,,,,,,,,,,,,,,,,,,,,,,34956,,6501,,,,,,,,28704,,,,,,,,,,,,,,1030,,,,,,,,34824307,,,,,,,,,,,,,,,,,,,,,,,,,,,,,,,,,,,,,,,,,,,,,,,,
1734134400,12/14/2024,,3287612421,,,,,,,,,,,,,,,,,,,,,,,,,,,,,,,,,,,,,,,,,,,,,,,,,,,,,,,,,,,,,,,,,,,,,,,,,,,,,,,,,,,,,,,,,,,,,,,,,,,,,,,,,,,,,,,,,,,,,,,,,,,,,,,,,,,,,,,,,,,,,,,,,,,,,,,,,,1329882,,,,,,,,,,,,,,,,,,,,,,,,,,,,,,,,,,,,,,,,,,,,,,,,,,,,,,,,,,,,5435436,,,,,,14368179,,,,,8442,,,,,,,,,,,,,,,,,,,,,,,,,,38666,,6501,,,,,,,,28799,,,,,,,,,,,,,,1030,,,,,,,,34691423,,,,,,,,,,,,,,,,,,,,,,,,,,,,,,,,,,,,,,,,,,,,,,,,
1734220800,12/15/2024,,3299981828,,,,,,,,,,,,,,,,,,,,,,,,,,,,,,,,,,,,,,,,,,,,,,,,,,,,,,,,,,,,,,,,,,,,,,,,,,,,,,,,,,,,,,,,,,,,,,,,,,,,,,,,,,,,,,,,,,,,,,,,,,,,,,,,,,,,,,,,,,,,,,,,,,,,,,,,,,1330543,,,,,,,,,,,,,,,,,,,,,,,,,,,,,,,,,,,,,,,,,,,,,,,,,,,,,,,,,,,,5444737,,,,,,25324158,,,,,8442,,,,,,,,,,,,,,,,,,,,,,,,,,49116,,6501,,,,,,,,29276,,,,,,,,,,,,,,1030,,,,,,,,34724463,,,,,,,,,,,,,,,,,,,,,,,,,,,,,,,,,,,,,,,,,,,,,,,,
1734307200,12/16/2024,,3293643201,,,,,,,,,,,,,,,,,,,,,,,,,,,,,,,,,,,,,,,,,,,,,,,,,,,,,,,,,,,,,,,,,,,,,,,,,,,,,,,,,,,,,,,,,,,,,,,,,,,,,,,,,,,,,,,,,,,,,,,,,,,,,,,,,,,,,,,,,,,,,,,,,,,,,,,,,,1332911,,,,,,,,,,,,,,,,,,,,,,,,,,,,,,,,,,,,,,,,,,,,,,,,,,,,,,,,,,,,5444737,,,,,,32020229,,,,,8442,,,,,,,,,,,,,,,,,,,,,,,,,,34830,,6501,,,,,,,,28950,,,,,,,,,,,,,,1030,,,,,,,,34828851,,,,,,,,,,,,,,,,,,,,,,,,,,,,,,,,,,,,,,,,,,,,,,,,
1734393600,12/17/2024,,3326994543,,,,,,,,,,,,,,,,,,,,,,,,,,,,,,,,,,,,,,,,,,,,,,,,,,,,,,,,,,,,,,,,,,,,,,,,,,,,,,,,,,,,,,,,,,,,,,,,,,,,,,,,,,,,,,,,,,,,,,,,,,,,,,,,,,,,,,,,,,,,,,,,,,,,,,,,,,1331437,,,,,,,,,,,,,,,,,,,,,,,,,,,,,,,,,,,,,,,,,,,,,,,,,,,,,,,,,,,,5592995,,,,,,32021256,,,,,8442,,,,,,,,,,,,,,,,,,,,,,,,,,32748,,6501,,,,,,,,27481,,,,,,,,,,,,,,1030,,,,,,,,33982581,,,,,,,,,,,,,,,,,,,,,,,,,,,,,,,,,,,,,,,,,,,,,,,,
1734480000,12/18/2024,,3332458769,,,,,,,,,,,,,,,,,,,,,,,,,,,,,,,,,,,,,,,,,,,,,,,,,,,,,,,,,,,,,,,,,,,,,,,,,,,,,,,,,,,,,,,,,,,,,,,,,,,,,,,,,,,,,,,,,,,,,,,,,,,,,,,,,,,,,,,,,,,,,,,,,,,,,,,,,,1331577,,,,,,,,,,,,,,,,,,,,,,,,,,,,,,,,,,,,,,,,,,,,,,,,,,,,,,,,,,,,5625766,,,,,,32024106,,,,,8442,,,,,,,,,,,,,,,,,,,,,,,,,,33011,,6501,,,,,,,,27730,,,,,,,,,,,,,,1030,,,,,,,,33499445,,,,,,,,,,,,,,,,,,,,,,,,,,,,,,,,,,,,,,,,,,,,,,,,
1734566400,12/19/2024,,3302488886,,,,,,,,,,,,,,,,,,,,,,,,,,,,,,,,,,,,,,,,,,,,,,,,,,,,,,,,,,,,,,,,,,,,,,,,,,,,,,,,,,,,,,,,,,,,,,,,,,,,,,,,,,,,,,,,,,,,,,,,,,,,,,,,,,,,,,,,,,,,,,,,,,,,,,,,,,1336918,,,,,,,,,,,,,,,,,,,,,,,,,,,,,,,,,,,,,,,,,,,,,,,,,,,,,,,,,,,,5433935,,,,,,32023383,,,,,8442,,,,,,,,,,,,,,,,,,,,,,,,,,32698,,6501,,,,,,,,27811,,,,,,,,,,,,,,1030,,,,,,,,33731388,,,,,,,,,,,,,,,,,,,,,,,,,,,,,,,,,,,,,,,,,,,,,,,,
1734652800,12/20/2024,,3323632686,,,,,,,,,,,,,,,,,,,,,,,,,,,,,,,,,,,,,,,,,,,,,,,,,,,,,,,,,,,,,,,,,,,,,,,,,,,,,,,,,,,,,,,,,,,,,,,,,,,,,,,,,,,,,,,,,,,,,,,,,,,,,,,,,,,,,,,,,,,,,,,,,,,,,,,,,,1329818,,,,,,,,,,,,,,,,,,,,,,,,,,,,,,,,,,,,,,,,,,,,,,,,,,,,,,,,,,,,5524025,,,,,,32016480,,,,,8442,,,,,,,,,,,,,,,,,,,,,,,,,,32942,,6501,,,,,,,,27811,,,,,,,,,,,,,,1030,,,,,,,,33964736,,,,,,,,,,,,,,,,,,,,,,,,,,,,,,,,,,,,,,,,,,,,,,,,
1734739200,12/21/2024,,3327391806,,,,,,,,,,,,,,,,,,,,,,,,,,,,,,,,,,,,,,,,,,,,,,,,,,,,,,,,,,,,,,,,,,,,,,,,,,,,,,,,,,,,,,,,,,,,,,,,,,,,,,,,,,,,,,,,,,,,,,,,,,,,,,,,,,,,,,,,,,,,,,,,,,,,,,,,,,1330862,,,,,,,,,,,,,,,,,,,,,,,,,,,,,,,,,,,,,,,,,,,,,,,,,,,,,,,,,,,,6514421,,,,,,32012878,,,,,8442,,,,,,,,,,,,,,,,,,,,,,,,,,32805,,6501,,,,,,,,27811,,,,,,,,,,,,,,1030,,,,,,,,33866948,,,,,,,,,,,,,,,,,,,,,,,,,,,,,,,,,,,,,,,,,,,,,,,,
1734825600,12/22/2024,,3355976492,,,,,,,,,,,,,,,,,,,,,,,,,,,,,,,,,,,,,,,,,,,,,,,,,,,,,,,,,,,,,,,,,,,,,,,,,,,,,,,,,,,,,,,,,,,,,,,,,,,,,,,,,,,,,,,,,,,,,,,,,,,,,,,,,,,,,,,,,,,,,,,,,,,,,,,,,,1330967,,,,,,,,,,,,,,,,,,,,,,,,,,,,,,,,,,,,,,,,,,,,,,,,,,,,,,,,,,,,6449748,,,,,,31984663,,,,,8442,,,,,,,,,,,,,,,,,,,,,,,,,,32798,,6501,,,,,,,,27811,,,,,,,,,,,,,,1030,,,,,,,,34029927,,,,,,,,,,,,,,,,,,,,,,,,,,,,,,,,,,,,,,,,,,,,,,,,
1734912000,12/23/2024,,3363437234,,,,,,,,,,,,,,,,,,,,,,,,,,,,,,,,,,,,,,,,,,,,,,,,,,,,,,,,,,,,,,,,,,,,,,,,,,,,,,,,,,,,,,,,,,,,,,,,,,,,,,,,,,,,,,,,,,,,,,,,,,,,,,,,,,,,,,,,,,,,,,,,,,,,,,,,,,1261278,,,,,,,,,,,,,,,,,,,,,,,,,,,,,,,,,,,,,,,,,,,,,,,,,,,,,,,,,,,,6478081,,,,,,31984785,,,,,8442,,,,,,,,,,,,,,,,,,,,,,,,,,33016,,6501,,,,,,,,27811,,,,,,,,,,,,,,1034,,,,,,,,33997331,,,,,,,,,,,,,,,,,,,,,,,,,,,,,,,,,,,,,,,,,,,,,,,,
1734998400,12/24/2024,,3386122818,,,,,,,,,,,,,,,,,,,,,,,,,,,,,,,,,,,,,,,,,,,,,,,,,,,,,,,,,,,,,,,,,,,,,,,,,,,,,,,,,,,,,,,,,,,,,,,,,,,,,,,,,,,,,,,,,,,,,,,,,,,,,,,,,,,,,,,,,,,,,,,,,,,,,,,,,,1332311,,,,,,,,,,,,,,,,,,,,,,,,,,,,,,,,,,,,,,,,,,,,,,,,,,,,,,,,,,,,6469295,,,,,,31950232,,,,,8442,,,,,,,,,,,,,,,,,,,,,,,,,,32958,,6501,,,,,,,,27811,,,,,,,,,,,,,,1034,,,,,,,,33676233,,,,,,,,,,,,,,,,,,,,,,,,,,,,,,,,,,,,,,,,,,,,,,,,
1735084800,12/25/2024,,3423197455,,,,,,,,,,,,,,,,,,,,,,,,,,,,,,,,,,,,,,,,,,,,,,,,,,,,,,,,,,,,,,,,,,,,,,,,,,,,,,,,,,,,,,,,,,,,,,,,,,,,,,,,,,,,,,,,,,,,,,,,,,,,,,,,,,,,,,,,,,,,,,,,,,,,,,,,,,1275106,,,,,,,,,,,,,,,,,,,,,,,,,,,,,,,,,,,,,,,,,,,,,,,,,,,,,,,,,,,,6401178,,,,,,31950157,,,,,8442,,,,,,,,,,,,,,,,,,,,,,,,,,32821,,6501,,,,,,,,27811,,,,,,,,,,,,,,1034,,,,,,,,33676233,,,,,,,,,,,,,,,,,,,,,,,,,,,,,,,,,,,,,,,,,,,,,,,,
1735171200,12/26/2024,,3412326835,,,,,,,,,,,,,,,,,,,,,,,,,,,,,,,,,,,,,,,,,,,,,,,,,,,,,,,,,,,,,,,,,,,,,,,,,,,,,,,,,,,,,,,,,,,,,,,,,,,,,,,,,,,,,,,,,,,,,,,,,,,,,,,,,,,,,,,,,,,,,,,,,,,,,,,,,,1245207,,,,,,,,,,,,,,,,,,,,,,,,,,,,,,,,,,,,,,,,,,,,,,,,,,,,,,,,,,,,6383462,,,,,,31950157,,,,,8442,,,,,,,,,,,,,,,,,,,,,,,,,,40099,,6501,,,,,,,,27811,,,,,,,,,,,,,,1034,,,,,,,,33773469,,,,,,,,,,,,,,,,,,,,,,,,,,,,,,,,,,,,,,,,,,,,,,,,
1735257600,12/27/2024,,3441455478,,,,,,,,,,,,,,,,,,,,,,,,,,,,,,,,,,,,,,,,,,,,,,,,,,,,,,,,,,,,,,,,,,,,,,,,,,,,,,,,,,,,,,,,,,,,,,,,,,,,,,,,,,,,,,,,,,,,,,,,,,,,,,,,,,,,,,,,,,,,,,,,,,,,,,,,,,1245668,,,,,,,,,,,,,,,,,,,,,,,,,,,,,,,,,,,,,,,,,,,,,,,,,,,,,,,,,,,,6369358,,,,,,31934752,,,,,8442,,,,,,,,,,,,,,,,,,,,,,,,,,32677,,6501,,,,,,,,27811,,,,,,,,,,,,,,1034,,,,,,,,33741057,,,,,,,,,,,,,,,,,,,,,,,,,,,,,,,,,,,,,,,,,,,,,,,,
1735344000,12/28/2024,,3423045501,,,,,,,,,,,,,,,,,,,,,,,,,,,,,,,,,,,,,,,,,,,,,,,,,,,,,,,,,,,,,,,,,,,,,,,,,,,,,,,,,,,,,,,,,,,,,,,,,,,,,,,,,,,,,,,,,,,,,,,,,,,,,,,,,,,,,,,,,,,,,,,,,,,,,,,,,,1244457,,,,,,,,,,,,,,,,,,,,,,,,,,,,,,,,,,,,,,,,,,,,,,,,,,,,,,,,,,,,6336681,,,,,,31935002,,,,,8442,,,,,,,,,,,,,,,,,,,,,,,,,,32879,,6501,,,,,,,,27811,,,,,,,,,,,,,,1034,,,,,,,,33805881,,,,,,,,,,,,,,,,,,,,,,,,,,,,,,,,,,,,,,,,,,,,,,,,
1735430400,12/29/2024,,3427972375,,,,,,,,,,,,,,,,,,,,,,,,,,,,,,,,,,,,,,,,,,,,,,,,,,,,,,,,,,,,,,,,,,,,,,,,,,,,,,,,,,,,,,,,,,,,,,,,,,,,,,,,,,,,,,,,,,,,,,,,,,,,,,,,,,,,,,,,,,,,,,,,,,,,,,,,,,1244721,,,,,,,,,,,,,,,,,,,,,,,,,,,,,,,,,,,,,,,,,,,,,,,,,,,,,,,,,,,,5833416,,,,,,31937002,,,,,8442,,,,,,,,,,,,,,,,,,,,,,,,,,32732,,6501,,,,,,,,27811,,,,,,,,,,,,,,1034,,,,,,,,33773469,,,,,,,,,,,,,,,,,,,,,,,,,,,,,,,,,,,,,,,,,,,,,,,,
1735516800,12/30/2024,,3433716492,,,,,,,,,,,,,,,,,,,,,,,,,,,,,,,,,,,,,,,,,,,,,,,,,,,,,,,,,,,,,,,,,,,,,,,,,,,,,,,,,,,,,,,,,,,,,,,,,,,,,,,,,,,,,,,,,,,,,,,,,,,,,,,,,,,,,,,,,,,,,,,,,,,,,,,,,,1245477,,,,,,,,,,,,,,,,,,,,,,,,,,,,,,,,,,,,,,,,,,,,,,,,,,,,,,,,,,,,5801892,,,,,,31937002,,,,,8442,,,,,,,,,,,,,,,,,,,,,,,,,,43151,,6501,,,,,,,,18736,,,,,,,,,,,,,,1034,,,,,,,,33708645,,,,,,,,,,,,,,,,,,,,,,,,,,,,,,,,,,,,,,,,,,,,,,,,
1735603200,12/31/2024,,3402442344,,,,,,,,,,,,,,,,,,,,,,,,,,,,,,,,,,,,,,,,,,,,,,,,,,,,,,,,,,,,,,,,,,,,,,,,,,,,,,,,,,,,,,,,,,,,,,,,,,,,,,,,,,,,,,,,,,,,,,,,,,,,,,,,,,,,,,,,,,,,,,,,,,,,,,,,,,1245380,,,,,,,,,,,,,,,,,,,,,,,,,,,,,,,,,,,,,,,,,,,,,,,,,,,,,,,,,,,,5795983,,,,,,31936973,,,,,8442,,,,,,,,,,,,,,,,,,,,,,,,,,32553,,6501,,,,,,,,17205,,,,,,,,,,,,,,1034,,,,,,,,33759123,,,,,,,,,,,,,,,,,,,,,,,,,,,,,,,,,,,,,,,,,,,,,,,,
1735689600,1/1/2025,,3415496809,,,,,,,,,,,,,,,,,,,,,,,,,,,,,,,,,,,,,,,,,,,,,,,,,,,,,,,,,,,,,,,,,,,,,,,,,,,,,,,,,,,,,,,,,,,,,,,,,,,,,,,,,,,,,,,,,,,,,,,,,,,,,,,,,,,,,,,,,,,,,,,,,,,,,,,,,,1244439,,,,,,,,,,,,,,,,,,,,,,,,,,,,,,,,,,,,,,,,,,,,,,,,,,,,,,,,,,,,5764800,,,,,,31954173,,,,,8442,,,,,,,,,,,,,,,,,,,,,,,,,,32600,,6501,,,,,,,,17205,,,,,,,,,,,,,,1034,,,,,,,,33726537,,,,,,,,,,,,,,,,,,,,,,,,,,,,,,,,,,,,,,,,,,,,,,,,
1735776000,1/2/2025,,3400719368,,,,,,,,,,,,,,,,,,,,,,,,,,,,,,,,,,,,,,,,,,,,,,,,,,,,,,,,,,,,,,,,,,,,,,,,,,,,,,,,,,,,,,,,,,,,,,,,,,,,,,,,,,,,,,,,,,,,,,,,,,,,,,,,,,,,,,,,,,,,,,,,,,,,,,,,,,1244611,,,,,,,,,,,,,,,,,,,,,,,,,,,,,,,,,,,,,,,,,,,,,,,,,,,,,,,,,,,,5782186,,,,,,31954173,,,,,8442,,,,,,,,,,,,,,,,,,,,,,,,,,32598,,6501,,,,,,,,14705,,,,,,,,,,,,,,1034,,,,,,,,33498435,,,,,,,,,,,,,,,,,,,,,,,,,,,,,,,,,,,,,,,,,,,,,,,,
1735862400,1/3/2025,,3421720697,,,,,,,,,,,,,,,,,,,,,,,,,,,,,,,,,,,,,,,,,,,,,,,,,,,,,,,,,,,,,,,,,,,,,,,,,,,,,,,,,,,,,,,,,,,,,,,,,,,,,,,,,,,,,,,,,,,,,,,,,,,,,,,,,,,,,,,,,,,,,,,,,,,,,,,,,,1246033,,,,,,,,,,,,,,,,,,,,,,,,,,,,,,,,,,,,,,,,,,,,,,,,,,,,,,,,,,,,5849699,,,,,,31945886,,,,,8442,,,,,,,,,,,,,,,,,,,,,,,,,,24973,,6501,,,,,,,,14705,,,,,,,,,,,,,,1034,,,,,,,,33590101,,,,,,,,,,,,,,,,,,,,,,,,,,,,,,,,,,,,,,,,,,,,,,,,
1735948800,1/4/2025,,3448383004,,,,,,,,,,,,,,,,,,,,,,,,,,,,,,,,,,,,,,,,,,,,,,,,,,,,,,,,,,,,,,,,,,,,,,,,,,,,,,,,,,,,,,,,,,,,,,,,,,,,,,,,,,,,,,,,,,,,,,,,,,,,,,,,,,,,,,,,,,,,,,,,,,,,,,,,,,1244325,,,,,,,,,,,,,,,,,,,,,,,,,,,,,,,,,,,,,,,,,,,,,,,,,,,,,,,,,,,,5844693,,,,,,31975691,,,,,8442,,,,,,,,,,,,,,,,,,,,,,,,,,24942,,6501,,,,,,,,14705,,,,,,,,,,,,,,1034,,,,,,,,33622713,,,,,,,,,,,,,,,,,,,,,,,,,,,,,,,,,,,,,,,,,,,,,,,,
1736035200,1/5/2025,,3465091160,,,,,,,,,,,,,,,,,,,,,,,,,,,,,,,,,,,,,,,,,,,,,,,,,,,,,,,,,,,,,,,,,,,,,,,,,,,,,,,,,,,,,,,,,,,,,,,,,,,,,,,,,,,,,,,,,,,,,,,,,,,,,,,,,,,,,,,,,,,,,,,,,,,,,,,,,,1245061,,,,,,,,,,,,,,,,,,,,,,,,,,,,,,,,,,,,,,,,,,,,,,,,,,,,,,,,,,,,5869525,,,,,,31982127,,,,,8442,,,,,,,,,,,,,,,,,,,,,,,,,,24883,,6501,,,,,,,,14705,,,,,,,,,,,,,,1034,,,,,,,,33622713,,,,,,,,,,,,,,,,,,,,,,,,,,,,,,,,,,,,,,,,,,,,,,,,
1736121600,1/6/2025,,3468114764,,,,,,,,,,,,,,,,,,,,,,,,,,,,,,,,,,,,,,,,,,,,,,,,,,,,,,,,,,,,,,,,,,,,,,,,,,,,,,,,,,,,,,,,,,,,,,,,,,,,,,,,,,,,,,,,,,,,,,,,,,,,,,,,,,,,,,,,,,,,,,,,,,,,,,,,,,1267409,,,,,,,,,,,,,,,,,,,,,,,,,,,,,,,,,,,,,,,,,,,,,,,,,,,,,,,,,,,,5867014,,,,,,31981893,,,,,8442,,,,,,,,,,,,,,,,,,,,,,,,,,24808,,6501,,,,,,,,14705,,,,,,,,,,,,,,1034,,,,,,,,33850995,,,,,,,,,,,,,,,,,,,,,,,,,,,,,,,,,,,,,,,,,,,,,,,,
1736208000,1/7/2025,,3458938417,,,,,,,,,,,,,,,,,,,,,,,,,,,,,,,,,,,,,,,,,,,,,,,,,,,,,,,,,,,,,,,,,,,,,,,,,,,,,,,,,,,,,,,,,,,,,,,,,,,,,,,,,,,,,,,,,,,,,,,,,,,,,,,,,,,,,,,,,,,,,,,,,,,,,,,,,,1304103,,,,,,,,,,,,,,,,,,,,,,,,,,,,,,,,,,,,,,,,,,,,,,,,,,,,,,,,,,,,5890989,,,,,,31980821,,,,,8442,,,,,,,,,,,,,,,,,,,,,,,,,,24849,,6501,,,,,,,,14705,,,,,,,,,,,,,,1034,,,,,,,,35541256,,,,,,,,,,,,,,,,,,,,,,,,,,,,,,,,,,,,,,,,,,,,,,,,
1736294400,1/8/2025,,3462468526,,,,,,,,,,,,,,,,,,,,,,,,,,,,,,,,,,,,,,,,,,,,,,,,,,,,,,,,,,,,,,,,,,,,,,,,,,,,,,,,,,,,,,,,,,,,,,,,,,,,,,,,,,,,,,,,,,,,,,,,,,,,,,,,,,,,,,,,,,,,,,,,,,,,,,,,,,1295798,,,,,,,,,,,,,,,,,,,,,,,,,,,,,,,,,,,,,,,,,,,,,,,,,,,,,,,,,,,,5858402,,,,,,32016812,,,,,8442,,,,,,,,,,,,,,,,,,,,,,,,,,33592,,6501,,,,,,,,13405,,,,,,,,,,,,,,1034,,,,,,,,35415098,,,,,,,,,,,,,,,,,,,,,,,,,,,,,,,,,,,,,,,,,,,,,,,,
1736380800,1/9/2025,,3446879901,,,,,,,,,,,,,,,,,,,,,,,,,,,,,,,,,,,,,,,,,,,,,,,,,,,,,,,,,,,,,,,,,,,,,,,,,,,,,,,,,,,,,,,,,,,,,,,,,,,,,,,,,,,,,,,,,,,,,,,,,,,,,,,,,,,,,,,,,,,,,,,,,,,,,,,,,,1294884,,,,,,,,,,,,,,,,,,,,,,,,,,,,,,,,,,,,,,,,,,,,,,,,,,,,,,,,,,,,5854682,,,,,,346942,,,,,8442,,,,,,,,,,,,,,,,,,,,,,,,,,26708,,6501,,,,,,,,12355,,,,,,,,,,,,,,1034,,,,,,,,35346398,,,,,,,,,,,,,,,,,,,,,,,,,,,,,,,,,,,,,,,,,,,,,,,,
1736467200,1/10/2025,,3476243833,,,,,,,,,,,,,,,,,,,,,,,,,,,,,,,,,,,,,,,,,,,,,,,,,,,,,,,,,,,,,,,,,,,,,,,,,,,,,,,,,,,,,,,,,,,,,,,,,,,,,,,,,,,,,,,,,,,,,,,,,,,,,,,,,,,,,,,,,,,,,,,,,,,,,,,,,,1295049,,,,,,,,,,,,,,,,,,,,,,,,,,,,,,,,,,,,,,,,,,,,,,,,,,,,,,,,,,,,5764119,,,,,,349438,,,,,8442,,,,,,,,,,,,,,,,,,,,,,,,,,35699,,6501,,,,,,,,12155,,,,,,,,,,,,,,1034,,,,,,,,34974171,,,,,,,,,,,,,,,,,,,,,,,,,,,,,,,,,,,,,,,,,,,,,,,,
1736553600,1/11/2025,,3475643210,,,,,,,,,,,,,,,,,,,,,,,,,,,,,,,,,,,,,,,,,,,,,,,,,,,,,,,,,,,,,,,,,,,,,,,,,,,,,,,,,,,,,,,,,,,,,,,,,,,,,,,,,,,,,,,,,,,,,,,,,,,,,,,,,,,,,,,,,,,,,,,,,,,,,,,,,,1210958,,,,,,,,,,,,,,,,,,,,,,,,,,,,,,,,,,,,,,,,,,,,,,,,,,,,,,,,,,,,5698210,,,,,,349619,,,,,8442,,,,,,,,,,,,,,,,,,,,,,,,,,27461,,6501,,,,,,,,12155,,,,,,,,,,,,,,1034,,,,,,,,34901232,,,,,,,,,,,,,,,,,,,,,,,,,,,,,,,,,,,,,,,,,,,,,,,,
1736640000,1/12/2025,,3477247959,,,,,,,,,,,,,,,,,,,,,,,,,,,,,,,,,,,,,,,,,,,,,,,,,,,,,,,,,,,,,,,,,,,,,,,,,,,,,,,,,,,,,,,,,,,,,,,,,,,,,,,,,,,,,,,,,,,,,,,,,,,,,,,,,,,,,,,,,,,,,,,,,,,,,,,,,,1210873,,,,,,,,,,,,,,,,,,,,,,,,,,,,,,,,,,,,,,,,,,,,,,,,,,,,,,,,,,,,5703259,,,,,,348084,,,,,8442,,,,,,,,,,,,,,,,,,,,,,,,,,24964,,6501,,,,,,,,12155,,,,,,,,,,,,,,1034,,,,,,,,34809261,,,,,,,,,,,,,,,,,,,,,,,,,,,,,,,,,,,,,,,,,,,,,,,,
1736726400,1/13/2025,,3481766914,,,,,,,,,,,,,,,,,,,,,,,,,,,,,,,,,,,,,,,,,,,,,,,,,,,,,,,,,,,,,,,,,,,,,,,,,,,,,,,,,,,,,,,,,,,,,,,,,,,,,,,,,,,,,,,,,,,,,,,,,,,,,,,,,,,,,,,,,,,,,,,,,,,,,,,,,,1211710,,,,,,,,,,,,,,,,,,,,,,,,,,,,,,,,,,,,,,,,,,,,,,,,,,,,,,,,,,,,5685209,,,,,,348084,,,,,8442,,,,,,,,,,,,,,,,,,,,,,,,,,24809,,6501,,,,,,,,11655,,,,,,,,,,,,,,1034,,,,,,,,34775235,,,,,,,,,,,,,,,,,,,,,,,,,,,,,,,,,,,,,,,,,,,,,,,,
1736812800,1/14/2025,,3461365341,,,,,,,,,,,,,,,,,,,,,,,,,,,,,,,,,,,,,,,,,,,,,,,,,,,,,,,,,,,,,,,,,,,,,,,,,,,,,,,,,,,,,,,,,,,,,,,,,,,,,,,,,,,,,,,,,,,,,,,,,,,,,,,,,,,,,,,,,,,,,,,,,,,,,,,,,,1212249,,,,,,,,,,,,,,,,,,,,,,,,,,,,,,,,,,,,,,,,,,,,,,,,,,,,,,,,,,,,5641957,,,,,,347310,,,,,8442,,,,,,,,,,,,,,,,,,,,,,,,,,24933,,6501,,,,,,,,11655,,,,,,,,,,,,,,1034,,,,,,,,37774043,,,,,,,,,,,,,,,,,,,,,,,,,,,,,,,,,,,,,,,,,,,,,,,,
1736899200,1/15/2025,,3512694575,,,,,,,,,,,,,,,,,,,,,,,,,,,,,,,,,,,,,,,,,,,,,,,,,,,,,,,,,,,,,,,,,,,,,,,,,,,,,,,,,,,,,,,,,,,,,,,,,,,,,,,,,,,,,,,,,,,,,,,,,,,,,,,,,,,,,,,,,,,,,,,,,,,,,,,,,,1212385,,,,,,,,,,,,,,,,,,,,,,,,,,,,,,,,,,,,,,,,,,,,,,,,,,,,,,,,,,,,5549083,,,,,,343706,,,,,8442,,,,,,,,,,,,,,,,,,,,,,,,,,24906,,6501,,,,,,,,11355,,,,,,,,,,,,,,1034,,,,,,,,37716202,,,,,,,,,,,,,,,,,,,,,,,,,,,,,,,,,,,,,,,,,,,,,,,,
1736985600,1/16/2025,,3526919652,,,,,,,,,,,,,,,,,,,,,,,,,,,,,,,,,,,,,,,,,,,,,,,,,,,,,,,,,,,,,,,,,,,,,,,,,,,,,,,,,,,,,,,,,,,,,,,,,,,,,,,,,,,,,,,,,,,,,,,,,,,,,,,,,,,,,,,,,,,,,,,,,,,,,,,,,,1212653,,,,,,,,,,,,,,,,,,,,,,,,,,,,,,,,,,,,,,,,,,,,,,,,,,,,,,,,,,,,5549083,,,,,,343709,,,,,8442,,,,,,,,,,,,,,,,,,,,,,,,,,30727,,6501,,,,,,,,11355,,,,,,,,,,,,,,1034,,,,,,,,38109483,,,,,,,,,,,,,,,,,,,,,,,,,,,,,,,,,,,,,,,,,,,,,,,,
1737072000,1/17/2025,,3530866033,,,,,,,,,,,,,,,,,,,,,,,,,,,,,,,,,,,,,,,,,,,,,,,,,,,,,,,,,,,,,,,,,,,,,,,,,,,,,,,,,,,,,,,,,,,,,,,,,,,,,,,,,,,,,,,,,,,,,,,,,,,,,,,,,,,,,,,,,,,,,,,,,,,,,,,,,,1212793,,,,,,,,,,,,,,,,,,,,,,,,,,,,,,,,,,,,,,,,,,,,,,,,,,,,,,,,,,,,5548119,,,,,,345565,,,,,8442,,,,,,,,,,,,,,,,,,,,,,,,,,28832,,6501,,,,,,,,11355,,,,,,,,,,,,,,1034,,,,,,,,38072518,,,,,,,,,,,,,,,,,,,,,,,,,,,,,,,,,,,,,,,,,,,,,,,,
1737158400,1/18/2025,,3544122590,,,,,,,,,,,,,,,,,,,,,,,,,,,,,,,,,,,,,,,,,,,,,,,,,,,,,,,,,,,,,,,,,,,,,,,,,,,,,,,,,,,,,,,,,,,,,,,,,,,,,,,,,,,,,,,,,,,,,,,,,,,,,,,,,,,,,,,,,,,,,,,,,,,,,,,,,,1212658,,,,,,,,,,,,,,,,,,,,,,,,,,,,,,,,,,,,,,,,,,,,,,,,,,,,,,,,,,,,5574320,,,,,,345565,,,,,8442,,,,,,,,,,,,,,,,,,,,,,,,,,28673,,6501,,,,,,,,11355,,,,,,,,,,,,,,1034,,,,,,,,38072520,,,,,,,,,,,,,,,,,,,,,,,,,,,,,,,,,,,,,,,,,,,,,,,,
1737244800,1/19/2025,,3468647411,,,,,,,,,,,,,,,,,,,,,,,,,,,,,,,,,,,,,,,,,,,,,,,,,,,,,,,,,,,,,,,,,,,,,,,,,,,,,,,,,,,,,,,,,,,,,,,,,,,,,,,,,,,,,,,,,,,,,,,,,,,,,,,,,,,,,,,,,,,,,,,,,,,,,,,,,,1211117,,,,,,,,,,,,,,,,,,,,,,,,,,,,,,,,,,,,,,,,,,,,,,,,,,,,,,,,,,,,5644808,,,,,,345565,,,,,8442,,,,,,,,,,,,,,,,,,,,,,,,,,28687,,6501,,,,,,,,11355,,,,,,,,,,,,,,1034,,,,,,,,37924666,,,,,,,,,,,,,,,,,,,,,,,,,,,,,,,,,,,,,,,,,,,,,,,,
1737331200,1/20/2025,,3391404398,,,,,,,,,,,,,,,,,,,,,,,,,,,,,,,,,,,,,,,,,,,,,,,,,,,,,,,,,,,,,,,,,,,,,,,,,,,,,,,,,,,,,,,,,,,,,,,,,,,,,,,,,,,,,,,,,,,,,,,,,,,,,,,,,,,,,,,,,,,,,,,,,,,,,,,,,,1152906,,,,,,,,,,,,,,,,,,,,,,,,,,,,,,,,,,,,,,,,,,,,,,,,,,,,,,,,,,,,5627095,,,,,,346128,,,,,8442,,,,,,,,,,,,,,,,,,,,,,,,,,28782,,6501,,,,,,,,11355,,,,,,,,,,,,,,1034,,,,,,,,38479120,,,,,,,,,,,,,,,,,,,,,,,,,,,,,,,,,,,,,,,,,,,,,,,,
1737417600,1/21/2025,,3458142008,,,,,,,,,,,,,,,,,,,,,,,,,,,,,,,,,,,,,,,,,,,,,,,,,,,,,,,,,,,,,,,,,,,,,,,,,,,,,,,,,,,,,,,,,,,,,,,,,,,,,,,,,,,,,,,,,,,,,,,,,,,,,,,,,,,,,,,,,,,,,,,,,,,,,,,,,,1159761,,,,,,,,,,,,,,,,,,,,,,,,,,,,,,,,,,,,,,,,,,,,,,,,,,,,,,,,,,,,5647356,,,,,,345664,,,,,8442,,,,,,,,,,,,,,,,,,,,,,,,,,28817,,6501,,,,,,,,11355,,,,,,,,,,,,,,1034,,,,,,,,38536924,,,,,,,,,,,,,,,,,,,,,,,,,,,,,,,,,,,,,,,,,,,,,,,,
1737504000,1/22/2025,,3484703483,,,,,,,,,,,,,,,,,,,,,,,,,,,,,,,,,,,,,,,,,,,,,,,,,,,,,,,,,,,,,,,,,,,,,,,,,,,,,,,,,,,,,,,,,,,,,,,,,,,,,,,,,,,,,,,,,,,,,,,,,,,,,,,,,,,,,,,,,,,,,,,,,,,,,,,,,,1159964,,,,,,,,,,,,,,,,,,,,,,,,,,,,,,,,,,,,,,,,,,,,,,,,,,,,,,,,,,,,5555868,,,,,,346463,,,,,8442,,,,,,,,,,,,,,,,,,,,,,,,,,28432,,6501,,,,,,,,11294,,,,,,,,,,,,,,1034,,,,,,,,35763420,,,,,,,,,,,,,,,,,,,,,,,,,,,,,,,,,,,,,,,,,,,,,,,,
1737590400,1/23/2025,,3497723369,,,,,,,,,,,,,,,,,,,,,,,,,,,,,,,,,,,,,,,,,,,,,,,,,,,,,,,,,,,,,,,,,,,,,,,,,,,,,,,,,,,,,,,,,,,,,,,,,,,,,,,,,,,,,,,,,,,,,,,,,,,,,,,,,,,,,,,,,,,,,,,,,,,,,,,,,,1082776,,,,,,,,,,,,,,,,,,,,,,,,,,,,,,,,,1,,,,,,,,,,,,,,,,,,,,,,,,,,,5555164,,,,,,346463,,,,,8442,,,,,,,,,,,,,,,,,,,,,,,,,,25881,,6501,,,,,,,,11294,,,,,,,,,,,,,,1034,,,,,,,,35673878,,,,,,,,,,,,,,,,,,,,,,,,,,,,,,,,1182,,,,,,,,,,,,,,,,
1737676800,1/24/2025,,3528581932,,,,,,,,,,,,,,,,,,,,,,,,,,,,,,,,,,,,,,,,,,,,,,,,,,,,,,,,,,,,,,,,,,,,,,,,,,,,,,,,,,,,,,,,,,,,,,,,,,,,,,,,,,,,,,,,,,,,,,,,,,,,,,,,,,,,,,,,,,,,,,,,,,,,,,,,,,1079661,,,,,,,,,,,,,,,,,,,,,,,,,,,,,,,,,1,,,,,,,,,,,,,,,,,,,,,,,,,,,5127643,,,,,,346508,,,,,8442,,,,,,,,,,,,,,,,,,,,,,,,,,26238,,6501,,,,,,,,11294,,,,,,,,,,,,,,1034,,,,,,,,35913761,,,,,,,,,,,,,,,,,,,,,,,,,,,,,,,,1182,,,,,,,,,,,,,,,,
1737763200,1/25/2025,,3558612824,,,,,,,,,,,,,,,,,,,,,,,,,,,,,,,,,,,,,,,,,,,,,,,,,,,,,,,,,,,,,,,,,,,,,,,,,,,,,,,,,,,,,,,,,,,,,,,,,,,,,,,,,,,,,,,,,,,,,,,,,,,,,,,,,,,,,,,,,,,,,,,,,,,,,,,,,,1083061,,,,,,,,,,,,,,,,,,,,,,,,,,,,,,,,,2,,,,,,,,,,,,,,,,,,,,,,,,,,,5008871,,,,,,344991,,,,,8442,,,,,,,,,,,,,,,,,,,,,,,,,,26222,,6501,,,,,,,,11294,,,,,,,,,,,,,,1034,,,,,,,,35913761,,,,,,,,,,,,,,,,,,,,,,,,,,,,,,,,1182,,,,,,,,,,,,,,,,
1737849600,1/26/2025,,3561413510,,,,,,,,,,,,,,,,,,,,,,,,,,,,,,,,,,,,,,,,,,,,,,,,,,,,,,,,,,,,,,,,,,,,,,,,,,,,,,,,,,,,,,,,,,,,,,,,,,,,,,,,,,,,,,,,,,,,,,,,,,,,,,,,,,,,,,,,,,,,,,,,,,,,,,,,,,1088402,,,,,,,,,,,,,,,,,,,,,,,,,,,,,,,,,2,,,,,,,,,,,,,,,,,,,,,,,,,,,5006111,,,,,,341533,,,,,8442,,,,,,,,,,,,,,,,,,,,,,,,,,26130,,6501,,,,,,,,11294,,,,,,,,,,,,,,1034,,,,,,,,35879492,,,,,,,,,,,,,,,,,,,,,,,,,,,,,,,,1182,,,,,,,,,,,,,,,,
1737936000,1/27/2025,,3584460341,,,,,,,,,,,,,,,,,,,,,,,,,,,,,,,,,,,,,,,,,,,,,,,,,,,,,,,,,,,,,,,,,,,,,,,,,,,,,,,,,,,,,,,,,,,,,,,,,,,,,,,,,,,,,,,,,,,,,,,,,,,,,,,,,,,,,,,,,,,,,,,,,,,,,,,,,,1093409,,,,,,,,,,,,,,,,,,,,,,,,,,,,,,,,,2,,,,,,,,,,,,,,,,,,,,,,,,,,,5005149,,,,,,345175,,,,,8442,,,,,,,,,,,,,,,,,,,,,,,,,,25574,,6501,,,,,,,,11294,,,,,,,,,,,,,,1034,,,,,,,,35913761,,,,,,,,,,,,,,,,,,,,,,,,,,,,,,,,1188,,,,,,,,,,,,,,,,
1738022400,1/28/2025,,3603940661,,,,,,,,,,,,,,,,,,,,,,,,,,,,,,,,,,,,,,,,,,,,,,,,,,,,,,,,,,,,,,,,,,,,,,,,,,,,,,,,,,,,,,,,,,,,,,,,,,,,,,,,,,,,,,,,,,,,,,,,,,,,,,,,,,,,,,,,,,,,,,,,,,,,,,,,,,1137933,,,,,,,,,,,,,,,,,,,,,,,,,,,,,,,,,5502,,,,,,,,,,,,,,,,,,,,,,,,,,,4961331,,,,,,334257,,,,,8442,,,,,,,,,,,,,,,,,,,,,,,,,,25565,,6501,,,,,,,,11294,,,,,,,,,,,,,,1034,,,,,,,,36006512,,,,,,,,,,,,,,,,,,,,,,,,,,,,,,,,1188,,,,,,,,,,,,,,,,
1738108800,1/29/2025,,3599154883,,,,,,,,,,,,,,,,,,,,,,,,,,,,,,,,,,,,,,,,,,,,,,,,,,,,,,,,,,,,,,,,,,,,,,,,,,,,,,,,,,,,,,,,,,,,,,,,,,,,,,,,,,,,,,,,,,,,,,,,,,,,,,,,,,,,,,,,,,,,,,,,,,,,,,,,,,1145028,,,,,,,,,,,,,,,,,,,,,,,,,,,,,,,,,5502,,,,,,,,,,,,,,,,,,,,,,,,,,,4869028,,,,,,331162,,,,,8442,,,,,,,,,,,,,,,,,,,,,,,,,,25541,,6501,,,,,,,,11240,,,,,,,,,,,,,,1034,,,,,,,,35976500,,,,,,,,,,,,,,,,,,,,,,,,,,,,,,,,178,,,,,,,,,,,,,,,,
1738195200,1/30/2025,,3602945376,,,,,,,,,,,,,,,,,,,,,,,,,,,,,,,,,,,,,,,,,,,,,,,,,,,,,,,,,,,,,,,,,,,,,,,,,,,,,,,,,,,,,,,,,,,,,,,,,,,,,,,,,,,,,,,,,,,,,,,,,,,,,,,,,,,,,,,,,,,,,,,,,,,,,,,,,,1145740,,,,,,,,,,,,,,,,,,,,,,,,,,,,,,,,,95502,,,,,,,,,,,,,,,,,,,,,,,,,,,4844466,,,,,,331002,,,,,8442,,,,,,,,,,,,,,,,,,,,,,,,,,24018,,6501,,,,,,,,11240,,,,,,,,,,,,,,1034,,,,,,,,35841028,,,,,,,,,,,,,,,,,,,,,,,,,,,,,,,,177,,,,,,,,,,,,,,,,
1738281600,1/31/2025,,3614967322,,,,,,,,,,,,,,,,,,,,,,,,,,,,,,,,,,,,,,,,,,,,,,,,,,,,,,,,,,,,,,,,,,,,,,,,,,,,,,,,,,,,,,,,,,,,,,,,,,,,,,,,,,,,,,,,,,,,,,,,,,,,,,,,,,,,,,,,,,,,,,,,,,,,,,,,,,1093264,,,,,,,,,,,,,,,,,,,,,,,,,,,,,,,,,306976,,,,,,,,,,,,,,,,,,,,,,,,,,,4860750,,,,,,334234,,,,,8442,,,,,,,,,,,,,,,,,,,,,,,,,,24027,,6501,,,,,,,,11210,,,,,,,,,,,,,,1034,,,,,,,,41120544,,,,,,,,,,,,,,,,,,,,,,,,,,,,,,,,177,,,,,,,,,,,,,,,,
1738368000,2/1/2025,,3671539535,,,,,,,,,,,,,,,,,,,,,,,,,,,,,,,,,,,,,,,,,,,,,,,,,,,,,,,,,,,,,,,,,,,,,,,,,,,,,,,,,,,,,,,,,,,,,,,,,,,,,,,,,,,,,,,,,,,,,,,,,,,,,,,,,,,,,,,,,,,,,,,,,,,,,,,,,,1146046,,,,,,,,,,,,,,,,,,,,,,,,,,,,,,,,,301886,,,,,,,,,,,,,,,,,,,,,,,,,,,4851299,,,,,,337230,,,,,8442,,,,,,,,,,,,,,,,,,,,,,,,,,24027,,6501,,,,,,,,11210,,,,,,,,,,,,,,1034,,,,,,,,41031253,,,,,,,,,,,,,,,,,,,,,,,,,,,,,,,,177,,,,,,,,,,,,,,,,
1738454400,2/2/2025,,3666061175,,,,,,,,,,,,,,,,,,,,,,,,,,,,,,,,,,,,,,,,,,,,,,,,,,,,,,,,,,,,,,,,,,,,,,,,,,,,,,,,,,,,,,,,,,,,,,,,,,,,,,,,,,,,,,,,,,,,,,,,,,,,,,,,,,,,,,,,,,,,,,,,,,,,,,,,,,1146059,,,,,,,,,,,,,,,,,,,,,,,,,,,,,,,,,992021,,,,,,,,,,,,,,,,,,,,,,,,,,,4867165,,,,,,332692,,,,,8442,,,,,,,,,,,,,,,,,,,,,,,,,,32437,,6501,,,,,,,,11210,,,,,,,,,,,,,,1034,,,,,,,,40674114,,,,,,,,,,,,,,,,,,,,,,,,,,,,,,,,177,,,,,,,,,,,,,,,,
1738540800,2/3/2025,,3656457122,,,,,,,,,,,,,,,,,,,,,,,,,,,,,,,,,,,,,,,,,,,,,,,,,,,,,,,,,,,,,,,,,,,,,,,,,,,,,,,,,,,,,,,,,,,,,,,,,,,,,,,,,,,,,,,,,,,,,,,,,,,,,,,,,,,,,,,,,,,,,,,,,,,,,,,,,,1147225,,,,,,,,,,,,,,,,,,,,,,,,,,,,,,,,,981006,,,,,,,,,,,,,,,,,,,,,,,,,,,4861975,,,,,,316441,,,,,8442,,,,,,,,,,,,,,,,,,,,,,,,,,24006,,6501,,,,,,,,11208,,,,,,,,,,,,,,1034,,,,,,,,40991571,,,,,,,,,,,,,,,,,,,,,,,,,,,,,,,,177,,,,,,,,,,,,,,,,
1738627200,2/4/2025,,3657170944,,,,,,,,,,,,,,,,,,,,,,,,,,,,,,,,,,,,,,,,,,,,,,,,,,,,,,,,,,,,,,,,,,,,,,,,,,,,,,,,,,,,,,,,,,,,,,,,,,,,,,,,,,,,,,,,,,,,,,,,,,,,,,,,,,,,,,,,,,,,,,,,,,,,,,,,,,1164845,,,,,,,,,,,,,,,,,,,,,,,,,,,,,,,,,974495,,,,,,,,,,,,,,,,,,,,,,,,,,,4730002,,,,,,110608,,,,,8442,,,,,,,,,,,,,,,,,,,,,,,,,,24945,,6501,,,,,,,,11184,,,,,,,,,,,,,,1034,,,,,,,,40547813,,,,,,,,,,,,,,,,,,,,,,,,,,,,,,,,177,,,,,,,,,,,,,,,,
1738713600,2/5/2025,,3684201536,,,,,,,,,,,,,,,,,,,,,,,,,,,,,,,,,,,,,,,,,,,,,,,,,,,,,,,,,,,,,,,,,,,,,,,,,,,,,,,,,,,,,,,,,,,,,,,,,,,,,,,,,,,,,,,,,,,,,,,,,,,,,,,,,,,,,,,,,,,,,,,,,,,,,,,,,,1164824,,,,,,,,,,,,,,,,,,,,,,,,,,,,,,,,,904852,,,,,,,,,,,,,,,,,,,,,,,,,,,4322588,,,,,,110576,,,,,8442,,,,,,,,,,,,,,,,,,,,,,,,,,24838,,6501,,,,,,,,11184,,,,,,,,,,,,,,1034,,,,,,,,28310169,,,,,,,,,,,,,,,,,,,,,,,,,,,,,,,,179,,,,,,,,,,,,,,,,
1738800000,2/6/2025,,3675142039,,,,,,,,,,,,,,,,,,,,,,,,,,,,,,,,,,,,,,,,,,,,,,,,,,,,,,,,,,,,,,,,,,,,,,,,,,,,,,,,,,,,,,,,,,,,,,,,,,,,,,,,,,,,,,,,,,,,,,,,,,,,,,,,,,,,,,,,,,,,,,,,,,,,,,,,,,1168542,,,,,,,,,,,,,,,,,,,,,,,,,,,,,,,,,880973,,,,,,,,,,,,,,,,,,,,,,,,,,,4327323,,,,,,117463,,,,,8442,,,,,,,,,,,,,,,,,,,,,,,,,,24226,,6501,,,,,,,,11184,,,,,,,,,,,,,,1034,,,,,,,,28310065,,,,,,,,,,,,,,,,,,,,,,,,,,,,,,,,178,,,,,,,,,,,,,,,,
1738886400,2/7/2025,,3663503697,,,,,,,,,,,,,,,,,,,,,,,,,,,,,,,,,,,,,,,,,,,,,,,,,,,,,,,,,,,,,,,,,,,,,,,,,,,,,,,,,,,,,,,,,,,,,,,,,,,,,,,,,,,,,,,,,,,,,,,,,,,,,,,,,,,,,,,,,,,,,,,,,,,,,,,,,,1166359,,,,,,,,,,,,,,,,,,,,,,,,,,,,,,,,,898887,,,,,,,,,,,,,,,,,,,,,,,,,,,4325617,,,,,,105510,,,,,8442,,,,,,,,,,,,,,,,,,,,,,,,,,23770,,6501,,,,,,,,11184,,,,,,,,,,,,,,1034,,,,,,,,28019180,,,,,,,,,,,,,,,,,,,,,,,,,,,,,,,,177,,,,,,,,,,,,,,,,
1738972800,2/8/2025,,3708374992,,,,,,,,,,,,,,,,,,,,,,,,,,,,,,,,,,,,,,,,,,,,,,,,,,,,,,,,,,,,,,,,,,,,,,,,,,,,,,,,,,,,,,,,,,,,,,,,,,,,,,,,,,,,,,,,,,,,,,,,,,,,,,,,,,,,,,,,,,,,,,,,,,,,,,,,,,1195355,,,,,,,,,,,,,,,,,,,,,,,,,,,,,,,,,989019,,,,,,,,,,,,,,,,,,,,,,,,,,,4331982,,,,,,94937,,,,,8442,,,,,,,,,,,,,,,,,,,,,,,,,,36825,,6501,,,,,,,,11184,,,,,,,,,,,,,,1034,,,,,,,,27996017,,,,,,,,,,,,,,,,,,,,,,,,,,,,,,,,177,,,,,,,,,,,,,,,,
1739059200,2/9/2025,,3691616531,,,,,,,,,,,,,,,,,,,,,,,,,,,,,,,,,,,,,,,,,,,,,,,,,,,,,,,,,,,,,,,,,,,,,,,,,,,,,,,,,,,,,,,,,,,,,,,,,,,,,,,,,,,,,,,,,,,,,,,,,,,,,,,,,,,,,,,,,,,,,,,,,,,,,,,,,,1220509,,,,,,,,,,,,,,,,,,,,,,,,,,,,,,,,,1015750,,,,,,,,,,,,,,,,,,,,,,,,,,,4297112,,,,,,65064,,,,,8442,,,,,,,,,,,,,,,,,,,,,,,,,,24379,,6501,,,,,,,,11184,,,,,,,,,,,,,,1034,,,,,,,,27968863,,,,,,,,,,,,,,,,,,,,,,,,,,,,,,,,177,,,,,,,,,,,,,,,,
1739145600,2/10/2025,,3690115981,,,,,,,,,,,,,,,,,,,,,,,,,,,,,,,,,,,,,,,,,,,,,,,,,,,,,,,,,,,,,,,,,,,,,,,,,,,,,,,,,,,,,,,,,,,,,,,,,,,,,,,,,,,,,,,,,,,,,,,,,,,,,,,,,,,,,,,,,,,,,,,,,,,,,,,,,,1219257,,,,,,,,,,,,,,,,,,,,,,,,,,,,,,,,,1015750,,,,,,,,,,,,,,,,,,,,,,,,,,,4334093,,,,,,58449,,,,,8442,,,,,,,,,,,,,,,,,,,,,,,,,,24412,,6501,,,,,,,,11184,,,,,,,,,,,,,,1034,,,,,,,,27968863,,,,,,,,,,,,,,,,,,,,,,,,,,,,,,,,177,,,,,,,,,,,,,,,,
1739232000,2/11/2025,,3690988874,,,,,,,,,,,,,,,,,,,,,,,,,,,,,,,,,,,,,,,,,,,,,,,,,,,,,,,,,,,,,,,,,,,,,,,,,,,,,,,,,,,,,,,,,,,,,,,,,,,,,,,,,,,,,,,,,,,,,,,,,,,,,,,,,,,,,,,,,,,,,,,,,,,,,,,,,,1216025,,,,,,,,,,,,,,,,,,,,,,,,,,,,,,,,,1028955,,,,,,,,,,,,,,,,,,,,,,,,,,,4330964,,,,,,58449,,,,,8442,,,,,,,,,,,,,,,,,,,,,,,,,,24387,,6501,,,,,,,,11184,,,,,,,,,,,,,,1034,,,,,,,,28050325,,,,,,,,,,,,,,,,,,,,,,,,,,,,,,,,176,,,,,,,,,,,,,,,,
1739318400,2/12/2025,,3681194352,,,,,,,,,,,,,,,,,,,,,,,,,,,,,,,,,,,,,,,,,,,,,,,,,,,,,,,,,,,,,,,,,,,,,,,,,,,,,,,,,,,,,,,,,,,,,,,,,,,,,,,,,,,,,,,,,,,,,,,,,,,,,,,,,,,,,,,,,,,,,,,,,,,,,,,,,,1222192,,,,,,,,,,,,,,,,,,,,,,,,,,,,,,,,,1032979,,,,,,,,,,,,,,,,,,,,,,,,,,,4326658,,,,,,221067,,,,,8442,,,,,,,,,,,,,,,,,,,,,,,,,,24412,,6501,,,,,,,,11184,,,,,,,,,,,,,,1034,,,,,,,,28213249,,,,,,,,,,,,,,,,,,,,,,,,,,,,,,,,176,,,,,,,,,,,,,,,,
1739404800,2/13/2025,,3677869918,,,,,,,,,,,,,,,,,,,,,,,,,,,,,,,,,,,,,,,,,,,,,,,,,,,,,,,,,,,,,,,,,,,,,,,,,,,,,,,,,,,,,,,,,,,,,,,,,,,,,,,,,,,,,,,,,,,,,,,,,,,,,,,,,,,,,,,,,,,,,,,,,,,,,,,,,,1217924,,,,,,,,,,,,,,,,,,,,,,,,,,,,,,,,,858193,,,,,,,,,,,,,,,,,,,,,,,,,,,4317789,,,,,,186475,,,,,8442,,,,,,,,,,,,,,,,,,,,,,,,,,24365,,6501,,,,,,,,11184,,,,,,,,,,,,,,1034,,,,,,,,28317590,,,,,,,,,,,,,,,,,,,,,,,,,,,,,,,,177,,,,,,,,,,,,,,,,
1739491200,2/14/2025,,3649542636,,,,,,,,,,,,,,,,,,,,,,,,,,,,,,,,,,,,,,,,,,,,,,,,,,,,,,,,,,,,,,,,,,,,,,,,,,,,,,,,,,,,,,,,,,,,,,,,,,,,,,,,,,,,,,,,,,,,,,,,,,,,,,,,,,,,,,,,,,,,,,,,,,,,,,,,,,1219179,,,,,,,,,,,,,,,,,,,,,,,,,,,,,,,,,728999,,,,,,,,,,,,,,,,,,,,,,,,,,,4314907,,,,,,184625,,,,,8442,,,,,,,,,,,,,,,,,,,,,,,,,,24249,,6501,,,,,,,,11184,,,,,,,,,,,,,,1034,,,,,,,,28409495,,,,,,,,,,,,,,,,,,,,,,,,,,,,,,,,178,,,,,,,,,,,,,,,,
1739577600,2/15/2025,,3648385907,,,,,,,,,,,,,,,,,,,,,,,,,,,,,,,,,,,,,,,,,,,,,,,,,,,,,,,,,,,,,,,,,,,,,,,,,,,,,,,,,,,,,,,,,,,,,,,,,,,,,,,,,,,,,,,,,,,,,,,,,,,,,,,,,,,,,,,,,,,,,,,,,,,,,,,,,,1221097,,,,,,,,,,,,,,,,,,,,,,,,,,,,,,,,,848987,,,,,,,,,,,,,,,,,,,,,,,,,,,4232677,,,,,,185904,,,,,8442,,,,,,,,,,,,,,,,,,,,,,,,,,24436,,6501,,,,,,,,11184,,,,,,,,,,,,,,1034,,,,,,,,26516876,,,,,,,,,,,,,,,,,,,,,,,,,,,,,,,,179,,,,,,,,,,,,,,,,
1739664000,2/16/2025,,3655659137,,,,,,,,,,,,,,,,,,,,,,,,,,,,,,,,,,,,,,,,,,,,,,,,,,,,,,,,,,,,,,,,,,,,,,,,,,,,,,,,,,,,,,,,,,,,,,,,,,,,,,,,,,,,,,,,,,,,,,,,,,,,,,,,,,,,,,,,,,,,,,,,,,,,,,,,,,1222808,,,,,,,,,,,,,,,,,,,,,,,,,,,,,,,,,725270,,,,,,,,,,,,,,,,,,,,,,,,,,,4223844,,,,,,185702,,,,,8442,,,,,,,,,,,,,,,,,,,,,,,,,,24387,,6501,,,,,,,,11184,,,,,,,,,,,,,,1034,,,,,,,,26491573,,,,,,,,,,,,,,,,,,,,,,,,,,,,,,,,179,,,,,,,,,,,,,,,,
1739750400,2/17/2025,,3651338980,,,,,,,,,,,,,,,,,,,,,,,,,,,,,,,,,,,,,,,,,,,,,,,,,,,,,,,,,,,,,,,,,,,,,,,,,,,,,,,,,,,,,,,,,,,,,,,,,,,,,,,,,,,,,,,,,,,,,,,,,,,,,,,,,,,,,,,,,,,,,,,,,,,,,,,,,,1112841,,,,,,,,,,,,,,,,,,,,,,,,,,,,,,,,,711073,,,,,,,,,,,,,,,,,,,,,,,,,,,4149269,,,,,,185702,,,,,8442,,,,,,,,,,,,,,,,,,,,,,,,,,24342,,6501,,,,,,,,11184,,,,,,,,,,,,,,1034,,,,,,,,26542178,,,,,,,,,,,,,,,,,,,,,,,,,,,,,,,,179,,,,,,,,,,,,,,,,
1739836800,2/18/2025,,3652499259,,,,,,,,,,,,,,,,,,,,,,,,,,,,,,,,,,,,,,,,,,,,,,,,,,,,,,,,,,,,,,,,,,,,,,,,,,,,,,,,,,,,,,,,,,,,,,,,,,,,,,,,,,,,,,,,,,,,,,,,,,,,,,,,,,,,,,,,,,,,,,,,,,,,,,,,,,1114642,,,,,,,,,,,,,,,,,,,,,,,,,,,,,,,,,740623,,,,,,,,,,,,,,,,,,,,,,,,,,,4148425,,,,,,185136,,,,,8442,,,,,,,,,,,,,,,,,,,,,,,,,,32191,,6501,,,,,,,,11184,,,,,,,,,,,,,,1034,,,,,,,,26440969,,,,,,,,,,,,,,,,,,,,,,,,,,,,,,,,178,,,,,,,,,,,,,,,,
1739923200,2/19/2025,,3644950745,,,,,,,,,,,,,,,,,,,,,,,,,,,,,,,,,,,,,,,,,,,,,,,,,,,,,,,,,,,,,,,,,,,,,,,,,,,,,,,,,,,,,,,,,,,,,,,,,,,,,,,,,,,,,,,,,,,,,,,,,,,,,,,,,,,,,,,,,,,,,,,,,,,,,,,,,,1116324,,,,,,,,,,,,,,,,,,,,,,,,,,,,,,,,,740568,,,,,,,,,,,,,,,,,,,,,,,,,,,4145163,,,,,,193501,,,,,8442,,,,,,,,,,,,,,,,,,,,,,,,,,23956,,6501,,,,,,,,11184,,,,,,,,,,,,,,1034,,,,,,,,26434345,,,,,,,,,,,,,,,,,,,,,,,,,,,,,,,,178,,,,,,,,,,,,,,,,
1740009600,2/20/2025,,3646745312,,,,,,,,,,,,,,,,,,,,,,,,,,,,,,,,,,,,,,,,,,,,,,,,,,,,,,,,,,,,,,,,,,,,,,,,,,,,,,,,,,,,,,,,,,,,,,,,,,,,,,,,,,,,,,,,,,,,,,,,,,,,,,,,,,,,,,,,,,,,,,,,,,,,,,,,,,1114736,,,,,,,,,,,,,,,,,,,,,,,,,,,,,,,,,864588,,,,,,,,,,,,,,,,,,,,,,,,,,,4143246,,,,,,193501,,,,,8442,,,,,,,,,,,,,,,,,,,,,,,,,,24011,,6501,,,,,,,,11184,,,,,,,,,,,,,,1034,,,,,,,,26394574,,,,,,,,,,,,,,,,,,,71193,,,,,,,,,,,,,178,,,,,,,,,,,,,,,,
1740096000,2/21/2025,,3684693183,,,,,,,,,,,,,,,,,,,,,,,,,,,,,,,,,,,,,,,,,,,,,,,,,,,,,,,,,,,,,,,,,,,,,,,,,,,,,,,,,,,,,,,,,,,,,,,,,,,,,,,,,,,,,,,,,,,,,,,,,,,,,,,,,,,,,,,,,,,,,,,,,,,,,,,,,,1115490,,,,,,,,,,,,,,,,,,,,,,,,,,,,,,,,,910621,,,,,,,,,,,,,,,,,,,,,,,,,,,4093171,,,,,,193501,,,,,8442,,,,,,,,,,,,,,,,,,,,,,,,,,24045,,6501,,,,,,,,11177,,,,,,,,,,,,,,1034,,,,,,,,26365233,,,,,,,,,,,,,,,,,,,71193,,,,,,,,,,,,,179,,,,,,,,,,,,,,,,
1740182400,2/22/2025,,3748964266,,,,,,,,,,,,,,,,,,,,,,,,,,,,,,,,,,,,,,,,,,,,,,,,,,,,,,,,,,,,,,,,,,,,,,,,,,,,,,,,,,,,,,,,,,,,,,,,,,,,,,,,,,,,,,,,,,,,,,,,,,,,,,,,,,,,,,,,,,,,,,,,,,,,,,,,,,1116746,,,,,,,,,,,,,,,,,,,,,,,,,,,,,,,,,918682,,,,,,,,,,,,,,,,,,,,,,,,,,,4088092,,,,,,195001,,,,,8442,,,,,,,,,,,,,,,,,,,,,,,,,,24159,,6501,,,,,,,,11177,,,,,,,,,,,,,,1034,,,,,,,,26072354,,,,,,,,,,,,,,,,,,,70944,,,,,,,,,,,,,179,,,,,,,,,,,,,,,,
1740268800,2/23/2025,,3753320223,,,,,,,,,,,,,,,,,,,,,,,,,,,,,,,,,,,,,,,,,,,,,,,,,,,,,,,,,,,,,,,,,,,,,,,,,,,,,,,,,,,,,,,,,,,,,,,,,,,,,,,,,,,,,,,,,,,,,,,,,,,,,,,,,,,,,,,,,,,,,,,,,,,,,,,,,,1108972,,,,,,,,,,,,,,,,,,,,,,,,,,,,,,,,,927064,,,,,,,,,,,,,,,,,,,,,,,,,,,4087021,,,,,,196301,,,,,8442,,,,,,,,,,,,,,,,,,,,,,,,,,24135,,6501,,,,,,,,11177,,,,,,,,,,,,,,1034,,,,,,,,26097279,,,,,,,,,,,,,,,,,,,71002,,,,,,,,,,,,,179,,,,,,,,,,,,,,,,
1740355200,2/24/2025,,3766249749,,,,,,,,,,,,,,,,,,,,,,,,,,,,,,,,,,,,,,,,,,,,,,,,,,,,,,,,,,,,,,,,,,,,,,,,,,,,,,,,,,,,,,,,,,,,,,,,,,,,,,,,,,,,,,,,,,,,,,,,,,,,,,,,,,,,,,,,,,,,,,,,,,,,,,,,,,1107615,,,,,,,,,,,,,,,,,,,,,,,,,,,,,,,,,927120,,,,,,,,,,,,,,,,,,,,,,,,,,,4076992,,,,,,196301,,,,,8442,,,,,,,,,,,,,,,,,,,,,,,,,,24112,,6501,,,,,,,,11177,,,,,,,,,,,,,,1034,,,,,,,,26072354,,,,,,,,,,,,,,,,,,,71002,,,,,,,,,,,,,179,,,,,,,,,,,,,,,,
1740441600,2/25/2025,,3760272238,,,,,,,,,,,,,,,,,,,,,,,,,,,,,,,,,,,,,,,,,,,,,,,,,,,,,,,,,,,,,,,,,,,,,,,,,,,,,,,,,,,,,,,,,,,,,,,,,,,,,,,,,,,,,,,,,,,,,,,,,,,,,,,,,,,,,,,,,,,,,,,,,,,,,,,,,,1210410,,,,,,,,,,,,,,,,,,,,,,,,,,,,,,,,,635443,,,,,,,,,,,,,,,,,,,,,,,,,,,4075093,,,,,,183497,,,,,8442,,,,,,,,,,,,,,,,,,,,,,,,,,24304,,6501,,,,,,,,11166,,,,,,,,,,,,,,1034,,,,,,,,28277962,,,,,,,,,,,,,,,,,,,71002,,,,,,,,,,,,,179,,,,,,,,,,,,,,,,
1740528000,2/26/2025,,3728433345,,,,,,,,,,,,,,,,,,,,,,,,,,,,,,,,,,,,,,,,,,,,,,,,,,,,,,,,,,,,,,,,,,,,,,,,,,,,,,,,,,,,,,,,,,,,,,,,,,,,,,,,,,,,,,,,,,,,,,,,,,,,,,,,,,,,,,,,,,,,,,,,,,,,,,,,,,1324319,,,,,,,,,,,,,,,,,,,,,,,,,,,,,,,,,623381,,,,,,,,,,,,,,,,,,,,,,,,,,,4133045,,,,,,176246,,,,,8442,,,,,,,,,,,,,,,,,,,,,,,,,,23993,,6501,,,,,,,,11165,,,,,,,,,,,,,,1034,,,,,,,,28157621,,,,,,,,,,,,,,,,,,,69996,,,,,,,,,,,,,180,,,,,,,,,,,,,,,,
1740614400,2/27/2025,,3679256233,,,,,,,,,,,,,,,,,,,,,,,,,,,,,,,,,,,,,,,,,,,,,,,,,,,,,,,,,,,,,,,,,,,,,,,,,,,,,,,,,,,,,,,,,,,,,,,,,,,,,,,,,,,,,,,,,,,,,,,,,,,,,,,,,,,,,,,,,,,,,,,,,,,,,,,,,,1324350,,,,,,,,,,,,,,,,,,,,,,,,,,,,,,,,,623381,,,,,,,,,,,,,,,,,,,,,,,,,,,4072158,,,,,,171528,,,,,8442,,,,,,,,,,,,,,,,,,,,,,,,,,24070,,6501,,,,,,,,11165,,,,,,,,,,,,,,1034,,,,,,,,27916554,,,,,,,,,,,,,,,,,,,69996,,,,,,,,,,,,,179,,,,,,,,,,,,,,,,
1740700800,2/28/2025,,3671568172,,,,,,,,,,,,,,,,,,,,,,,,,,,,,,,,,,,,,,,,,,,,,,,,,,,,,,,,,,,,,,,,,,,,,,,,,,,,,,,,,,,,,,,,,,,,,,,,,,,,,,,,,,,,,,,,,,,,,,,,,,,,,,,,,,,,,,,,,,,,,,,,,,,,,,,,,,1329756,,,,,,,,,,,,,,,,,,,,,,,,,,,,,,,,,635056,,,,,,,,,,,,,,,,,,,,,,,,,,,4071061,,,,,,164718,,,,,8442,,,,,,,,,,,,,,,,,,,,,,,,,,24070,,6501,,,,,,,,11165,,,,,,,,,,,,,,1034,,,,,,,,28873026,,,,,,,,,,,,,,,,,,,139299,,,,,,,,,,,,,178,,,,,,,,,,,,,,,,
1740787200,3/1/2025,,3680352159,,,,,,,,,,,,,,,,,,,,,,,,,,,,,,,,,,,,,,,,,,,,,,,,,,,,,,,,,,,,,,,,,,,,,,,,,,,,,,,,,,,,,,,,,,,,,,,,,,,,,,,,,,,,,,,,,,,,,,,,,,,,,,,,,,,,,,,,,,,,,,,,,,,,,,,,,,1329549,,,,,,,,,,,,,,,,,,,,,,,,,,,,,,,,,635056,,,,,,,,,,,,,,,,,,,,,,,,,,,3995980,,,,,,158848,,,,,8442,,,,,,,,,,,,,,,,,,,,,,,,,,22006,,6501,,,,,,,,11162,,,,,,,,,,,,,,1034,,,,,,,,29300621,,,,,,,,,,,,,,,,,,,138942,,,,,,,,,,,,,178,,,,,,,,,,,,,,,,
1740873600,3/2/2025,,3685982480,,,,,,,,,,,,,,,,,,,,,,,,,,,,,,,,,,,,,,,,,,,,,,,,,,,,,,,,,,,,,,,,,,,,,,,,,,,,,,,,,,,,,,,,,,,,,,,,,,,,,,,,,,,,,,,,,,,,,,,,,,,,,,,,,,,,,,,,,,,,,,,,,,,,,,,,,,1333771,,,,,,,,,,,,,,,,,,,,,,,,,,,,,,,,,617434,,,,,,,,,,,,,,,,,,,,,,,,,,,3984662,,,,,,158848,,,,,8442,,,,,,,,,,,,,,,,,,,,,,,,,,22094,,6501,,,,,,,,11162,,,,,,,,,,,,,,1034,,,,,,,,29385469,,,,,,,,,,,,,,,,,,,138942,,,,,,,,,,,,,178,,,,,,,,,,,,,,,,
1740960000,3/3/2025,,3673620751,,,,,,,,,,,,,,,,,,,,,,,,,,,,,,,,,,,,,,,,,,,,,,,,,,,,,,,,,,,,,,,,,,,,,,,,,,,,,,,,,,,,,,,,,,,,,,,,,,,,,,,,,,,,,,,,,,,,,,,,,,,,,,,,,,,,,,,,,,,,,,,,,,,,,,,,,,1330429,,,,,,,,,,,,,,,,,,,,,,,,,,,,,,,,,622470,,,,,,,,,,,,,,,,,,,,,,,,,,,3984252,,,,,,182280,,,,,8442,,,,,,,,,,,,,,,,,,,,,,,,,,21183,,6501,,,,,,,,11162,,,,,,,,,,,,,,1034,,,,,,,,29640011,,,,,,,,,,,,,,,,,,,138942,,,,,,,,,,,,,179,,,,,,,,,,,,,,,,
1741046400,3/4/2025,,3672724686,,,,,,,,,,,,,,,,,,,,,,,,,,,,,,,,,,,,,,,,,,,,,,,,,,,,,,,,,,,,,,,,,,,,,,,,,,,,,,,,,,,,,,,,,,,,,,,,,,,,,,,,,,,,,,,,,,,,,,,,,,,,,,,,,,,,,,,,,,,,,,,,,,,,,,,,,,1331186,,,,,,,,,,,,,,,,,,,,,,,,,,,,,,,,,622470,,,,,,,,,,,,,,,,,,,,,,,,,,,3981534,,,,,,180005,,,,,8442,,,,,,,,,,,,,,,,,,,,,,,,,,21000,,6501,,,,,,,,11162,,,,,,,,,,,,,,1034,,,,,,,,29970010,,,,,,,,,,,,,,,,,,,104906,,,,,,,,,,,,,179,,,,,,,,,,,,,,,,
1741132800,3/5/2025,,3669512133,,,,,,,,,,,,,,,,,,,,,,,,,,,,,,,,,,,,,,,,,,,,,,,,,,,,,,,,,,,,,,,,,,,,,,,,,,,,,,,,,,,,,,,,,,,,,,,,,,,,,,,,,,,,,,,,,,,,,,,,,,,,,,,,,,,,,,,,,,,,,,,,,,,,,,,,,,1332921,,,,,,,,,,,,,,,,,,,,,,,,,,,,,,,,,638405,,,,,,,,,,,,,,,,,,,,,,,,,,,3981306,,,,,,180166,,,,,8442,,,,,,,,,,,,,,,,,,,,,,,,,,20969,,6501,,,,,,,,11162,,,,,,,,,,,,,,1034,,,,,,,,27435923,,,,,,,,,,,,,,,,,,,70169,,,,,,,,,,,,,192,,,,,,,,,,,,,,,,
1741219200,3/6/2025,,3663911497,,,,,,,,,,,,,,,,,,,,,,,,,,,,,,,,,,,,,,,,,,,,,,,,,,,,,,,,,,,,,,,,,,,,,,,,,,,,,,,,,,,,,,,,,,,,,,,,,,,,,,,,,,,,,,,,,,,,,,,,,,,,,,,,,,,,,,,,,,,,,,,,,,,,,,,,,,1330652,,,,,,,,,,,,,,,,,,,,,,,,,,,,,,,,,222926,,,,,,,,,,,,,,,,,,,,,,,,,,,3979754,,,,,,180166,,,,,8442,,,,,,,,,,,,,,,,,,,,,,,,,,20954,,6501,,,,,,,,11162,,,,,,,,,,,,,,1034,,,,,,,,27406954,,,,,,,,,,,,,,,,,,,70169,,,,,,,,,,,,,193,,,,,,,,,,,,,,,,
1741305600,3/7/2025,,3662295662,,,,,,,,,,,,,,,,,,,,,,,,,,,,,,,,,,,,,,,,,,,,,,,,,,,,,,,,,,,,,,,,,,,,,,,,,,,,,,,,,,,,,,,,,,,,,,,,,,,,,,,,,,,,,,,,,,,,,,,,,,,,,,,,,,,,,,,,,,,,,,,,,,,,,,,,,,1331135,,,,,,,,,,,,,,,,,,,,,,,,,,,,,,,,,225951,,,,,,,,,,,,,,,,,,,,,,,,,,,3979102,,,,,,181174,,,,,8442,,,,,,,,,,,,,,,,,,,,,,,,,,20733,,6501,,,,,,,,11162,,,,,,,,,,,,,,1034,,,,,,,,26611445,,,,,,,,,,,,,,,,,,,70178,,,,,,,,,,,,,194,,,,,,,,,,,,,,,,
1741392000,3/8/2025,,3678927431,,,,,,,,,,,,,,,,,,,,,,,,,,,,,,,,,,,,,,,,,,,,,,,,,,,,,,,,,,,,,,,,,,,,,,,,,,,,,,,,,,,,,,,,,,,,,,,,,,,,,,,,,,,,,,,,,,,,,,,,,,,,,,,,,,,,,,,,,,,,,,,,,,,,,,,,,,1333795,,,,,,,,,,,,,,,,,,,,,,,,,,,,,,,,,196507,,,,,,,,,,,,,,,,,,,,,,,,,,,3969083,,,,,,177961,,,,,8442,,,,,,,,,,,,,,,,,,,,,,,,,,20677,,6501,,,,,,,,11162,,,,,,,,,,,,,,1034,,,,,,,,26613525,,,,,,,,,,,,,,,,,,,70268,,,,,,,,,,,,,194,,,,,,,,,,,,,,,,
1741478400,3/9/2025,,3698711498,,,,,,,,,,,,,,,,,,,,,,,,,,,,,,,,,,,,,,,,,,,,,,,,,,,,,,,,,,,,,,,,,,,,,,,,,,,,,,,,,,,,,,,,,,,,,,,,,,,,,,,,,,,,,,,,,,,,,,,,,,,,,,,,,,,,,,,,,,,,,,,,,,,,,,,,,,1333620,,,,,,,,,,,,,,,,,,,,,,,,,,,,,,,,,202961,,,,,,,,,,,,,,,,,,,,,,,,,,,3963339,,,,,,177961,,,,,8442,,,,,,,,,,,,,,,,,,,,,,,,,,20677,,6501,,,,,,,,11162,,,,,,,,,,,,,,1034,,,,,,,,26662718,,,,,,,,,,,,,,,,,,,70268,,,,,,,,,,,,,194,,,,,,,,,,,,,,,,
1741564800,3/10/2025,,3698179703,,,,,,,,,,,,,,,,,,,,,,,,,,,,,,,,,,,,,,,,,,,,,,,,,,,,,,,,,,,,,,,,,,,,,,,,,,,,,,,,,,,,,,,,,,,,,,,,,,,,,,,,,,,,,,,,,,,,,,,,,,,,,,,,,,,,,,,,,,,,,,,,,,,,,,,,,,1335572,,,,,,,,,,,,,,,,,,,,,,,,,,,,,,,,,209498,,,,,,,,,,,,,,,,,,,,,,,,,,,3884100,,,,,,177961,,,,,8442,,,,,,,,,,,,,,,,,,,,,,,,,,20778,,6501,,,,,,,,11162,,,,,,,,,,,,,,1034,,,,,,,,26638176,,,,,,,,,,,,,,,,,,,70268,,,,,,,,,,,,,194,,,,,,,,,,,,,,,,
1741651200,3/11/2025,,3666059014,,,,,,,,,,,,,,,,,,,,,,,,,,,,,,,,,,,,,,,,,,,,,,,,,,,,,,,,,,,,,,,,,,,,,,,,,,,,,,,,,,,,,,,,,,,,,,,,,,,,,,,,,,,,,,,,,,,,,,,,,,,,,,,,,,,,,,,,,,,,,,,,,,,,,,,,,,1333913,,,,,,,,,,,,,,,,,,,,,,,,,,,,,,,,,209498,,,,,,,,,,,,,,,,,,,,,,,,,,,3819266,,,,,,161771,,,,,8442,,,,,,,,,,,,,,,,,,,,,,,,,,20862,,6501,,,,,,,,11161,,,,,,,,,,,,,,1034,,,,,,,,26889499,,,,,,,,,,,,,,,,,,,70205,,,,,,,,,,,,,194,,,,,,,,,,,,,,,,
1741737600,3/12/2025,,3668220318,,,,,,,,,,,,,,,,,,,,,,,,,,,,,,,,,,,,,,,,,,,,,,,,,,,,,,,,,,,,,,,,,,,,,,,,,,,,,,,,,,,,,,,,,,,,,,,,,,,,,,,,,,,,,,,,,,,,,,,,,,,,,,,,,,,,,,,,,,,,,,,,,,,,,,,,,,1334528,,,,,,,,,,,,,,,,,,,,,,,,,,,,,,,,,198641,,,,,,,,,,,,,,,,,,,,,,,,,,,3807063,,,,,,155177,,,,,8442,,,,,,,,,,,,,,,,,,,,,,,,,,20122,,6501,,,,,,,,11161,,,,,,,,,,,,,,1034,,,,,,,,26851096,,,,,,,,,,,,,,,,,,,70205,,,,,,,,,,,,,193,,,,,,,,,,,,,,,,
1741824000,3/13/2025,,3654537535,,,,,,,,,,,,,,,,,,,,,,,,,,,,,,,,,,,,,,,,,,,,,,,,,,,,,,,,,,,,,,,,,,,,,,,,,,,,,,,,,,,,,,,,,,,,,,,,,,,,,,,,,,,,,,,,,,,,,,,,,,,,,,,,,,,,,,,,,,,,,,,,,,,,,,,,,,1335669,,,,,,,,,,,,,,,,,,,,,,,,,,,,,,,,,198641,,,,,,,,,,,,,,,,,,,,,,,,,,,3399872,,,,,,151388,,,,,8442,,,,,,,,,,,,,,,,,,,,,,,,,,20149,,6501,,,,,,,,11161,,,,,,,,,,,,,,1034,,,,,,,,26752469,,,,,,,,,,,,,,,,,,,70205,,,,,,,,,,,,,193,,,,,,,,,,,,,,,,
1741910400,3/14/2025,,3672756389,,,,,,,,,,,,,,,,,,,,,,,,,,,,,,,,,,,,,,,,,,,,,,,,,,,,,,,,,,,,,,,,,,,,,,,,,,,,,,,,,,,,,,,,,,,,,,,,,,,,,,,,,,,,,,,,,,,,,,,,,,,,,,,,,,,,,,,,,,,,,,,,,,,,,,,,,,1335829,,,,,,,,,,,,,,,,,,,,,,,,,,,,,,,,,198641,,,,,,,,,,,,,,,,,,,,,,,,,,,3395561,,,,,,145522,,,,,8442,,,,,,,,,,,,,,,,,,,,,,,,,,20160,,6501,,,,,,,,11161,,,,,,,,,,,,,,1034,,,,,,,,28432283,,,,,,,,,,,,,,,,,,,84162,,,,,,,,,,,,,193,,,,,,,,,,,,,,,,
1741996800,3/15/2025,,3791854936,,,,,,,,,,,,,,,,,,,,,,,,,,,,,,,,,,,,,,,,,,,,,,,,,,,,,,,,,,,,,,,,,,,,,,,,,,,,,,,,,,,,,,,,,,,,,,,,,,,,,,,,,,,,,,,,,,,,,,,,,,,,,,,,,,,,,,,,,,,,,,,,,,,,,,,,,,1335217,,,,,,,,,,,,,,,,,,,,,,,,,,,,,,,,,198641,,,,,,,,,,,,,,,,,,,,,,,,,,,3393388,,,,,,145522,,,,,8442,,,,,,,,,,,,,,,,,,,,,,,,,,20174,,6501,,,,,,,,11161,,,,,,,,,,,,,,1034,,,,,,,,28433648,,,,,,,,,,,,,,,,,,,84089,,,,,,,,,,,,,193,,,,,,,,,,,,,,,,
1742083200,3/16/2025,,3797995914,,,,,,,,,,,,,,,,,,,,,,,,,,,,,,,,,,,,,,,,,,,,,,,,,,,,,,,,,,,,,,,,,,,,,,,,,,,,,,,,,,,,,,,,,,,,,,,,,,,,,,,,,,,,,,,,,,,,,,,,,,,,,,,,,,,,,,,,,,,,,,,,,,,,,,,,,,1325558,,,,,,,,,,,,,,,,,,,,,,,,,,,,,,,,,198641,,,,,,,,,,,,,,,,,,,,,,,,,,,3390617,,,,,,147804,,,,,8442,,,,,,,,,,,,,,,,,,,,,,,,,,20295,,6501,,,,,,,,11161,,,,,,,,,,,,,,1034,,,,,,,,28459806,,,,,,,,,,,,,,,,,,,118837,,,,,,,,,,,,,193,,,,,,,,,,,,,,,,
1742169600,3/17/2025,,3803889034,,,,,,,,,,,,,,,,,,,,,,,,,,,,,,,,,,,,,,,,,,,,,,,,,,,,,,,,,,,,,,,,,,,,,,,,,,,,,,,,,,,,,,,,,,,,,,,,,,,,,,,,,,,,,,,,,,,,,,,,,,,,,,,,,,,,,,,,,,,,,,,,,,,,,,,,,,1325518,,,,,,,,,,,,,,,,,,,,,,,,,,,,,,,,,198641,,,,,,,,,,,,,,,,,,,,,,,,,,,3390617,,,,,,147804,,,,,8442,,,,,,,,,,,,,,,,,,,,,,,,,,20174,,6501,,,,,,,,11161,,,,,,,,,,,,,,1034,,,,,,,,28538280,,,,,,,,,,,,,,,,,,,153584,,,,,,,,,,,,,193,,,,,,,,,,,,,,,,
1742256000,3/18/2025,,3754923200,,,,,,,,,,,,,,,,,,,,,,,,,,,,,,,,,,,,,,,,,,,,,,,,,,,,,,,,,,,,,,,,,,,,,,,,,,,,,,,,,,,,,,,,,,,,,,,,,,,,,,,,,,,,,,,,,,,,,,,,,,,,,,,,,,,,,,,,,,,,,,,,,,,,,,,,,,1325996,,,,,,,,,,,,,,,,,,,,,,,,,,,,,,,,,198641,,,,,,,,,,,,,,,,,,,,,,,,,,,3389639,,,,,,147804,,,,,8442,,,,,,,,,,,,,,,,,,,,,,,,,,20165,,6501,,,,,,,,11161,,,,,,,,,,,,,,1034,,,,,,,,28717368,,,,,,,,,,,,,,,,,,,154157,,,,,,,,,,,,,194,,,,,,,,,,,,,,,,
1742342400,3/19/2025,,3767081152,,,,,,,,,,,,,,,,,,,,,,,,,,,,,,,,,,,,,,,,,,,,,,,,,,,,,,,,,,,,,,,,,,,,,,,,,,,,,,,,,,,,,,,,,,,,,,,,,,,,,,,,,,,,,,,,,,,,,,,,,,,,,,,,,,,,,,,,,,,,,,,,,,,,,,,,,,1328125,,,,,,,,,,,,,,,,,,,,,,,,,,,,,,,,,198641,,,,,,,,,,,,,,,,,,,,,,,,,,,3389551,,,,,,147804,,,,,8442,,,,,,,,,,,,,,,,,,,,,,,,,,20419,,6501,,,,,,,,11161,,,,,,,,,,,,,,1034,,,,,,,,28644074,,,,,,,,,,,,,,,,,,,154157,,,,,,,,,,,,,194,,,,,,,,,,,,,,,,
1742428800,3/20/2025,,3758581700,,,,,,,,,,,,,,,,,,,,,,,,,,,,,,,,,,,,,,,,,,,,,,,,,,,,,,,,,,,,,,,,,,,,,,,,,,,,,,,,,,,,,,,,,,,,,,,,,,,,,,,,,,,,,,,,,,,,,,,,,,,,,,,,,,,,,,,,,,,,,,,,,,,,,,,,,,1337065,,,,,,,,,,,,,,,,,,,,,,,,,,,,,,,,,198641,,,,,,,,,,,,,,,,,,,,,,,,,,,3771662,,,,,,147804,,,,,8442,,,,,,,,,,,,,,,,,,,,,,,,,,20099,,6501,,,,,,,,11161,,,,,,,,,,,,,,1034,,,,,,,,28535500,,,,,,,,,,,,,,,,,,,482003,,,,,,,,,,,,,193,,,,,,,,,,,,,,,,
1742515200,3/21/2025,,3757020322,,,,,,,,,,,,,,,,,,,,,,,,,,,,,,,,,,,,,,,,,,,,,,,,,,,,,,,,,,,,,,,,,,,,,,,,,,,,,,,,,,,,,,,,,,,,,,,,,,,,,,,,,,,,,,,,,,,,,,,,,,,,,,,,,,,,,,,,,,,,,,,,,,,,,,,,,,1338445,,,,,,,,,,,,,,,,,,,,,,,,,,,,,,,,,198641,,,,,,,,,,,,,,,,,,,,,,,,,,,3812131,,,,,,147804,,,,,8442,,,,,,,,,,,,,,,,,,,,,,,,,,20114,,6501,,,,,,,,11161,,,,,,,,,,,,,,1034,,,,,,,,33041596,,,,,,,,,,,,,,,,,,,133196,,,,,,,,,,,,,193,,,,,,,,,,,,,,,,
1742601600,3/22/2025,,3811408124,,,,,,,,,,,,,,,,,,,,,,,,,,,,,,,,,,,,,,,,,,,,,,,,,,,,,,,,,,,,,,,,,,,,,,,,,,,,,,,,,,,,,,,,,,,,,,,,,,,,,,,,,,,,,,,,,,,,,,,,,,,,,,,,,,,,,,,,,,,,,,,,,,,,,,,,,,1338296,,,,,,,,,,,,,,,,,,,,,,,,,,,,,,,,,198641,,,,,,,,,,,,,,,,,,,,,,,,,,,3811599,,,,,,147804,,,,,8442,,,,,,,,,,,,,,,,,,,,,,,,,,19500,,6501,,,,,,,,11161,,,,,,,,,,,,,,1034,,,,,,,,33635877,,,,,,,,,,,,,,,,,,,271085,,,,,,,,,,,,,193,,,,,,,,,,,,,,,,
1742688000,3/23/2025,,3809590295,,,,,,,,,,,,,,,,,,,,,,,,,,,,,,,,,,,,,,,,,,,,,,,,,,,,,,,,,,,,,,,,,,,,,,,,,,,,,,,,,,,,,,,,,,,,,,,,,,,,,,,,,,,,,,,,,,,,,,,,,,,,,,,,,,,,,,,,,,,,,,,,,,,,,,,,,,1338363,,,,,,,,,,,,,,,,,,,,,,,,,,,,,,,,,198645,,,,,,,,,,,,,,,,,,,,,,,,,,,3794709,,,,,,147804,,,,,8442,,,,,,,,,,,,,,,,,,,,,,,,,,19930,,6501,,,,,,,,11161,,,,,,,,,,,,,,1034,,,,,,,,33666992,,,,,,,,,,,,,,,,,,,271085,,,,,,,,,,,,,193,,,,,,,,,,,,,,,,
1742774400,3/24/2025,,3795752395,,,,,,,,,,,,,,,,,,,,,,,,,,,,,,,,,,,,,,,,,,,,,,,,,,,,,,,,,,,,,,,,,,,,,,,,,,,,,,,,,,,,,,,,,,,,,,,,,,,,,,,,,,,,,,,,,,,,,,,,,,,,,,,,,,,,,,,,,,,,,,,,,,,,,,,,,,1338319,,,,,,,,,,,,,,,,,,,,,,,,,,,,,,,,,198645,,,,,,,,,,,,,,,,,,,,,,,,,,,3794298,,,,,,147804,,,,,8442,,,,,,,,,,,,,,,,,,,,,,,,,,19930,,6501,,,,,,,,11161,,,,,,,,,,,,,,1034,,,,,,,,33604761,,,,,,,,,,,,,,,,,,,271085,,,,,,,,,,,,,193,,,,,,,,,,,,,,,,
1742860800,3/25/2025,,3731541808,,,,,,,,,,,,,,,,,,,,,,,,,,,,,,,,,,,,,,,,,,,,,,,,,,,,,,,,,,,,,,,,,,,,,,,,,,,,,,,,,,,,,,,,,,,,,,,,,,,,,,,,,,,,,,,,,,,,,,,,,,,,,,,,,,,,,,,,,,,,,,,,,,,,,,,,,,1338925,,,,,,,,,,,,,,,,,,,,,,,,,,,,,,,,,198645,,,,,,,,,,,,,,,,,,,,,,,,,,,3793814,,,,,,157220,,,,,8442,,,,,,,,,,,,,,,,,,,,,,,,,,19890,,6501,,,,,,,,11161,,,,,,,,,,,,,,1034,,,,,,,,33573646,,,,,,,,,,,,,,,,,,,273688,,,,,,,,,,,,,193,,,,,,,,,,,,,,,,
1742947200,3/26/2025,,3730814868,,,,,,,,,,,,,,,,,,,,,,,,,,,,,,,,,,,,,,,,,,,,,,,,,,,,,,,,,,,,,,,,,,,,,,,,,,,,,,,,,,,,,,,,,,,,,,,,,,,,,,,,,,,,,,,,,,,,,,,,,,,,,,,,,,,,,,,,,,,,,,,,,,,,,,,,,,1431592,,,,,,,,,,,,,,,,,,,,,,,,,,,,,,,,,198645,,,,,,,,,,,,,,,,,,,,,,,,,,,3793639,,,,,,157220,,,,,8442,,,,,,,,,,,,,,,,,,,,,,,,,,19868,,6501,,,,,,,,11161,,,,,,,,,,,,,,1034,,,,,,,,33362601,,,,,,,,,,,,,,,,,,,273688,,,,,,,,,,,,,193,,,,,,,,,,,,,,,,
1743033600,3/27/2025,,3740273937,,,,,,,,,,,,,,,,,,,,,,,,,,,,,,,,,,,,,,,,,,,,,,,,,,,,,,,,,,,,,,,,,,,,,,,,,,,,,,,,,,,,,,,,,,,,,,,,,,,,,,,,,,,,,,,,,,,,,,,,,,,,,,,,,,,,,,,,,,,,,,,,,,,,,,,,,,1431864,,,,,,,,,,,,,,,,,,,,,,,,,,,,,,,,,198645,,,,,,,,,,,,,,,,,,,,,,,,,,,3791208,,,,,,158638,,,,,8442,,,,,,,,,,,,,,,,,,,,,,,,,,19861,,6501,,,,,,,,11161,,,,,,,,,,,,,,1034,,,,,,,,32886199,,,,,,,,,,,,,,,,,,,273688,,,,,,,,,,,,,193,,,,,,,,,,,,,,,,
1743120000,3/28/2025,,3744963859,,,,,,,,,,,,,,,,,,,,,,,,,,,,,,,,,,,,,,,,,,,,,,,,,,,,,,,,,,,,,,,,,,,,,,,,,,,,,,,,,,,,,,,,,,,,,,,,,,,,,,,,,,,,,,,,,,,,,,,,,,,,,,,,,,,,,,,,,,,,,,,,,,,,,,,,,,1430747,,,,,,,,,,,,,,,,,,,,,,,,,,,,,,,,,198645,,,,,,,,,,,,,,,,,,,,,,,,,,,3787933,,,,,,158638,,,,,8442,,,,,,,,,,,,,,,,,,,,,,,,,,19783,,6501,,,,,,,,11161,,,,,,,,,,,,,,1034,,,,,,,,32947099,,,,,,,,,,,,,,,,,,,271877,,,,,,,,,,,,,193,,,1728150,,,,,,,,,,,,,
1743206400,3/29/2025,,3815676187,,,,,,,,,,,,,,,,,,,,,,,,,,,,,,,,,,,,,,,,,,,,,,,,,,,,,,,,,,,,,,,,,,,,,,,,,,,,,,,,,,,,,,,,,,,,,,,,,,,,,,,,,,,,,,,,,,,,,,,,,,,,,,,,,,,,,,,,,,,,,,,,,,,,,,,,,,1430918,,,,,,,,,,,,,,,,,,,,,,,,,,,,,,,,,198645,,,,,,,,,,,,,,,,,,,,,,,,,,,3785398,,,,,,158638,,,,,8442,,,,,,,,,,,,,,,,,,,,,,,,,,19815,,6501,,,,,,,,11161,,,,,,,,,,,,,,1034,,,,,,,,32910337,,,,,,,,,,,,,,,,,,,271877,,,,,,,,,,,,,193,,,1767520,,,,,,,,,,,,,
1743292800,3/30/2025,,3816602939,,,,,,,,,,,,,,,,,,,,,,,,,,,,,,,,,,,,,,,,,,,,,,,,,,,,,,,,,,,,,,,,,,,,,,,,,,,,,,,,,,,,,,,,,,,,,,,,,,,,,,,,,,,,,,,,,,,,,,,,,,,,,,,,,,,,,,,,,,,,,,,,,,,,,,,,,,1431718,,,,,,,,,,,,,,,,,,,,,,,,,,,,,,,,,198645,,,,,,,,,,,,,,,,,,,,,,,,,,,3789904,,,,,,158638,,,,,8442,,,,,,,,,,,,,,,,,,,,,,,,,,19667,,6501,,,,,,,,11159,,,,,,,,,,,,,,1034,,,,,,,,32879921,,,,,,,,,,,,,,,,,,,271877,,,,,,,,,,,,,194,,,1716310,,,,,,,,,,,,,
1743379200,3/31/2025,,3828307841,,,,,,,,,,,,,,,,,,,,,,,,,,,,,,,,,,,,,,,,,,,,,,,,,,,,,,,,,,,,,,,,,,,,,,,,,,,,,,,,,,,,,,,,,,,,,,,,,,,,,,,,,,,,,,,,,,,,,,,,,,,,,,,,,,,,,,,,,,,,,,,,,,,,,,,,,,1432643,,,,,,,,,,,,,,,,,,,,,,,,,,,,,,,,,198645,,,,,,,,,,,,,,,,,,,,,,,,,,,3802491,,,,,,157238,,,,,8442,,,,,,,,,,,,,,,,,,,,,,,,,,17080,,6501,,,,,,,,11159,,,,,,,,,,,,,,1034,,,,,,,,32910337,,,,,,,,,,,,,,,,,,,272927,,,,,,,,,,,,,194,,,1736410,,,,,,,,,,,,,
1743465600,4/1/2025,,3731245480,,,,,,,,,,,,,,,,,,,,,,,,,,,,,,,,,,,,,,,,,,,,,,,,,,,,,,,,,,,,,,,,,,,,,,,,,,,,,,,,,,,,,,,,,,,,,,,,,,,,,,,,,,,,,,,,,,,,,,,,,,,,,,,,,,,,,,,,,,,,,,,,,,,,,,,,,,1432815,,,,,,,,,,,,,,,,,,,,,,,,,,,,,,,,,198645,,,,,,,,,,,,,,,,,,,,,,,,,,,3797845,,,,,,157939,,,,,8442,,,,,,,,,,,,,,,,,,,,,,,,,,22738,,6501,,,,,,,,11159,,,,,,,,,,,,,,1034,,,,,,,,33403046,,,,,,,,,,,,,,,,,,,377631,,,,,,,,,,,,,194,,,1753570,,,,,,,,,,,,,
1743552000,4/2/2025,,3880573826,,,,,,,,,,,,,,,,,,,,,,,,,,,,,,,,,,,,,,,,,,,,,,,,,,,,,,,,,,,,,,,,,,,,,,,,,,,,,,,,,,,,,,,,,,,,,,,,,,,,,,,,,,,,,,,,,,,,,,,,,,,,,,,,,,,,,,,,,,,,,,,,,,,,,,,,,,1431334,,,,,,,,,,,,,,,,,,,,,,,,,,,,,,,,,198645,,,,,,,,,,,,,,,,,,,,,,,,,,,3700766,,,,,,157939,,,,,8442,,,,,,,,,,,,,,,,,,,,,,,,,,17182,,6501,,,,,,,,11159,,,,,,,,,,,,,,1034,,,,,,,,33421477,,,,,,,,,,,,,,,,,,,377631,,,,,,,,,,,,,193,,,1748180,,,,,,,,,,,,,
1743638400,4/3/2025,,3898890142,,,,,,,,,,,,,,,,,,,,,,,,,,,,,,,,,,,,,,,,,,,,,,,,,,,,,,,,,,,,,,,,,,,,,,,,,,,,,,,,,,,,,,,,,,,,,,,,,,,,,,,,,,,,,,,,,,,,,,,,,,,,,,,,,,,,,,,,,,,,,,,,,,,,,,,,,,1431917,,,,,,,,,,,,,,,,,,,,,,,,,,,,,,,,,198645,,,,,,,,,,,,,,,,,,,,,,,,,,,3670688,,,,,,158703,,,,,8442,,,,,,,,,,,,,,,,,,,,,,,,,,18224,,6501,,,,,,,,11159,,,,,,,,,,,,,,1034,,,,,,,,33902858,,,,,,,,,,,,,,,,,,,277711,,,,,,,,,,,,,198,,,1768820,,,,,,,,,,,,,
1743724800,4/4/2025,,3901795497,,,,,,,,,,,,,,,,,,,,,,,,,,,,,,,,,,,,,,,,,,,,,,,,,,,,,,,,,,,,,,,,,,,,,,,,,,,,,,,,,,,,,,,,,,,,,,,,,,,,,,,,,,,,,,,,,,,,,,,,,,,,,,,,,,,,,,,,,,,,,,,,,,,,,,,,,,1433037,,,,,,,,,,,,,,,,,,,,,,,,,,,,,,,,,198645,,,,,,,,,,,,,,,,,,,,,,,,,,,3719988,,,,,,151564,,,,,8442,,,,,,,,,,,,,,,,,,,,,,,,,,17113,,6501,,,,,,,,11159,,,,,,,,,,,,,,1034,,,,,,,,32824005,,,,,,,,,,,,,,,,,,,274801,,,,,,,,,,,,,201,,,1713600,,,,,,,,,,,,,
1743811200,4/5/2025,,3917056849,,,,,,,,,,,,,,,,,,,,,,,,,,,,,,,,,,,,,,,,,,,,,,,,,,,,,,,,,,,,,,,,,,,,,,,,,,,,,,,,,,,,,,,,,,,,,,,,,,,,,,,,,,,,,,,,,,,,,,,,,,,,,,,,,,,,,,,,,,,,,,,,,,,,,,,,,,1433505,,,,,,,,,,,,,,,,,,,,,,,,,,,,,,,,,198645,,,,,,,,,,,,,,,,,,,,,,,,,,,3494085,,,,,,151567,,,,,8442,,,,,,,,,,,,,,,,,,,,,,,,,,17078,,6501,,,,,,,,11159,,,,,,,,,,,,,,1034,,,,,,,,32800172,,,,,,,,,,,,,,,,,,,527814,,,,,,,,,,,,,198,,,1701370,,,,,,,,,,,,,
1743897600,4/6/2025,,3910025196,,,,,,,,,,,,,,,,,,,,,,,,,,,,,,,,,,,,,,,,,,,,,,,,,,,,,,,,,,,,,,,,,,,,,,,,,,,,,,,,,,,,,,,,,,,,,,,,,,,,,,,,,,,,,,,,,,,,,,,,,,,,,,,,,,,,,,,,,,,,,,,,,,,,,,,,,,1429716,,,,,,,,,,,,,,,,,,,,,,,,,,,,,,,,,198645,,,,,,,,,,,,,,,,,,,,,,,,,,,3477482,,,,,,151567,,,,,8442,,,,,,,,,,,,,,,,,,,,,,,,,,17049,,6501,,,,,,,,11159,,,,,,,,,,,,,,1034,,,,,,,,32860026,,,,,,,,,,,,,,,,,,,527814,,,,,,,,,,,,,198,,,1689473,,,,,,,,,,,,,
1743984000,4/7/2025,,3891178828,,,,,,,,,,,,,,,,,,,,,,,,,,,,,,,,,,,,,,,,,,,,,,,,,,,,,,,,,,,,,,,,,,,,,,,,,,,,,,,,,,,,,,,,,,,,,,,,,,,,,,,,,,,,,,,,,,,,,,,,,,,,,,,,,,,,,,,,,,,,,,,,,,,,,,,,,,1431766,,,,,,,,,,,,,,,,,,,,,,,,,,,,,,,,,198645,,,,,,,,,,,,,,,,,,,,,,,,,,,3487673,,,,,,199002,,,,,8442,,,,,,,,,,,,,,,,,,,,,,,,,,17079,,6501,,,,,,,,11159,,,,,,,,,,,,,,1034,,,,,,,,32650536,,,,,,,,,,,,,,,,,,,528521,,,,,,,,,,,,,201,,,1694703,,,,,,,,,,,,,
1744070400,4/8/2025,,3842072220,,,,,,,,,,,,,,,,,,,,,,,,,,,,,,,,,,,,,,,,,,,,,,,,,,,,,,,,,,,,,,,,,,,,,,,,,,,,,,,,,,,,,,,,,,,,,,,,,,,,,,,,,,,,,,,,,,,,,,,,,,,,,,,,,,,,,,,,,,,,,,,,,,,,,,,,,,1432738,,,,,,,,,,,,,,,,,,,,,,,,,,,,,,,,,173977,,,,,,,,,,,,,,,,,,,,,,,,,,,3486222,,,,,,236316,,,,,5228,,,,,,,,,,,,,,,,,,,,,,,,,,16867,,6501,,,,,,,,11159,,,,,,,,,,,,,,1034,,,,,,,,37328941,,,,,,,,,,,,,,,,,,,527280,,,,,,,,,,,,,199,,,1676253,,,,,,,,,,,,,
1744156800,4/9/2025,,3764665226,,,,,,,,,,,,,,,,,,,,,,,,,,,,,,,,,,,,,,,,,,,,,,,,,,,,,,,,,,,,,,,,,,,,,,,,,,,,,,,,,,,,,,,,,,,,,,,,,,,,,,,,,,,,,,,,,,,,,,,,,,,,,,,,,,,,,,,,,,,,,,,,,,,,,,,,,,1434179,,,,,,,,,,,,,,,,,,,,,,,,,,,,,,,,,178727,,,,,,,,,,,,,,,,,,,,,,,,,,,3482290,,,,,,236316,,,,,5228,,,,,,,,,,,,,,,,,,,,,,,,,,17193,,6501,,,,,,,,11159,,,,,,,,,,,,,,1034,,,,,,,,37535649,,,,,,,,,,,,,,,,,,,567735,,,,,,,,,,,,,203,,,1717946,,,,,,,,,,,,,
1744243200,4/10/2025,,3747520936,,,,,,,,,,,,,,,,,,,,,,,,,,,,,,,,,,,,,,,,,,,,,,,,,,,,,,,,,,,,,,,,,,,,,,,,,,,,,,,,,,,,,,,,,,,,,,,,,,,,,,,,,,,,,,,,,,,,,,,,,,,,,,,,,,,,,,,,,,,,,,,,,,,,,,,,,,1432207,,,,,,,,,,,,,,,,,,,,,,,,,,,,,,,,,193298,,,,,,,,,,,,,,,,,,,,,,,,,,,3479726,,,,,,233425,,,,,5228,,,,,,,,,,,,,,,,,,,,,,,,,,19987,,6501,,,,,,,,11159,,,,,,,,,,,,,,1034,,,,,,,,38357596,,,,,,,,,,,,,,,,,,,570299,,,,,,,,,,,,,203,,,1697204,,,,,,,,,,,,,
1744329600,4/11/2025,,3783494716,,,,,,,,,,,,,,,,,,,,,,,,,,,,,,,,,,,,,,,,,,,,,,,,,,,,,,,,,,,,,,,,,,,,,,,,,,,,,,,,,,,,,,,,,,,,,,,,,,,,,,,,,,,,,,,,,,,,,,,,,,,,,,,,,,,,,,,,,,,,,,,,,,,,,,,,,,1434479,,,,,,,,,,,,,,,,,,,,,,,,,,,,,,,,,193298,,,,,,,,,,,,,,,,,,,,,,,,,,,3467951,,,,,,233428,,,,,5228,,,,,,,,,,,,,,,,,,,,,,,,,,16613,,6501,,,,,,,,11159,,,,,,,,,,,,,,1034,,,,,,,,39639442,,,,,,,,,,,,,,,,,,,575987,,,,,,,,,,,,,207,,,1701662,,,,,,,,,,,,,
1744416000,4/12/2025,,3788612170,,,,,,,,,,,,,,,,,,,,,,,,,,,,,,,,,,,,,,,,,,,,,,,,,,,,,,,,,,,,,,,,,,,,,,,,,,,,,,,,,,,,,,,,,,,,,,,,,,,,,,,,,,,,,,,,,,,,,,,,,,,,,,,,,,,,,,,,,,,,,,,,,,,,,,,,,,1433613,,,,,,,,,,,,,,,,,,,,,,,,,,,,,,,,,193298,,,,,,,,,,,,,,,,,,,,,,,,,,,3467307,,,,,,233428,,,,,5228,,,,,,,,,,,,,,,,,,,,,,,,,,16605,,6501,,,,,,,,11159,,,,,,,,,,,,,,1034,,,,,,,,37966357,,,,,,,,,,,,,,,,,,,468455,,,,,,,,,,,,,209,,,1687916,,,,,,,,,,,,,
1744502400,4/13/2025,,3791586076,,,,,,,,,,,,,,,,,,,,,,,,,,,,,,,,,,,,,,,,,,,,,,,,,,,,,,,,,,,,,,,,,,,,,,,,,,,,,,,,,,,,,,,,,,,,,,,,,,,,,,,,,,,,,,,,,,,,,,,,,,,,,,,,,,,,,,,,,,,,,,,,,,,,,,,,,,1434772,,,,,,,,,,,,,,,,,,,,,,,,,,,,,,,,,193298,,,,,,,,,,,,,,,,,,,,,,,,,,,3467307,,,,,,233428,,,,,5228,,,,,,,,,,,,,,,,,,,,,,,,,,16613,,6501,,,,,,,,11159,,,,,,,,,,,,,,1034,,,,,,,,37966357,,,,,,,,,,,,,,,,,,,467782,,,,,,,,,,,,,209,,,1694439,,,,,,,,,,,,,
1744588800,4/14/2025,,3773350963,,,,,,,,,,,,,,,,,,,,,,,,,,,,,,,,,,,,,,,,,,,,,,,,,,,,,,,,,,,,,,,,,,,,,,,,,,,,,,,,,,,,,,,,,,,,,,,,,,,,,,,,,,,,,,,,,,,,,,,,,,,,,,,,,,,,,,,,,,,,,,,,,,,,,,,,,,1434919,,,,,,,,,,,,,,,,,,,,,,,,,,,,,,,,,193298,,,,,,,,,,,,,,,,,,,,,,,,,,,3466165,,,,,,233428,,,,,5228,,,,,,,,,,,,,,,,,,,,,,,,,,16613,,6501,,,,,,,,11159,,,,,,,,,,,,,,1034,,,,,,,,37966357,,,,,,,,,,,,,,,,,,,472920,,,,,,,,,,,,,209,,,1728072,,,,,,,,,,,,,
1744675200,4/15/2025,,3756095049,,,,,,,,,,,,,,,,,,,,,,,,,,,,,,,,,,,,,,,,,,,,,,,,,,,,,,,,,,,,,,,,,,,,,,,,,,,,,,,,,,,,,,,,,,,,,,,,,,,,,,,,,,,,,,,,,,,,,,,,,,,,,,,,,,,,,,,,,,,,,,,,,,,,,,,,,,1437676,,,,,,,,,,,,,,,,,,,,,,,,,,,,,,,,,193298,,,,,,,,,,,,,,,,,,,,,,,,,,,3465117,,,,,,233428,,,,,5228,,,,,,,,,,,,,,,,,,,,,,,,,,16613,,6501,,,,,,,,11159,,,,,,,,,,,,,,1034,,,,,,,,40359687,,,,,,,,,,,,,,,,,,,468005,,,,,,,,,,,,,209,,,1720687,,,,,,,,,,,,,
1744761600,4/16/2025,,3754038014,,,,,,,,,,,,,,,,,,,,,,,,,,,,,,,,,,,,,,,,,,,,,,,,,,,,,,,,,,,,,,,,,,,,,,,,,,,,,,,,,,,,,,,,,,,,,,,,,,,,,,,,,,,,,,,,,,,,,,,,,,,,,,,,,,,,,,,,,,,,,,,,,,,,,,,,,,1438412,,,,,,,,,,,,,,,,,,,,,,,,,,,,,,,,,193298,,,,,,,,,,,,,,,,,,,,,,,,,,,3460810,,,,,,233428,,,,,5228,,,,,,,,,,,,,,,,,,,,,,,,,,16323,,6501,,,,,,,,11159,,,,,,,,,,,,,,1034,,,,,,,,42988523,,,,,,,,,,,,,,,,,,,467438,,,,,,,,,,,,,209,,,1732517,,,,,,,,,,,,,
1744848000,4/17/2025,,3736000515,,,,,,,,,,,,,,,,,,,,,,,,,,,,,,,,,,,,,,,,,,,,,,,,,,,,,,,,,,,,,,,,,,,,,,,,,,,,,,,,,,,,,,,,,,,,,,,,,,,,,,,,,,,,,,,,,,,,,,,,,,,,,,,,,,,,,,,,,,,,,,,,,,,,,,,,,,1437546,,,,,,,,,,,,,,,,,,,,,,,,,,,,,,,,,193298,,,,,,,,,,,,,,,,,,,,,,,,,,,3450645,,,,,,233428,,,,,5228,,,,,,,,,,,,,,,,,,,,,,,,,,16272,,6501,,,,,,,,11159,,,,,,,,,,,,,,1034,,,,,,,,42759728,,,,,,,,,,,,,,,,,,,470081,,,,,,,,,,,,,209,,,1713854,,,,,,,,,,,,,
1744934400,4/18/2025,,3754016676,,,,,,,,,,,,,,,,,,,,,,,,,,,,,,,,,,,,,,,,,,,,,,,,,,,,,,,,,,,,,,,,,,,,,,,,,,,,,,,,,,,,,,,,,,,,,,,,,,,,,,,,,,,,,,,,,,,,,,,,,,,,,,,,,,,,,,,,,,,,,,,,,,,,,,,,,,1438072,,,,,,,,,,,,,,,,,,,,,,,,,,,,,,,,,193298,,,,,,,,,,,,,,,,,,,,,,,,,,,3450645,,,,,,233428,,,,,5228,,,,,,,,,,,,,,,,,,,,,,,,,,15908,,6501,,,,,,,,11159,,,,,,,,,,,,,,1034,,,,,,,,43899730,,,,,,,,,,,,,,,,,,,468883,,,,,,,,,,,,,209,,,1711954,,,,,,,,,,,,,
1745020800,4/19/2025,,3753169782,,,,,,,,,,,,,,,,,,,,,,,,,,,,,,,,,,,,,,,,,,,,,,,,,,,,,,,,,,,,,,,,,,,,,,,,,,,,,,,,,,,,,,,,,,,,,,,,,,,,,,,,,,,,,,,,,,,,,,,,,,,,,,,,,,,,,,,,,,,,,,,,,,,,,,,,,,1438072,,,,,,,,,,,,,,,,,,,,,,,,,,,,,,,,,193298,,,,,,,,,,,,,,,,,,,,,,,,,,,2985986,,,,,,233428,,,,,5228,,,,,,,,,,,,,,,,,,,,,,,,,,15783,,6354,,,,,,,,11159,,,,,,,,,,,,,,1034,,,,,,,,43899730,,,,,,,,,,,,,,,,,,,468760,,,,,,,,,,,,,209,,,1725518,,,,,,,,,,,,,
1745107200,4/20/2025,,3756962456,,,,,,,,,,,,,,,,,,,,,,,,,,,,,,,,,,,,,,,,,,,,,,,,,,,,,,,,,,,,,,,,,,,,,,,,,,,,,,,,,,,,,,,,,,,,,,,,,,,,,,,,,,,,,,,,,,,,,,,,,,,,,,,,,,,,,,,,,,,,,,,,,,,,,,,,,,1439251,,,,,,,,,,,,,,,,,,,,,,,,,,,,,,,,,193298,,,,,,,,,,,,,,,,,,,,,,,,,,,2974977,,,,,,233428,,,,,5228,,,,,,,,,,,,,,,,,,,,,,,,,,15205,,6354,,,,,,,,11159,,,,,,,,,,,,,,1034,,,,,,,,43899730,,,,,,,,,,,,,,,,,,,469021,,,,,,,,,,,,,209,,,1835290,,,,,,,,,,,,,
1745193600,4/21/2025,,3756621950,,,,,,,,,,,,,,,,,,,,,,,,,,,,,,,,,,,,,,,,,,,,,,,,,,,,,,,,,,,,,,,,,,,,,,,,,,,,,,,,,,,,,,,,,,,,,,,,,,,,,,,,,,,,,,,,,,,,,,,,,,,,,,,,,,,,,,,,,,,,,,,,,,,,,,,,,,1433812,,,,,,,,,,,,,,,,,,,,,,,,,,,,,,,,,193298,,,,,,,,,,,,,,,,,,,,,,,,,,,2974977,,,,,,233428,,,,,5228,,,,,,,,,,,,,,,,,,,,,,,,,,15205,,6354,,,,,,,,11159,,,,,,,,,,,,,,1034,,,,,,,,44284816,,,,,,,,,,,,,,,,,,,471080,,,,,,,,,,,,,209,,,1782652,,,,,,,,,,,,,
1745280000,4/22/2025,,3761493294,,,,,,,,,,,,,,,,,,,,,,,,,,,,,,,,,,,,,,,,,,,,,,,,,,,,,,,,,,,,,,,,,,,,,,,,,,,,,,,,,,,,,,,,,,,,,,,,,,,,,,,,,,,,,,,,,,,,,,,,,,,,,,,,,,,,,,,,,,,,,,,,,,,,,,,,,,1440984,,,,,,,,,,,,,,,,,,,,,,,,,,,,,,,,,193298,,,,,,,,,,,,,,,,,,,,,,,,,,,2974623,,,,,,224264,,,,,5228,,,,,,,,,,,,,,,,,,,,,,,,,,15124,,6354,,,,,,,,11159,,,,,,,,,,,,,,1034,,,,,,,,43514656,,,,,,,,,,,,,,,,,,,470951,,,,,,,,,,,,,210,,,1803414,,,,,,,,,,,,,
1745366400,4/23/2025,,3766510356,,,,,,,,,,,,,,,,,,,,,,,,,,,,,,,,,,,,,,,,,,,,,,,,,,,,,,,,,,,,,,,,,,,,,,,,,,,,,,,,,,,,,,,,,,,,,,,,,,,,,,,,,,,,,,,,,,,,,,,,,,,,,,,,,,,,,,,,,,,,,,,,,,,,,,,,,,1446890,,,,,,,,,,,,,,,,,,,,,,,,,,,,,,,,,193298,,,,,,,,,,,,,,,,,,,,,,,,,,,2965387,,,,,,224264,,,,,5228,,,,,,,,,,,,,,,,,,,,,,,,,,15220,,6354,,,,,,,,11159,,,,,,,,,,,,,,1034,,,,,,,,43514781,,,,,,,,,,,,,,,,,,,411262,,,,,,,,,,,,,210,,,1805813,,,,,,,,,,,,,
1745452800,4/24/2025,,3768352384,,,,,,,,,,,,,,,,,,,,,,,,,,,,,,,,,,,,,,,,,,,,,,,,,,,,,,,,,,,,,,,,,,,,,,,,,,,,,,,,,,,,,,,,,,,,,,,,,,,,,,,,,,,,,,,,,,,,,,,,,,,,,,,,,,,,,,,,,,,,,,,,,,,,,,,,,,1439839,,,,,,,,,,,,,,,,,,,,,,,,,,,,,,,,,193298,,,,,,,,,,,,,,,,,,,,,,,,,,,2966168,,,,,,224264,,,,,5228,,,,,,,,,,,,,,,,,,,,,,,,,,15996,,6354,,,,,,,,11159,,,,,,,,,,,,,,1034,,,,,,,,43883696,,,,,,,,,,,,,,,,,,,410101,,,,,,,,,,,,,210,,,1774621,,,,,,,,,,,,,
1745539200,4/25/2025,,3741079927,,,,,,,,,,,,,,,,,,,,,,,,,,,,,,,,,,,,,,,,,,,,,,,,,,,,,,,,,,,,,,,,,,,,,,,,,,,,,,,,,,,,,,,,,,,,,,,,,,,,,,,,,,,,,,,,,,,,,,,,,,,,,,,,,,,,,,,,,,,,,,,,,,,,,,,,,,1471240,,,,,,,,,,,,,,,,,,,,,,,,,,,,,,,,,193298,,,,,,,,,,,,,,,,,,,,,,,,,,,3058439,,,,,,224264,,,,,5228,,,,,,,,,,,,,,,,,,,,,,,,,,16035,,6354,,,,,,,,11159,,,,,,,,,,,,,,1034,,,,,,,,43883719,,,,,,,,,,,,,,,,,,,410750,,,,,,,,,,,,,210,,,1768315,,,,,,,,,,,,,
1745625600,4/26/2025,,3739037698,,,,,,,,,,,,,,,,,,,,,,,,,,,,,,,,,,,,,,,,,,,,,,,,,,,,,,,,,,,,,,,,,,,,,,,,,,,,,,,,,,,,,,,,,,,,,,,,,,,,,,,,,,,,,,,,,,,,,,,,,,,,,,,,,,,,,,,,,,,,,,,,,,,,,,,,,,1477264,,,,,,,,,,,,,,,,,,,,,,,,,,,,,,,,,193298,,,,,,,,,,,,,,,,,,,,,,,,,,,3058210,,,,,,224264,,,,,5228,,,,,,,,,,,,,,,,,,,,,,,,,,16003,,6354,,,,,,,,11159,,,,,,,,,,,,,,1034,,,,,,,,44564635,,,,,,,,,,,,,,,,,,,411370,,,,,,,,,,,,,210,,,1780138,,,,,,,,,,,,,
1745712000,4/27/2025,,3741834309,,,,,,,,,,,,,,,,,,,,,,,,,,,,,,,,,,,,,,,,,,,,,,,,,,,,,,,,,,,,,,,,,,,,,,,,,,,,,,,,,,,,,,,,,,,,,,,,,,,,,,,,,,,,,,,,,,,,,,,,,,,,,,,,,,,,,,,,,,,,,,,,,,,,,,,,,,1466676,,,,,,,,,,,,,,,,,,,,,,,,,,,,,,,,,193298,,,,,,,,,,,,,,,,,,,,,,,,,,,3084382,,,,,,224286,,,,,5228,,,,,,,,,,,,,,,,,,,,,,,,,,16019,,6354,,,,,,,,11159,,,,,,,,,,,,,,1034,,,,,,,,44564635,,,,,,,,,,,,,,,,,,,411306,,,,,,,,,,,,,210,,,1782317,,,,,,,,,,,,,
1745798400,4/28/2025,,3746815323,,,,,,,,,,,,,,,,,,,,,,,,,,,,,,,,,,,,,,,,,,,,,,,,,,,,,,,,,,,,,,,,,,,,,,,,,,,,,,,,,,,,,,,,,,,,,,,,,,,,,,,,,,,,,,,,,,,,,,,,,,,,,,,,,,,,,,,,,,,,,,,,,,,,,,,,,,1468753,,,,,,,,,,,,,,,,,,,,,,,,,,,,,,,,,193298,,,,,,,,,,,,,,,,,,,,,,,,,,,3088987,,,,,,224286,,,,,5228,,,,,,,,,,,,,,,,,,,,,,,,,,25445,,6354,,,,,,,,11159,,,,,,,,,,,,,,1034,,,,,,,,44564635,,,,,,,,,,,,,,,,,,,410663,,,,,,,,,,,,,206,,,1801274,,,,,,,,,,,,,
1745884800,4/29/2025,,3754159731,,,,,,,,,,,,,,,,,,,,,,,,,,,,,,,,,,,,,,,,,,,,,,,,,,,,,,,,,,,,,,,,,,,,,,,,,,,,,,,,,,,,,,,,,,,,,,,,,,,,,,,,,,,,,,,,,,,,,,,,,,,,,,,,,,,,,,,,,,,,,,,,,,,,,,,,,,1472907,,,,,,,,,,,,,,,,,,,,,,,,,,,,,,,,,193298,,,,,,,,,,,,,,,,,,,,,,,,,,,3112465,,,,,,224896,,,,,5228,,,,,,,,,,,,,,,,,,,,,,,,,,16003,,6354,,,,,,,,11159,,,,,,,,,,,,,,1034,,,,,,,,44387408,,,,,,,,,,,,,,,,,,,411688,,,,,,,,,,,,,206,,,1811771,,,,,,,,,,,,,
1745971200,4/30/2025,,3741130980,,,,,,,,,,,,,,,,,,,,,,,,,,,,,,,,,,,,,,,,,,,,,,,,,,,,,,,,,,,,,,,,,,,,,,,,,,,,,,,,,,,,,,,,,,,,,,,,,,,,,,,,,,,,,,,,,,,,,,,,,,,,,,,,,,,,,,,,,,,,,,,,,,,,,,,,,,1474607,,,,,,,,,,,,,,,,,,,,,,,,,,,,,,,,,193298,,,,,,,,,,,,,,,,,,,,,,,,,,,3112709,,,,,,224896,,,,,5228,,,,,,,,,,,,,,,,,,,,,,,,,,16051,,6354,,,,,,,,11159,,,,,,,,,,,,,,1034,,,,,,,,43895967,,,,,,,,,,,,,,,,,,,355679,,,,,,,,,,,,,206,,,1777127,,,,,,,,,,,,,
1746057600,5/1/2025,,3708856638,,,,,,,,,,,,,,,,,,,,,,,,,,,,,,,,,,,,,,,,,,,,,,,,,,,,,,,,,,,,,,,,,,,,,,,,,,,,,,,,,,,,,,,,,,,,,,,,,,,,,,,,,,,,,,,,,,,,,,,,,,,,,,,,,,,,,,,,,,,,,,,,,,,,,,,,,,1472740,,,,,,,,,,,,,,,,,,,,,,,,,,,,,,,,,193298,,,,,,,,,,,,,,,,,,,,,,,,,,,3126163,,,,,,224896,,,,,5228,,,,,,,,,,,,,,,,,,,,,,,,,,15988,,6354,,,,,,,,11159,,,,,,,,,,,,,,1034,,,,,,,,43895978,,,,,,,,,,,,,,,,,,,296407,,,,,,,,,,,,,206,,,1779457,,,,,,,,,,,,,
1746144000,5/2/2025,,3707655504,,,,,,,,,,,,,,,,,,,,,,,,,,,,,,,,,,,,,,,,,,,,,,,,,,,,,,,,,,,,,,,,,,,,,,,,,,,,,,,,,,,,,,,,,,,,,,,,,,,,,,,,,,,,,,,,,,,,,,,,,,,,,,,,,,,,,,,,,,,,,,,,,,,,,,,,,,1474907,,,,,,,,,,,,,,,,,,,,,,,,,,,,,,,,,193298,,,,,,,,,,,,,,,,,,,,,,,,,,,3126002,,,,,,224896,,,,,5228,,,,,,,,,,,,,,,,,,,,,,,,,,15856,,6354,,,,,,,,11159,,,,,,,,,,,,,,1034,,,,,,,,43895978,,,,,,,,,,,,,,,,,,,478807,,,,,,,,,,,,,206,,,1821200,,,,,,,,,,,,,
1746230400,5/3/2025,,3731590433,,,,,,,,,,,,,,,,,,,,,,,,,,,,,,,,,,,,,,,,,,,,,,,,,,,,,,,,,,,,,,,,,,,,,,,,,,,,,,,,,,,,,,,,,,,,,,,,,,,,,,,,,,,,,,,,,,,,,,,,,,,,,,,,,,,,,,,,,,,,,,,,,,,,,,,,,,1473410,,,,,,,,,,,,,,,,,,,,,,,,,,,,,,,,,193298,,,,,,,,,,,,,,,,,,,,,,,,,,,3139603,,,,,,224896,,,,,5228,,,,,,,,,,,,,,,,,,,,,,,,,,15890,,6354,,,,,,,,11159,,,,,,,,,,,,,,1034,,,,,,,,44776135,,,,,,,,,,,,,,,,,,,312178,,,,,,,,,,,,,206,,,1805148,,,,,,,,,,,,,
1746316800,5/4/2025,,3737359892,,,,,,,,,,,,,,,,,,,,,,,,,,,,,,,,,,,,,,,,,,,,,,,,,,,,,,,,,,,,,,,,,,,,,,,,,,,,,,,,,,,,,,,,,,,,,,,,,,,,,,,,,,,,,,,,,,,,,,,,,,,,,,,,,,,,,,,,,,,,,,,,,,,,,,,,,,1472053,,,,,,,,,,,,,,,,,,,,,,,,,,,,,,,,,193298,,,,,,,,,,,,,,,,,,,,,,,,,,,3139603,,,,,,224874,,,,,5228,,,,,,,,,,,,,,,,,,,,,,,,,,16003,,6354,,,,,,,,11159,,,,,,,,,,,,,,1034,,,,,,,,44776135,,,,,,,,,,,,,,,,,,,312494,,,,,,,,,,,,,206,,,1769571,,,,,,,,,,,,,
1746403200,5/5/2025,,3739078176,,,,,,,,,,,,,,,,,,,,,,,,,,,,,,,,,,,,,,,,,,,,,,,,,,,,,,,,,,,,,,,,,,,,,,,,,,,,,,,,,,,,,,,,,,,,,,,,,,,,,,,,,,,,,,,,,,,,,,,,,,,,,,,,,,,,,,,,,,,,,,,,,,,,,,,,,,1486258,,,,,,,,,,,,,,,,,,,,,,,,,,,,,,,,,193298,,,,,,,,,,,,,,,,,,,,,,,,,,,3138924,,,,,,224376,,,,,5228,,,,,,,,,,,,,,,,,,,,,,,,,,16003,,6354,,,,,,,,11159,,,,,,,,,,,,,,1034,,,,,,,,45227253,,,,,,,,,,,,,,,,,,,312499,,,,,,,,,,,,,207,,,1783317,,,,,,,,,,,,,
1746489600,5/6/2025,,3763444915,,,,,,,,,,,,,,,,,,,,,,,,,,,,,,,,,,,,,,,,,,,,,,,,,,,,,,,,,,,,,,,,,,,,,,,,,,,,,,,,,,,,,,,,,,,,,,,,,,,,,,,,,,,,,,,,,,,,,,,,,,,,,,,,,,,,,,,,,,,,,,,,,,,,,,,,,,1492022,,,,,,,,,,,,,,,,,,,,,,,,,,,,,,,,,201349,,,,,,,,,,,,,,,,,,,,,,,,,,,3138738,,,,,,225219,,,,,5228,,,,,,,,,,,,,,,,,,,,,,,,,,16051,,6354,,,,,,,,11159,,,,,,,,,,,,,,1034,,,,,,,,44752245,,,,,,,,,,,,,,,,,,,312557,,,,,,,,,,,,,207,,,1780649,,,,,,,,,,,,,
1746576000,5/7/2025,,3754016169,,,,,,,,,,,,,,,,,,,,,,,,,,,,,,,,,,,,,,,,,,,,,,,,,,,,,,,,,,,,,,,,,,,,,,,,,,,,,,,,,,,,,,,,,,,,,,,,,,,,,,,,,,,,,,,,,,,,,,,,,,,,,,,,,,,,,,,,,,,,,,,,,,,,,,,,,,1489196,,,,,,,,,,,,,,,,,,,,,,,,,,,,,,,,,201349,,,,,,,,,,,,,,,,,,,,,,,,,,,3138935,,,,,,224293,,,,,5228,,,,,,,,,,,,,,,,,,,,,,,,,,15968,,6354,,,,,,,,11159,,,,,,,,,,,,,,1034,,,,,,,,44226862,,,,,,,,,,,,,,,,,,,257914,,,,,,,,,,,,,207,,,1785206,,,,,,,,,,,,,
1746662400,5/8/2025,,3766725176,,,,,,,,,,,,,,,,,,,,,,,,,,,,,,,,,,,,,,,,,,,,,,,,,,,,,,,,,,,,,,,,,,,,,,,,,,,,,,,,,,,,,,,,,,,,,,,,,,,,,,,,,,,,,,,,,,,,,,,,,,,,,,,,,,,,,,,,,,,,,,,,,,,,,,,,,,1490837,,,,,,,,,,,,,,,,,,,,,,,,,,,,,,,,,201349,,,,,,,,,,,,,,,,,,,,,,,,,,,3142214,,,,,,224293,,,,,5228,,,,,,,,,,,,,,,,,,,,,,,,,,16023,,6354,,,,,,,,11159,,,,,,,,,,,,,,1034,,,,,,,,43834690,,,,,,,,,,,,,,,,,,,255733,,,,,,,,,,,,,207,,,1797067,,,,,,,,,,,,,
1746748800,5/9/2025,,3762537261,,,,,,,,,,,,,,,,,,,,,,,,,,,,,,,,,,,,,,,,,,,,,,,,,,,,,,,,,,,,,,,,,,,,,,,,,,,,,,,,,,,,,,,,,,,,,,,,,,,,,,,,,,,,,,,,,,,,,,,,,,,,,,,,,,,,,,,,,,,,,,,,,,,,,,,,,,1489499,,,,,,,,,,,,,,,,,,,,,,,,,,,,,,,,,207373,,,,,,,,,,,,,,,,,,,,,,,,,,,3142214,,,,,,224293,,,,,5228,,,,,,,,,,,,,,,,,,,,,,,,,,15999,,6354,,,,,,,,11159,,,,,,,,,,,,,,1034,,,,,,,,46171824,,,,,,,,,,,,,,,,,,,456853,,,,,,,,,,,,,205,,,1772975,,,,,,,,,,,,,
1746835200,5/10/2025,,3751786347,,,,,,,,,,,,,,,,,,,,,,,,,,,,,,,,,,,,,,,,,,,,,,,,,,,,,,,,,,,,,,,,,,,,,,,,,,,,,,,,,,,,,,,,,,,,,,,,,,,,,,,,,,,,,,,,,,,,,,,,,,,,,,,,,,,,,,,,,,,,,,,,,,,,,,,,,,1489651,,,,,,,,,,,,,,,,,,,,,,,,,,,,,,,,,207373,,,,,,,,,,,,,,,,,,,,,,,,,,,3235261,,,,,,224822,,,,,5228,,,,,,,,,,,,,,,,,,,,,,,,,,16076,,6354,,,,,,,,11159,,,,,,,,,,,,,,1034,,,,,,,,45942782,,,,,,,,,,,,,,,,,,,456312,,,,,,,,,,,,,205,,,1776085,,,,,,,,,,,,,
1746921600,5/11/2025,,3761382869,,,,,,,,,,,,,,,,,,,,,,,,,,,,,,,,,,,,,,,,,,,,,,,,,,,,,,,,,,,,,,,,,,,,,,,,,,,,,,,,,,,,,,,,,,,,,,,,,,,,,,,,,,,,,,,,,,,,,,,,,,,,,,,,,,,,,,,,,,,,,,,,,,,,,,,,,,1489803,,,,,,,,,,,,,,,,,,,,,,,,,,,,,,,,,217388,,,,,,,,,,,,,,,,,,,,,,,,,,,3238841,,,,,,225222,,,,,5228,,,,,,,,,,,,,,,,,,,,,,,,,,16051,,6354,,,,,,,,11159,,,,,,,,,,,,,,1034,,,,,,,,45536208,,,,,,,,,,,,,,,,,,,456441,,,,,,,,,,,,,205,,,1775577,,,,,,,,,,,,,
1747008000,5/12/2025,,3753882696,,,,,,,,,,,,,,,,,,,,,,,,,,,,,,,,,,,,,,,,,,,,,,,,,,,,,,,,,,,,,,,,,,,,,,,,,,,,,,,,,,,,,,,,,,,,,,,,,,,,,,,,,,,,,,,,,,,,,,,,,,,,,,,,,,,,,,,,,,,,,,,,,,,,,,,,,,1489032,,,,,,,,,,,,,,,,,,,,,,,,,,,,,,,,,217388,,,,,,,,,,,,,,,,,,,,,,,,,,,3245191,,,,,,225244,,,,,5228,,,,,,,,,,,,,,,,,,,,,,,,,,16092,,6354,,,,,,,,11159,,,,,,,,,,,,,,1034,,,,,,,,42909635,,,,,,,,,,,,,,,,,,,454095,,,,,,,,,,,,,205,,,1779517,,,,,,,,,,,,,
1747094400,5/13/2025,,3737768877,,,,,,,,,,,,,,,,,,,,,,,,,,,,,,,,,,,,,,,,,,,,,,,,,,,,,,,,,,,,,,,,,,,,,,,,,,,,,,,,,,,,,,,,,,,,,,,,,,,,,,,,,,,,,,,,,,,,,,,,,,,,,,,,,,,,,,,,,,,,,,,,,,,,,,,,,,1490106,,,,,,,,,,,,,,,,,,,,,,,,,,,,,,,,,217388,,,,,,,,,,,,,,,,,,,,,,,,,,,3244909,,,,,,225244,,,,,5228,,,,,,,,,,,,,,,,,,,,,,,,,,16040,,6354,,,,,,,,11159,,,,,,,,,,,,,,1034,,,,,,,,42813410,,,,,,,,,,,,,,,,,,,633362,,,,,,,,,,,,,203,,,1773152,,,,,,,,,,,,,
1747180800,5/14/2025,,3717868220,,,,,,,,,,,,,,,,,,,,,,,,,,,,,,,,,,,,,,,,,,,,,,,,,,,,,,,,,,,,,,,,,,,,,,,,,,,,,,,,,,,,,,,,,,,,,,,,,,,,,,,,,,,,,,,,,,,,,,,,,,,,,,,,,,,,,,,,,,,,,,,,,,,,,,,,,,1489997,,,,,,,,,,,,,,,,,,,,,,,,,,,,,,,,,217388,,,,,,,,,,,,,,,,,,,,,,,,,,,3244909,,,,,,225244,,,,,5228,,,,,,,,,,,,,,,,,,,,,,,,,,15781,,6354,,,,,,,,11159,,,,,,,,,,,,,,1034,,,,,,,,42812074,,,,,,,,,,,,,,,,,,,597553,,,,,,,,,,,,,203,,,1742779,,,,,,,,,,,,,
1747267200,5/15/2025,,3717807774,,,,,,,,,,,,,,,,,,,,,,,,,,,,,,,,,,,,,,,,,,,,,,,,,,,,,,,,,,,,,,,,,,,,,,,,,,,,,,,,,,,,,,,,,,,,,,,,,,,,,,,,,,,,,,,,,,,,,,,,,,,,,,,,,,,,,,,,,,,,,,,,,,,,,,,,,,1252578,,,,,,,,,,,,,,,,,,,,,,,,,,,,,,,,,217388,,,,,,,,,,,,,,,,,,,,,,,,,,,3244909,,,,,,227191,,,,,5228,,,,,,,,,,,,,,,,,,,,,,,,,,15796,,6354,,,,,,,,11159,,,,,,,,,,,,,,1034,,,,,,,,43842840,,,,,,,,,,,,,,,,,,,596970,,,,,,,,,,,,,203,,,1737110,,,,,,,,,,,,,
1747353600,5/16/2025,,3724459135,,,,,,,,,,,,,,,,,,,,,,,,,,,,,,,,,,,,,,,,,,,,,,,,,,,,,,,,,,,,,,,,,,,,,,,,,,,,,,,,,,,,,,,,,,,,,,,,,,,,,,,,,,,,,,,,,,,,,,,,,,,,,,,,,,,,,,,,,,,,,,,,,,,,,,,,,,1255090,,,,,,,,,,,,,,,,,,,,,,,,,,,,,,,,,148148,,,,,,,,,,,,,,,,,,,,,,,,,,,3211530,,,,,,227407,,,,,5228,,,,,,,,,,,,,,,,,,,,,,,,,,15790,,6354,,,,,,,,11159,,,,,,,,,,,,,,1034,,,,,,,,44015540,,,,,,,,,,,,,,,,,,,597534,,,,,,,,,,,,,203,,,1752060,,,,,,,,,,,,,
1747440000,5/17/2025,,3719944688,,,,,,,,,,,,,,,,,,,,,,,,,,,,,,,,,,,,,,,,,,,,,,,,,,,,,,,,,,,,,,,,,,,,,,,,,,,,,,,,,,,,,,,,,,,,,,,,,,,,,,,,,,,,,,,,,,,,,,,,,,,,,,,,,,,,,,,,,,,,,,,,,,,,,,,,,,1255387,,,,,,,,,,,,,,,,,,,,,,,,,,,,,,,,,148148,,,,,,,,,,,,,,,,,,,,,,,,,,,3202096,,,,,,227407,,,,,5228,,,,,,,,,,,,,,,,,,,,,,,,,,15722,,6354,,,,,,,,11159,,,,,,,,,,,,,,1034,,,,,,,,44717521,,,,,,,,,,,,,,,,,,,596999,,,,,,,,,,,,,203,,,1745969,,,,,,,,,,,,,
1747526400,5/18/2025,,3714608051,,,,,,,,,,,,,,,,,,,,,,,,,,,,,,,,,,,,,,,,,,,,,,,,,,,,,,,,,,,,,,,,,,,,,,,,,,,,,,,,,,,,,,,,,,,,,,,,,,,,,,,,,,,,,,,,,,,,,,,,,,,,,,,,,,,,,,,,,,,,,,,,,,,,,,,,,,1255151,,,,,,,,,,,,,,,,,,,,,,,,,,,,,,,,,148148,,,,,,,,,,,,,,,,,,,,,,,,,,,3203581,,,,,,227407,,,,,5228,,,,,,,,,,,,,,,,,,,,,,,,,,17464,,6354,,,,,,,,11159,,,,,,,,,,,,,,1034,,,,,,,,44397858,,,,,,,,,,,,,,,,,,,597487,,,,,,,,,,,,,203,,,1748292,,,,,,,,,,,,,
1747612800,5/19/2025,,3693552483,,,,,,,,,,,,,,,,,,,,,,,,,,,,,,,,,,,,,,,,,,,,,,,,,,,,,,,,,,,,,,,,,,,,,,,,,,,,,,,,,,,,,,,,,,,,,,,,,,,,,,,,,,,,,,,,,,,,,,,,,,,,,,,,,,,,,,,,,,,,,,,,,,,,,,,,,,1254133,,,,,,,,,,,,,,,,,,,,,,,,,,,,,,,,,148148,,,,,,,,,,,,,,,,,,,,,,,,,,,3218023,,,,,,227407,,,,,5228,,,,,,,,,,,,,,,,,,,,,,,,,,14954,,6354,,,,,,,,11159,,,,,,,,,,,,,,1034,,,,,,,,42112411,,,,,,,,,,,,,,,,,,,597011,,,,,,,,,,,,,205,,,1763063,,,,,,,,,,,,,
1747699200,5/20/2025,,3721918855,,,,,,,,,,,,,,,,,,,,,,,,,,,,,,,,,,,,,,,,,,,,,,,,,,,,,,,,,,,,,,,,,,,,,,,,,,,,,,,,,,,,,,,,,,,,,,,,,,,,,,,,,,,,,,,,,,,,,,,,,,,,,,,,,,,,,,,,,,,,,,,,,,,,,,,,,,1251902,,,,,,,,,,,,,,,,,,,,,,,,,,,,,,,,,148148,,,,,,,,,,,,,,,,,,,,,,,,,,,3217956,,,,,,227411,,,,,5228,,,,,,,,,,,,,,,,,,,,,,,,,,14939,,6354,,,,,,,,11159,,,,,,,,,,,,,,1034,,,,,,,,42576352,,,,,,,,,,,,,,,,,,,600002,,,,,,,,,,,,,205,,,1741318,,,,,,,,,,,,,
1747785600,5/21/2025,,3726562048,,,,,,,,,,,,,,,,,,,,,,,,,,,,,,,,,,,,,,,,,,,,,,,,,,,,,,,,,,,,,,,,,,,,,,,,,,,,,,,,,,,,,,,,,,,,,,,,,,,,,,,,,,,,,,,,,,,,,,,,,,,,,,,,,,,,,,,,,,,,,,,,,,,,,,,,,,1252973,,,,,,,,,,,,,,,,,,,,,,,,,,,,,,,,,161028,,,,,,,,,,,,,,,,,,,,,,,,,,,3218893,,,,,,227389,,,,,5228,,,,,,,,,,,,,,,,,,,,,,,,,,15051,,6354,,,,,,,,11159,,,,,,,,,,,,,,1034,,,,,,,,42770773,,,,,,,,,,,,,,,,,,,493960,,,,,,,,,,,,,207,,,1771556,,,,,,,,,,,,,
1747872000,5/22/2025,,3716996384,,,,,,,,,,,,,,,,,,,,,,,,,,,,,,,,,,,,,,,,,,,,,,,,,,,,,,,,,,,,,,,,,,,,,,,,,,,,,,,,,,,,,,,,,,,,,,,,,,,,,,,,,,,,,,,,,,,,,,,,,,,,,,,,,,,,,,,,,,,,,,,,,,,,,,,,,,1255954,,,,,,,,,,,,,,,,,,,,,,,,,,,,,,,,,161028,,,,,,,,,,,,,,,,,,,,,,,,,,,3219833,,,,,,227389,,,,,5228,,,,,,,,,,,,,,,,,,,,,,,,,,16304,,6354,,,,,,,,11159,,,,,,,,,,,,,,1034,,,,,,,,43214328,,,,,,,,,,,,,,,,,,,440657,,,,,,,,,,,,,207,,,1747394,,,,,,,,,,,,,
1747958400,5/23/2025,,3749589331,,,,,,,,,,,,,,,,,,,,,,,,,,,,,,,,,,,,,,,,,,,,,,,,,,,,,,,,,,,,,,,,,,,,,,,,,,,,,,,,,,,,,,,,,,,,,,,,,,,,,,,,,,,,,,,,,,,,,,,,,,,,,,,,,,,,,,,,,,,,,,,,,,,,,,,,,,1256051,,,,,,,,,,,,,,,,,,,,,,,,,,,,,,,,,147665,,,,,,,,,,,,,,,,,,,,,,,,,,,3221761,,,,,,227389,,,,,5228,,,,,,,,,,,,,,,,,,,,,,,,,,16378,,6354,,,,,,,,11159,,,,,,,,,,,,,,1034,,,,,,,,43266791,,,,,,,,,,,,,,,,,,,444248,,,,,,,,,,,,,207,,,1746608,,,,,,,,,,,,,
1748044800,5/24/2025,,3743234144,,,,,,,,,,,,,,,,,,,,,,,,,,,,,,,,,,,,,,,,,,,,,,,,,,,,,,,,,,,,,,,,,,,,,,,,,,,,,,,,,,,,,,,,,,,,,,,,,,,,,,,,,,,,,,,,,,,,,,,,,,,,,,,,,,,,,,,,,,,,,,,,,,,,,,,,,,1256055,,,,,,,,,,,,,,,,,,,,,,,,,,,,,,,,,155400,,,,,,,,,,,,,,,,,,,,,,,,,,,3224773,,,,,,217997,,,,,5228,,,,,,,,,,,,,,,,,,,,,,,,,,16398,,6354,,,,,,,,11159,,,,,,,,,,,,,,1034,,,,,,,,43063176,,,,,,,,,,,,,,,,,,,444707,,,,,,,,,,,,,207,,,1747604,,,,,,,,,,,,,
1748131200,5/25/2025,,3747787040,,,,,,,,,,,,,,,,,,,,,,,,,,,,,,,,,,,,,,,,,,,,,,,,,,,,,,,,,,,,,,,,,,,,,,,,,,,,,,,,,,,,,,,,,,,,,,,,,,,,,,,,,,,,,,,,,,,,,,,,,,,,,,,,,,,,,,,,,,,,,,,,,,,,,,,,,,1251515,,,,,,,,,,,,,,,,,,,,,,,,,,,,,,,,,144140,,,,,,,,,,,,,,,,,,,,,,,,,,,3226000,,,,,,217730,,,,,5228,,,,,,,,,,,,,,,,,,,,,,,,,,16303,,6354,,,,,,,,11159,,,,,,,,,,,,,,1034,,,,,,,,43063176,,,,,,,,,,,,,,,,,,,444213,,,,,,,,,,,,,207,,,1734158,,,,,,,,,,,,,
1748217600,5/26/2025,,3753890816,,,,,,,,,,,,,,,,,,,,,,,,,,,,,,,,,,,,,,,,,,,,,,,,,,,,,,,,,,,,,,,,,,,,,,,,,,,,,,,,,,,,,,,,,,,,,,,,,,,,,,,,,,,,,,,,,,,,,,,,,,,,,,,,,,,,,,,,,,,,,,,,,,,,,,,,,,1227393,,,,,,,,,,,,,,,,,,,,,,,,,,,,,,,,,144140,,,,,,,,,,,,,,,,,,,,,,,,,,,3223021,,,,,,218493,,,,,5228,,,,,,,,,,,,,,,,,,,,,,,,,,16398,,6354,,,,,,,,11159,,,,,,,,,,,,,,1034,,,,,,,,43433977,,,,,,,,,,,,,,,,,,,444666,,,,,,,,,,,,,208,,,1740161,,,,,,,,,,,,,
1748304000,5/27/2025,,3723678422,,,,,,,,,,,,,,,,,,,,,,,,,,,,,,,,,,,,,,,,,,,,,,,,,,,,,,,,,,,,,,,,,,,,,,,,,,,,,,,,,,,,,,,,,,,,,,,,,,,,,,,,,,,,,,,,,,,,,,,,,,,,,,,,,,,,,,,,,,,,,,,,,,,,,,,,,,1095951,,,,,,,,,,,,,,,,,,,,,,,,,,,,,,,,,141115,,,,,,,,,,,,,,,,,,,,,,,,,,,3222994,,,,,,217493,,,,,5228,,,,,,,,,,,,,,,,,,,,,,,,,,16496,,6354,,,,,,,,11159,,,,,,,,,,,,,,1034,,,,,,,,44810493,,,,,,,,,,,,,,,,,,,440899,,,,,,,,,,,,,208,,,1744971,,,,,,,,,,,,,
1748390400,5/28/2025,,3717487197,,,,,,,,,,,,,,,,,,,,,,,,,,,,,,,,,,,,,,,,,,,,,,,,,,,,,,,,,,,,,,,,,,,,,,,,,,,,,,,,,,,,,,,,,,,,,,,,,,,,,,,,,,,,,,,,,,,,,,,,,,,,,,,,,,,,,,,,,,,,,,,,,,,,,,,,,,1108617,,,,,,,,,,,,,,,,,,,,,,,,,,,,,,,,,141629,,,,,,,,,,,,,,,,,,,,,,,,,,,3220440,,,,,,217493,,,,,5228,,,,,,,,,,,,,,,,,,,,,,,,,,16398,,6354,,,,,,,,11159,,,,,,,,,,,,,,1034,,,,,,,,45642061,,,,,,,,,,,,,,,,,,,728391,,,,,,,,,,,,,207,,,1721267,,,,,,,,,,,,,
1748476800,5/29/2025,,3702358663,,,,,,,,,,,,,,,,,,,,,,,,,,,,,,,,,,,,,,,,,,,,,,,,,,,,,,,,,,,,,,,,,,,,,,,,,,,,,,,,,,,,,,,,,,,,,,,,,,,,,,,,,,,,,,,,,,,,,,,,,,,,,,,,,,,,,,,,,,,,,,,,,,,,,,,,,,1103187,,,,,,,,,,,,,,,,,,,,,,,,,,,,,,,,,36325,,,,,,,,,,,,,,,,,,,,,,,,,,,3220440,,,,,,218114,,,,,5228,,,,,,,,,,,,,,,,,,,,,,,,,,16447,,6354,,,,,,,,11159,,,,,,,,,,,,,,1034,,,,,,,,46001280,,,,,,,,,,,,,,,,,,,729034,,,,,,,,,,,,,207,,,1744181,,,,,,,,,,,,,
1748563200,5/30/2025,,3707870706,,,,,,,,,,,,,,,,,,,,,,,,,,,,,,,,,,,,,,,,,,,,,,,,,,,,,,,,,,,,,,,,,,,,,,,,,,,,,,,,,,,,,,,,,,,,,,,,,,,,,,,,,,,,,,,,,,,,,,,,,,,,,,,,,,,,,,,,,,,,,,,,,,,,,,,,,,1104430,,,,,,,,,,,,,,,,,,,,,,,,,,,,,,,,,32319,,,,,,,,,,,,,,,,,,,,,,,,,,,3208598,,,,,,218114,,,,,5228,,,,,,,,,,,,,,,,,,,,,,,,,,15400,,6354,,,,,,,,11159,,,,,,,,,,,,,,1034,,,,,,,,39889033,,,,,,,,,,,,,,,,,,,733403,,,,,,,,,,,,,207,,,1706747,,,,,,,,,,,,,
1748649600,5/31/2025,,3698750461,,,,,,,,,,,,,,,,,,,,,,,,,,,,,,,,,,,,,,,,,,,,,,,,,,,,,,,,,,,,,,,,,,,,,,,,,,,,,,,,,,,,,,,,,,,,,,,,,,,,,,,,,,,,,,,,,,,,,,,,,,,,,,,,,,,,,,,,,,,,,,,,,,,,,,,,,,1144536,,,,,,,,,,,,,,,,,,,,,,,,,,,,,,,,,31065,,,,,,,,,,,,,,,,,,,,,,,,,,,3204412,,,,,,218114,,,,,5228,,,,,,,,,,,,,,,,,,,,,,,,,,15256,,6354,,,,,,,,11159,,,,,,,,,,,,,,1034,,,,,,,,42842571,,,,,,,,,,,,,,,,,,,732036,,,,,,,,,,,,,207,,,1723591,,,,,,,,,,,,,
1748736000,6/1/2025,,3700714861,,,,,,,,,,,,,,,,,,,,,,,,,,,,,,,,,,,,,,,,,,,,,,,,,,,,,,,,,,,,,,,,,,,,,,,,,,,,,,,,,,,,,,,,,,,,,,,,,,,,,,,,,,,,,,,,,,,,,,,,,,,,,,,,,,,,,,,,,,,,,,,,,,,,,,,,,,725071,,,,,,,,,,,,,,,,,,,,,,,,,,,,,,,,,31065,,,,,,,,,,,,,,,,,,,,,,,,,,,3195138,,,,,,218092,,,,,5228,,,,,,,,,,,,,,,,,,,,,,,,,,12486,,6354,,,,,,,,11159,,,,,,,,,,,,,,1034,,,,,,,,42682227,,,,,,,,,,,,,,,,,,,732106,,,,,,,,,,,,,207,,,1718259,,,,,,,,,,,,,
1748822400,6/2/2025,,3703001048,,,,,,,,,,,,,,,,,,,,,,,,,,,,,,,,,,,,,,,,,,,,,,,,,,,,,,,,,,,,,,,,,,,,,,,,,,,,,,,,,,,,,,,,,,,,,,,,,,,,,,,,,,,,,,,,,,,,,,,,,,,,,,,,,,,,,,,,,,,,,,,,,,,,,,,,,,722277,,,,,,,,,,,,,,,,,,,,,,,,,,,,,,,,,31065,,,,,,,,,,,,,,,,,,,,,,,,,,,3195138,,,,,,218092,,,,,5228,,,,,,,,,,,,,,,,,,,,,,,,,,12475,,6354,,,,,,,,11159,,,,,,,,,,,,,,1034,,,,,,,,42777013,,,,,,,,,,,,,,,,,,,730763,,,,,,,,,,,,,209,,,1729943,,,,,,,,,,,,,
1748908800,6/3/2025,,3701581714,,,,,,,,,,,,,,,,,,,,,,,,,,,,,,,,,,,,,,,,,,,,,,,,,,,,,,,,,,,,,,,,,,,,,,,,,,,,,,,,,,,,,,,,,,,,,,,,,,,,,,,,,,,,,,,,,,,,,,,,,,,,,,,,,,,,,,,,,,,,,,,,,,,,,,,,,,720859,,,,,,,,,,,,,,,,,,,,,,,,,,,,,,,,,30054,,,,,,,,,,,,,,,,,,,,,,,,,,,3195138,,,,,,218092,,,,,5228,,,,,,,,,,,,,,,,,,,,,,,,,,12469,,6354,,,,,,,,11159,,,,,,,,,,,,,,1034,,,,,,,,38705402,,,,,,,,,,,,,,,,,,,625194,,,,,,,,,,,,,207,,,1738142,,,,,,,,,,,,,
1748995200,6/4/2025,,3708929058,,,,,,,,,,,,,,,,,,,,,,,,,,,,,,,,,,,,,,,,,,,,,,,,,,,,,,,,,,,,,,,,,,,,,,,,,,,,,,,,,,,,,,,,,,,,,,,,,,,,,,,,,,,,,,,,,,,,,,,,,,,,,,,,,,,,,,,,,,,,,,,,,,,,,,,,,,720305,,,,,,,,,,,,,,,,,,,,,,,,,,,,,,,,,30054,,,,,,,,,,,,,,,,,,,,,,,,,,,3190823,,,,,,218092,,,,,5228,,,,,,,,,,,,,,,,,,,,,,,,,,12499,,6354,,,,,,,,11159,,,,,,,,,,,,,,1034,,,,,,,,37806496,,,,,,,,,,,,,,,,,,,626837,,,,,,,,,,,,,207,,,1739642,,,,,,,,,,,,,
1749081600,6/5/2025,,3704883697,,,,,,,,,,,,,,,,,,,,,,,,,,,,,,,,,,,,,,,,,,,,,,,,,,,,,,,,,,,,,,,,,,,,,,,,,,,,,,,,,,,,,,,,,,,,,,,,,,,,,,,,,,,,,,,,,,,,,,,,,,,,,,,,,,,,,,,,,,,,,,,,,,,,,,,,,,461278,,,,,,,,,,,,,,,,,,,,,,,,,,,,,,,,,29819,,,,,,,,,,,,,,,,,,,,,,,,,,,3191810,,,,,,218092,,,,,5228,,,,,,,,,,,,,,,,,,,,,,,,,,12470,,6354,,,,,,,,11159,,,,,,,,,,,,,,1034,,,,,,,,37811626,,,,,,,,,,,,,,,,,,,628536,,,,,,,,,,,,,208,,,1760247,,,,,,,,,,,,,
1749168000,6/6/2025,,3704782800,,,,,,,,,,,,,,,,,,,,,,,,,,,,,,,,,,,,,,,,,,,,,,,,,,,,,,,,,,,,,,,,,,,,,,,,,,,,,,,,,,,,,,,,,,,,,,,,,,,,,,,,,,,,,,,,,,,,,,,,,,,,,,,,,,,,,,,,,,,,,,,,,,,,,,,,,,460784,,,,,,,,,,,,,,,,,,,,,,,,,,,,,,,,,26724,,,,,,,,,,,,,,,,,,,,,,,,,,,3196148,,,,,,217580,,,,,5228,,,,,,,,,,,,,,,,,,,,,,,,,,12469,,6354,,,,,,,,11159,,,,,,,,,,,,,,1034,,,,,,,,39152974,,,,,,,,,,,,,,,,,,,589402,,,,,,,,,,,,,208,,,1752588,,,,,,,,,,,,,
1749254400,6/7/2025,,3681208878,,,,,,,,,,,,,,,,,,,,,,,,,,,,,,,,,,,,,,,,,,,,,,,,,,,,,,,,,,,,,,,,,,,,,,,,,,,,,,,,,,,,,,,,,,,,,,,,,,,,,,,,,,,,,,,,,,,,,,,,,,,,,,,,,,,,,,,,,,,,,,,,,,,,,,,,,,459785,,,,,,,,,,,,,,,,,,,,,,,,,,,,,,,,,23854,,,,,,,,,,,,,,,,,,,,,,,,,,,3199663,,,,,,217786,,,,,5228,,,,,,,,,,,,,,,,,,,,,,,,,,12837,,6354,,,,,,,,11159,,,,,,,,,,,,,,1034,,,,,,,,39107686,,,,,,,,,,,,,,,,,,,589419,,,,,,,,,,,,,208,,,1748150,,,,,,,,,,,,,
1749340800,6/8/2025,,3682907876,,,,,,,,,,,,,,,,,,,,,,,,,,,,,,,,,,,,,,,,,,,,,,,,,,,,,,,,,,,,,,,,,,,,,,,,,,,,,,,,,,,,,,,,,,,,,,,,,,,,,,,,,,,,,,,,,,,,,,,,,,,,,,,,,,,,,,,,,,,,,,,,,,,,,,,,,,460088,,,,,,,,,,,,,,,,,,,,,,,,,,,,,,,,,18579,,,,,,,,,,,,,,,,,,,,,,,,,,,3219903,,,,,,217786,,,,,5228,,,,,,,,,,,,,,,,,,,,,,,,,,12457,,6354,,,,,,,,11159,,,,,,,,,,,,,,1034,,,,,,,,39107686,,,,,,,,,,,,,,,,,,,516792,,,,,,,,,,,,,208,,,1760698,,,,,,,,,,,,,
1749427200,6/9/2025,,3671281694,,,,,,,,,,,,,,,,,,,,,,,,,,,,,,,,,,,,,,,,,,,,,,,,,,,,,,,,,,,,,,,,,,,,,,,,,,,,,,,,,,,,,,,,,,,,,,,,,,,,,,,,,,,,,,,,,,,,,,,,,,,,,,,,,,,,,,,,,,,,,,,,,,,,,,,,,,477755,,,,,,,,,,,,,,,,,,,,,,,,,,,,,,,,,18579,,,,,,,,,,,,,,,,,,,,,,,,,,,3219740,,,,,,217786,,,,,5228,,,,,,,,,,,,,,,,,,,,,,,,,,12512,,6354,,,,,,,,11159,,,,,,,,,,,,,,1034,,,,,,,,39065321,,,,,,,,,,,,,,,,,,,519033,,,,,,,,,,,,,208,,,1777351,,,,,,,,,,,,,
1749513600,6/10/2025,,3695920301,,,,,,,,,,,,,,,,,,,,,,,,,,,,,,,,,,,,,,,,,,,,,,,,,,,,,,,,,,,,,,,,,,,,,,,,,,,,,,,,,,,,,,,,,,,,,,,,,,,,,,,,,,,,,,,,,,,,,,,,,,,,,,,,,,,,,,,,,,,,,,,,,,,,,,,,,,479982,,,,,,,,,,,,,,,,,,,,,,,,,,,,,,,,,17635,,,,,,,,,,,,,,,,,,,,,,,,,,,3462249,,,,,,217786,,,,,5228,,,,,,,,,,,,,,,,,,,,,,,,,,12491,,6354,,,,,,,,11159,,,,,,,,,,,,,,1034,,,,,,,,39065321,,,,,,,,,,,,,,,,,,,481092,,,,,,,,,,,,,208,,,1765337,,,,,,,,,,,,,
1749600000,6/11/2025,,3677677690,,,,,,,,,,,,,,,,,,,,,,,,,,,,,,,,,,,,,,,,,,,,,,,,,,,,,,,,,,,,,,,,,,,,,,,,,,,,,,,,,,,,,,,,,,,,,,,,,,,,,,,,,,,,,,,,,,,,,,,,,,,,,,,,,,,,,,,,,,,,,,,,,,,,,,,,,,448675,,,,,,,,,,,,,,,,,,,,,,,,,,,,,,,,,17635,,,,,,,,,,,,,,,,,,,,,,,,,,,3451293,,,,,,217936,,,,,5228,,,,,,,,,,,,,,,,,,,,,,,,,,11509,,6354,,,,,,,,11159,,,,,,,,,,,,,,1034,,,,,,,,40414825,,,,,,,,,,,,,,,,,,,409539,,,,,,,,,,,,,208,,,1781089,,,,,,,,,,,,,
1749686400,6/12/2025,,3673244952,,,,,,,,,,,,,,,,,,,,,,,,,,,,,,,,,,,,,,,,,,,,,,,,,,,,,,,,,,,,,,,,,,,,,,,,,,,,,,,,,,,,,,,,,,,,,,,,,,,,,,,,,,,,,,,,,,,,,,,,,,,,,,,,,,,,,,,,,,,,,,,,,,,,,,,,,,438422,,,,,,,,,,,,,,,,,,,,,,,,,,,,,,,,,17635,,,,,,,,,,,,,,,,,,,,,,,,,,,3423588,,,,,,217936,,,,,5228,,,,,,,,,,,,,,,,,,,,,,,,,,11509,,6354,,,,,,,,11159,,,,,,,,,,,,,,1034,,,,,,,,43086255,,,,,,,,,,,,,,,,,,,338517,,,,,,,,,,,,,208,,,1761963,,,,,,,,,,,,,
1749772800,6/13/2025,,3673655496,,,,,,,,,,,,,,,,,,,,,,,,,,,,,,,,,,,,,,,,,,,,,,,,,,,,,,,,,,,,,,,,,,,,,,,,,,,,,,,,,,,,,,,,,,,,,,,,,,,,,,,,,,,,,,,,,,,,,,,,,,,,,,,,,,,,,,,,,,,,,,,,,,,,,,,,,,438342,,,,,,,,,,,,,,,,,,,,,,,,,,,,,,,,,17635,,,,,,,,,,,,,,,,,,,,,,,,,,,3419529,,,,,,217936,,,,,5228,,,,,,,,,,,,,,,,,,,,,,,,,,11509,,6354,,,,,,,,11159,,,,,,,,,,,,,,1034,,,,,,,,43267317,,,,,,,,,,,,,,,,,,,375182,,,,,,,,,,,,,210,,,1787361,,,,,,,,,,,,,
1749859200,6/14/2025,,3666222756,,,,,,,,,,,,,,,,,,,,,,,,,,,,,,,,,,,,,,,,,,,,,,,,,,,,,,,,,,,,,,,,,,,,,,,,,,,,,,,,,,,,,,,,,,,,,,,,,,,,,,,,,,,,,,,,,,,,,,,,,,,,,,,,,,,,,,,,,,,,,,,,,,,,,,,,,,438751,,,,,,,,,,,,,,,,,,,,,,,,,,,,,,,,,17635,,,,,,,,,,,,,,,,,,,,,,,,,,,3413929,,,,,,217936,,,,,5228,,,,,,,,,,,,,,,,,,,,,,,,,,11399,,6354,,,,,,,,11159,,,,,,,,,,,,,,1034,,,,,,,,41206739,,,,,,,,,,,,,,,,,,,448633,,,,,,,,,,,,,210,,,1783463,,,,,,,,,,,,,
1749945600,6/15/2025,,3669412951,,,,,,,,,,,,,,,,,,,,,,,,,,,,,,,,,,,,,,,,,,,,,,,,,,,,,,,,,,,,,,,,,,,,,,,,,,,,,,,,,,,,,,,,,,,,,,,,,,,,,,,,,,,,,,,,,,,,,,,,,,,,,,,,,,,,,,,,,,,,,,,,,,,,,,,,,,437258,,,,,,,,,,,,,,,,,,,,,,,,,,,,,,,,,17635,,,,,,,,,,,,,,,,,,,,,,,,,,,3358461,,,,,,217941,,,,,5228,,,,,,,,,,,,,,,,,,,,,,,,,,11399,,6354,,,,,,,,11159,,,,,,,,,,,,,,1034,,,,,,,,41206739,,,,,,,,,,,,,,,,,,,448655,,,,,,,,,,,,,210,,,1780439,,,,,,,,,,,,,
1750032000,6/16/2025,,3668380498,,,,,,,,,,,,,,,,,,,,,,,,,,,,,,,,,,,,,,,,,,,,,,,,,,,,,,,,,,,,,,,,,,,,,,,,,,,,,,,,,,,,,,,,,,,,,,,,,,,,,,,,,,,,,,,,,,,,,,,,,,,,,,,,,,,,,,,,,,,,,,,,,,,,,,,,,,438655,,,,,,,,,,,,,,,,,,,,,,,,,,,,,,,,,17635,,,,,,,,,,,,,,,,,,,,,,,,,,,3359047,,,,,,217941,,,,,5228,,,,,,,,,,,,,,,,,,,,,,,,,,11399,,6354,,,,,,,,11159,,,,,,,,,,,,,,1034,,,,,,,,42962610,,,,,,,,,,,,,,,,,,,449539,,,,,,,,,,,,,210,,,1791150,,,,,,,,,,,,,
1750118400,6/17/2025,,3690886850,,,,,,,,,,,,,,,,,,,,,,,,,,,,,,,,,,,,,,,,,,,,,,,,,,,,,,,,,,,,,,,,,,,,,,,,,,,,,,,,,,,,,,,,,,,,,,,,,,,,,,,,,,,,,,,,,,,,,,,,,,,,,,,,,,,,,,,,,,,,,,,,,,,,,,,,,,437206,,,,,,,,,,,,,,,,,,,,,,,,,,,,,,,,,17635,,,,,,,,,,,,,,,,,,,,,,,,,,,3320289,,,,,,217941,,,,,5228,,,,,,,,,,,,,,,,,,,,,,,,,,11399,,6354,,,,,,,,11159,,,,,,,,,,,,,,1034,,,,,,,,44505257,,,,,,,,,,,,,,,,,,,446325,,,,,,,,,,,,,210,,,1781921,,,,,,,,,,,,,
1750204800,6/18/2025,,3694064869,,,,,,,,,,,,,,,,,,,,,,,,,,,,,,,,,,,,,,,,,,,,,,,,,,,,,,,,,,,,,,,,,,,,,,,,,,,,,,,,,,,,,,,,,,,,,,,,,,,,,,,,,,,,,,,,,,,,,,,,,,,,,,,,,,,,,,,,,,,,,,,,,,,,,,,,,,437230,,,,,,,,,,,,,,,,,,,,,,,,,,,,,,,,,17635,,,,,,,,,,,,,,,,,,,,,,,,,,,3320633,,,,,,217941,,,,,5228,,,,,,,,,,,,,,,,,,,,,,,,,,11399,,6354,,,,,,,,11159,,,,,,,,,,,,,,1034,,,,,,,,46405476,,,,,,,,,,,,,,,,,,,446337,,,,,,,,,,,,,210,,,1787996,,,,,,,,,,,,,
1750291200,6/19/2025,,3696823873,,,,,,,,,,,,,,,,,,,,,,,,,,,,,,,,,,,,,,,,,,,,,,,,,,,,,,,,,,,,,,,,,,,,,,,,,,,,,,,,,,,,,,,,,,,,,,,,,,,,,,,,,,,,,,,,,,,,,,,,,,,,,,,,,,,,,,,,,,,,,,,,,,,,,,,,,,437732,,,,,,,,,,,,,,,,,,,,,,,,,,,,,,,,,16582,,,,,,,,,,,,,,,,,,,,,,,,,,,3320633,,,,,,217941,,,,,5228,,,,,,,,,,,,,,,,,,,,,,,,,,11399,,6354,,,,,,,,11159,,,,,,,,,,,,,,1034,,,,,,,,45965398,,,,,,,,,,,,,,,,,,,444376,,,,,,,,,,,,,210,,,1793136,,,,,,,,,,,,,
1750377600,6/20/2025,,3700452454,,,,,,,,,,,,,,,,,,,,,,,,,,,,,,,,,,,,,,,,,,,,,,,,,,,,,,,,,,,,,,,,,,,,,,,,,,,,,,,,,,,,,,,,,,,,,,,,,,,,,,,,,,,,,,,,,,,,,,,,,,,,,,,,,,,,,,,,,,,,,,,,,,,,,,,,,,436862,,,,,,,,,,,,,,,,,,,,,,,,,,,,,,,,,15563,,,,,,,,,,,,,,,,,,,,,,,,,,,3328597,,,,,,217945,,,,,5228,,,,,,,,,,,,,,,,,,,,,,,,,,11399,,6354,,,,,,,,11159,,,,,,,,,,,,,,1034,,,,,,,,48265398,,,,,,,,,,,,,,,,,,,444182,,,,,,,,,,,,,209,,,1790846,,,,,,,,,,,,,
1750464000,6/21/2025,,3698785957,,,,,,,,,,,,,,,,,,,,,,,,,,,,,,,,,,,,,,,,,,,,,,,,,,,,,,,,,,,,,,,,,,,,,,,,,,,,,,,,,,,,,,,,,,,,,,,,,,,,,,,,,,,,,,,,,,,,,,,,,,,,,,,,,,,,,,,,,,,,,,,,,,,,,,,,,,440852,,,,,,,,,,,,,,,,,,,,,,,,,,,,,,,,,15563,,,,,,,,,,,,,,,,,,,,,,,,,,,3328648,,,,,,217945,,,,,5228,,,,,,,,,,,,,,,,,,,,,,,,,,11417,,6354,,,,,,,,11159,,,,,,,,,,,,,,1034,,,,,,,,45987791,,,,,,,,,,,,,,,,,,,444415,,,,,,,,,,,,,209,,,1795289,,,,,,,,,,,,,
1750550400,6/22/2025,,3704426550,,,,,,,,,,,,,,,,,,,,,,,,,,,,,,,,,,,,,,,,,,,,,,,,,,,,,,,,,,,,,,,,,,,,,,,,,,,,,,,,,,,,,,,,,,,,,,,,,,,,,,,,,,,,,,,,,,,,,,,,,,,,,,,,,,,,,,,,,,,,,,,,,,,,,,,,,,441655,,,,,,,,,,,,,,,,,,,,,,,,,,,,,,,,,13048,,,,,,,,,,,,,,,,,,,,,,,,,,,3369344,,,,,,217945,,,,,5228,,,,,,,,,,,,,,,,,,,,,,,,,,11417,,6354,,,,,,,,11159,,,,,,,,,,,,,,1034,,,,,,,,45987803,,,,,,,,,,,,,,,,,,,435328,,,,,,,,,,,,,209,,,1796881,,,,,,,,,,,,,
1750636800,6/23/2025,,3716413027,,,,,,,,,,,,,,,,,,,,,,,,,,,,,,,,,,,,,,,,,,,,,,,,,,,,,,,,,,,,,,,,,,,,,,,,,,,,,,,,,,,,,,,,,,,,,,,,,,,,,,,,,,,,,,,,,,,,,,,,,,,,,,,,,,,,,,,,,,,,,,,,,,,,,,,,,,441300,,,,,,,,,,,,,,,,,,,,,,,,,,,,,,,,,13048,,,,,,,,,,,,,,,,,,,,,,,,,,,3369451,,,,,,217945,,,,,5228,,,,,,,,,,,,,,,,,,,,,,,,,,11417,,6354,,,,,,,,11159,,,,,,,,,,,,,,1034,,,,,,,,46341694,,,,,,,,,,,,,,,,,,,443254,,,,,,,,,,,,,209,,,1808588,,,,,,,,,,,,,
1750723200,6/24/2025,,3717354569,,,,,,,,,,,,,,,,,,,,,,,,,,,,,,,,,,,,,,,,,,,,,,,,,,,,,,,,,,,,,,,,,,,,,,,,,,,,,,,,,,,,,,,,,,,,,,,,,,,,,,,,,,,,,,,,,,,,,,,,,,,,,,,,,,,,,,,,,,,,,,,,,,,,,,,,,,441015,,,,,,,,,,,,,,,,,,,,,,,,,,,,,,,,,13048,,,,,,,,,,,,,,,,,,,,,,,,,,,3369451,,,,,,217945,,,,,5228,,,,,,,,,,,,,,,,,,,,,,,,,,11417,,6354,,,,,,,,11159,,,,,,,,,,,,,,1034,,,,,,,,45117997,,,,,,,,,,,,,,,,,,,445041,,,,,,,,,,,,,211,,,1791584,,,,,,,,,,,,,
1750809600,6/25/2025,,3735822504,,,,,,,,,,,,,,,,,,,,,,,,,,,,,,,,,,,,,,,,,,,,,,,,,,,,,,,,,,,,,,,,,,,,,,,,,,,,,,,,,,,,,,,,,,,,,,,,,,,,,,,,,,,,,,,,,,,,,,,,,,,,,,,,,,,,,,,,,,,,,,,,,,,,,,,,,,444139,,,,,,,,,,,,,,,,,,,,,,,,,,,,,,,,,13048,,,,,,,,,,,,,,,,,,,,,,,,,,,3369451,,,,,,217945,,,,,5228,,,,,,,,,,,,,,,,,,,,,,,,,,11417,,6354,,,,,,,,11159,,,,,,,,,,,255562,,,1034,,,,,,,,45117997,,,,,,,,,,,,,,,,,,,445172,,,,,,,,,,,,,211,,,1775173,,,,,,,,,,,,,
1750896000,6/26/2025,,3734080079,,,,,,,,,,,,,,,,,,,,,,,,,,,,,,,,,,,,,,,,,,,,,,,,,,,,,,,,,,,,,,,,,,,,,,,,,,,,,,,,,,,,,,,,,,,,,,,,,,,,,,,,,,,,,,,,,,,,,,,,,,,,,,,,,,,,,,,,,,,,,,,,,,,,,,,,,,447539,,,,,,,,,,,,,,,,,,,,,,,,,,,,,,,,,13048,,,,,,,,,,,,,,,,,,,,,,,,,,,3740548,,,,,,217945,,,,,5228,,,,,,,,,,,,,,,,,,,,,,,,,,11417,,6354,,,,,,,,11159,,,,,,,,,,,255052,,,1034,,,,,,,,45510744,,,,,,,,,,,,,,,,,,,447644,,,,,,,,,,,,,214,,,1802432,,,,,,,,,,,,,
1750982400,6/27/2025,,3709332305,,,,,,,,,,,,,,,,,,,,,,,,,,,,,,,,,,,,,,,,,,,,,,,,,,,,,,,,,,,,,,,,,,,,,,,,,,,,,,,,,,,,,,,,,,,,,,,,,,,,,,,,,,,,,,,,,,,,,,,,,,,,,,,,,,,,,,,,,,,,,,,,,,,,,,,,,,453936,,,,,,,,,,,,,,,,,,,,,,,,,,,,,,,,,13048,,,,,,,,,,,,,,,,,,,,,,,,,,,3740757,,,,,,218331,,,,,5228,,,,,,,,,,,,,,,,,,,,,,,,,,11417,,6354,,,,,,,,11159,,,,,,,,,,,255562,,,1034,,,,,,,,45569244,,,,,,,,,,,,,,,,,,,445764,,,,,,,,,,,,,214,,,1784509,,,,,,,,,,,,,
1751068800,6/28/2025,,3729703992,,,,,,,,,,,,,,,,,,,,,,,,,,,,,,,,,,,,,,,,,,,,,,,,,,,,,,,,,,,,,,,,,,,,,,,,,,,,,,,,,,,,,,,,,,,,,,,,,,,,,,,,,,,,,,,,,,,,,,,,,,,,,,,,,,,,,,,,,,,,,,,,,,,,,,,,,,460319,,,,,,,,,,,,,,,,,,,,,,,,,,,,,,,,,13048,,,,,,,,,,,,,,,,,,,,,,,,,,,3749611,,,,,,218331,,,,,5228,,,,,,,,,,,,,,,,,,,,,,,,,,11417,,6354,,,,,,,,11159,,,,,,,,,,,255052,,,1034,,,,,,,,45932821,,,,,,,,,,,,,,,,,,,410599,,,,,,,,,,,,,214,,,1783393,,,,,,,,,,,,,
1751155200,6/29/2025,,3729946471,,,,,,,,,,,,,,,,,,,,,,,,,,,,,,,,,,,,,,,,,,,,,,,,,,,,,,,,,,,,,,,,,,,,,,,,,,,,,,,,,,,,,,,,,,,,,,,,,,,,,,,,,,,,,,,,,,,,,,,,,,,,,,,,,,,,,,,,,,,,,,,,,,,,,,,,,,458307,,,,,,,,,,,,,,,,,,,,,,,,,,,,,,,,,10945,,,,,,,,,,,,,,,,,,,,,,,,,,,3798572,,,,,,218331,,,,,5228,,,,,,,,,,,,,,,,,,,,,,,,,,11460,,6354,,,,,,,,11159,,,,,,,,,,,255052,,,1034,,,,,,,,45932821,,,,,,,,,,,,,,,,,,,410328,,,,,,,,,,,,,214,,,1785404,,,,,,,,,,,,,
1751241600,6/30/2025,,3731832516,,,,,,,,,,,,,,,,,,,,,,,,,,,,,,,,,,,,,,,,,,,,,,,,,,,,,,,,,,,,,,,,,,,,,,,,,,,,,,,,,,,,,,,,,,,,,,,,,,,,,,,,,,,,,,,,,,,,,,,,,,,,,,,,,,,,,,,,,,,,,,,,,,,,,,,,,,460239,,,,,,,,,,,,,,,,,,,,,,,,,,,,,,,,,10421,,,,,,,,,,,,,,,,,,,,,,,,,,,3791568,,,,,,218331,,,,,5228,,,,,,,,,,,,,,,,,,,,,,,,,,11417,,6354,,,,,,,,11159,,,,,,,,,,,255052,,,1034,,,,,,,,46263207,,,,,,,,,,,,,,,,,,,414243,,,,,,,,,,,,,215,,,1800941,,,,,,,,,,,,,
1751328000,7/1/2025,,3717749530,,,,,,,,,,,,,,,,,,,,,,,,,,,,,,,,,,,,,,,,,,,,,,,,,,,,,,,,,,,,,,,,,,,,,,,,,,,,,,,,,,,,,,,,,,,,,,,,,,,,,,,,,,,,,,,,,,,,,,,,,,,,,,,,,,,,,,,,,,,,,,,,,,,,,,,,,,459574,,,,,,,,,,,,,,,,,,,,,,,,,,,,,,,,,10421,,,,,,,,,,,,,,,,,,,,,,,,,,,3790039,,,,,,218331,,,,,5228,,,,,,,,,,,,,,,,,,,,,,,,,,11413,,6354,,,,,,,,11159,,,,,,,,,,,255070,,,1034,,,,,,,,46650925,,,,,,,,,,,,,,,,,,,340551,,,,,,,,,,,,,214,,,1790226,,,,,,,,,,,,,
1751414400,7/2/2025,,3744627420,,,,,,,,,,,,,,,,,,,,,,,,,,,,,,,,,,,,,,,,,,,,,,,,,,,,,,,,,,,,,,,,,,,,,,,,,,,,,,,,,,,,,,,,,,,,,,,,,,,,,,,,,,,,,,,,,,,,,,,,,,,,,,,,,,,,,,,,,,,,,,,,,,,,,,,,,,133305,,,,,,,,,,,,,,,,,,,,,,,,,,,,,,,,,10421,,,,,,,,,,,,,,,,,,,,,,,,,,,3789942,,,,,,218331,,,,,5228,,,,,,,,,,,,,,,,,,,,,,,,,,11413,,6354,,,,,,,,11159,,,,,,,,,,,255070,,,1034,,,,,,,,47885144,,,,,,,,,,,,,,,,,,,339121,,,,,,,,,,,,,215,,,1817245,,,,,,,,,,,,,
1751500800,7/3/2025,,3784566726,,,,,,,,,,,,,,,,,,,,,,,,,,,,,,,,,,,,,,,,,,,,,,,,,,,,,,,,,,,,,,,,,,,,,,,,,,,,,,,,,,,,,,,,,,,,,,,,,,,,,,,,,,,,,,,,,,,,,,,,,,,,,,,,,,,,,,,,,,,,,,,,,,,,,,,,,,136143,,,,,,,,,,,,,,,,,,,,,,,,,,,,,,,,,10421,,,,,,,,,,,,,,,,,,,,,,,,,,,3860441,,,,,,218331,,,,,5228,,,,,,,,,,,,,,,,,,,,,,,,,,11413,,6354,,,,,,,,11159,,,,,,,,,,,255070,,,1034,,,,,,,,49473764,,,,,,,,,,,,,,,,,,,339339,,,,,,,,,,,,,215,,,1816284,,,,,,,,,,,,,
1751587200,7/4/2025,,3768101982,,,,,,,,,,,,,,,,,,,,,,,,,,,,,,,,,,,,,,,,,,,,,,,,,,,,,,,,,,,,,,,,,,,,,,,,,,,,,,,,,,,,,,,,,,,,,,,,,,,,,,,,,,,,,,,,,,,,,,,,,,,,,,,,,,,,,,,,,,,,,,,,,,,,,,,,,,141928,,,,,,,,,,,,,,,,,,,,,,,,,,,,,,,,,10731,,,,,,,,,,,,,,,,,,,,,,,,,,,3860022,,,,,,218331,,,,,5228,,,,,,,,,,,,,,,,,,,,,,,,,,11413,,6354,,,,,,,,11159,,,,,,,,,,,255070,,,1034,,,,,,,,50102411,,,,,,,,,,,,,,,,,,,338557,,,,,,,,,,,,,215,,,1810480,,,,,,,,,,,,,
1751673600,7/5/2025,,3753151970,,,,,,,,,,,,,,,,,,,,,,,,,,,,,,,,,,,,,,,,,,,,,,,,,,,,,,,,,,,,,,,,,,,,,,,,,,,,,,,,,,,,,,,,,,,,,,,,,,,,,,,,,,,,,,,,,,,,,,,,,,,,,,,,,,,,,,,,,,,,,,,,,,,,,,,,,,142150,,,,,,,,,,,,,,,,,,,,,,,,,,,,,,,,,10731,,,,,,,,,,,,,,,,,,,,,,,,,,,3868134,,,,,,218331,,,,,5228,,,,,,,,,,,,,,,,,,,,,,,,,,11457,,6354,,,,,,,,11159,,,,,,,,,,,255580,,,1034,,,,,,,,50093987,,,,,,,,,,,,,,,,,,,486612,,,,,,,,,,,,,215,,,1816345,,,,,,,,,,,,,
1751760000,7/6/2025,,3750681456,,,,,,,,,,,,,,,,,,,,,,,,,,,,,,,,,,,,,,,,,,,,,,,,,,,,,,,,,,,,,,,,,,,,,,,,,,,,,,,,,,,,,,,,,,,,,,,,,,,,,,,,,,,,,,,,,,,,,,,,,,,,,,,,,,,,,,,,,,,,,,,,,,,,,,,,,,142083,,,,,,,,,,,,,,,,,,,,,,,,,,,,,,,,,10731,,,,,,,,,,,,,,,,,,,,,,,,,,,3887886,,,,,,218331,,,,,5228,,,,,,,,,,,,,,,,,,,,,,,,,,11413,,6354,,,,,,,,11159,,,,,,,,,,,255070,,,1034,,,,,,,,50093987,,,,,,,,,,,,,,,,,,,488550,,,,,,,,,,,,,215,,,1816112,,,,,,,,,,,,,
1751846400,7/7/2025,,3755393969,,,,,,,,,,,,,,,,,,,,,,,,,,,,,,,,,,,,,,,,,,,,,,,,,,,,,,,,,,,,,,,,,,,,,,,,,,,,,,,,,,,,,,,,,,,,,,,,,,,,,,,,,,,,,,,,,,,,,,,,,,,,,,,,,,,,,,,,,,,,,,,,,,,,,,,,,,141931,,,,,,,,,,,,,,,,,,,,,,,,,,,,,,,,,10731,,,,,,,,,,,,,,,,,,,,,,,,,,,3887505,,,,,,218331,,,,,5228,,,,,,,,,,,,,,,,,,,,,,,,,,11413,,6354,,,,,,,,11159,,,,,,,,,,,255128,,,1034,,,,,,,,49669461,,,,,,,,,,,,,,,,,,,491849,,,,,,,,,,,,,174,,,1809540,,,,,,,,,,,,,
1751932800,7/8/2025,,3741959666,,,,,,,,,,,,,,,,,,,,,,,,,,,,,,,,,,,,,,,,,,,,,,,,,,,,,,,,,,,,,,,,,,,,,,,,,,,,,,,,,,,,,,,,,,,,,,,,,,,,,,,,,,,,,,,,,,,,,,,,,,,,,,,,,,,,,,,,,,,,,,,,,,,,,,,,,,141941,,,,,,,,,,,,,,,,,,,,,,,,,,,,,,,,,10731,,,,,,,,,,,,,,,,,,,,,,,,,,,3887443,,,,,,218331,,,,,5228,,,,,,,,,,,,,,,,,,,,,,,,,,11314,,6354,,,,,,,,11159,,,,,,,,,,,255128,,,1034,,,,,,,,51986506,,,,,,,,,,,,,,,,,,,485251,,,,,,,,,,,,,174,,,1839839,,,,,,,,,,,,,
1752019200,7/9/2025,,3728990397,,,,,,,,,,,,,,,,,,,,,,,,,,,,,,,,,,,,,,,,,,,,,,,,,,,,,,,,,,,,,,,,,,,,,,,,,,,,,,,,,,,,,,,,,,,,,,,,,,,,,,,,,,,,,,,,,,,,,,,,,,,,,,,,,,,,,,,,,,,,,,,,,,,,,,,,,,141967,,,,,,,,,,,,,,,,,,,,,,,,,,,,,,,,,10731,,,,,,,,,,,,,,,,,,,,,,,,,,,3882302,,,,,,218331,,,,,5228,,,,,,,,,,,,,,,,,,,,,,,,,,11147,,6354,,,,,,,,11159,,,,,,,,,,,255128,,,1034,,,,,,,,52518761,,,,,,,,,,,,,,,,,,,265724,,,,,,,,,,,,,174,,,1817691,,,,,,,,,,,,,
1752105600,7/10/2025,,3725014184,,,,,,,,,,,,,,,,,,,,,,,,,,,,,,,,,,,,,,,,,,,,,,,,,,,,,,,,,,,,,,,,,,,,,,,,,,,,,,,,,,,,,,,,,,,,,,,,,,,,,,,,,,,,,,,,,,,,,,,,,,,,,,,,,,,,,,,,,,,,,,,,,,,,,,,,,,141679,,,,,,,,,,,,,,,,,,,,,,,,,,,,,,,,,10731,,,,,,,,,,,,,,,,,,,,,,,,,,,3881975,,,,,,218592,,,,,5228,,,,,,,,,,,,,,,,,,,,,,,,,,11314,,6354,,,,,,,,11159,,,,,,,,,,,255128,,,1034,,,,,,,,50250241,,,,,,,,,,,,,,,,,,,338059,,,,,,,,,,,,,174,,,1818103,,,,,,,,,,,,,
1752192000,7/11/2025,,3734791415,,,,,,,,,,,,,,,,,,,,,,,,,,,,,,,,,,,,,,,,,,,,,,,,,,,,,,,,,,,,,,,,,,,,,,,,,,,,,,,,,,,,,,,,,,,,,,,,,,,,,,,,,,,,,,,,,,,,,,,,,,,,,,,,,,,,,,,,,,,,,,,,,,,,,,,,,,141935,,,,,,,,,,,,,,,,,,,,,,,,,,,,,,,,,10731,,,,,,,,,,,,,,,,,,,,,,,,,,,3819070,,,,,,219992,,,,,5228,,,,,,,,,,,,,,,,,,,,,,,,,,11314,,6354,,,,,,,,11159,,,,,,,,,,,255141,,,1034,,,,,,,,47924615,,,,,,,,,,,,,,,,,,,483293,,,,,,,,,,,,,174,,,1812236,,,,,,,,,,,,,
1752278400,7/12/2025,,3705428739,,,,,,,,,,,,,,,,,,,,,,,,,,,,,,,,,,,,,,,,,,,,,,,,,,,,,,,,,,,,,,,,,,,,,,,,,,,,,,,,,,,,,,,,,,,,,,,,,,,,,,,,,,,,,,,,,,,,,,,,,,,,,,,,,,,,,,,,,,,,,,,,,,,,,,,,,,146864,,,,,,,,,,,,,,,,,,,,,,,,,,,,,,,,,10731,,,,,,,,,,,,,,,,,,,,,,,,,,,3819070,,,,,,219992,,,,,5228,,,,,,,,,,,,,,,,,,,,,,,,,,11357,,6354,,,,,,,,11159,,,,,,,,,,,255141,,,1034,,,,,,,,48334227,,,,,,,,,,,,,,,,,,,483466,,,,,,,,,,,,,174,,,1816006,,,,,,,,,,,,,
1752364800,7/13/2025,,3713246870,,,,,,,,,,,,,,,,,,,,,,,,,,,,,,,,,,,,,,,,,,,,,,,,,,,,,,,,,,,,,,,,,,,,,,,,,,,,,,,,,,,,,,,,,,,,,,,,,,,,,,,,,,,,,,,,,,,,,,,,,,,,,,,,,,,,,,,,,,,,,,,,,,,,,,,,,,149914,,,,,,,,,,,,,,,,,,,,,,,,,,,,,,,,,10502,,,,,,,,,,,,,,,,,,,,,,,,,,,3818639,,,,,,219992,,,,,5228,,,,,,,,,,,,,,,,,,,,,,,,,,11314,,6354,,,,,,,,11159,,,,,,,,,,,255141,,,1034,,,,,,,,45375599,,,,,,,,,,,,,,,,,,,483347,,,,,,,,,,,,,174,,,1827819,,,,,,,,,,,,,
1752451200,7/14/2025,,3714690875,,,,,,,,,,,,,,,,,,,,,,,,,,,,,,,,,,,,,,,,,,,,,,,,,,,,,,,,,,,,,,,,,,,,,,,,,,,,,,,,,,,,,,,,,,,,,,,,,,,,,,,,,,,,,,,,,,,,,,,,,,,,,,,,,,,,,,,,,,,,,,,,,,,,,,,,,,150275,,,,,,,,,,,,,,,,,,,,,,,,,,,,,,,,,10502,,,,,,,,,,,,,,,,,,,,,,,,,,,3818639,,,,,,219992,,,,,5228,,,,,,,,,,,,,,,,,,,,,,,,,,11357,,6354,,,,,,,,11159,,,,,,,,,,,255141,,,1034,,,,,,,,43035599,,,,,,,,,,,,,,,,,,,484077,,,,,,,,,,,,,173,,,1815168,,,,,,,,,,,,,
1752537600,7/15/2025,,3706809717,,,,,,,,,,,,,,,,,,,,,,,,,,,,,,,,,,,,,,,,,,,,,,,,,,,,,,,,,,,,,,,,,,,,,,,,,,,,,,,,,,,,,,,,,,,,,,,,,,,,,,,,,,,,,,,,,,,,,,,,,,,,,,,,,,,,,,,,,,,,,,,,,,,,,,,,,,150077,,,,,,,,,,,,,,,,,,,,,,,,,,,,,,,,,10502,,,,,,,,,,,,,,,,,,,,,,,,,,,3818639,,,,,,222983,,,,,5228,,,,,,,,,,,,,,,,,,,,,,,,,,11357,,6354,,,,,,,,11159,,,,,,,,,,,255141,,,1034,,,,,,,,42231057,,,,,,,,,,,,,,,,,,,483362,,,,,,,,,,,,,173,,,1807421,,,,,,,,,,,,,
1752624000,7/16/2025,,3683735965,,,,,,,,,,,,,,,,,,,,,,,,,,,,,,,,,,,,,,,,,,,,,,,,,,,,,,,,,,,,,,,,,,,,,,,,,,,,,,,,,,,,,,,,,,,,,,,,,,,,,,,,,,,,,,,,,,,,,,,,,,,,,,,,,,,,,,,,,,,,,,,,,,,,,,,,,,146851,,,,,,,,,,,,,,,,,,,,,,,,,,,,,,,,,10035,,,,,,,,,,,,,,,,,,,,,,,,,,,3823866,,,,,,222983,,,,,5228,,,,,,,,,,,,,,,,,,,,,,,,,,11314,,6354,,,,,,,,11159,,,,,,,,,,,255651,,,1034,,,,,,,,48346351,,,,,,,,,,,,,,,,,,,483434,,,,,,,,,,,,,173,,,1810827,,,,,,,,,,,,,
1752710400,7/17/2025,,3718884302,,,,,,,,,,,,,,,,,,,,,,,,,,,,,,,,,,,,,,,,,,,,,,,,,,,,,,,,,,,,,,,,,,,,,,,,,,,,,,,,,,,,,,,,,,,,,,,,,,,,,,,,,,,,,,,,,,,,,,,,,,,,,,,,,,,,,,,,,,,,,,,,,,,,,,,,,,147086,,,,,,,,,,,,,,,,,,,,,,,,,,,,,,,,,10035,,,,,,,,,,,,,,,,,,,,,,,,,,,3836773,,,,,,223833,,,,,5228,,,,,,,,,,,,,,,,,,,,,,,,,,11314,,6354,,,,,,,,11159,,,,,,,,,,,255651,,,1034,,,,,,,,45910328,,,,,,,,,,,,,,,,,,,481214,,,,,,,,,,,,,171,,,1806761,,,,,,,,,,,,,
1752796800,7/18/2025,,3815987756,,,,,,,,,,,,,,,,,,,,,,,,,,,,,,,,,,,,,,,,,,,,,,,,,,,,,,,,,,,,,,,,,,,,,,,,,,,,,,,,,,,,,,,,,,,,,,,,,,,,,,,,,,,,,,,,,,,,,,,,,,,,,,,,,,,,,,,,,,,,,,,,,,,,,,,,,,147003,,,,,,,,,,,,,,,,,,,,,,,,,,,,,,,,,10035,,,,,,,,,,,,,,,,,,,,,,,,,,,3836773,,,,,,223833,,,,,5228,,,,,,,,,,,,,,,,,,,,,,,,,,11314,,6354,,,,,,,,11159,,,,,,,,,,,255141,,,1034,,,,,,,,45901348,,,,,,,,,,,,,,,,,,,626908,,,,,,,,,,,,,173,,,1810564,,,,,,,,,,,,,
1752883200,7/19/2025,,3758716472,,,,,,,,,,,,,,,,,,,,,,,,,,,,,,,,,,,,,,,,,,,,,,,,,,,,,,,,,,,,,,,,,,,,,,,,,,,,,,,,,,,,,,,,,,,,,,,,,,,,,,,,,,,,,,,,,,,,,,,,,,,,,,,,,,,,,,,,,,,,,,,,,,,,,,,,,,146865,,,,,,,,,,,,,,,,,,,,,,,,,,,,,,,,,10035,,,,,,,,,,,,,,,,,,,,,,,,,,,3746166,,,,,,224333,,,,,5228,,,,,,,,,,,,,,,,,,,,,,,,,,11314,,6354,,,,,,,,11159,,,,,,,,,,,255141,,,1034,,,,,,,,48534406,,,,,,,,,,,,,,,,,,,628062,,,,,,,,,,,,,173,,,1799022,,,,,,,,,,,,,
1752969600,7/20/2025,,3734416296,,,,,,,,,,,,,,,,,,,,,,,,,,,,,,,,,,,,,,,,,,,,,,,,,,,,,,,,,,,,,,,,,,,,,,,,,,,,,,,,,,,,,,,,,,,,,,,,,,,,,,,,,,,,,,,,,,,,,,,,,,,,,,,,,,,,,,,,,,,,,,,,,,,,,,,,,,146558,,,,,,,,,,,,,,,,,,,,,,,,,,,,,,,,,10035,,,,,,,,,,,,,,,,,,,,,,,,,,,3745114,,,,,,224333,,,,,5228,,,,,,,,,,,,,,,,,,,,,,,,,,11314,,6354,,,,,,,,11159,,,,,,,,,,,255141,,,1034,,,,,,,,50854412,,,,,,,,,,,,,,,,,,,627439,,,,,,,,,,,,,173,,,1803638,,,,,,,,,,,,,
1753056000,7/21/2025,,3733807094,,,,,,,,,,,,,,,,,,,,,,,,,,,,,,,,,,,,,,,,,,,,,,,,,,,,,,,,,,,,,,,,,,,,,,,,,,,,,,,,,,,,,,,,,,,,,,,,,,,,,,,,,,,,,,,,,,,,,,,,,,,,,,,,,,,,,,,,,,,,,,,,,,,,,,,,,,146507,,,,,,,,,,,,,,,,,,,,,,,,,,,,,,,,,4990,,,,,,,,,,,,,,,,,,,,,,,,,,,3633813,,,,,,224333,,,,,5228,,,,,,,,,,,,,,,,,,,,,,,,,,11314,,6354,,,,,,,,11159,,,,,,,,,,,255141,,,1034,,,,,,,,50830692,,,,,,,,,,,,,,,,,,,628666,,,,,,,,,,,,,173,,,1802751,,,,,,,150474,,,,,,
1753142400,7/22/2025,,3725412960,,,,,,,,,,,,,,,,,,,,,,,,,,,,,,,,,,,,,,,,,,,,,,,,,,,,,,,,,,,,,,,,,,,,,,,,,,,,,,,,,,,,,,,,,,,,,,,,,,,,,,,,,,,,,,,,,,,,,,,,,,,,,,,,,,,,,,,,,,,,,,,,,,,,,,,,,,147314,,,,,,,,,,,,,,,,,,,,,,,,,,,,,,,,,2877,,,,,,,,,,,,,,,,,,,,,,,,,,,3550182,,,,,,224333,,,,,5228,,,,,,,,,,,,,,,,,,,,,,,,,,11314,,6354,,,,,,,,11159,,,,,,,,,,,255141,,,1034,,,,,,,,48333206,,,,,,,,,,,,,,,,,,,631467,,,171367,,,,,,,,,,173,,,1809430,,,,,,,149367,,,,,,
1753228800,7/23/2025,,3697664489,,,,,,,,,,,,,,,,,,,,,,,,,,,,,,,,,,,,,,,,,,,,,,,,,,,,,,,,,,,,,,,,,,,,,,,,,,,,,,,,,,,,,,,,,,,,,,,,,,,,,,,,,,,,,,,,,,,,,,,,,,,,,,,,,,,,,,,,,,,,,,,,,,,,,,,,,,147950,,,,,,,,,,,,,,,,,,,,,,,,,,,,,,,,,2565,,,,,,,,,,,,,,,,,,,,,,,,,,,3291909,,,,,,224333,,,,,5228,,,,,,,,,,,,,,,,,,,,,,,,,,11357,,6354,,,,,,,,11159,,,,,,,,,,,255141,,,976,,,,,,,,48172388,,,,,,,,,,,,,,,,,,,559552,,,171464,,,,,,,,,,173,,,1818198,,,,,,,157357,,,,,,
1753315200,7/24/2025,,3701503321,,,,,,,,,,,,,,,,,,,,,,,,,,,,,,,,,,,,,,,,,,,,,,,,,,,,,,,,,,,,,,,,,,,,,,,,,,,,,,,,,,,,,,,,,,,,,,,,,,,,,,,,,,,,,,,,,,,,,,,,,,,,,,,,,,,,,,,,,,,,,,,,,,,,,,,,,,142380,,,,,,,,,,,,,,,,,,,,,,,,,,,,,,,,,1451,,,,,,,,,,,,,,,,,,,,,,,,,,,3291909,,,,,,224333,,,,,5228,,,,,,,,,,,,,,,,,,,,,,,,,,11350,,6354,,,,,,,,11159,,,,,,,,,,,255141,,,976,,,,,,,,47965651,,,,,,,,,,,,,,,,,,,559346,,204111,158528,,,,,,,,,,173,,,1801437,,,,,,,158522,,,,,,
1753401600,7/25/2025,,3713004197,,,,,,,,,,,,,,,,,,,,,,,,,,,,,,,,,,,,,,,,,,,,,,,,,,,,,,,,,,,,,,,,,,,,,,,,,,,,,,,,,,,,,,,,,,,,,,,,,,,,,,,,,,,,,,,,,,,,,,,,,,,,,,,,,,,,,,,,,,,,,,,,,,,,,,,,,,142318,,,,,,,,,,,,,,,,,,,,,,,,,,,,,,,,,795,,,,,,,,,,,,,,,,,,,,,,,,,,,3177402,,,,,,224333,,,,,5228,,,,,,,,,,,,,,,,,,,,,,,,,,11296,,6354,,,,,,,,11159,,,,,,,,,,,255141,,,976,,,,,,,,47272283,,,,,,,,,,,,,,,,,,,556001,,205240,203593,,,,,,,,,,173,,,1791234,,,,,,,158522,,,,,,
1753488000,7/26/2025,,3686149674,,,,,,,,,,,,,,,,,,,,,,,,,,,,,,,,,,,,,,,,,,,,,,,,,,,,,,,,,,,,,,,,,,,,,,,,,,,,,,,,,,,,,,,,,,,,,,,,,,,,,,,,,,,,,,,,,,,,,,,,,,,,,,,,,,,,,,,,,,,,,,,,,,,,,,,,,,142370,,,,,,,,,,,,,,,,,,,,,,,,,,,,,,,,,795,,,,,,,,,,,,,,,,,,,,,,,,,,,3041379,,,,,,224333,,,,,5228,,,,,,,,,,,,,,,,,,,,,,,,,,11339,,6354,,,,,,,,11159,,,,,,,,,,,255141,,,976,,,,,,,,46886740,,,,,,,,,,,,,,,,,,,556641,,212144,203593,,,,,,,,,,173,,,1803509,,,,,,,163213,,,,,,
1753574400,7/27/2025,,3708069935,,,,,,,,,,,,,,,,,,,,,,,,,,,,,,,,,,,,,,,,,,,,,,,,,,,,,,,,,,,,,,,,,,,,,,,,,,,,,,,,,,,,,,,,,,,,,,,,,,,,,,,,,,,,,,,,,,,,,,,,,,,,,,,,,,,,,,,,,,,,,,,,,,,,,,,,,,142353,,,,,,,,,,,,,,,,,,,,,,,,,,,,,,,,,795,,,,,,,,,,,,,,,,,,,,,,,,,,,3041379,,,,,,224333,,,,,5228,,,,,,,,,,,,,,,,,,,,,,,,,,11339,,6354,,,,,,,,11159,,,,,,,,,,,255141,,,976,,,,,,,,46886740,,,,,,,,,,,,,,,,,,,554599,,212144,203593,,,,,,,,,,174,,,1807930,,,,,,,165731,,,,,,
1753660800,7/28/2025,,3714722083,,,,,,,,,,,,,,,,,,,,,,,,,,,,,,,,,,,,,,,,,,,,,,,,,,,,,,,,,,,,,,,,,,,,,,,,,,,,,,,,,,,,,,,,,,,,,,,,,,,,,,,,,,,,,,,,,,,,,,,,,,,,,,,,,,,,,,,,,,,,,,,,,,,,,,,,,,143379,,,,,,,,,,,,,,,,,,,,,,,,,,,,,,,,,795,,,,,,,,,,,,,,,,,,,,,,,,,,,3041379,,,,,,224833,,,,,5228,,,,,,,,,,,,,,,,,,,,,,,,,,11296,,6354,,,,,,,,11159,,,,,,,,,,,255141,,,976,,,,,,,,46092049,,,,,,,,,,,,,,,,,,,553839,,210461,200050,,,,,,,,,,172,,,1797988,,,,,,,164339,,,,,,
1753747200,7/29/2025,,3681224340,,,,,,,,,,,,,,,,,,,,,,,,,,,,,,,,,,,,,,,,,,,,,,,,,,,,,,,,,,,,,,,,,,,,,,,,,,,,,,,,,,,,,,,,,,,,,,,,,,,,,,,,,,,,,,,,,,,,,,,,,,,,,,,,,,,,,,,,,,,,,,,,,,,,,,,,,,142142,,,,,,,,,,,,,,,,,,,,,,,,,,,,,,,,,795,,,,,,,,,,,,,,,,,,,,,,,,,,,2560551,,,,,,224833,,,,,5228,,,,,,,,,,,,,,,,,,,,,,,,,,11296,,6354,,,,,,,,11159,,,,,,,,,,,255141,,,976,,,,,,,,49849375,,,,,,,,,,,,,,,,,,,552145,,242891,235980,,,,,,,,,,172,,,1804678,,,,,,,243074,,,,,,
1753833600,7/30/2025,,3693710120,,,,,,,,,,,,,,,,,,,,,,,,,,,,,,,,,,,,,,,,,,,,,,,,,,,,,,,,,,,,,,,,,,,,,,,,,,,,,,,,,,,,,,,,,,,,,,,,,,,,,,,,,,,,,,,,,,,,,,,,,,,,,,,,,,,,,,,,,,,,,,,,,,,,,,,,,,33467,,,,,,,,,,,,,,,,,,,,,,,,,,,,,,,,,795,,,,,,,,,,,,,,,,,,,,,,,,,,,2558216,,,,,,225487,,,,,5228,,,,,,,,,,,,,,,,,,,,,,,,,,11338,,6354,,,,,,,,11159,,,,,,,,,,,255141,,,976,,,,,,,,47287492,,,,,,,,,,,,,,,,,,,550214,,265842,233138,,,,,,,,,,171,,,1803650,,,,,,,244416,,,,,,
1753920000,7/31/2025,,3688184861,,,,,,,,,,,,,,,,,,,,,,,,,,,,,,,,,,,,,,,,,,,,,,,,,,,,,,,,,,,,,,,,,,,,,,,,,,,,,,,,,,,,,,,,,,,,,,,,,,,,,,,,,,,,,,,,,,,,,,,,,,,,,,,,,,,,,,,,,,,,,,,,,,,,,,,,,,33489,,,,,,,,,,,,,,,,,,,,,,,,,,,,,,,,,795,,,,,,,,,,,,,,,,,,,,,,,,,,,2557040,,,,,,225493,,,,,5228,,,,,,,,,,,,,,,,,,,,,,,,,,11338,,6354,,,,,,,,11159,,,,,,,,,,,255141,,,976,,,,,,,,47725517,,,,,,,,,,,,,,,,,,,687071,,217697,248881,,,,,,,,,,170,,,1799706,,,,,,,242592,,,,,,
1754006400,8/1/2025,,3648938134,,,,,,,,,,,,,,,,,,,,,,,,,,,,,,,,,,,,,,,,,,,,,,,,,,,,,,,,,,,,,,,,,,,,,,,,,,,,,,,,,,,,,,,,,,,,,,,,,,,,,,,,,,,,,,,,,,,,,,,,,,,,,,,,,,,,,,,,,,,,,,,,,,,,,,,,,,33589,,,,,,,,,,,,,,,,,,,,,,,,,,,,,,,,,795,,,,,,,,,,,,,,,,,,,,,,,,,,,2556074,,,,,,225493,,,,,5228,,,,,,,,,,,,,,,,,,,,,,,,,,11296,,6354,,,,,,,,11159,,,,,,,,,,,255141,,,976,,,,,,,,44957850,,,,,,,,,,,,,,,,,,,689281,,227516,254782,,,,,,,,,,1402,,,1790545,,,,,,,258569,,,,,,
1754092800,8/2/2025,,3634607079,,,,,,,,,,,,,,,,,,,,,,,,,,,,,,,,,,,,,,,,,,,,,,,,,,,,,,,,,,,,,,,,,,,,,,,,,,,,,,,,,,,,,,,,,,,,,,,,,,,,,,,,,,,,,,,,,,,,,,,,,,,,,,,,,,,,,,,,,,,,,,,,,,,,,,,,,,46849,,,,,,,,,,,,,,,,,,,,,,,,,,,,,,,,,795,,,,,,,,,,,,,,,,,,,,,,,,,,,2552382,,,,,,225493,28004,,,,5228,,,,,,,,,,,,,,,,,,,,,,,,,,11296,,6354,,,,,,,,11159,,,,,,,,,,,255141,,,976,,,,,,,,44955771,,,,,,,,,,,,,,,,,,,689094,,227662,219974,,,,,,,,,,1548,,,1803193,,,,,,,260581,,,,,,
1754179200,8/3/2025,,3645018428,,,,,,,,,,,,,,,,,,,,,,,,,,,,,,,,,,,,,,,,,,,,,,,,,,,,,,,,,,,,,,,,,,,,,,,,,,,,,,,,,,,,,,,,,,,,,,,,,,,,,,,,,,,,,,,,,,,,,,,,,,,,,,,,,,,,,,,,,,,,,,,,,,,,,,,,,,44977,,,,,,,,,,,,,,,,,,,,,,,,,,,,,,,,,795,,,,,,,,,,,,,,,,,,,,,,,,,,,2551019,,,,,,225493,28004,,,,5228,,,,,,,,,,,,,,,,,,,,,,,,,,11338,,6354,,,,,,,,11159,,,,,,,,,,,255141,,,976,,,,,,,,44955771,,,,,,,,,,,,,,,,,,,688937,,226924,219974,,,,,,,,,,1548,,,1799960,,,,,,,260581,,,,,,
1754265600,8/4/2025,,3626334218,,,,,,,,,,,,,,,,,,,,,,,,,,,,,,,,,,,,,,,,,,,,,,,,,,,,,,,,,,,,,,,,,,,,,,,,,,,,,,,,,,,,,,,,,,,,,,,,,,,,,,,,,,,,,,,,,,,,,,,,,,,,,,,,,,,,,,,,,,,,,,,,,,,,,,,,,,44788,,,,,,,,,,,,,,,,,,,,,,,,,,,,,,,,,795,,,,,,,,,,,,,,,,,,,,,,,,,,,2551019,,,,,,225632,28004,,,,5228,,,,,,,,,,,,,,,,,,,,,,,,,,11338,,6354,,,,,,,,11159,,,,,,,,,,,255141,,,976,,,,,,,,44955771,,,,,,,,,,,,,,,,,,,689192,,226924,219749,,,,,,,,,,1556,,,1821445,,,,,,,260581,,,,,,
1754352000,8/5/2025,,3817641663,,,,,,,,,,,,,,,,,,,,,,,,,,,,,,,,,,,,,,,,,,,,,,,,,,,,,,,,,,,,,,,,,,,,,,,,,,,,,,,,,,,,,,,,,,,,,,,,,,,,,,,,,,,,,,,,,,,,,,,,,,,,,,,,,,,,,,,,,,,,,,,,,,,,,,,,,,44798,,,,,,,,,,,,,,,,,,,,,,,,,,,,,,,,,795,,,,,,,,,,,,,,,,,,,,,,,,,,,2551019,,,,,,227732,28004,,,,5228,,,,,,,,,,,,,,,,,,,,,,,,,,11296,,6354,,,,,,,,11159,,,,,,,,,,,255141,,,976,,,,,,,,46114857,,,,,,,,,,,,,,,,,,,688718,,231938,217829,,,,,,,,,,1556,,,1809788,,,,,,,260581,,,,,,
1754438400,8/6/2025,,3789300544,,,,,,,,,,,,,,,,,,,,,,,,,,,,,,,,,,,,,,,,,,,,,,,,,,,,,,,,,,,,,,,,,,,,,,,,,,,,,,,,,,,,,,,,,,,,,,,,,,,,,,,,,,,,,,,,,,,,,,,,,,,,,,,,,,,,,,,,,,,,,,,,,,,,,,,,,,44798,,,,,,,,,,,,,,,,,,,,,,,,,,,,,,,,,795,,,,,,,,,,,,,,,,,,,,,,,,,,,2542209,,,,,,228232,28004,,,,5228,,,,,,,,,,,,,,,,,,,,,,,,,,11338,,6354,,,,,,,,11159,,,,,,,,,,,255141,,,976,,,,,,,,44140880,,,,,,,,,,,,,,,,,,,692435,,231938,217829,,,,,,,,,,1695,,,1812075,,,,,,,260581,,,,,,
1754524800,8/7/2025,,3787514417,,,,,,,,,,,,,,,,,,,,,,,,,,,,,,,,,,,,,,,,,,,,,,,,,,,,,,,,,,,,,,,,,,,,,,,,,,,,,,,,,,,,,,,,,,,,,,,,,,,,,,,,,,,,,,,,,,,,,,,,,,,,,,,,,,,,,,,,,,,,,,,,,,,,,,,,,,44798,,,,,,,,,,,,,,,,,,,,,,,,,,,,,,,,,795,,,,,,,,,,,,,,,,,,,,,,,,,,,2719444,,,,,,228882,28004,,,,5228,,,,,,,,,,,,,,,,,,,,,,,,,,11296,,6354,,,,,,,,11159,,,,,,,,,,,255141,,,976,,,,,,,,45363503,,,,,,,,,,,,,,,,,,,689885,,219930,196026,,,,,,,,,,5975,,,1813722,,,,,,,260581,,,,,,
1754611200,8/8/2025,,3834413356,,,,,,,,,,,,,,,,,,,,,,,,,,,,,,,,,,,,,,,,,,,,,,,,,,,,,,,,,,,,,,,,,,,,,,,,,,,,,,,,,,,,,,,,,,,,,,,,,,,,,,,,,,,,,,,,,,,,,,,,,,,,,,,,,,,,,,,,,,,,,,,,,,,,,,,,,,44798,,,,,,,,,,,,,,,,,,,,,,,,,,,,,,,,,795,,,,,,,,,,,,,,,,,,,,,,,,,,,2718050,,,,,,228882,28004,,,,5228,,,,,,,,,,,,,,,,,,,,,,,,,,11296,,6354,,,,,,,,11159,,,,,,,,,,,255141,,,976,,,,,,,,45363503,,,,,,,,,,,,,,,,,,,690513,,219930,190095,,,,,,,,,,377787,,,1792103,,,,,,,262541,,,,,,
1754697600,8/9/2025,,3818292981,,,,,,,,,,,,,,,,,,,,,,,,,,,,,,,,,,,,,,,,,,,,,,,,,,,,,,,,,,,,,,,,,,,,,,,,,,,,,,,,,,,,,,,,,,,,,,,,,,,,,,,,,,,,,,,,,,,,,,,,,,,,,,,,,,,,,,,,,,,,,,,,,,,,,,,,,,45739,,,,,,,,,,,,,,,,,,,,,,,,,,,,,,,,,795,,,,,,,,,,,,,,,,,,,,,,,,,,,2718050,,,,,,228882,28013,,,,5228,,,,,,,,,,,,,,,,,,,,,,,,,,11296,,6354,,,,,,,,11159,,,,,,,,,,,255141,,,976,,,,,,,,45363981,,,,,,,,,,,,,,,,,,,690122,,219930,190095,,,,,,,,,,377787,,,1785478,,,,,,,262541,,,,,,
1754784000,8/10/2025,,3830267666,,,,,,,,,,,,,,,,,,,,,,,,,,,,,,,,,,,,,,,,,,,,,,,,,,,,,,,,,,,,,,,,,,,,,,,,,,,,,,,,,,,,,,,,,,,,,,,,,,,,,,,,,,,,,,,,,,,,,,,,,,,,,,,,,,,,,,,,,,,,,,,,,,,,,,,,,,39405,,,,,,,,,,,,,,,,,,,,,,,,,,,,,,,,,795,,,,,,,,,,,,,,,,,,,,,,,,,,,2717457,,,,,,230382,28013,,,,5228,,,,,,,,,,,,,,,,,,,,,,,,,,11296,,6354,,,,,,,,11159,,,,,,,,,,,255141,,,976,,,,,,,,47703981,,,,,,,,,,,,,,,,,,,690365,,219930,177347,,,,,,,,,,379001,,,1793942,,,,,,,262541,,,,,,
1754870400,8/11/2025,,3823676200,,,,,,,,,,,,,,,,,,,,,,,,,,,,,,,,,,,,,,,,,,,,,,,,,,,,,,,,,,,,,,,,,,,,,,,,,,,,,,,,,,,,,,,,,,,,,,,,,,,,,,,,,,,,,,,,,,,,,,,,,,,,,,,,,,,,,,,,,,,,,,,,,,,,,,,,,,39923,,,,,,,,,,,,,,,,,,,,,,,,,,,,,,,,,795,,,,,,,,,,,,,,,,,,,,,,,,,,,2717702,,,,,,230382,28064,,,,5228,,,,,,,,,,,,,,,,,,,,,,,,,,11296,,6354,,,,,,,,11159,,,,,,,,,,,255651,,,976,,,,,,,,47296254,,,,,,,,,,,,,,,,,,,690639,,218156,177347,,,,,,,,,,377215,,,1796364,,,,,,,262541,,,,,,
1754956800,8/12/2025,,3868368201,,,,,,,,,,,,,,,,,,,,,,,,,,,,,,,,,,,,,,,,,,,,,,,,,,,,,,,,,,,,,,,,,,,,,,,,,,,,,,,,,,,,,,,,,,,,,,,,,,,,,,,,,,,,,,,,,,,,,,,,,,,,,,,,,,,,,,,,,,,,,,,,,,,,,,,,,,39804,,,,,,,,,,,,,,,,,,,,,,,,,,,,,,,,,795,,,,,,,,,,,,,,,,,,,,,,,,,,,2717702,,,,,,232782,28074,,,,5228,,,,,,,,,,,,,,,,,,,,,,,,,,11296,,6354,,,,,,,,11159,,,,,,,,,,,255141,,,976,,,,,,,,48361872,,,,,,,,,,,,,,,,,,,689951,,219930,177347,,,,,,,,,,378358,,,1809122,,,,,,,262541,,,,,,
1755043200,8/13/2025,,3866267925,,,,,,,,,,,,,,,,,,,,,,,,,,,,,,,,,,,,,,,,,,,,,,,,,,,,,,,,,,,,,,,,,,,,,,,,,,,,,,,,,,,,,,,,,,,,,,,,,,,,,,,,,,,,,,,,,,,,,,,,,,,,,,,,,,,,,,,,,,,,,,,,,,,,,,,,,,39804,,,,,,,,,,,,,,,,,,,,,,,,,,,,,,,,,795,,,,,,,,,,,,,,,,,,,,,,,,,,,2628171,,,,,,234285,28096,,,,5228,,,,,,,,,,,,,,,,,,,,,,,,,,11296,,6354,,,,,,,,11159,,,,,,,,,,,255141,,,976,,,,,,,,49015713,,,,,,,,,,,,,,,,,,,690766,,239913,178768,,,,,,,,,,381144,,,1802024,,,,,,,264500,,,,,,
1755129600,8/14/2025,,3891099079,,,,,,,,,,,,,,,,,,,,,,,,,,,,,,,,,,,,,,,,,,,,,,,,,,,,,,,,,,,,,,,,,,,,,,,,,,,,,,,,,,,,,,,,,,,,,,,,,,,,,,,,,,,,,,,,,,,,,,,,,,,,,,,,,,,,,,,,,,,,,,,,,,,,,,,,,,40042,,,,,,,,,,,,,,,,,,,,,,,,,,,,,,,,,795,,,,,,,,,,,,,,,,,,,,,,,,,,,2627764,,,,,,234485,28096,,,,5228,,,,,,,,,,,,,,,,,,,,,,,,,,11338,,6354,,,,,,,,11159,,,,,,,,,,,255141,,,976,,,,,,,,47543450,,,,,,,,,,,,,,,,,,,616705,,255435,244402,,,,,,,,,,378934,,,1801231,,,,,,,264500,,,,,,
1755216000,8/15/2025,,3831850858,,,,,,,,,,,,,,,,,,,,,,,,,,,,,,,,,,,,,,,,,,,,,,,,,,,,,,,,,,,,,,,,,,,,,,,,,,,,,,,,,,,,,,,,,,,,,,,,,,,,,,,,,,,,,,,,,,,,,,,,,,,,,,,,,,,,,,,,,,,,,,,,,,,,,,,,,,39804,,,,,,,,,,,,,,,,,,,,,,,,,,,,,,,,,795,,,,,,,,,,,,,,,,,,,,,,,,,,,2854980,,,,,,234665,28096,,,,5228,,,,,,,,,,,,,,,,,,,,,,,,,,11296,,6354,,,,,,,,11159,,,,,,,,,,,255651,,,976,,,,,,,,50892040,,,,,,,,,,,,,,,,,,,616048,,255435,250234,,,,,,,,,,380100,,,1806405,,,,,,,270497,,,,,,
1755302400,8/16/2025,,3817722556,,,,,,,,,,,,,,,,,,,,,,,,,,,,,,,,,,,,,,,,,,,,,,,,,,,,,,,,,,,,,,,,,,,,,,,,,,,,,,,,,,,,,,,,,,,,,,,,,,,,,,,,,,,,,,,,,,,,,,,,,,,,,,,,,,,,,,,,,,,,,,,,,,,,,,,,,,39804,,,,,,,,,,,,,,,,,,,,,,,,,,,,,,,,,795,,,,,,,,,,,,,,,,,,,,,,,,,,,2856027,,,,,,234665,27368,,,,5228,,,,,,,,,,,,,,,,,,,,,,,,,,11296,,6354,,,,,,,,11159,,,,,,,,,,,255141,,,976,,,,,,,,51262272,,,,,,,,,,,,,,,,,,,616548,,255435,250234,,,,,,,,,,369660,,,1796525,,,,,,,270497,,,,,,
1755388800,8/17/2025,,3817776011,,,,,,,,,,,,,,,,,,,,,,,,,,,,,,,,,,,,,,,,,,,,,,,,,,,,,,,,,,,,,,,,,,,,,,,,,,,,,,,,,,,,,,,,,,,,,,,,,,,,,,,,,,,,,,,,,,,,,,,,,,,,,,,,,,,,,,,,,,,,,,,,,,,,,,,,,,39804,,,,,,,,,,,,,,,,,,,,,,,,,,,,,,,,,795,,,,,,,,,,,,,,,,,,,,,,,,,,,2950733,,,,,,234665,27368,,,,5228,,,,,,,,,,,,,,,,,,,,,,,,,,11331,,6354,,,,,,,,11159,,,,,,,,,,,255651,,,976,,,,,,,,51262272,,,,,,,,,,,,,,,,,,,616017,,255435,251853,,,,,,,,,,369660,,,1801787,,,,,,,270497,,,,,,
1755475200,8/18/2025,,3760571253,,,,,,,,,,,,,,,,,,,,,,,,,,,,,,,,,,,,,,,,,,,,,,,,,,,,,,,,,,,,,,,,,,,,,,,,,,,,,,,,,,,,,,,,,,,,,,,,,,,,,,,,,,,,,,,,,,,,,,,,,,,,,,,,,,,,,,,,,,,,,,,,,,,,,,,,,,39789,,,,,,,,,,,,,,,,,,,,,,,,,,,,,,,,,795,,,,,,,,,,,,,,,,,,,,,,,,,,,2955558,,,,,,234665,28434,,,,5228,,,,,,,,,,,,,,,,,,,,,,,,,,11331,,6354,,,,,,,,11159,,,,,,,,,,,255141,,,976,,,,,,,,51262272,,,,,,,,,,,,,,,,,,,615516,,255435,258270,,,,,,,,,,369207,,,1797220,,,,,,,268508,,,,,,
1755561600,8/19/2025,,3775023451,,,,,,,,,,,,,,,,,,,,,,,,,,,,,,,,,,,,,,,,,,,,,,,,,,,,,,,,,,,,,,,,,,,,,,,,,,,,,,,,,,,,,,,,,,,,,,,,,,,,,,,,,,,,,,,,,,,,,,,,,,,,,,,,,,,,,,,,,,,,,,,,,,,,,,,,,,39963,,,,,,,,,,,,,,,,,,,,,,,,,,,,,,,,,795,,,,,,,,,,,,,,,,,,,,,,,,,,,2955738,,,,,,234665,28474,,,,5228,,,,,,,,,,,,,,,,,,,,,,,,,,11173,,6354,,,,,,,,11159,,,,,,,,,,,255141,,,976,,,,,,,,51127854,,,,,,,,,,,,,,,,,,,614014,,260447,274819,,,,,,,,,,369773,,,1790277,,,,,,,268508,,,,,,
1755648000,8/20/2025,,3791148695,,,,,,,,,,,,,,,,,,,,,,,,,,,,,,,,,,,,,,,,,,,,,,,,,,,,,,,,,,,,,,,,,,,,,,,,,,,,,,,,,,,,,,,,,,,,,,,,,,,,,,,,,,,,,,,,,,,,,,,,,,,,,,,,,,,,,,,,,,,,,,,,,,,,,,,,,,39787,,,,,,,,,,,,,,,,,,,,,,,,,,,,,,,,,795,,,,,,,,,,,,,,,,,,,,,,,,,,,2964180,,,,,,234665,28514,,,,5228,,,,,,,,,,,,,,,,,,,,,,,,,,11216,,6354,,,,,,,,11159,,,,,,,,,,,255141,,,976,,,,,,,,50736587,,,,,,,,,,,,,,,,,,,830143,,260075,275029,,,,,,,,,,368936,,,1789546,,,,,,,268508,,,,,,
1755734400,8/21/2025,,3791152487,,,,,,,,,,,,,,,,,,,,,,,,,,,,,,,,,,,,,,,,,,,,,,,,,,,,,,,,,,,,,,,,,,,,,,,,,,,,,,,,,,,,,,,,,,,,,,,,,,,,,,,,,,,,,,,,,,,,,,,,,,,,,,,,,,,,,,,,,,,,,,,,,,,,,,,,,,39773,,,,,,,,,,,,,,,,,,,,,,,,,,,,,,,,,795,,,,,,,,,,,,,,,,,,,,,,,,,,,2975277,,,,,,234765,27634,,,,5228,,,,,,,,,,,,,,,,,,,,,,,,,,11161,,6354,,,,,,,,11159,,,,,,,,,,,255141,,,976,,,,,,,,48415364,,,,,,,,,,,,,,,,,,,684325,,279140,276568,,,,,,,,,,378381,,,1788561,,,,,,,268508,,,,,,
1755820800,8/22/2025,,3780177381,,,,,,,,,,,,,,,,,,,,,,,,,,,,,,,,,,,,,,,,,,,,,,,,,,,,,,,,,,,,,,,,,,,,,,,,,,,,,,,,,,,,,,,,,,,,,,,,,,,,,,,,,,,,,,,,,,,,,,,,,,,,,,,,,,,,,,,,,,,,,,,,,,,,,,,,,,39923,,,,,,,,,,,,,,,,,,,,,,,,,,,,,,,,,795,,,,,,,,,,,,,,,,,,,,,,,,,,,2780978,,,,,,234865,27636,,,,5228,,,,,,,,,,,,,,,,,,,,,,,,,,11173,,6354,,,,,,,,11159,,,,,,,,,,,255141,,,976,,,,,,,,50053154,,,,,,,,,,,,,,,,,,,686990,,279140,276568,,,,,,,,,,377811,,,1815674,,,,,,,268508,,,,,,
1755907200,8/23/2025,,3780192505,,,,,,,,,,,,,,,,,,,,,,,,,,,,,,,,,,,,,,,,,,,,,,,,,,,,,,,,,,,,,,,,,,,,,,,,,,,,,,,,,,,,,,,,,,,,,,,,,,,,,,,,,,,,,,,,,,,,,,,,,,,,,,,,,,,,,,,,,,,,,,,,,,,,,,,,,,11723,,,,,,,,,,,,,,,,,,,,,,,,,,,,,,,,,795,,,,,,,,,,,,,,,,,,,,,,,,,,,2579005,,,,,,237962,27654,,,,5228,,,,,,,,,,,,,,,,,,,,,,,,,,11173,,6354,,,,,,,,11159,,,,,,,,,,,255141,,,976,,,,,,,,47980947,,,,,,,,,,,,,,,,,,,687114,,289494,279137,,,,,,,,,,377811,,,1794316,,,,,,,270513,,,,,,
1755993600,8/24/2025,,3858715370,,,,,,,,,,,,,,,,,,,,,,,,,,,,,,,,,,,,,,,,,,,,,,,,,,,,,,,,,,,,,,,,,,,,,,,,,,,,,,,,,,,,,,,,,,,,,,,,,,,,,,,,,,,,,,,,,,,,,,,,,,,,,,,,,,,,,,,,,,,,,,,,,,,,,,,,,,11632,,,,,,,,,,,,,,,,,,,,,,,,,,,,,,,,,795,,,,,,,,,,,,,,,,,,,,,,,,,,,2582315,,,,,,237962,27656,,,,5228,,,,,,,,,,,,,,,,,,,,,,,,,,11173,,6354,,,,,,,,11159,,,,,,,,,,,255141,,,976,,,,,,,,47574329,,,,,,,,,,,,,,,,,,,687133,,289494,256044,,,,,,,,,,337946,,,1795991,,,,,,,270513,,,,,,
1756080000,8/25/2025,,3858409115,,,,,,,,,,,,,,,,,,,,,,,,,,,,,,,,,,,,,,,,,,,,,,,,,,,,,,,,,,,,,,,,,,,,,,,,,,,,,,,,,,,,,,,,,,,,,,,,,,,,,,,,,,,,,,,,,,,,,,,,,,,,,,,,,,,,,,,,,,,,,,,,,,,,,,,,,,11636,,,,,,,,,,,,,,,,,,,,,,,,,,,,,,,,,795,,,,,,,,,,,,,,,,,,,,,,,,,,,2582865,,,,,,237962,27655,,,,5228,,,,,,,,,,,,,,,,,,,,,,,,,,11173,,6354,,,,,,,,11159,,,,,,,,,,,255141,,,976,,,,,,,,46225810,,,,,,,,,,,,,,,,,,,686122,,287178,256044,,,,,,,,,,340792,,,1802174,,,,,,,270513,,,,,,
1756166400,8/26/2025,,3957829276,,,,,,,,,,,,,,,,,,,,,,,,,,,,,,,,,,,,,,,,,,,,,,,,,,,,,,,,,,,,,,,,,,,,,,,,,,,,,,,,,,,,,,,,,,,,,,,,,,,,,,,,,,,,,,,,,,,,,,,,,,,,,,,,,,,,,,,,,,,,,,,,,,,,,,,,,,11285,,,,,,,,,,,,,,,,,,,,,,,,,,,,,,,,,795,,,,,,,,,,,,,,,,,,,,,,,,,,,2683195,,,,,,230360,29824,,,,5228,,,,,,,,,,,,,,,,,,,,,,,,,,11173,,6354,,,,,,,,11159,,,,,,,,,,,255141,,,976,,,,,,,,47365662,,,,,,,,,,,,,,,,,,,688098,,268224,263016,,,,,,,,,,340792,,,1802645,,,,,,,270513,,,,,,
1756252800,8/27/2025,,3990869074,,,,,,,,,,,,,,,,,,,,,,,,,,,,,,,,,,,,,,,,,,,,,,,,,,,,,,,,,,,,,,,,,,,,,,,,,,,,,,,,,,,,,,,,,,,,,,,,,,,,,,,,,,,,,,,,,,,,,,,,,,,,,,,,,,,,,,,,,,,,,,,,,,,,,,,,,,11089,,,,,,,,,,,,,,,,,,,,,,,,,,,,,,,,,795,,,,,,,,,,,,,,,,,,,,,,,,,,,2683583,,,,,,230360,51073,,,,5228,,,,,,,,,,,,,,,,,,,,,,,,,,11216,,6354,,,,,,,,11159,,,,,,,,,,,255141,,,976,,,,,,,,47025068,,,,,,,,,,,,,,,,,,,688890,,282223,262820,,,,,,,,,,324163,,,1799873,,,,,,,270513,,,,,,
1756339200,8/28/2025,,3948126460,,,,,,,,,,,,,,,,,,,,,,,,,,,,,,,,,,,,,,,,,,,,,,,,,,,,,,,,,,,,,,,,,,,,,,,,,,,,,,,,,,,,,,,,,,,,,,,,,,,,,,,,,,,,,,,,,,,,,,,,,,,,,,,,,,,,,,,,,,,,,,,,,,,,,,,,,,11074,,,,,,,,,,,,,,,,,,,,,,,,,,,,,,,,,795,,,,,,,,,,,,,,,,,,,,,,,,,,,2684890,,,,,,230360,51073,,,,5228,,,,,,,,,,,,,,,,,,,,,,,,,,11173,,6354,,,,,,,,11159,,,,,,,,,,,255141,,,976,,,,,,,,47618812,,,,,,,,,,,,,,,,,,,690178,,284499,264139,,,,,,,,,,326071,,,1792553,,,,,,,270513,,,,,,
1756425600,8/29/2025,,3941432246,,,,,,,,,,,,,,,,,,,,,,,,,,,,,,,,,,,,,,,,,,,,,,,,,,,,,,,,,,,,,,,,,,,,,,,,,,,,,,,,,,,,,,,,,,,,,,,,,,,,,,,,,,,,,,,,,,,,,,,,,,,,,,,,,,,,,,,,,,,,,,,,,,,,,,,,,,11023,,,,,,,,,,,,,,,,,,,,,,,,,,,,,,,,,795,,,,,,,,,,,,,,,,,,,,,,,,,,,2685466,,,,,,230360,51073,,,,5228,,,,,,,,,,,,,,,,,,,,,,,,,,11130,,6354,,,,,,,,11159,,,,,,,,,,,255141,,,976,,,,,,,,47323756,,,,,,,,,,,,,,,,,,,691312,,272334,264139,,,,,,,,,,326479,,,1775485,,,,,,,270513,,418746,,,,
1756512000,8/30/2025,,3909888088,,,,,,,,,,,,,,,,,,,,,,,,,,,,,,,,,,,,,,,,,,,,,,,,,,,,,,,,,,,,,,,,,,,,,,,,,,,,,,,,,,,,,,,,,,,,,,,,,,,,,,,,,,,,,,,,,,,,,,,,,,,,,,,,,,,,,,,,,,,,,,,,,,,,,,,,,,10781,,,,,,,,,,,,,,,,,,,,,,,,,,,,,,,,,795,,,,,,,,,,,,,,,,,,,,,,,,,,,2685849,,,,,,230360,51073,,,,5228,,,,,,,,,,,,,,,,,,,,,,,,,,10959,,6354,,,,,,,,11159,,,,,,,,,,,255651,,,976,,,,,,,,46022569,,,,,,,,,,,,,,,,,,,691793,,277979,264139,,,,,,,,,,326479,,,1753934,,,,,,,270513,,418646,,,,
1756598400,8/31/2025,,3881310992,,,,,,,,,,,,,,,,,,,,,,,,,,,,,,,,,,,,,,,,,,,,,,,,,,,,,,,,,,,,,,,,,,,,,,,,,,,,,,,,,,,,,,,,,,,,,,,,,,,,,,,,,,,,,,,,,,,,,,,,,,,,,,,,,,,,,,,,,,,,,,,,,,,,,,,,,,10744,,,,,,,,,,,,,,,,,,,,,,,,,,,,,,,,,795,,,,,,,,,,,,,,,,,,,,,,,,,,,2686189,,,,,,230360,51073,,,,5228,,,,,,,,,,,,,,,,,,,,,,,,,,11152,,6354,,,,,,,,11159,,,,,,,,,,,255141,,,976,,,,,,,,46022569,,,,,,,,,,,,,,,,,,,692154,,277979,264319,,,,,,,,,,326691,,,1748852,,,,,,,270513,,419109,,,,
1756684800,9/1/2025,,3866933082,,,,,,,,,,,,,,,,,,,,,,,,,,,,,,,,,,,,,,,,,,,,,,,,,,,,,,,,,,,,,,,,,,,,,,,,,,,,,,,,,,,,,,,,,,,,,,,,,,,,,,,,,,,,,,,,,,,,,,,,,,,,,,,,,,,,,,,,,,,,,,,,,,,,,,,,,,10791,,,,,,,,,,,,,,,,,,,,,,,,,,,,,,,,,795,,,,,,,,,,,,,,,,,,,,,,,,,,,2686189,,,,,,230360,51073,,,,5228,,,,,,,,,,,,,,,,,,,,,,,,,,11152,,6354,,,,,,,,11159,,,,,,,,,,,255141,,,976,,,,,,,,46022569,,,,,,,,,,,,,,,,,,,691641,,277979,266079,,,,,,,,,,327316,,,1752572,,,,,,,270513,,418698,,,,
1756771200,9/2/2025,,3868088477,,,,,,,,,,,,,,,,,,,,,,,,,,,,,,,,,,,,,,,,,,,,,,,,,,,,,,,,,,,,,,,,,,,,,,,,,,,,,,,,,,,,,,,,,,,,,,,,,,,,,,,,,,,,,,,,,,,,,,,,,,,,,,,,,,,,,,,,,,,,,,,,,,,,,,,,,,10776,,,,,,,,,,,,,,,,,,,,,,,,,,,,,,,,,795,,,,,,,,,,,,,,,,,,,,,,,,,,,2686479,,,,,,230360,52611,,,,5228,,,,,,,,,,,,,,,,,,,,,,,,,,11195,,6354,,,,,,,,11159,,,,,,,,,,,255141,,,976,,,,,,,,45369859,,,,,,,,,,,,,,,,,,,688806,,277979,272613,,,,,,,,,,327316,,,1741375,,,,,,,270513,,419078,,,,
1756857600,9/3/2025,,3883986096,,,,,,,,,,,,,,,,,,,,,,,,,,,,,,,,,,,,,,,,,,,,,,,,,,,,,,,,,,,,,,,,,,,,,,,,,,,,,,,,,,,,,,,,,,,,,,,,,,,,,,,,,,,,,,,,,,,,,,,,,,,,,,,,,,,,,,,,,,,,,,,,,,,,,,,,,,10776,,,,,,,,,,,,,,,,,,,,,,,,,,,,,,,,,795,,,,,,,,,,,,,,,,,,,,,,,,,,,2728926,,,,,,230360,52611,,,,5228,,,,,,,,,,,,,,,,,,,,,,,,,,11195,,6354,,,,,,,,11159,,,,,,,,,,,255141,,,976,,,,,,,,48062472,,,,,,,,,,,,,,,,,,,615985,,277979,296429,,,,,,,,,,303738,,,1751152,,,,,,,277789,,419102,,,,
1756944000,9/4/2025,,3953704079,,,,,,,,,,,,,,,,,,,,,,,,,,,,,,,,,,,,,,,,,,,,,,,,,,,,,,,,,,,,,,,,,,,,,,,,,,,,,,,,,,,,,,,,,,,,,,,,,,,,,,,,,,,,,,,,,,,,,,,,,,,,,,,,,,,,,,,,,,,,,,,,,,,,,,,,,,10779,,,,,,,,,,,,,,,,,,,,,,,,,,,,,,,,,795,,,,,,,,,,,,,,,,,,,,,,,,,,,2729299,,,,,,227894,52646,,,,5228,,,,,,,,,,,,,,,,,,,,,,,,,,11195,,6354,,,,,,,,11159,,,,,,,,,,,255141,,,976,,,,,,,,47959694,,,,,,,,,,,,,,,,,,,615624,,234217,296429,,,,,,,,,,303738,,,1750023,,,,,,,293389,,419097,,,,
1757030400,9/5/2025,,3885539709,,,,,,,,,,,,,,,,,,,,,,,,,,,,,,,,,,,,,,,,,,,,,,,,,,,,,,,,,,,,,,,,,,,,,,,,,,,,,,,,,,,,,,,,,,,,,,,,,,,,,,,,,,,,,,,,,,,,,,,,,,,,,,,,,,,,,,,,,,,,,,,,,,,,,,,,,,10782,,,,,,,,,,,,,,,,,,,,,,,,,,,,,,,,,795,,,,,,,,,,,,,,,,,,,,,,,,,,,2735409,,,,,,227894,56620,,,,5228,,,,,,,,,,,,,,,,,,,,,,,,,,11161,,6354,,,,,,,,11159,,,,,,,,,,,255141,,,976,,,,,,,,48445940,,,,,,,,,,,,,,,,,,,614778,,234848,296429,,,,,,,,,,304139,,,1767017,,,,,,,295695,,417903,,,,
1757116800,9/6/2025,,3890390862,,,,,,,,,,,,,,,,,,,,,,,,,,,,,,,,,,,,,,,,,,,,,,,,,,,,,,,,,,,,,,,,,,,,,,,,,,,,,,,,,,,,,,,,,,,,,,,,,,,,,,,,,,,,,,,,,,,,,,,,,,,,,,,,,,,,,,,,,,,,,,,,,,,,,,,,,,10780,,,,,,,,,,,,,,,,,,,,,,,,,,,,,,,,,795,,,,,,,,,,,,,,,,,,,,,,,,,,,2735852,,,,,,229894,56620,,,,5228,,,,,,,,,,,,,,,,,,,,,,,,,,11161,,6354,,,,,,,,11159,,,,,,,,,,,255141,,,976,,,,,,,,46842866,,,,,,,,,,,,,,,,,,,615376,,224831,298911,,,,,,,,,,278271,,,1740483,,,,,,,295695,,417847,,,,
1757203200,9/7/2025,,3878852286,,,,,,,,,,,,,,,,,,,,,,,,,,,,,,,,,,,,,,,,,,,,,,,,,,,,,,,,,,,,,,,,,,,,,,,,,,,,,,,,,,,,,,,,,,,,,,,,,,,,,,,,,,,,,,,,,,,,,,,,,,,,,,,,,,,,,,,,,,,,,,,,,,,,,,,,,,10782,,,,,,,,,,,,,,,,,,,,,,,,,,,,,,,,,795,,,,,,,,,,,,,,,,,,,,,,,,,,,2735826,,,,,,231901,56682,,,,5228,,,,,,,,,,,,,,,,,,,,,,,,,,11161,,6354,,,,,,,,11159,,,,,,,,,,,255141,,,976,,,,,,,,46842866,,,,,,,,,,,,,,,,,,,615179,,227331,298911,,,,,,,,,,278271,,,1743420,,,,,,,295695,,417852,,,,
1757289600,9/8/2025,,3874712423,,,,,,,,,,,,,,,,,,,,,,,,,,,,,,,,,,,,,,,,,,,,,,,,,,,,,,,,,,,,,,,,,,,,,,,,,,,,,,,,,,,,,,,,,,,,,,,,,,,,,,,,,,,,,,,,,,,,,,,,,,,,,,,,,,,,,,,,,,,,,,,,,,,,,,,,,,10721,,,,,,,,,,,,,,,,,,,,,,,,,,,,,,,,,795,,,,,,,,,,,,,,,,,,,,,,,,,,,2736276,,,,,,231901,56682,,,,5228,,,,,,,,,,,,,,,,,,,,,,,,,,11161,,6354,,,,,,,,11159,,,,,,,,,,,255141,,,976,,,,,,,,47602465,,,,,,,,,,,,,,,,,,,615878,,229150,298911,,,,,,,,,,281679,,,1759194,,,,,,,295695,,418192,,,,
1757376000,9/9/2025,,3885754916,,,,,,,,,,,,,,,,,,,,,,,,,,,,,,,,,,,,,,,,,,,,,,,,,,,,,,,,,,,,,,,,,,,,,,,,,,,,,,,,,,,,,,,,,,,,,,,,,,,,,,,,,,,,,,,,,,,,,,,,,,,,,,,,,,,,,,,,,,,,,,,,,,,,,,,,,,10791,,,,,,,,,,,,,,,,,,,,,,,,,,,,,,,,,795,,,,,,,,,,,,,,,,,,,,,,,,,,,2771301,,,,,,231901,48185,,,,5228,,,,,,,,,,,,,,,,,,,,,,,,,,11161,,6354,,,,,,,,11159,,,,,,,,,,,255141,,,976,,,,,,,,47880305,,,,,,,,,,,,,,,,,,,614711,,217278,303709,,,,,,,,,,273340,,,1742253,,,,,,,295695,,418516,,,,
1757462400,9/10/2025,,3896149820,,,,,,,,,,,,,,,,,,,,,,,,,,,,,,,,,,,,,,,,,,,,,,,,,,,,,,,,,,,,,,,,,,,,,,,,,,,,,,,,,,,,,,,,,,,,,,,,,,,,,,,,,,,,,,,,,,,,,,,,,,,,,,,,,,,,,,,,,,,,,,,,,,,,,,,,,,10782,,,,,,,,,,,,,,,,,,,,,,,,,,,,,,,,,795,,,,,,,,,,,,,,,,,,,,,,,,,,,2771301,,,,,,231901,48185,,,,5228,,,,,,,,,,,,,,,,,,,,,,,,,,11161,,6354,,,,,,,,11159,,,,,,,,,,,255141,,,976,,,,,,,,48005096,,,,,,,,,,,,,,,,,,,613797,,188060,304297,,,,,,,,,,259762,,,1748289,,,,,,,295695,,417559,,,,
1757548800,9/11/2025,,3901672713,,,,,,,,,,,,,,,,,,,,,,,,,,,,,,,,,,,,,,,,,,,,,,,,,,,,,,,,,,,,,,,,,,,,,,,,,,,,,,,,,,,,,,,,,,,,,,,,,,,,,,,,,,,,,,,,,,,,,,,,,,,,,,,,,,,,,,,,,,,,,,,,,,,,,,,,,,10772,,,,,,,,,,,,,,,,,,,,,,,,,,,,,,,,,795,,,,,,,,,,,,,,,,,,,,,,,,,,,2771301,,,,,,232401,48185,,,,5228,,,,,,,,,,,,,,,,,,,,,,,,,,11161,,6354,,,,,,,,11159,,,,,,,,,,,255141,,,976,,,,,,,,48054267,,,,,,,,,,,,,,,,,,,614264,,188060,304297,,,,,,,,,,259372,,,1756867,,,,,,,295695,,417276,,,,
1757635200,9/12/2025,,3932588030,,,,,,,,,,,,,,,,,,,,,,,,,,,,,,,,,,,,,,,,,,,,,,,,,,,,,,,,,,,,,,,,,,,,,,,,,,,,,,,,,,,,,,,,,,,,,,,,,,,,,,,,,,,,,,,,,,,,,,,,,,,,,,,,,,,,,,,,,,,,,,,,,,,,,,,,,,10834,,,,,,,,,,,,,,,,,,,,,,,,,,,,,,,,,795,,,,,,,,,,,,,,,,,,,,,,,,,,,2806837,,,,,,232454,48185,,,,5228,,,,,,,,,,,,,,,,,,,,,,,,,,11161,,6354,,,,,,,,11159,,,,,,,,,,,255141,,,976,,,,,,,,48148116,,,,,,,,,,,,,,,,,,,614258,,180473,304297,,,,,,,,,,249422,,,1756109,,,,,,,295695,,418137,,,,
1757721600,9/13/2025,,3909249253,,,,,,,,,,,,,,,,,,,,,,,,,,,,,,,,,,,,,,,,,,,,,,,,,,,,,,,,,,,,,,,,,,,,,,,,,,,,,,,,,,,,,,,,,,,,,,,,,,,,,,,,,,,,,,,,,,,,,,,,,,,,,,,,,,,,,,,,,,,,,,,,,,,,,,,,,,10774,,,,,,,,,,,,,,,,,,,,,,,,,,,,,,,,,795,,,,,,,,,,,,,,,,,,,,,,,,,,,2801620,,,,,,232454,48185,,,,5228,,,,,,,,,,,,,,,,,,,,,,,,,,11161,,6354,,,,,,,,11159,,,,,,,,,,,255141,,,976,,,,,,,,50192367,,,,,,,,,,,,,,,,,,,614190,,177841,303498,,,,,,,,,,250330,,,1749622,,,,,,,295695,,418613,,,,
1757808000,9/14/2025,,3896774270,,,,,,,,,,,,,,,,,,,,,,,,,,,,,,,,,,,,,,,,,,,,,,,,,,,,,,,,,,,,,,,,,,,,,,,,,,,,,,,,,,,,,,,,,,,,,,,,,,,,,,,,,,,,,,,,,,,,,,,,,,,,,,,,,,,,,,,,,,,,,,,,,,,,,,,,,,10791,,,,,,,,,,,,,,,,,,,,,,,,,,,,,,,,,795,,,,,,,,,,,,,,,,,,,,,,,,,,,2813678,,,,,,232350,48185,,,,5228,,,,,,,,,,,,,,,,,,,,,,,,,,11161,,6354,,,,,,,,11159,,,,,,,,,,,255141,,,976,,,,,,,,49767008,,,,,,,,,,,,,,,,,,,614290,,177841,303498,,,,,,,,,,250208,,,1755163,,,,,,,295695,,417794,,,,
1757894400,9/15/2025,,3878631613,,,,,,,,,,,,,,,,,,,,,,,,,,,,,,,,,,,,,,,,,,,,,,,,,,,,,,,,,,,,,,,,,,,,,,,,,,,,,,,,,,,,,,,,,,,,,,,,,,,,,,,,,,,,,,,,,,,,,,,,,,,,,,,,,,,,,,,,,,,,,,,,,,,,,,,,,,10823,,,,,,,,,,,,,,,,,,,,,,,,,,,,,,,,,795,,,,,,,,,,,,,,,,,,,,,,,,,,,2814067,,,,,,232350,48192,,,,5228,,,,,,,,,,,,,,,,,,,,,,,,,,11119,,6354,,,,,,,,11159,,,,,,,,,,,255141,,,976,,,,,,,,47832367,,,,,,,,,,,,,,,,,,,617158,,177841,303498,,,,,,,,,,250604,,,1761509,,,,,,,295695,,416928,,,,
1757980800,9/16/2025,,4077404509,,,,,,,,,,,,,,,,,,,,,,,,,,,,,,,,,,,,,,,,,,,,,,,,,,,,,,,,,,,,,,,,,,,,,,,,,,,,,,,,,,,,,,,,,,,,,,,,,,,,,,,,,,,,,,,,,,,,,,,,,,,,,,,,,,,,,,,,,,,,,,,,,,,,,,,,,,10834,,,,,,,,,,,,,,,,,,,,,,,,,,,,,,,,,795,,,,,,,,,,,,,,,,,,,,,,,,,,,2818219,,,,,,233959,84602,,,,5228,,,,,,,,,,,,,,,,,,,,,,,,,,11119,,6354,,,,,,,,11159,,,,,,,,,,,255906,,,976,,,,,,,,50487884,,,,,,,,,,,,,,,,,,,618503,,179252,307444,,,,,,,,,,253355,,,1775829,,,,,,,297885,,417735,,,,
1758067200,9/17/2025,,4014146368,,,,,,,,,,,,,,,,,,,,,,,,,,,,,,,,,,,,,,,,,,,,,,,,,,,,,,,,,,,,,,,,,,,,,,,,,,,,,,,,,,,,,,,,,,,,,,,,,,,,,,,,,,,,,,,,,,,,,,,,,,,,,,,,,,,,,,,,,,,,,,,,,,,,,,,,,,10791,,,,,,,,,,,,,,,,,,,,,,,,,,,,,,,,,795,,,,,,,,,,,,,,,,,,,,,,,,,,,2818007,,,,,,234074,84610,,,,5228,,,,,,,,,,,,,,,,,,,,,,,,,,11117,,6354,,,,,,,,11159,,,,,,,,,,,255397,,,976,,,,,,,,47471928,,,,,,,,,,,,,,,,,,,618803,,173195,248178,,,,,,,,,,157773,,,1782110,,,,,,,286838,,417796,,,,
1758153600,9/18/2025,,4018748532,,,,,,,,,,,,,,,,,,,,,,,,,,,,,,,,,,,,,,,,,,,,,,,,,,,,,,,,,,,,,,,,,,,,,,,,,,,,,,,,,,,,,,,,,,,,,,,,,,,,,,,,,,,,,,,,,,,,,,,,,,,,,,,,,,,,,,,,,,,,,,,,,,,,,,,,,,10791,,,,,,,,,,,,,,,,,,,,,,,,,,,,,,,,,795,,,,,,,,,,,,,,,,,,,,,,,,,,,2816273,,,,,,234074,83596,,,,5228,,,,,,,,,,,,,,,,,,,,,,,,,,11117,,6354,,,,,,,,11159,,,,,,,,,,,255652,,,976,,,,,,,,49832093,,,,,,,,,,,,,,,,,,,616569,,171831,248178,,,,,,,,,,157773,,,1786614,,,,,,,266766,,418109,,,,
1758240000,9/19/2025,,4012380204,,,,,,,,,,,,,,,,,,,,,,,,,,,,,,,,,,,,,,,,,,,,,,,,,,,,,,,,,,,,,,,,,,,,,,,,,,,,,,,,,,,,,,,,,,,,,,,,,,,,,,,,,,,,,,,,,,,,,,,,,,,,,,,,,,,,,,,,,,,,,,,,,,,,,,,,,,10770,,,,,,,,,,,,,,,,,,,,,,,,,,,,,,,,,795,,,,,,,,,,,,,,,,,,,,,,,,,,,2816273,,,,,,238324,86160,,,,5228,,,,,,,,,,,,,,,,,,,,,,,,,,11117,,6354,,,,,,,,11159,,,,,,,,,,,255142,,,976,,,,,,,,54201073,,,,,,,,,,,,,,,,,,,616928,,162696,253018,,,,,,,,,,173021,,,1780285,,,,,,,266766,,416873,,,,
1758326400,9/20/2025,,3995829680,,,,,,,,,,,,,,,,,,,,,,,,,,,,,,,,,,,,,,,,,,,,,,,,,,,,,,,,,,,,,,,,,,,,,,,,,,,,,,,,,,,,,,,,,,,,,,,,,,,,,,,,,,,,,,,,,,,,,,,,,,,,,,,,,,,,,,,,,,,,,,,,,,,,,,,,,,10778,,,,,,,,,,,,,,,,,,,,,,,,,,,,,,,,,795,,,,,,,,,,,,,,,,,,,,,,,,,,,2813005,,,,,,238324,86160,,,,5228,,,,,,,,,,,,,,,,,,,,,,,,,,11117,,6354,,,,,,,,11159,,,,,,,,,,,255652,,,976,,,,,,,,53352976,,,,,,,,,,,,,,,,,,,617203,,162696,253018,,,,,,,,,,216440,,,1776035,,,,,,,266766,,416979,,,,
1758412800,9/21/2025,,3999589887,,,,,,,,,,,,,,,,,,,,,,,,,,,,,,,,,,,,,,,,,,,,,,,,,,,,,,,,,,,,,,,,,,,,,,,,,,,,,,,,,,,,,,,,,,,,,,,,,,,,,,,,,,,,,,,,,,,,,,,,,,,,,,,,,,,,,,,,,,,,,,,,,,,,,,,,,,10770,,,,,,,,,,,,,,,,,,,,,,,,,,,,,,,,,795,,,,,,,,,,,,,,,,,,,,,,,,,,,2812491,,,,,,238324,86171,,,,5228,,,,,,,,,,,,,,,,,,,,,,,,,,11117,,6354,,,,,,,,11159,,,,,,,,,,,255159,,,976,,,,,,,,53352976,,,,,,,,,,,,,,,,,,,616712,,162696,253018,,,,,,,,,,222850,,,1772840,,,,,,,266766,,416979,,,,
1758499200,9/22/2025,,3980636429,,,,,,,,,,,,,,,,,,,,,,,,,,,,,,,,,,,,,,,,,,,,,,,,,,,,,,,,,,,,,,,,,,,,,,,,,,,,,,,,,,,,,,,,,,,,,,,,,,,,,,,,,,,,,,,,,,,,,,,,,,,,,,,,,,,,,,,,,,,,,,,,,,,,,,,,,,10793,,,,,,,,,,,,,,,,,,,,,,,,,,,,,,,,,795,,,,,,,,,,,,,,,,,,,,,,,,,,,2831348,,,,,,238324,85413,,,,5228,,,,,,,,,,,,,,,,,,,,,,,,,,11117,,6354,,,,,,,,11159,,,,,,,,,,,255159,,,976,,,,,,,,53801465,,,,,,,,,,,,,,,,,,,614866,,171253,254067,,,,,,,,,,222758,,,1778839,,,,,,,266766,,415731,,,,
1758585600,9/23/2025,,3955325986,,,,,,,,,,,,,,,,,,,,,,,,,,,,,,,,,,,,,,,,,,,,,,,,,,,,,,,,,,,,,,,,,,,,,,,,,,,,,,,,,,,,,,,,,,,,,,,,,,,,,,,,,,,,,,,,,,,,,,,,,,,,,,,,,,,,,,,,,,,,,,,,,,,,,,,,,,10795,,,,,,,,,,,,,,,,,,,,,,,,,,,,,,,,,795,,,,,,,,,,,,,,,,,,,,,,,,,,,2831342,,,,,,238324,86142,,,,5228,,,,,,,,,,,,,,,,,,,,,,,,,,11117,,6354,,,,,,,,11159,,,,,,,,,,,255159,,,976,,,,,,,,51063162,,,,,,,,,,,,,,,,,,,614724,,171253,260062,,,,,,,,,,241593,,,1795483,,,,,,,266766,,416099,,,,
1758672000,9/24/2025,,3998569872,,,,,,,,,,,,,,,,,,,,,,,,,,,,,,,,,,,,,,,,,,,,,,,,,,,,,,,,,,,,,,,,,,,,,,,,,,,,,,,,,,,,,,,,,,,,,,,,,,,,,,,,,,,,,,,,,,,,,,,,,,,,,,,,,,,,,,,,,,,,,,,,,,,,,,,,,,10806,,,,,,,,,,,,,,,,,,,,,,,,,,,,,,,,,795,,,,,,,,,,,,,,,,,,,,,,,,,,,2831342,,,,,,238324,86314,,,,5228,,,,,,,,,,,,,,,,,,,,,,,,,,11160,,6354,,,,,,,,11159,,,,,,,,,,,255159,,,976,,,,,,,,48662500,,,,,,,,,,,,,,,,,,,612327,,171253,260062,,,,,,,,,,242293,,,1782739,,,,,,,266766,,415712,,,,
1758758400,9/25/2025,,3992164262,,,,,,,,,,,,,,,,,,,,,,,,,,,,,,,,,,,,,,,,,,,,,,,,,,,,,,,,,,,,,,,,,,,,,,,,,,,,,,,,,,,,,,,,,,,,,,,,,,,,,,,,,,,,,,,,,,,,,,,,,,,,,,,,,,,,,,,,,,,,,,,,,,,,,,,,,,10828,,,,,,,,,,,,,,,,,,,,,,,,,,,,,,,,,795,,,,,,,,,,,,,,,,,,,,,,,,,,,2803860,,,,,,238346,86318,,,,5228,,,,,,,,,,,,,,,,,,,,,,,,,,11160,,6354,,,,,,,,11159,,,,,,,,,,,255159,,,976,,,,,,,,51266256,,,,,,,,,,,,,,,,,,,611566,,169894,260062,,,,,,,,,,242222,,,1765059,,,,,,,262814,,415169,,,,
1758844800,9/26/2025,,3989752061,,,,,,,,,,,,,,,,,,,,,,,,,,,,,,,,,,,,,,,,,,,,,,,,,,,,,,,,,,,,,,,,,,,,,,,,,,,,,,,,,,,,,,,,,,,,,,,,,,,,,,,,,,,,,,,,,,,,,,,,,,,,,,,,,,,,,,,,,,,,,,,,,,,,,,,,,,10808,,,,,,,,,,,,,,,,,,,,,,,,,,,,,,,,,795,,,,,,,,,,,,,,,,,,,,,,,,,,,2799637,,,,,,229409,82789,,,,5228,,,,,,,,,,,,,,,,,,,,,,,,,,11092,,6354,,,,,,,,11159,,,,,,,,,,,255159,,,976,,,,,,,,51330920,,,,,,,,,,,,,,,,,,,610935,,175399,269266,,,,,,,,,,267878,,,1770059,,,,,,,265795,,414459,,,,
1758931200,9/27/2025,,4025916705,,,,,,,,,,,,,,,,,,,,,,,,,,,,,,,,,,,,,,,,,,,,,,,,,,,,,,,,,,,,,,,,,,,,,,,,,,,,,,,,,,,,,,,,,,,,,,,,,,,,,,,,,,,,,,,,,,,,,,,,,,,,,,,,,,,,,,,,,,,,,,,,,,,,,,,,,,10805,,,,,,,,,,,,,,,,,,,,,,,,,,,,,,,,,795,,,,,,,,,,,,,,,,,,,,,,,,,,,2831819,,,,,,229409,83062,,,,5228,,,,,,,,,,,,,,,,,,,,,,,,,,11050,,6354,,,,,,,,11159,,,,,,,,,,,255159,,,976,,,,,,,,54274994,,,,,,,,,,,,,,,,,,,611259,,166098,269266,,,,,,,,,,282885,,,1770081,,,,,,,265795,,414198,,,,
1759017600,9/28/2025,,4018824351,,,,,,,,,,,,,,,,,,,,,,,,,,,,,,,,,,,,,,,,,,,,,,,,,,,,,,,,,,,,,,,,,,,,,,,,,,,,,,,,,,,,,,,,,,,,,,,,,,,,,,,,,,,,,,,,,,,,,,,,,,,,,,,,,,,,,,,,,,,,,,,,,,,,,,,,,,10841,,,,,,,,,,,,,,,,,,,,,,,,,,,,,,,,,795,,,,,,,,,,,,,,,,,,,,,,,,,,,2831819,,,,,,229409,82138,,,,5228,,,,,,,,,,,,,,,,,,,,,,,,,,11050,,6354,,,,,,,,11159,,,,,,,,,,,255159,,,976,,,,,,,,54274994,,,,,,,,,,,,,,,,,,,611585,,179580,269266,,,,,,,,,,297848,,,1779461,,,,,,,267793,,414956,,,,
1759104000,9/29/2025,,3992213957,,,,,,,,,,,,,,,,,,,,,,,,,,,,,,,,,,,,,,,,,,,,,,,,,,,,,,,,,,,,,,,,,,,,,,,,,,,,,,,,,,,,,,,,,,,,,,,,,,,,,,,,,,,,,,,,,,,,,,,,,,,,,,,,,,,,,,,,,,,,,,,,,,,,,,,,,,10841,,,,,,,,,,,,,,,,,,,,,,,,,,,,,,,,,433,,,,,,,,,,,,,,,,,,,,,,,,,,,2830131,,,,,,229861,83355,,,,5228,,,,,,,,,,,,,,,,,,,,,,,,,,11050,,6354,,,,,,,,11159,,,,,,,,,,,255159,,,976,,,,,,,,53009755,,,,,,,,,,,,,,,,,,,611342,,179580,270358,,,,,,,,,,298941,,,1795672,,,,,,,267793,,414458,,,,
1759190400,9/30/2025,,4000073639,,,,,,,,,,,,,,,,,,,,,,,,,,,,,,,,,,,,,,,,,,,,,,,,,,,,,,,,,,,,,,,,,,,,,,,,,,,,,,,,,,,,,,,,,,,,,,,,,,,,,,,,,,,,,,,,,,,,,,,,,,,,,,,,,,,,,,,,,,,,,,,,,,,,,,,,,,10863,,,,,,,,,,,,,,,,,,,,,,,,,,,,,,,,,433,,,,,,,,,,,,,,,,,,,,,,,,,,,2830131,,,,,,229861,83638,,,,5228,,,,,,,,,,,,,,,,,,,,,,,,,,10992,,6354,,,,,,,,11159,,,,,,,,,,,255159,,,976,,,,,,,,50549987,,,,,,,,,,,,,,,,,,,611198,,198730,277324,,,,,,,,,,289434,,,1796567,,,,,,,267793,,414451,,,,
1759276800,10/1/2025,,3979268415,,,,,,,,,,,,,,,,,,,,,,,,,,,,,,,,,,,,,,,,,,,,,,,,,,,,,,,,,,,,,,,,,,,,,,,,,,,,,,,,,,,,,,,,,,,,,,,,,,,,,,,,,,,,,,,,,,,,,,,,,,,,,,,,,,,,,,,,,,,,,,,,,,,,,,,,,,10841,,,,,,,,,,,,,,,,,,,,,,,,,,,,,,,,,433,,,,,,,,,,,,,,,,,,,,,,,,,,,2829770,,,,,,230159,83640,,,,5228,,,,,,,,,,,,,,,,,,,,,,,,,,10932,,6354,,,,,,,,11159,,,,,,,,,,,255159,,,976,,,,,,,,48131762,,,,,,,,,,,,,,,,,,,611068,,185909,273317,,,,,,,,,,285157,,,1794296,,,,,,,267793,,414887,,,,
1759363200,10/2/2025,,4071866989,,,,,,,,,,,,,,,,,,,,,,,,,,,,,,,,,,,,,,,,,,,,,,,,,,,,,,,,,,,,,,,,,,,,,,,,,,,,,,,,,,,,,,,,,,,,,,,,,,,,,,,,,,,,,,,,,,,,,,,,,,,,,,,,,,,,,,,,,,,,,,,,,,,,,,,,,,10841,,,,,,,,,,,,,,,,,,,,,,,,,,,,,,,,,433,,,,,,,,,,,,,,,,,,,,,,,,,,,2829410,,,,,,230809,82344,,,,5228,,,,,,,,,,,,,,,,,,,,,,,,,,11313,,6354,,,,,,,,11159,,,,,,,,,,,255159,,,976,,,,,,,,48204152,,,,,,,,,,,,,,,,,,,611227,,185909,272954,,,,,,,,,,264338,,,1782324,,,,,,,263783,,414857,,,,
1759449600,10/3/2025,,4049318249,,,,,,,,,,,,,,,,,,,,,,,,,,,,,,,,,,,,,,,,,,,,,,,,,,,,,,,,,,,,,,,,,,,,,,,,,,,,,,,,,,,,,,,,,,,,,,,,,,,,,,,,,,,,,,,,,,,,,,,,,,,,,,,,,,,,,,,,,,,,,,,,,,,,,,,,,,10940,,,,,,,,,,,,,,,,,,,,,,,,,,,,,,,,,433,,,,,,,,,,,,,,,,,,,,,,,,,,,2746033,,,,,,230809,85097,,,,5228,,,,,,,,,,,,,,,,,,,,,,,,,,10863,,6354,,,,,,,,11159,,,,,,,,,,,255159,,,976,,,,,,,,50777585,,,,,,,,,,,,,,,,,,,610472,,185092,272954,,,,,,,,,,262374,,,1784773,,,,,,,263699,,414087,,,,
1759536000,10/4/2025,,4207205310,,,,,,,,,,,,,,,,,,,,,,,,,,,,,,,,,,,,,,,,,,,,,,,,,,,,,,,,,,,,,,,,,,,,,,,,,,,,,,,,,,,,,,,,,,,,,,,,,,,,,,,,,,,,,,,,,,,,,,,,,,,,,,,,,,,,,,,,,,,,,,,,,,,,,,,,,,10862,,,,,,,,,,,,,,,,,,,,,,,,,,,,,,,,,383,,,,,,,,,,,,,,,,,,,,,,,,,,,2652885,,,,,,230809,85928,,,,5228,,,,,,,,,,,,,,,,,,,,,,,,,,10918,,6354,,,,,,,,11159,,,,,,,,,,,255159,,,976,,,,,,,,47690324,,,,,,,,,,,,,,,,,,,610728,,185938,268260,,,,,,,,,,260855,,,1778387,,,,,,,263332,,414065,,,,
1759622400,10/5/2025,,4280869807,,,,,,,,,,,,,,,,,,,,,,,,,,,,,,,,,,,,,,,,,,,,,,,,,,,,,,,,,,,,,,,,,,,,,,,,,,,,,,,,,,,,,,,,,,,,,,,,,,,,,,,,,,,,,,,,,,,,,,,,,,,,,,,,,,,,,,,,,,,,,,,,,,,,,,,,,,10871,,,,,,,,,,,,,,,,,,,,,,,,,,,,,,,,,383,,,,,,,,,,,,,,,,,,,,,,,,,,,2508858,,,,,,231309,86840,,,,5228,,,,,,,,,,,,,,,,,,,,,,,,,,10918,,6354,,,,,,,,11159,,,,,,,,,,,255159,,,976,,,,,,,,47625071,,,,,,,,,,,,,,,,,,,611185,,185503,268344,,,,,,,,,,260855,,,1791369,,,,,,,263464,,414101,,,,
1759708800,10/6/2025,,4331471034,,,,,,,,,,,,,,,,,,,,,,,,,,,,,,,,,,,,,,,,,,,,,,,,,,,,,,,,,,,,,,,,,,,,,,,,,,,,,,,,,,,,,,,,,,,,,,,,,,,,,,,,,,,,,,,,,,,,,,,,,,,,,,,,,,,,,,,,,,,,,,,,,,,,,,,,,,10854,,,,,,,,,,,,,,,,,,,,,,,,,,,,,,,,,383,,,,,,,,,,,,,,,,,,,,,,,,,,,2500952,,,,,,231309,86782,,,,5228,,,,,,,,,,,,,,,,,,,,,,,,,,10877,,6354,,,,,,,,11159,,,,,,,,,,,255159,,,976,,,,,,,,45179869,,,,,,,,,,,,,,,,,,,610285,,185565,266739,,,,,,,,,,251440,,,1804703,,,,,,,263172,,413436,,,,
1759795200,10/7/2025,,4406518087,,,,,,,,,,,,,,,,,,,,,,,,,,,,,,,,,,,,,,,,,,,,,,,,,,,,,,,,,,,,,,,,,,,,,,,,,,,,,,,,,,,,,,,,,,,,,,,,,,,,,,,,,,,,,,,,,,,,,,,,,,,,,,,,,,,,,,,,,,,,,,,,,,,,,,,,,,10859,,,,,,,,,,,,,,,,,,,,,,,,,,,,,,,,,383,,,,,,,,,,,,,,,,,,,,,,,,,,,2495232,,,,,,231309,86781,,,,5228,,,,,,,,,,,,,,,,,,,,,,,,,,10877,,6354,,,,,,,,11159,,,,,,,,,,,255336,,,976,,,,,,,,45554590,,,,,,,,,,,,,,,,,,,611055,,184980,266739,,,,,,,,,,269900,,,1798391,,,,,,,263350,,413264,,,,
1759881600,10/8/2025,,4202375914,,,,,,,,,,,,,,,,,,,,,,,,,,,,,,,,,,,,,,,,,,,,,,,,,,,,,,,,,,,,,,,,,,,,,,,,,,,,,,,,,,,,,,,,,,,,,,,,,,,,,,,,,,,,,,,,,,,,,,,,,,,,,,,,,,,,,,,,,,,,,,,,,,,,,,,,,,10647,,,,,,,,,,,,,,,,,,,,,,,,,,,,,,,,,383,,,,,,,,,,,,,,,,,,,,,,,,,,,2647016,,,,,,231309,82835,,,,5228,,,,,,,,,,,,,,,,,,,,,,,,,,10877,,6354,,,,,,,,11159,,,,,,,,,,,255336,,,976,,,,,,,,51539147,,,,,,,,,,,,,,,,,,,611076,,179130,268935,,,,,,,,,,269900,,,1789743,,,,,,,263081,,413528,,,,
1759968000,10/9/2025,,4192438395,,,,,,,,,,,,,,,,,,,,,,,,,,,,,,,,,,,,,,,,,,,,,,,,,,,,,,,,,,,,,,,,,,,,,,,,,,,,,,,,,,,,,,,,,,,,,,,,,,,,,,,,,,,,,,,,,,,,,,,,,,,,,,,,,,,,,,,,,,,,,,,,,,,,,,,,,,9956,,,,,,,,,,,,,,,,,,,,,,,,,,,,,,,,,383,,,,,,,,,,,,,,,,,,,,,,,,,,,2627054,,,,,,231809,82868,,,,5228,,,,,,,,,,,,,,,,,,,,,,,,,,10918,,6354,,,,,,,,11159,,,,,,,,,,,255336,,,976,,,,,,,,52309878,,,,,,,,,,,,,,,,,,,537351,,178292,267413,,,,,,,,,,330367,,,1787348,,,,,,,262149,,413596,,,,
1760054400,10/10/2025,,4160426502,,,,,,,,,,,,,,,,,,,,,,,,,,,,,,,,,,,,,,,,,,,,,,,,,,,,,,,,,,,,,,,,,,,,,,,,,,,,,,,,,,,,,,,,,,,,,,,,,,,,,,,,,,,,,,,,,,,,,,,,,,,,,,,,,,,,,,,,,,,,,,,,,,,,,,,,,,9723,,,,,,,,,,,,,,,,,,,,,,,,,,,,,,,,,383,,,,,,,,,,,,,,,,,,,,,,,,,,,2625188,,,,,,231809,82868,,,,5228,,,,,,,,,,,,,,,,,,,,,,,,,,10918,,6354,,,,,,,,11159,,,,,,,,,,,255336,,,976,,,,,,,,52372169,,,,,,,,,,,,,,,,,,,465062,,178813,267723,,,,,,,,,,374856,,,1716196,,,,,,,260532,,412291,,,,
1760140800,10/11/2025,,4129080462,,,,,,,,,,,,,,,,,,,,,,,,,,,,,,,,,,,,,,,,,,,,,,,,,,,,,,,,,,,,,,,,,,,,,,,,,,,,,,,,,,,,,,,,,,,,,,,,,,,,,,,,,,,,,,,,,,,,,,,,,,,,,,,,,,,,,,,,,,,,,,,,,,,,,,,,,,10720,,,,,,,,,,,,,,,,,,,,,,,,,,,,,,,,,383,,,,,,,,,,,,,,,,,,,,,,,,,,,2715902,,,,,,231809,82868,,,,5228,,,,,,,,,,,,,,,,,,,,,,,,,,10907,,6354,,,,,,,,11159,,,,,,,,,,,255336,,,976,,,,,,,,51122875,,,,,,,,,,,,,,,,,,,465559,,184741,275754,,,,,,,,,,378346,,,1707407,,,,,,,262297,,406931,,,,
1760227200,10/12/2025,,4174774411,,,,,,,,,,,,,,,,,,,,,,,,,,,,,,,,,,,,,,,,,,,,,,,,,,,,,,,,,,,,,,,,,,,,,,,,,,,,,,,,,,,,,,,,,,,,,,,,,,,,,,,,,,,,,,,,,,,,,,,,,,,,,,,,,,,,,,,,,,,,,,,,,,,,,,,,,,10799,,,,,,,,,,,,,,,,,,,,,,,,,,,,,,,,,383,,,,,,,,,,,,,,,,,,,,,,,,,,,2699359,,,,,,231809,85263,,,,5228,,,,,,,,,,,,,,,,,,,,,,,,,,10907,,6354,,,,,,,,11159,,,,,,,,,,,255336,,,976,,,,,,,,51309740,,,,,,,,,,,,,,,,,,,465191,,184652,208169,,,,,,,,,,363019,,,1736466,,,,,,,262285,,407359,,,,
1760313600,10/13/2025,,4164615368,,,,,,,,,,,,,,,,,,,,,,,,,,,,,,,,,,,,,,,,,,,,,,,,,,,,,,,,,,,,,,,,,,,,,,,,,,,,,,,,,,,,,,,,,,,,,,,,,,,,,,,,,,,,,,,,,,,,,,,,,,,,,,,,,,,,,,,,,,,,,,,,,,,,,,,,,,10844,,,,,,,,,,,,,,,,,,,,,,,,,,,,,,,,,383,,,,,,,,,,,,,,,,,,,,,,,,,,,2655605,,,,,,231809,85264,,,,5228,,,,,,,,,,,,,,,,,,,,,,,,,,10866,,6354,,,,,,,,11159,,,,,,,,,,,255745,,,976,,,,,,,,51249175,,,,,,,,,,,,,,,,,,,463936,,184131,207960,,,,,,,,,,364821,,,1760908,,,,,,,262276,,369964,,,,
1760400000,10/14/2025,,4183229256,,,,,,,,,,,,,,,,,,,,,,,,,,,,,,,,,,,,,,,,,,,,,,,,,,,,,,,,,,,,,,,,,,,,,,,,,,,,,,,,,,,,,,,,,,,,,,,,,,,,,,,,,,,,,,,,,,,,,,,,,,,,,,,,,,,,,,,,,,,,,,,,,,,,,,,,,,10885,,,,,,,,,,,,,,,,,,,,,,,,,,,,,,,,,383,,,,,,,,,,,,,,,,,,,,,,,,,,,2653582,,,,,,231809,85264,,,,5228,,,,,,,,,,,,,,,,,,,,,,,,,,10866,,6354,,,,,,,,11159,,,,,,,,,,,255692,,,976,,,,,,,,50885667,,,,,,,,,,,,,,,,,,,463291,,184632,187244,,,,,,,,,,380568,,,1737394,,,,,,,262540,,407888,,,,
1760486400,10/15/2025,,4160125821,,,,,,,,,,,,,,,,,,,,,,,,,,,,,,,,,,,,,,,,,,,,,,,,,,,,,,,,,,,,,,,,,,,,,,,,,,,,,,,,,,,,,,,,,,,,,,,,,,,,,,,,,,,,,,,,,,,,,,,,,,,,,,,,,,,,,,,,,,,,,,,,,,,,,,,,,,10886,,,,,,,,,,,,,,,,,,,,,,,,,,,,,,,,,383,,,,,,,,,,,,,,,,,,,,,,,,,,,2545823,,,,,,231809,85301,,,,5228,,,,,,,,,,,,,,,,,,,,,,,,,,10907,,6354,,,,,,,,11159,,,,,,,,,,,255668,,,976,,,,,,,,51079438,,,,,,,,,,,,,,,,,,,463735,,182670,191664,,,,,,,,,,388232,,,1743383,,,,,,,262471,,406630,,,,
1760572800,10/16/2025,,4163735343,,,,,,,,,,,,,,,,,,,,,,,,,,,,,,,,,,,,,,,,,,,,,,,,,,,,,,,,,,,,,,,,,,,,,,,,,,,,,,,,,,,,,,,,,,,,,,,,,,,,,,,,,,,,,,,,,,,,,,,,,,,,,,,,,,,,,,,,,,,,,,,,,,,,,,,,,,10877,,,,,,,,,,,,,,,,,,,,,,,,,,,,,,,,,383,,,,,,,,,,,,,,,,,,,,,,,,,,,2565959,,,,,,231809,85298,,,,5228,,,,,,,,,,,,,,,,,,,,,,,,,,10853,,6354,,,,,,,,11159,,,,,,,,,,,255689,,,976,,,,,,,,51764353,,,,,,,,,,,,,,,,,,,460669,,183667,181989,,,,,,,,,,331994,,,1742391,,,,,,,262756,,385978,,,,
1760659200,10/17/2025,,4118770584,,,,,,,,,,,,,,,,,,,,,,,,,,,,,,,,,,,,,,,,,,,,,,,,,,,,,,,,,,,,,,,,,,,,,,,,,,,,,,,,,,,,,,,,,,,,,,,,,,,,,,,,,,,,,,,,,,,,,,,,,,,,,,,,,,,,,,,,,,,,,,,,,,,,,,,,,,10884,,,,,,,,,,,,,,,,,,,,,,,,,,,,,,,,,383,,,,,,,,,,,,,,,,,,,,,,,,,,,2565039,,,,,,227773,85298,,,,5228,,,,,,,,,,,,,,,,,,,,,,,,,,10907,,6354,,,,,,,,11159,,,,,,,,,,,28607,,,976,,,,,,,,50978145,,,,,,,,,,,,,,,,,,,463285,,165004,192985,,,,,,,,,,283370,,,1765886,,,,,,,263024,,409203,,,,
1760745600,10/18/2025,,4125138701,,,,,,,,,,,,,,,,,,,,,,,,,,,,,,,,,,,,,,,,,,,,,,,,,,,,,,,,,,,,,,,,,,,,,,,,,,,,,,,,,,,,,,,,,,,,,,,,,,,,,,,,,,,,,,,,,,,,,,,,,,,,,,,,,,,,,,,,,,,,,,,,,,,,,,,,,,10770,,,,,,,,,,,,,,,,,,,,,,,,,,,,,,,,,383,,,,,,,,,,,,,,,,,,,,,,,,,,,2698579,,,,,,227773,78644,,,,5228,,,,,,,,,,,,,,,,,,,,,,,,,,10907,,6354,,,,,,,,11159,,,,,,,,,,,28570,,,976,,,,,,,,51216365,,,,,,,,,,,,,,,,,,,441531,,130778,192985,,,,,,,,,,249419,,,1760138,,,,,,,263003,,410506,,,,
1760832000,10/19/2025,,4119482886,,,,,,,,,,,,,,,,,,,,,,,,,,,,,,,,,,,,,,,,,,,,,,,,,,,,,,,,,,,,,,,,,,,,,,,,,,,,,,,,,,,,,,,,,,,,,,,,,,,,,,,,,,,,,,,,,,,,,,,,,,,,,,,,,,,,,,,,,,,,,,,,,,,,,,,,,,10621,,,,,,,,,,,,,,,,,,,,,,,,,,,,,,,,,383,,,,,,,,,,,,,,,,,,,,,,,,,,,1422455,,,,,,227773,78644,,,,5228,,,,,,,,,,,,,,,,,,,,,,,,,,10907,,6354,,,,,,,,11159,,,,,,,,,,,28570,,,976,,,,,,,,51267092,,,,,,,,,,,,,,,,,,,441857,,130822,178740,,,,,,,,,,245142,,,1775270,,,,,,,262904,,410542,,,,
1760918400,10/20/2025,,4103499948,,,,,,,,,,,,,,,,,,,,,,,,,,,,,,,,,,,,,,,,,,,,,,,,,,,,,,,,,,,,,,,,,,,,,,,,,,,,,,,,,,,,,,,,,,,,,,,,,,,,,,,,,,,,,,,,,,,,,,,,,,,,,,,,,,,,,,,,,,,,,,,,,,,,,,,,,,9917,,,,,,,,,,,,,,,,,,,,,,,,,,,,,,,,,383,,,,,,,,,,,,,,,,,,,,,,,,,,,1422455,,,,,,227977,78644,,,,5228,,,,,,,,,,,,,,,,,,,,,,,,,,10866,,6354,,,,,,,,11159,,,,,,,,,,,28570,,,976,,,,,,,,51240349,,,,,,,,,,,,,,,,,,,441992,,131726,169965,,,,,,,,,,252437,,,1787771,,,,,,,263073,,410523,,,,
1761004800,10/21/2025,,4116894536,,,,,,,,,,,,,,,,,,,,,,,,,,,,,,,,,,,,,,,,,,,,,,,,,,,,,,,,,,,,,,,,,,,,,,,,,,,,,,,,,,,,,,,,,,,,,,,,,,,,,,,,,,,,,,,,,,,,,,,,,,,,,,,,,,,,,,,,,,,,,,,,,,,,,,,,,,9753,,,,,,,,,,,,,,,,,,,,,,,,,,,,,,,,,383,,,,,,,,,,,,,,,,,,,,,,,,,,,1422724,,,,,,227977,78646,,,,5228,,,,,,,,,,,,,,,,,,,,,,,,,,10866,,6354,,,,,,,,11159,,,,,,,,,,,28570,,,71,,,,,,,,52852830,,,,,,,,,,,,,,,,,,,441909,,121706,170189,,,,,,,,,,251625,,,1774782,,,,,,,262343,,410493,,,,
1761091200,10/22/2025,,4139174962,,,,,,,,,,,,,,,,,,,,,,,,,,,,,,,,,,,,,,,,,,,,,,,,,,,,,,,,,,,,,,,,,,,,,,,,,,,,,,,,,,,,,,,,,,,,,,,,,,,,,,,,,,,,,,,,,,,,,,,,,,,,,,,,,,,,,,,,,,,,,,,,,,,,,,,,,,10842,,,,,,,,,,,,,,,,,,,,,,,,,,,,,,,,,383,,,,,,,,,,,,,,,,,,,,,,,,,,,1416691,,,,,,227977,78648,,,,5228,,,,,,,,,,,,,,,,,,,,,,,,,,10806,,6354,,,,,,,,11159,,,,,,,,,,,28615,,,71,,,,,,,,53529784,,,,,,,,,,,,,,,,,,,442837,,126111,185109,,,,,,,,,,261912,,,1768026,,,,,,,262190,,409600,,,,
1761177600,10/23/2025,,4115847727,,,,,,,,,,,,,,,,,,,,,,,,,,,,,,,,,,,,,,,,,,,,,,,,,,,,,,,,,,,,,,,,,,,,,,,,,,,,,,,,,,,,,,,,,,,,,,,,,,,,,,,,,,,,,,,,,,,,,,,,,,,,,,,,,,,,,,,,,,,,,,,,,,,,,,,,,,10818,,,,,,,,,,,,,,,,,,,,,,,,,,,,,,,,,383,,,,,,,,,,,,,,,,,,,,,,,,,,,1413967,,,,,,225985,78634,,,,5228,,,,,,,,,,,,,,,,,,,,,,,,,,10847,,6353,,,,,,,,11157,,,,,,,,,,,28570,,,71,,,,,,,,53981425,,,,,,,,,,,,,,,,,,,442828,,410244,195413,,,,,,,,,,284973,,,1774344,,,,,,,262398,,409550,,,,
1761264000,10/24/2025,,4124162090,,,,,,,,,,,,,,,,,,,,,,,,,,,,,,,,,,,,,,,,,,,,,,,,,,,,,,,,,,,,,,,,,,,,,,,,,,,,,,,,,,,,,,,,,,,,,,,,,,,,,,,,,,,,,,,,,,,,,,,,,,,,,,,,,,,,,,,,,,,,,,,,,,,,,,,,,,10843,,,,,,,,,,,,,,,,,,,,,,,,,,,,,,,,,383,,,,,,,,,,,,,,,,,,,,,,,,,,,1358675,,,,,,225985,78661,,,,5229,,,,,,,,,,,,,,,,,,,,,,,,,,10847,,6355,,,,,,,,11161,,,,,,,,,,,28570,,,71,,,,,,,,54208698,,,,,,,,,,,,,,,,,,,442956,,404673,193538,,,,,,,,,,353394,,,1769392,,,,,,,262373,,410729,,,,
1761350400,10/25/2025,,4163805015,,,,,,,,,,,,,,,,,,,,,,,,,,,,,,,,,,,,,,,,,,,,,,,,,,,,,,,,,,,,,,,,,,,,,,,,,,,,,,,,,,,,,,,,,,,,,,,,,,,,,,,,,,,,,,,,,,,,,,,,,,,,,,,,,,,,,,,,,,,,,,,,,,,,,,,,,,10846,,,,,,,,,,,,,,,,,,,,,,,,,,,,,,,,,383,,,,,,,,,,,,,,,,,,,,,,,,,,,1357268,,,,,,225985,63587,,,,5229,,,,,,,,,,,,,,,,,,,,,,,,,,10847,,6355,,,,,,,,11161,,,,,,,,,,,28570,,,71,,,,,,,,55148773,,,,,,,,,,,,,,,,,,,443115,,404111,186135,,,,,,,,,,371378,,,1759575,,,,,,,262143,,393361,,,,
1761436800,10/26/2025,,4160751754,,,,,,,,,,,,,,,,,,,,,,,,,,,,,,,,,,,,,,,,,,,,,,,,,,,,,,,,,,,,,,,,,,,,,,,,,,,,,,,,,,,,,,,,,,,,,,,,,,,,,,,,,,,,,,,,,,,,,,,,,,,,,,,,,,,,,,,,,,,,,,,,,,,,,,,,,,10860,,,,,,,,,,,,,,,,,,,,,,,,,,,,,,,,,383,,,,,,,,,,,,,,,,,,,,,,,,,,,1354901,,,,,,225985,63634,,,,5224,,,,,,,,,,,,,,,,,,,,,,,,,,10847,,6348,,,,,,,,11149,,,,,,,,,,,28570,,,71,,,,,,,,55226644,,,,,,,,,,,,,,,,,,,443403,,405566,186304,,,,,,,,,,371378,,,1763752,,,,,,,262259,,410487,,,,
1761523200,10/27/2025,,4160242309,,,,,,,,,,,,,,,,,,,,,,,,,,,,,,,,,,,,,,,,,,,,,,,,,,,,,,,,,,,,,,,,,,,,,,,,,,,,,,,,,,,,,,,,,,,,,,,,,,,,,,,,,,,,,,,,,,,,,,,,,,,,,,,,,,,,,,,,,,,,,,,,,,,,,,,,,,10830,,,,,,,,,,,,,,,,,,,,,,,,,,,,,,,,,383,,,,,,,,,,,,,,,,,,,,,,,,,,,1354639,,,,,,225985,63719,,,,5231,,,,,,,,,,,,,,,,,,,,,,,,,,10847,,6357,,,,,,,,11164,,,,,,,,,,,28570,,,71,,,,,,,,55238926,,,,,,,,,,,,,,,,,,,442787,,403095,176324,,,,,,,,,,342908,,,1771318,,,,,,,262046,,410797,,,,
1761609600,10/28/2025,,4173649889,,,,,,,,,,,,,,,,,,,,,,,,,,,,,,,,,,,,,,,,,,,,,,,,,,,,,,,,,,,,,,,,,,,,,,,,,,,,,,,,,,,,,,,,,,,,,,,,,,,,,,,,,,,,,,,,,,,,,,,,,,,,,,,,,,,,,,,,,,,,,,,,,,,,,,,,,,10780,,,,,,,,,,,,,,,,,,,,,,,,,,,,,,,,,384,,,,,,,,,,,,,,,,,,,,,,,,,,,1348464,,,,,,225985,63727,,,,5231,,,,,,,,,,,,,,,,,,,,,,,,,,10847,,6358,,,,,,,,11166,,,,,,,,,,,28570,,,71,,,,,,,,55375647,,,,,,,,,,,,,,,,,,,443247,,403745,170414,,,,,,,,,,711468,,,1774182,,,,,,,261501,,410732,,,,
1761696000,10/29/2025,,4174732553,,,,,,,,,,,,,,,,,,,,,,,,,,,,,,,,,,,,,,,,,,,,,,,,,,,,,,,,,,,,,,,,,,,,,,,,,,,,,,,,,,,,,,,,,,,,,,,,,,,,,,,,,,,,,,,,,,,,,,,,,,,,,,,,,,,,,,,,,,,,,,,,,,,,,,,,,,9494,,,,,,,,,,,,,,,,,,,,,,,,,,,,,,,,,383,,,,,,,,,,,,,,,,,,,,,,,,,,,1094838,,,,,,225985,63686,,,,5228,,,,,,,,,,,,,,,,,,,,,,,,,,10847,,6354,,,,,,,,11158,,,,,,,,,,,28570,,,71,,,,,,,,55199401,,,,,,,,,,,,,,,,,,,444868,,402711,167618,,,,,,,,,,639663,,,1764747,,,,,,,259993,,410728,,,,
1761782400,10/30/2025,,4167146644,,,,,,,,,,,,,,,,,,,,,,,,,,,,,,,,,,,,,,,,,,,,,,,,,,,,,,,,,,,,,,,,,,,,,,,,,,,,,,,,,,,,,,,,,,,,,,,,,,,,,,,,,,,,,,,,,,,,,,,,,,,,,,,,,,,,,,,,,,,,,,,,,,,,,,,,,,10800,,,,,,,,,,,,,,,,,,,,,,,,,,,,,,,,,383,,,,,,,,,,,,,,,,,,,,,,,,,,,1092048,,,,,,225985,63706,,,,5229,,,,,,,,,,,,,,,,,,,,,,,,,,10847,,6355,,,,,,,,11161,,,,,,,,,,,28735,,,71,,,,,,,,55415689,,,,,,,,,,,,,,,,,,,444543,,401569,166143,,,,,,,,,,713656,,,1753754,,,,,,,259155,,410857,,,,
1761868800,10/31/2025,,4193941266,,,,,,,,,,,,,,,,,,,,,,,,,,,,,,,,,,,,,,,,,,,,,,,,,,,,,,,,,,,,,,,,,,,,,,,,,,,,,,,,,,,,,,,,,,,,,,,,,,,,,,,,,,,,,,,,,,,,,,,,,,,,,,,,,,,,,,,,,,,,,,,,,,,,,,,,,,10810,,,,,,,,,,,,,,,,,,,,,,,,,,,,,,,,,383,,,,,,,,,,,,,,,,,,,,,,,,,,,1090349,,,,,,225985,63699,,,,5229,,,,,,,,,,,,,,,,,,,,,,,,,,10810,,6354,,,,,,,,11160,,,,,,,,,,,28563,,,71,,,,,,,,55471639,,,,,,,,,,,,,,,,,,,443707,,421730,183515,,,,,,,,,,860306,,,1794737,,,,,,,257955,,409980,3,,,
1761955200,11/1/2025,,4226503714,,,,,,,,,,,,,,,,,,,,,,,,,,,,,,,,,,,,,,,,,,,,,,,,,,,,,,,,,,,,,,,,,,,,,,,,,,,,,,,,,,,,,,,,,,,,,,,,,,,,,,,,,,,,,,,,,,,,,,,,,,,,,,,,,,,,,,,,,,,,,,,,,,,,,,,,,,10836,,,,,,,,,,,,,,,,,,,,,,,,,,,,,,,,,383,,,,,,,,,,,,,,,,,,,,,,,,,,,1087872,,,,,,225985,63658,,,,5225,,,,,,,,,,,,,,,,,,,,,,,,,,10806,,6350,,,,,,,,11153,,,,,,,,,,,2032,,,71,,,,,,,,56556365,,,,,,,,,,,,,,,,,,,444116,,422677,178514,,,,,,,,,,869038,,,1791677,,,,,,,258862,,409861,3,,,
1762041600,11/2/2025,,4235881275,,,,,,,,,,,,,,,,,,,,,,,,,,,,,,,,,,,,,,,,,,,,,,,,,,,,,,,,,,,,,,,,,,,,,,,,,,,,,,,,,,,,,,,,,,,,,,,,,,,,,,,,,,,,,,,,,,,,,,,,,,,,,,,,,,,,,,,,,,,,,,,,,,,,,,,,,,10834,,,,,,,,,,,,,,,,,,,,,,,,,,,,,,,,,383,,,,,,,,,,,,,,,,,,,,,,,,,,,1088316,,,,,,225985,63684,,,,5227,,,,,,,,,,,,,,,,,,,,,,,,,,10807,,6353,,,,,,,,11157,,,,,,,,,,,2032,,,71,,,,,,,,55973801,,,,,,,,,,,,,,,,,,,444081,,413583,170788,,,,,,,,,,842342,,,1794249,,,,,,,258693,,410052,3,,,
1762128000,11/3/2025,,4229606842,,,,,,,,,,,,,,,,,,,,,,,,,,,,,,,,,,,,,,,,,,,,,,,,,,,,,,,,,,,,,,,,,,,,,,,,,,,,,,,,,,,,,,,,,,,,,,,,,,,,,,,,,,,,,,,,,,,,,,,,,,,,,,,,,,,,,,,,,,,,,,,,,,,,,,,,,,10841,,,,,,,,,,,,,,,,,,,,,,,,,,,,,,,,,395,,,,,,,,,,,,,,,,,,,,,,,,,,,1121671,,,,,,225985,65658,,,,5389,,,,,,,,,,,,,,,,,,,,,,,,,,10848,,6550,,,,,,,,11503,,,,,,,,,,,2032,,,71,,,,,,,,55879690,,,,,,,,,,,,,,,,,,,441168,,397692,165393,,,,,,,,,,851738,,,1795267,,,,,,,258132,,409541,3,,,
1762214400,11/4/2025,,4238712490,,,,,,,,,,,,,,,,,,,,,,,,,,,,,,,,,,,,,,,,,,,,,,,,,,,,,,,,,,,,,,,,,,,,,,,,,,,,,,,,,,,,,,,,,,,,,,,,,,,,,,,,,,,,,,,,,,,,,,,,,,,,,,,,,,,,,,,,,,,,,,,,,,,,,,,,,,10888,,,,,,,,,,,,,,,,,,,,,,,,,,,,,,,,,479,,,,,,,,,,,,,,,,,,,,,,,,,,,1360776,,,,,,223666,78046,,,,6538,,,,,,,,,,,,,,,,,,,,,,,,,,10807,,7946,,,,,,,,13955,,,,,,,,,,,2032,,,71,,,,,,,,56174909,,,,,,,,,,,,,,,,,,,441311,,420796,175575,,,,,,,,,,944609,,,1791071,,,,,,,261223,,409515,134,,,
1762300800,11/5/2025,,4325658335,,,,,,,,,,,,,,,,,,,,,,,,,,,,,,,,,,,,,,,,,,,,,,,,,,,,,,,,,,,,,,,,,,,,,,,,,,,,,,,,,,,,,,,,,,,,,,,,,,,,,,,,,,,,,,,,,,,,,,,,,,,,,,,,,,,,,,,,,,,,,,,,,,,,,,,,,,10836,,,,,,,,,,,,,,,,,,,,,,,,,,,,,,,,,383,,,,,,,,,,,,,,,,,,,,,,,,,,,1058614,,,,,,222095,62341,,,,5225,,,,,,,,,,,,,,,,,,,,,,,,,,10807,,6350,,,,,,,,11152,,,,,,,,,,,2032,,,71,,,,,,,,56210953,,,,,,,,,,,,,,,,,,,439715,,425958,196565,,,,,,,,,,1043115,,,1817240,,,,,,,261144,,409452,265,,,
1762387200,11/6/2025,,4435559012,,,,,,,,,,,,,,,,,,,,,,,,,,,,,,,,,,,,,,,,,,,,,,,,,,,,,,,,,,,,,,,,,,,,,,,,,,,,,,,,,,,,,,,,,,,,,,,,,,,,,,,,,,,,,,,,,,,,,,,,,,,,,,,,,,,,,,,,,,,,,,,,,,,,,,,,,,10842,,,,,,,,,,,,,,,,,,,,,,,,,,,,,,,,,383,,,,,,,,,,,,,,,,,,,,,,,,,,,1057399,,,,,,222095,58681,,,,5225,,,,,,,,,,,,,,,,,,,,,,,,,,10807,,6349,,,,,,,,11151,,,,,,,,,,,2032,,,71,,,,,,,,56868662,,,,,,,,,,,,,,,,,,,439051,,437657,198269,,,,,,,,,,1009223,,,1818934,,,,,,,261715,,409376,265,,,
1762473600,11/7/2025,,4356792614,,,,,,,,,,,,,,,,,,,,,,,,,,,,,,,,,,,,,,,,,,,,,,,,,,,,,,,,,,,,,,,,,,,,,,,,,,,,,,,,,,,,,,,,,,,,,,,,,,,,,,,,,,,,,,,,,,,,,,,,,,,,,,,,,,,,,,,,,,,,,,,,,,,,,,,,,,10825,,,,,,,,,,,,,,,,,,,,,,,,,,,,,,,,,389,,,,,,,,,,,,,,,,,,,,,,,,,,,903946,,,,,,222095,59618,,,,5308,,,,,,,,,,,,,,,,,,,,,,,,,,10756,,6451,,,,,,,,11329,,,,,,,,,,,2032,,,71,,,,,,,,57350654,,,,,,,,,,,,,,,,,,,440235,,419184,199507,,,,,,,,,,1019365,,,1802575,,,,,,,261672,,409742,265,,,
1762560000,11/8/2025,,4376987573,,,,,,,,,,,,,,,,,,,,,,,,,,,,,,,,,,,,,,,,,,,,,,,,,,,,,,,,,,,,,,,,,,,,,,,,,,,,,,,,,,,,,,,,,,,,,,,,,,,,,,,,,,,,,,,,,,,,,,,,,,,,,,,,,,,,,,,,,,,,,,,,,,,,,,,,,,10836,,,,,,,,,,,,,,,,,,,,,,,,,,,,,,,,,383,,,,,,,,,,,,,,,,,,,,,,,,,,,890183,,,,,,222095,58714,,,,5227,,,,,,,,,,,,,,,,,,,,,,,,,,10765,,6353,,,,,,,,11157,,,,,,,,,,,2032,,,71,,,,,,,,58171962,,,,,,,,,,,,,,,,,,,441141,,451089,199028,,,,,,,,,,914008,,,1797350,,,,,,,262075,,409782,266,,,
1762646400,11/9/2025,,4354472413,,,,,,,,,,,,,,,,,,,,,,,,,,,,,,,,,,,,,,,,,,,,,,,,,,,,,,,,,,,,,,,,,,,,,,,,,,,,,,,,,,,,,,,,,,,,,,,,,,,,,,,,,,,,,,,,,,,,,,,,,,,,,,,,,,,,,,,,,,,,,,,,,,,,,,,,,,10841,,,,,,,,,,,,,,,,,,,,,,,,,,,,,,,,,383,,,,,,,,,,,,,,,,,,,,,,,,,,,890174,,,,,,222095,58714,,,,5227,,,,,,,,,,,,,,,,,,,,,,,,,,10704,,6353,,,,,,,,11157,,,,,,,,,,,2032,,,71,,,,,,,,58130283,,,,,,,,,,,,,,,,,,,441022,,440341,188707,,,,,,,,,,926878,,,1794221,,,,,,,261665,,343902,266,,,
1762732800,11/10/2025,,4347787412,,,,,,,,,,,,,,,,,,,,,,,,,,,,,,,,,,,,,,,,,,,,,,,,,,,,,,,,,,,,,,,,,,,,,,,,,,,,,,,,,,,,,,,,,,,,,,,,,,,,,,,,,,,,,,,,,,,,,,,,,,,,,,,,,,,,,,,,,,,,,,,,,,,,,,,,,,10878,,,,,,,,,,,,,,,,,,,,,,,,,,,,,,,,,383,,,,,,,,,,,,,,,,,,,,,,,,,,,890271,,,,,,223599,58720,,,,5228,,,,,,,,,,,,,,,,,,,,,,,,,,10765,,6353,,,,,,,,11158,,,,,,,,,,,2032,,,71,,,,,,,,58138383,,,,,,,,,,,,,,,,,,,441594,,449417,185910,,,,,,,,,,929006,,,1810255,,,,,,,261645,,408282,266,,,
1762819200,11/11/2025,,4409176970,,,,,,,,,,,,,,,,,,,,,,,,,,,,,,,,,,,,,,,,,,,,,,,,,,,,,,,,,,,,,,,,,,,,,,,,,,,,,,,,,,,,,,,,,,,,,,,,,,,,,,,,,,,,,,,,,,,,,,,,,,,,,,,,,,,,,,,,,,,,,,,,,,,,,,,,,,10829,,,,,,,,,,,,,,,,,,,,,,,,,,,,,,,,,383,,,,,,,,,,,,,,,,,,,,,,,,,,,890228,,,,,,218855,30495,,,,5228,,,,,,,,,,,,,,,,,,,,,,,,,,10765,,6353,,,,,,,,11157,,,,,,,,,,,2032,,,71,,,,,,,,58339140,,,,,,,,,,,,,,,,,,,441838,,449941,199939,,,,,,,,,,956285,,,1817655,,,,,,,261566,,477086,266,,,
1762905600,11/12/2025,,4399353796,,,,,,,,,,,,,,,,,,,,,,,,,,,,,,,,,,,,,,,,,,,,,,,,,,,,,,,,,,,,,,,,,,,,,,,,,,,,,,,,,,,,,,,,,,,,,,,,,,,,,,,,,,,,,,,,,,,,,,,,,,,,,,,,,,,,,,,,,,,,,,,,,,,,,,,,,,10260,,,,,,,,,,,,,,,,,,,,,,,,,,,,,,,,,383,,,,,,,,,,,,,,,,,,,,,,,,,,,890007,,,,,,146841,30494,,,,5226,,,,,,,,,,,,,,,,,,,,,,,,,,10765,,6351,,,,,,,,11155,,,,,,,,,,,2032,,,71,,,,,,,,56489323,,,,,,,,,,,,,,,,,,,441409,,451793,197414,,,,,,,,,,836183,,,1813868,,,,,,,261356,,476596,266,,,
1762992000,11/13/2025,,4359173209,,,,,,,,,,,,,,,,,,,,,,,,,,,,,,,,,,,,,,,,,,,,,,,,,,,,,,,,,,,,,,,,,,,,,,,,,,,,,,,,,,,,,,,,,,,,,,,,,,,,,,,,,,,,,,,,,,,,,,,,,,,,,,,,,,,,,,,,,,,,,,,,,,,,,,,,,,10257,,,,,,,,,,,,,,,,,,,,,,,,,,,,,,,,,383,,,,,,,,,,,,,,,,,,,,,,,,,,,888416,,,,,,145291,29906,,,,5226,,,,,,,,,,,,,,,,,,,,,,,,,,10765,,6351,,,,,,,,11154,,,,,,,,,,,2032,,,71,,,,,,,,53185374,,,,,,,,,,,,,,,,,,,441772,,436303,156512,,,,,,,,,,792007,,,1812157,,,,,,,254888,,476597,266,,,
1763078400,11/14/2025,,4392644482,,,,,,,,,,,,,,,,,,,,,,,,,,,,,,,,,,,,,,,,,,,,,,,,,,,,,,,,,,,,,,,,,,,,,,,,,,,,,,,,,,,,,,,,,,,,,,,,,,,,,,,,,,,,,,,,,,,,,,,,,,,,,,,,,,,,,,,,,,,,,,,,,,,,,,,,,,10259,,,,,,,,,,,,,,,,,,,,,,,,,,,,,,,,,383,,,,,,,,,,,,,,,,,,,,,,,,,,,888292,,,,,,141051,29904,,,,5225,,,,,,,,,,,,,,,,,,,,,,,,,,10731,,6350,,,,,,,,11153,,,,,,,,,,,2032,,,71,,,,,,,,53886601,,,,,,,,,,,,,,,,,,,447943,,405464,139252,,,,,,,,,,681713,,,1810230,,,,,,,254416,,475543,266,,,
1763164800,11/15/2025,,4350733821,,,,,,,,,,,,,,,,,,,,,,,,,,,,,,,,,,,,,,,,,,,,,,,,,,,,,,,,,,,,,,,,,,,,,,,,,,,,,,,,,,,,,,,,,,,,,,,,,,,,,,,,,,,,,,,,,,,,,,,,,,,,,,,,,,,,,,,,,,,,,,,,,,,,,,,,,,10221,,,,,,,,,,,,,,,,,,,,,,,,,,,,,,,,,383,,,,,,,,,,,,,,,,,,,,,,,,,,,888264,,,,,,136276,29942,,,,5227,,,,,,,,,,,,,,,,,,,,,,,,,,10734,,6352,,,,,,,,11156,,,,,,,,,,,2032,,,71,,,,,,,,53669556,,,,,,,,,,,,,,,,,,,448095,,403630,154847,,,,,,,,,,664749,,,1811587,,,,,,,254810,,475596,266,,,
1763251200,11/16/2025,,4326778516,,,,,,,,,,,,,,,,,,,,,,,,,,,,,,,,,,,,,,,,,,,,,,,,,,,,,,,,,,,,,,,,,,,,,,,,,,,,,,,,,,,,,,,,,,,,,,,,,,,,,,,,,,,,,,,,,,,,,,,,,,,,,,,,,,,,,,,,,,,,,,,,,,,,,,,,,,10236,,,,,,,,,,,,,,,,,,,,,,,,,,,,,,,,,383,,,,,,,,,,,,,,,,,,,,,,,,,,,888287,,,,,,128512,39011,,,,5227,,,,,,,,,,,,,,,,,,,,,,,,,,10759,,6352,,,,,,,,11156,,,,,,,,,,,2032,,,71,,,,,,,,53381040,,,,,,,,,,,,,,,,,,,447965,,404643,146840,,,,,,,,,,664749,,,1808132,,,,,,,254782,,475653,266,,,
1763337600,11/17/2025,,4303091638,,,,,,,,,,,,,,,,,,,,,,,,,,,,,,,,,,,,,,,,,,,,,,,,,,,,,,,,,,,,,,,,,,,,,,,,,,,,,,,,,,,,,,,,,,,,,,,,,,,,,,,,,,,,,,,,,,,,,,,,,,,,,,,,,,,,,,,,,,,,,,,,,,,,,,,,,,10123,,,,,,,,,,,,,,,,,,,,,,,,,,,,,,,,,383,,,,,,,,,,,,,,,,,,,,,,,,,,,887961,,,,,,117991,38991,,,,5225,,,,,,,,,,,,,,,,,,,,,,,,,,10759,,6350,,,,,,,,11152,,,,,,,,,,,2032,,,71,,,,,,,,53670608,,,,,,,,,,,,,,,,,,,444696,,417039,149698,,,,,,,,,,661325,,,1805597,,,,,,,253985,,475250,266,,,
1763424000,11/18/2025,,4283492460,,,,,,,,,,,,,,,,,,,,,,,,,,,,,,,,,,,,,,,,,,,,,,,,,,,,,,,,,,,,,,,,,,,,,,,,,,,,,,,,,,,,,,,,,,,,,,,,,,,,,,,,,,,,,,,,,,,,,,,,,,,,,,,,,,,,,,,,,,,,,,,,,,,,,,,,,,10158,,,,,,,,,,,,,,,,,,,,,,,,,,,,,,,,,383,,,,,,,,,,,,,,,,,,,,,,,,,,,883764,,,,,,116402,39318,,,,5226,,,,,,,,,,,,,,,,,,,,,,,,,,10759,,6351,,,,,,,,11154,,,,,,,,,,,2032,,,71,,,,,,,,54801685,,,,,,,,,,,,,,,,,,,445569,,413955,149646,,,,,,,,,,713829,,,1804906,,,,,,,254918,,475276,3,,,
1763510400,11/19/2025,,4325112935,,,,,,,,,,,,,,,,,,,,,,,,,,,,,,,,,,,,,,,,,,,,,,,,,,,,,,,,,,,,,,,,,,,,,,,,,,,,,,,,,,,,,,,,,,,,,,,,,,,,,,,,,,,,,,,,,,,,,,,,,,,,,,,,,,,,,,,,,,,,,,,,,,,,,,,,,,10135,,,,,,,,,,,,,,,,,,,,,,,,,,,,,,,,,383,,,,,,,,,,,,,,,,,,,,,,,,,,,884108,,,,,,116402,39248,,,,5225,,,,,,,,,,,,,,,,,,,,,,,,,,10755,,6350,,,,,,,,11153,,,,,,,,,,,2032,,,71,,,,,,,,56613730,,,,,,,,,,,,,,,,,,,445979,,427633,149237,,,,,,,,,,765497,,,1800313,,,,,,,254419,,475708,3,,,
1763596800,11/20/2025,,4301719643,,,,,,,,,,,,,,,,,,,,,,,,,,,,,,,,,,,,,,,,,,,,,,,,,,,,,,,,,,,,,,,,,,,,,,,,,,,,,,,,,,,,,,,,,,,,,,,,,,,,,,,,,,,,,,,,,,,,,,,,,,,,,,,,,,,,,,,,,,,,,,,,,,,,,,,,,,10110,,,,,,,,,,,,,,,,,,,,,,,,,,,,,,,,,383,,,,,,,,,,,,,,,,,,,,,,,,,,,883923,,,,,,116402,28355,,,,5224,,,,,,,,,,,,,,,,,,,,,,,,,,10755,,6349,,,,,,,,11151,,,,,,,,,,,2032,,,71,,,,,,,,56760499,,,,,,,,,,,,,,,,,,,443559,,459592,148785,,,,,,,,,,890078,,,1794452,,,,,,,253795,,475284,3,,,
1763683200,11/21/2025,,4298790320,,,,,,,,,,,,,,,,,,,,,,,,,,,,,,,,,,,,,,,,,,,,,,,,,,,,,,,,,,,,,,,,,,,,,,,,,,,,,,,,,,,,,,,,,,,,,,,,,,,,,,,,,,,,,,,,,,,,,,,,,,,,,,,,,,,,,,,,,,,,,,,,,,,,,,,,,,10156,,,,,,,,,,,,,,,,,,,,,,,,,,,,,,,,,383,,,,,,,,,,,,,,,,,,,,,,,,,,,883905,,,,,,115250,28349,,,,5224,,,,,,,,,,,,,,,,,,,,,,,,,,10805,,6349,,,,,,,,11150,,,,,,,,,,,2032,,,71,,,,,,,,56916857,,,,,,,,,,,,,,,,,,,442628,,457088,146051,,,,,,,,,,922318,,,1770007,,,,,,,253705,,474352,3,,,
1763769600,11/22/2025,,4364135612,,,,,,,,,,,,,,,,,,,,,,,,,,,,,,,,,,,,,,,,,,,,,,,,,,,,,,,,,,,,,,,,,,,,,,,,,,,,,,,,,,,,,,,,,,,,,,,,,,,,,,,,,,,,,,,,,,,,,,,,,,,,,,,,,,,,,,,,,,,,,,,,,,,,,,,,,,10156,,,,,,,,,,,,,,,,,,,,,,,,,,,,,,,,,383,,,,,,,,,,,,,,,,,,,,,,,,,,,884105,,,,,,110905,28277,,,,5225,,,,,,,,,,,,,,,,,,,,,,,,,,10805,,6350,,,,,,,,11153,,,,,,,,,,,2032,,,71,,,,,,,,54579520,,,,,,,,,,,,,,,,,,,442250,,478913,140411,,,,,,,,,,978134,,,1783382,,,,,,,253677,,474645,3,,,
1763856000,11/23/2025,,4363925033,,,,,,,,,,,,,,,,,,,,,,,,,,,,,,,,,,,,,,,,,,,,,,,,,,,,,,,,,,,,,,,,,,,,,,,,,,,,,,,,,,,,,,,,,,,,,,,,,,,,,,,,,,,,,,,,,,,,,,,,,,,,,,,,,,,,,,,,,,,,,,,,,,,,,,,,,,10157,,,,,,,,,,,,,,,,,,,,,,,,,,,,,,,,,383,,,,,,,,,,,,,,,,,,,,,,,,,,,884076,,,,,,110905,28436,,,,5225,,,,,,,,,,,,,,,,,,,,,,,,,,10805,,6350,,,,,,,,11152,,,,,,,,,,,2032,,,71,,,,,,,,54516166,,,,,,,,,,,,,,,,,,,441959,,479302,139304,,,,,,,,,,978134,,,1778653,,,,,,,253909,,433768,3,,,
1763942400,11/24/2025,,4385338976,,,,,,,,,,,,,,,,,,,,,,,,,,,,,,,,,,,,,,,,,,,,,,,,,,,,,,,,,,,,,,,,,,,,,,,,,,,,,,,,,,,,,,,,,,,,,,,,,,,,,,,,,,,,,,,,,,,,,,,,,,,,,,,,,,,,,,,,,,,,,,,,,,,,,,,,,,9812,,,,,,,,,,,,,,,,,,,,,,,,,,,,,,,,,383,,,,,,,,,,,,,,,,,,,,,,,,,,,883994,,,,,,110905,28433,,,,5225,,,,,,,,,,,,,,,,,,,,,,,,,,10806,,6350,,,,,,,,11151,,,,,,,,,,,2032,,,71,,,,,,,,54600344,,,,,,,,,,,,,,,,,,,442359,,455534,139953,,,,,,,,,,990923,,,1788820,,,,,,,253979,,474124,3,,,
1764028800,11/25/2025,,4378806378,,,,,,,,,,,,,,,,,,,,,,,,,,,,,,,,,,,,,,,,,,,,,,,,,,,,,,,,,,,,,,,,,,,,,,,,,,,,,,,,,,,,,,,,,,,,,,,,,,,,,,,,,,,,,,,,,,,,,,,,,,,,,,,,,,,,,,,,,,,,,,,,,,,,,,,,,,10076,,,,,,,,,,,,,,,,,,,,,,,,,,,,,,,,,383,,,,,,,,,,,,,,,,,,,,,,,,,,,883938,,,,,,110905,27437,,,,5224,,,,,,,,,,,,,,,,,,,,,,,,,,10806,,6349,,,,,,,,11151,,,,,,,,,,,2032,,,71,,,,,,,,55037977,,,,,,,,,,,,,,,,,,,440621,,454532,138590,,,,,,,,,,990923,,,1793640,,,,,,,254196,,474165,3,,,
1764115200,11/26/2025,,4381486952,,,,,,,,,,,,,,,,,,,,,,,,,,,,,,,,,,,,,,,,,,,,,,,,,,,,,,,,,,,,,,,,,,,,,,,,,,,,,,,,,,,,,,,,,,,,,,,,,,,,,,,,,,,,,,,,,,,,,,,,,,,,,,,,,,,,,,,,,,,,,,,,,,,,,,,,,,10125,,,,,,,,,,,,,,,,,,,,,,,,,,,,,,,,,383,,,,,,,,,,,,,,,,,,,,,,,,,,,883912,,,,,,110905,27151,,,,5224,,,,,,,,,,,,,,,,,,,,,,,,,,10765,,6349,,,,,,,,11150,,,,,,,,,,,2032,,,71,,,,,,,,57015303,,,,,,,,,,,,,,,,,,,443023,,455994,132820,,,,,,,,,,984361,,,1801484,,,,,,,255390,,475253,3,,,
1764201600,11/27/2025,,4365473123,,,,,,,,,,,,,,,,,,,,,,,,,,,,,,,,,,,,,,,,,,,,,,,,,,,,,,,,,,,,,,,,,,,,,,,,,,,,,,,,,,,,,,,,,,,,,,,,,,,,,,,,,,,,,,,,,,,,,,,,,,,,,,,,,,,,,,,,,,,,,,,,,,,,,,,,,,10158,,,,,,,,,,,,,,,,,,,,,,,,,,,,,,,,,383,,,,,,,,,,,,,,,,,,,,,,,,,,,883857,,,,,,110905,27149,,,,5224,,,,,,,,,,,,,,,,,,,,,,,,,,10806,,6349,,,,,,,,11150,,,,,,,,,,,2032,,,71,,,,,,,,63118554,,,,,,,,,,,,,,,,,,,442556,,456188,139736,,,,,,,,,,917704,,,1794139,,,,,,,248200,,474202,3,,,
1764288000,11/28/2025,,4344200646,,,,,,,,,,,,,,,,,,,,,,,,,,,,,,,,,,,,,,,,,,,,,,,,,,,,,,,,,,,,,,,,,,,,,,,,,,,,,,,,,,,,,,,,,,,,,,,,,,,,,,,,,,,,,,,,,,,,,,,,,,,,,,,,,,,,,,,,,,,,,,,,,,,,,,,,,,10159,,,,,,,,,,,,,,,,,,,,,,,,,,,,,,,,,383,,,,,,,,,,,,,,,,,,,,,,,,,,,883886,,,,,,110905,34424,,,,5224,,,,,,,,,,,,,,,,,,,,,,,,,,10806,,6349,,,,,,,,11150,,,,,,,,,,,2032,,,71,,,,,,,,68157603,,,,,,,,,,,,,,,,,,,442872,,442443,131641,,,,,,,,,,912910,,,1797074,,,,,,,248251,,474955,595887,,,
1764374400,11/29/2025,,4328564035,,,,,,,,,,,,,,,,,,,,,,,,,,,,,,,,,,,,,,,,,,,,,,,,,,,,,,,,,,,,,,,,,,,,,,,,,,,,,,,,,,,,,,,,,,,,,,,,,,,,,,,,,,,,,,,,,,,,,,,,,,,,,,,,,,,,,,,,,,,,,,,,,,,,,,,,,,10158,,,,,,,,,,,,,,,,,,,,,,,,,,,,,,,,,383,,,,,,,,,,,,,,,,,,,,,,,,,,,883903,,,,,,110905,34441,,,,5224,,,,,,,,,,,,,,,,,,,,,,,,,,10806,,6349,,,,,,,,11150,,,,,,,,,,,2032,,,71,,,,,,,,68381359,,,,,,,,,,,,,,,,,,,442743,,442606,140304,,,,,,,,,,912910,,,1792598,,,,,,,248439,,474145,683283,,,
1764460800,11/30/2025,,4409658672,,,,,,,,,,,,,,,,,,,,,,,,,,,,,,,,,,,,,,,,,,,,,,,,,,,,,,,,,,,,,,,,,,,,,,,,,,,,,,,,,,,,,,,,,,,,,,,,,,,,,,,,,,,,,,,,,,,,,,,,,,,,,,,,,,,,,,,,,,,,,,,,,,,,,,,,,,10116,,,,,,,,,,,,,,,,,,,,,,,,,,,,,,,,,383,,,,,,,,,,,,,,,,,,,,,,,,,,,883987,,,,,,110905,34445,,,,5225,,,,,,,,,,,,,,,,,,,,,,,,,,10806,,6350,,,,,,,,11151,,,,,,,,,,,2032,,,71,,,,,,,,70164200,,,,,,,,,,,,,,,,,,,442117,,442162,142005,,,,,,,,,,915892,,,1794787,,,,,,,247976,,474145,683283,,,
1764547200,12/1/2025,,4410236209,,,,,,,,,,,,,,,,,,,,,,,,,,,,,,,,,,,,,,,,,,,,,,,,,,,,,,,,,,,,,,,,,,,,,,,,,,,,,,,,,,,,,,,,,,,,,,,,,,,,,,,,,,,,,,,,,,,,,,,,,,,,,,,,,,,,,,,,,,,,,,,,,,,,,,,,,,10121,,,,,,,,,,,,,,,,,,,,,,,,,,,,,,,,,383,,,,,,,,,,,,,,,,,,,,,,,,,,,883956,,,,,,110905,34498,,,,5225,,,,,,,,,,,,,,,,,,,,,,,,,,10806,,6349,,,,,,,,11151,,,,,,,,,,,2032,,,71,,,,,,,,70218106,,,,,,,,,,,,,,,,,,,439816,,443465,141020,,,,,,,,,,921455,,,1792284,,,,,,,248049,,426847,681589,,,
1764633600,12/2/2025,,4421165042,,,,,,,,,,,,,,,,,,,,,,,,,,,,,,,,,,,,,,,,,,,,,,,,,,,,,,,,,,,,,,,,,,,,,,,,,,,,,,,,,,,,,,,,,,,,,,,,,,,,,,,,,,,,,,,,,,,,,,,,,,,,,,,,,,,,,,,,,,,,,,,,,,,,,,,,,,10126,,,,,,,,,,,,,,,,,,,,,,,,,,,,,,,,,383,,,,,,,,,,,,,,,,,,,,,,,,,,,883013,,,,,,104431,34280,,,,5223,,,,,,,,,,,,,,,,,,,,,,,,,,10806,,6348,,,,,,,,11148,,,,,,,,,,,2032,,,71,,,,,,,,70269196,,,,,,,,,,,,,,,,,,,444793,,429825,133415,,,,,,,,,,929932,,,1809319,,,,,,,248217,,558622,681589,,,
1764720000,12/3/2025,,4431885306,,,,,,,,,,,,,,,,,,,,,,,,,,,,,,,,,,,,,,,,,,,,,,,,,,,,,,,,,,,,,,,,,,,,,,,,,,,,,,,,,,,,,,,,,,,,,,,,,,,,,,,,,,,,,,,,,,,,,,,,,,,,,,,,,,,,,,,,,,,,,,,,,,,,,,,,,,10134,,,,,,,,,,,,,,,,,,,,,,,,,,,,,,,,,383,,,,,,,,,,,,,,,,,,,,,,,,,,,883301,,,,,,99359,34301,,,,5225,,,,,,,,,,,,,,,,,,,,,,,,,,10806,,6350,,,,,,,,11152,,,,,,,,,,,2032,,,71,,,,,,,,68785221,,,,,,,,,,,,,,,,,,,448809,,431467,133916,,,,,,,,,,933548,,,1814064,,,,,,,247972,,474286,695368,,,
1764806400,12/4/2025,,4420684179,,,,,,,,,,,,,,,,,,,,,,,,,,,,,,,,,,,,,,,,,,,,,,,,,,,,,,,,,,,,,,,,,,,,,,,,,,,,,,,,,,,,,,,,,,,,,,,,,,,,,,,,,,,,,,,,,,,,,,,,,,,,,,,,,,,,,,,,,,,,,,,,,,,,,,,,,,10123,,,,,,,,,,,,,,,,,,,,,,,,,,,,,,,,,383,,,,,,,,,,,,,,,,,,,,,,,,,,,892599,,,,,,99359,35166,,,,5223,,,,,,,,,,,,,,,,,,,,,,,,,,10806,,6348,,,,,,,,11148,,,,,,,,,,,2032,,,71,,,,,,,,69030222,,,,,,,,,,,,,,,,,,,448692,,430138,133626,,,,,,,,,,890498,,,1812028,,,,,,,250397,,475130,687507,,,
1764892800,12/5/2025,,4418550797,,,,,,,,,,,,,,,,,,,,,,,,,,,,,,,,,,,,,,,,,,,,,,,,,,,,,,,,,,,,,,,,,,,,,,,,,,,,,,,,,,,,,,,,,,,,,,,,,,,,,,,,,,,,,,,,,,,,,,,,,,,,,,,,,,,,,,,,,,,,,,,,,,,,,,,,,,10157,,,,,,,,,,,,,,,,,,,,,,,,,,,,,,,,,383,,,,,,,,,,,,,,,,,,,,,,,,,,,892030,,,,,,99359,37481,,,,5220,,,,,,,,,,,,,,,,,,,,,,,,,,10806,,6344,,,,,,,,11141,,,,,,,,,,,2032,,,71,,,,,,,,70869553,,,,,,,,,,,,,,,,,,,446416,,441942,133599,,,,,,,,,,881333,,,1771815,,,,,,,245693,,475579,688287,,,
1764979200,12/6/2025,,4394814191,,,,,,,,,,,,,,,,,,,,,,,,,,,,,,,,,,,,,,,,,,,,,,,,,,,,,,,,,,,,,,,,,,,,,,,,,,,,,,,,,,,,,,,,,,,,,,,,,,,,,,,,,,,,,,,,,,,,,,,,,,,,,,,,,,,,,,,,,,,,,,,,,,,,,,,,,,10160,,,,,,,,,,,,,,,,,,,,,,,,,,,,,,,,,383,,,,,,,,,,,,,,,,,,,,,,,,,,,894672,,,,,,99359,37528,,,,5226,,,,,,,,,,,,,,,,,,,,,,,,,,10806,,6352,,,,,,,,11155,,,,,,,,,,,2032,,,71,,,,,,,,70983167,,,,,,,,,,,,,,,,,,,448525,,442198,130314,,,,,,,,,,921752,,,1780027,,,,,,,246028,,474762,687530,,,
1765065600,12/7/2025,,4390778155,,,,,,,,,,,,,,,,,,,,,,,,,,,,,,,,,,,,,,,,,,,,,,,,,,,,,,,,,,,,,,,,,,,,,,,,,,,,,,,,,,,,,,,,,,,,,,,,,,,,,,,,,,,,,,,,,,,,,,,,,,,,,,,,,,,,,,,,,,,,,,,,,,,,,,,,,,10008,,,,,,,,,,,,,,,,,,,,,,,,,,,,,,,,,381,,,,,,,,,,,,,,,,,,,,,,,,,,,886564,,,,,,99359,37280,,,,5194,,,,,,,,,,,,,,,,,,,,,,,,,,10806,,6312,,,,,,,,11085,,,,,,,,,,,2032,,,71,,,,,,,,70981129,,,,,,,,,,,,,,,,,,,449188,,441336,129869,,,,,,,,,,954174,,,1799933,,,,,,,245987,,538633,687603,,,
1765152000,12/8/2025,,4382622693,,,,,,,,,,,,,,,,,,,,,,,,,,,,,,,,,,,,,,,,,,,,,,,,,,,,,,,,,,,,,,,,,,,,,,,,,,,,,,,,,,,,,,,,,,,,,,,,,,,,,,,,,,,,,,,,,,,,,,,,,,,,,,,,,,,,,,,,,,,,,,,,,,,,,,,,,,10157,,,,,,,,,,,,,,,,,,,,,,,,,,,,,,,,,381,,,,,,,,,,,,,,,,,,,,,,,,,,,897334,,,,,,99359,37269,,,,5192,,,,,,,,,,,,,,,,,,,,,,,,,,10806,,6310,,,,,,,,11081,,,,,,,,,,,2032,,,71,,,,,,,,70037649,,,,,,,,,,,,,,,,,,,450084,,441419,129765,,,,,,,,,,954174,,,1815757,,,,,,,246298,,474129,687376,,,
1765238400,12/9/2025,,4385348490,,,,,,,,,,,,,,,,,,,,,,,,,,,,,,,,,,,,,,,,,,,,,,,,,,,,,,,,,,,,,,,,,,,,,,,,,,,,,,,,,,,,,,,,,,,,,,,,,,,,,,,,,,,,,,,,,,,,,,,,,,,,,,,,,,,,,,,,,,,,,,,,,,,,,,,,,,10050,,,,,,,,,,,,,,,,,,,,,,,,,,,,,,,,,382,,,,,,,,,,,,,,,,,,,,,,,,,,,900807,,,,,,99359,37405,,,,5217,,,,,,,,,,,,,,,,,,,,,,,,,,10806,,6340,,,,,,,,11134,,,,,,,,,,,2032,,,71,,,,,,,,71374646,,,,,,,,,,,,,,,,,,,452164,,442000,129679,,,,,,,,,,968431,,,1801935,,,,,,,246413,,474012,687095,,,
1765324800,12/10/2025,,4396440897,,,,,,,,,,,,,,,,,,,,,,,,,,,,,,,,,,,,,,,,,,,,,,,,,,,,,,,,,,,,,,,,,,,,,,,,,,,,,,,,,,,,,,,,,,,,,,,,,,,,,,,,,,,,,,,,,,,,,,,,,,,,,,,,,,,,,,,,,,,,,,,,,,,,,,,,,,10051,,,,,,,,,,,,,,,,,,,,,,,,,,,,,,,,,381,,,,,,,,,,,,,,,,,,,,,,,,,,,895100,,,,,,99382,37222,,,,5194,,,,,,,,,,,,,,,,,,,,,,,,,,10756,,6312,,,,,,,,11085,,,,,,,,,,,2032,,,71,,,,,,,,70557426,,,,,,,,,,,,,,,,,,,452303,,444130,147282,,,,,,,,,,976598,,,1788327,,,,,,,246117,,473746,687221,,,
1765411200,12/11/2025,,4416523075,,,,,,,,,,,,,,,,,,,,,,,,,,,,,,,,,,,,,,,,,,,,,,,,,,,,,,,,,,,,,,,,,,,,,,,,,,,,,,,,,,,,,,,,,,,,,,,,,,,,,,,,,,,,,,,,,,,,,,,,,,,,,,,,,,,,,,,,,,,,,,,,,,,,,,,,,,10123,,,,,,,,,,,,,,,,,,,,,,,,,,,,,,,,,380,,,,,,,,,,,,,,,,,,,,,,,,,,,892769,,,,,,99382,37565,,,,5189,,,,,,,,,,,,,,,,,,,,,,,,,,10756,,6306,,,,,,,,11074,,,,,,,,,,,2032,,,71,,,,,,,,70315706,,,,,,,,,,,,,,,,,,,306719,,416500,148298,,,,,,,,,,895770,,,1804790,,,,,,,245911,,473130,691425,,,
1765497600,12/12/2025,,4409843310,,,,,,,,,,,,,,,,,,,,,,,,,,,,,,,,,,,,,,,,,,,,,,,,,,,,,,,,,,,,,,,,,,,,,,,,,,,,,,,,,,,,,,,,,,,,,,,,,,,,,,,,,,,,,,,,,,,,,,,,,,,,,,,,,,,,,,,,,,,,,,,,,,,,,,,,,,10117,,,,,,,,,,,,,,,,,,,,,,,,,,,,,,,,,380,,,,,,,,,,,,,,,,,,,,,,,,,,,891663,,,,,,99402,37610,,,,5189,,,,,,,,,,,,,,,,,,,,,,,,,,10756,,6306,,,,,,,,11075,,,,,,,,,,,2032,,,71,,,,,,,,68608050,,,,,,,,,,,,,,,,,,,306020,,404613,136507,,,,,,,,,,739083,,,1798519,,,,,,,245963,,589111,690355,,,
1765584000,12/13/2025,,4431443940,,,,,,,,,,,,,,,,,,,,,,,,,,,,,,,,,,,,,,,,,,,,,,,,,,,,,,,,,,,,,,,,,,,,,,,,,,,,,,,,,,,,,,,,,,,,,,,,,,,,,,,,,,,,,,,,,,,,,,,,,,,,,,,,,,,,,,,,,,,,,,,,,,,,,,,,,,10053,,,,,,,,,,,,,,,,,,,,,,,,,,,,,,,,,380,,,,,,,,,,,,,,,,,,,,,,,,,,,890222,,,,,,99402,37855,,,,5187,,,,,,,,,,,,,,,,,,,,,,,,,,10756,,6304,,,,,,,,11071,,,,,,,,,,,2032,,,71,,,,,,,,70419971,,,,,,,,,,,,,,,,,,,305862,,405989,136848,,,,,,,,,,739863,,,1798680,,,,,,,245843,,589434,686408,,,
1765670400,12/14/2025,,4418657216,,,,,,,,,,,,,,,,,,,,,,,,,,,,,,,,,,,,,,,,,,,,,,,,,,,,,,,,,,,,,,,,,,,,,,,,,,,,,,,,,,,,,,,,,,,,,,,,,,,,,,,,,,,,,,,,,,,,,,,,,,,,,,,,,,,,,,,,,,,,,,,,,,,,,,,,,,10074,,,,,,,,,,,,,,,,,,,,,,,,,,,,,,,,,380,,,,,,,,,,,,,,,,,,,,,,,,,,,889359,,,,,,99402,38451,,,,5186,,,,,,,,,,,,,,,,,,,,,,,,,,10756,,6303,,,,,,,,11070,,,,,,,,,,,2032,,,71,,,,,,,,72267549,,,,,,,,,,,,,,,,,,,306107,,405537,136484,,,,,,,,,,748836,,,1796905,,,,,,,245656,,589299,690049,,,
1765756800,12/15/2025,,4414309449,,,,,,,,,,,,,,,,,,,,,,,,,,,,,,,,,,,,,,,,,,,,,,,,,,,,,,,,,,,,,,,,,,,,,,,,,,,,,,,,,,,,,,,,,,,,,,,,,,,,,,,,,,,,,,,,,,,,,,,,,,,,,,,,,,,,,,,,,,,,,,,,,,,,,,,,,,10052,,,,,,,,,,,,,,,,,,,,,,,,,,,,,,,,,380,,,,,,,,,,,,,,,,,,,,,,,,,,,887992,,,,,,99402,38446,,,,5186,,,,,,,,,,,,,,,,,,,,,,,,,,10756,,6302,,,,,,,,11068,,,,,,,,,,,2032,,,71,,,,,,,,71007861,,,,,,,,,,,,,,,,,,,305558,,404534,136591,,,,,,,,,,748836,,,1799268,,,,,,,245715,,588843,689098,,,
1765843200,12/16/2025,,4410905217,,,,,,,,,,,,,,,,,,,,,,,,,,,,,,,,,,,,,,,,,,,,,,,,,,,,,,,,,,,,,,,,,,,,,,,,,,,,,,,,,,,,,,,,,,,,,,,,,,,,,,,,,,,,,,,,,,,,,,,,,,,,,,,,,,,,,,,,,,,,,,,,,,,,,,,,,,10072,,,,,,,,,,,,,,,,,,,,,,,,,,,,,,,,,380,,,,,,,,,,,,,,,,,,,,,,,,,,,725645,,,,,,93889,38448,,,,5186,,,,,,,,,,,,,,,,,,,,,,,,,,10756,,6302,,,,,,,,11068,,,,,,,,,,,2032,,,71,,,,,,,,71531421,,,,,,,,,,,,,,,,,,,305794,,404923,136930,,,,,,,,,,771172,,,1782828,,,,,,,246219,,588270,693636,,,
1765929600,12/17/2025,,4382014631,,,,,,,,,,,,,,,,,,,,,,,,,,,,,,,,,,,,,,,,,,,,,,,,,,,,,,,,,,,,,,,,,,,,,,,,,,,,,,,,,,,,,,,,,,,,,,,,,,,,,,,,,,,,,,,,,,,,,,,,,,,,,,,,,,,,,,,,,,,,,,,,,,,,,,,,,,10107,,,,,,,,,,,,,,,,,,,,,,,,,,,,,,,,,380,,,,,,,,,,,,,,,,,,,,,,,,,,,725359,,,,,,95961,41991,,,,5189,,,,,,,,,,,,,,,,,,,,,,,,,,10756,,6306,,,,,,,,11075,,,,,,,,,,,2032,,,71,,,,,,,,72040624,,,,,,,,,,,,,,,,,,,305566,,404886,136659,,,,,,,,,,1014198,,,1762052,,,,,,,245666,,588827,689949,,,
1766016000,12/18/2025,,4377943296,,,,,,,,,,,,,,,,,,,,,,,,,,,,,,,,,,,,,,,,,,,,,,,,,,,,,,,,,,,,,,,,,,,,,,,,,,,,,,,,,,,,,,,,,,,,,,,,,,,,,,,,,,,,,,,,,,,,,,,,,,,,,,,,,,,,,,,,,,,,,,,,,,,,,,,,,,10106,,,,,,,,,,,,,,,,,,,,,,,,,,,,,,,,,380,,,,,,,,,,,,,,,,,,,,,,,,,,,712245,,,,,,95961,41965,,,,5186,,,,,,,,,,,,,,,,,,,,,,,,,,10715,,6302,,,,,,,,11068,,,,,,,,,,,2032,,,71,,,,,,,,74220455,,,,,,,,,,,,,,,,,,,305630,,405339,137574,,,,,,,,,,1037735,,,1764578,,,,,,,245907,,588270,689727,,,
1766102400,12/19/2025,,4306036364,,,,,,,,,,,,,,,,,,,,,,,,,,,,,,,,,,,,,,,,,,,,,,,,,,,,,,,,,,,,,,,,,,,,,,,,,,,,,,,,,,,,,,,,,,,,,,,,,,,,,,,,,,,,,,,,,,,,,,,,,,,,,,,,,,,,,,,,,,,,,,,,,,,,,,,,,,10071,,,,,,,,,,,,,,,,,,,,,,,,,,,,,,,,,380,,,,,,,,,,,,,,,,,,,,,,,,,,,712052,,,,,,95157,41989,,,,5189,,,,,,,,,,,,,,,,,,,,,,,,,,10715,,6306,,,,,,,,11074,,,,,,,,,,,2032,,,71,,,,,,,,74023084,,,,,,,,,,,,,,,,,,,305784,,405499,136211,,,,,,,,,,1016820,,,1764745,,,,,,,245547,,588090,686666,,,
1766188800,12/20/2025,,4244724246,,,,,,,,,,,,,,,,,,,,,,,,,,,,,,,,,,,,,,,,,,,,,,,,,,,,,,,,,,,,,,,,,,,,,,,,,,,,,,,,,,,,,,,,,,,,,,,,,,,,,,,,,,,,,,,,,,,,,,,,,,,,,,,,,,,,,,,,,,,,,,,,,,,,,,,,,,10073,,,,,,,,,,,,,,,,,,,,,,,,,,,,,,,,,380,,,,,,,,,,,,,,,,,,,,,,,,,,,693610,,,,,,95157,42732,,,,5190,,,,,,,,,,,,,,,,,,,,,,,,,,10715,,6307,,,,,,,,11076,,,,,,,,,,,2032,,,71,,,,,,,,74186803,,,,,,,,,,,,,,,,,,,306105,,407393,135110,,,,,,,,,,1017386,,,1767575,,,,,,,245847,,587720,690286,,,
1766275200,12/21/2025,,4231500292,,,,,,,,,,,,,,,,,,,,,,,,,,,,,,,,,,,,,,,,,,,,,,,,,,,,,,,,,,,,,,,,,,,,,,,,,,,,,,,,,,,,,,,,,,,,,,,,,,,,,,,,,,,,,,,,,,,,,,,,,,,,,,,,,,,,,,,,,,,,,,,,,,,,,,,,,,10110,,,,,,,,,,,,,,,,,,,,,,,,,,,,,,,,,380,,,,,,,,,,,,,,,,,,,,,,,,,,,675625,,,,,,95157,42723,,,,5189,,,,,,,,,,,,,,,,,,,,,,,,,,10756,,6307,,,,,,,,11076,,,,,,,,,,,2032,,,71,,,,,,,,74079084,,,,,,,,,,,,,,,,,,,306116,,406511,136376,,,,,,,,,,1027381,,,1770357,,,,,,,245763,,587286,690415,,,
1766361600,12/22/2025,,4222720001,,,,,,,,,,,,,,,,,,,,,,,,,,,,,,,,,,,,,,,,,,,,,,,,,,,,,,,,,,,,,,,,,,,,,,,,,,,,,,,,,,,,,,,,,,,,,,,,,,,,,,,,,,,,,,,,,,,,,,,,,,,,,,,,,,,,,,,,,,,,,,,,,,,,,,,,,,10081,,,,,,,,,,,,,,,,,,,,,,,,,,,,,,,,,380,,,,,,,,,,,,,,,,,,,,,,,,,,,674141,,,,,,95157,42741,,,,5188,,,,,,,,,,,,,,,,,,,,,,,,,,10756,,6305,,,,,,,,11073,,,,,,,,,,,2032,,,71,,,,,,,,74342917,,,,,,,,,,,,,,,,,,,305894,,406598,137805,,,,,,,,,,1027381,,,1761499,,,,,,,245374,,587332,691212,,,
1766448000,12/23/2025,,4230613359,,,,,,,,,,,,,,,,,,,,,,,,,,,,,,,,,,,,,,,,,,,,,,,,,,,,,,,,,,,,,,,,,,,,,,,,,,,,,,,,,,,,,,,,,,,,,,,,,,,,,,,,,,,,,,,,,,,,,,,,,,,,,,,,,,,,,,,,,,,,,,,,,,,,,,,,,,10053,,,,,,,,,,,,,,,,,,,,,,,,,,,,,,,,,380,,,,,,,,,,,,,,,,,,,,,,,,,,,530023,,,,,,95157,45132,,,,5185,,,,,,,,,,,,,,,,,,,,,,,,,,10756,,6302,,,,,,,,11067,,,,,,,,,,,2032,,,71,,,,,,,,74531296,,,,,,,,,,,,,,,,,,,306528,,394627,137399,,,,,,,,,,995461,,,1769985,,,,,,,246763,,514095,738886,,,
1766534400,12/24/2025,,4200855037,,,,,,,,,,,,,,,,,,,,,,,,,,,,,,,,,,,,,,,,,,,,,,,,,,,,,,,,,,,,,,,,,,,,,,,,,,,,,,,,,,,,,,,,,,,,,,,,,,,,,,,,,,,,,,,,,,,,,,,,,,,,,,,,,,,,,,,,,,,,,,,,,,,,,,,,,,10059,,,,,,,,,,,,,,,,,,,,,,,,,,,,,,,,,380,,,,,,,,,,,,,,,,,,,,,,,,,,,530273,,,,,,95157,44959,,,,5188,,,,,,,,,,,,,,,,,,,,,,,,,,10756,,6305,,,,,,,,11072,,,,,,,,,,,2032,,,71,,,,,,,,73411846,,,,,,,,,,,,,,,,,,,381122,,381397,137039,,,,,,,,,,921072,,,1774135,,,,,,,248346,,563040,745787,,,
1766620800,12/25/2025,,4197174226,,,,,,,,,,,,,,,,,,,,,,,,,,,,,,,,,,,,,,,,,,,,,,,,,,,,,,,,,,,,,,,,,,,,,,,,,,,,,,,,,,,,,,,,,,,,,,,,,,,,,,,,,,,,,,,,,,,,,,,,,,,,,,,,,,,,,,,,,,,,,,,,,,,,,,,,,,10105,,,,,,,,,,,,,,,,,,,,,,,,,,,,,,,,,380,,,,,,,,,,,,,,,,,,,,,,,,,,,529964,,,,,,95157,44933,,,,5185,,,,,,,,,,,,,,,,,,,,,,,,,,10752,,6301,,,,,,,,11066,,,,,,,,,,,2032,,,71,,,,,,,,75988479,,,,,,,,,,,,,,,,,,,381505,,381083,132268,,,,,,,,,,888881,,,1772005,,,,,,,228255,,586732,747631,,,
1766707200,12/26/2025,,4197013130,,,,,,,,,,,,,,,,,,,,,,,,,,,,,,,,,,,,,,,,,,,,,,,,,,,,,,,,,,,,,,,,,,,,,,,,,,,,,,,,,,,,,,,,,,,,,,,,,,,,,,,,,,,,,,,,,,,,,,,,,,,,,,,,,,,,,,,,,,,,,,,,,,,,,,,,,,10105,,,,,,,,,,,,,,,,,,,,,,,,,,,,,,,,,380,,,,,,,,,,,,,,,,,,,,,,,,,,,526008,,,,,,95157,44937,,,,5185,,,,,,,,,,,,,,,,,,,,,,,,,,10712,,6301,,,,,,,,11067,,,,,,,,,,,2032,,,71,,,,,,,,75936228,,,,,,,,,,,,,,,,,,,381271,,380611,132201,,,,,,,,,,898867,,,1769031,,,,,,,228392,,576366,744815,,,
1766793600,12/27/2025,,4200345670,,,,,,,,,,,,,,,,,,,,,,,,,,,,,,,,,,,,,,,,,,,,,,,,,,,,,,,,,,,,,,,,,,,,,,,,,,,,,,,,,,,,,,,,,,,,,,,,,,,,,,,,,,,,,,,,,,,,,,,,,,,,,,,,,,,,,,,,,,,,,,,,,,,,,,,,,,10107,,,,,,,,,,,,,,,,,,,,,,,,,,,,,,,,,380,,,,,,,,,,,,,,,,,,,,,,,,,,,526046,,,,,,95157,38352,,,,5185,,,,,,,,,,,,,,,,,,,,,,,,,,10752,,6302,,,,,,,,11068,,,,,,,,,,,2032,,,71,,,,,,,,71975886,,,,,,,,,,,,,,,,,,,381864,,381076,132362,,,,,,,,,,924678,,,1775220,,,,,,,228420,,575652,751465,,,
1766880000,12/28/2025,,4177623257,,,,,,,,,,,,,,,,,,,,,,,,,,,,,,,,,,,,,,,,,,,,,,,,,,,,,,,,,,,,,,,,,,,,,,,,,,,,,,,,,,,,,,,,,,,,,,,,,,,,,,,,,,,,,,,,,,,,,,,,,,,,,,,,,,,,,,,,,,,,,,,,,,,,,,,,,,10104,,,,,,,,,,,,,,,,,,,,,,,,,,,,,,,,,380,,,,,,,,,,,,,,,,,,,,,,,,,,,525876,,,,,,95157,38432,,,,5184,,,,,,,,,,,,,,,,,,,,,,,,,,10752,,6300,,,,,,,,11064,,,,,,,,,,,2032,,,71,,,,,,,,71962121,,,,,,,,,,,,,,,,,,,381869,,381377,132382,,,,,,,,,,924678,,,1774462,,,,,,,228362,,586708,752147,,,
1766966400,12/29/2025,,4160336766,,,,,,,,,,,,,,,,,,,,,,,,,,,,,,,,,,,,,,,,,,,,,,,,,,,,,,,,,,,,,,,,,,,,,,,,,,,,,,,,,,,,,,,,,,,,,,,,,,,,,,,,,,,,,,,,,,,,,,,,,,,,,,,,,,,,,,,,,,,,,,,,,,,,,,,,,,10055,,,,,,,,,,,,,,,,,,,,,,,,,,,,,,,,,382,,,,,,,,,,,,,,,,,,,,,,,,,,,528330,,,,,,95157,38663,,,,5215,,,,,,,,,,,,,,,,,,,,,,,,,,10752,,6338,,,,,,,,11131,,,,,,,,,,,2032,,,71,,,,,,,,71830918,,,,,,,,,,,,,,,,,,,381533,,379857,132279,,,,,,,,,,915812,,,1771057,,,,,,,228196,,585881,750498,,,
1767052800,12/30/2025,,4151195633,,,,,,,,,,,,,,,,,,,,,,,,,,,,,,,,,,,,,,,,,,,,,,,,,,,,,,,,,,,,,,,,,,,,,,,,,,,,,,,,,,,,,,,,,,,,,,,,,,,,,,,,,,,,,,,,,,,,,,,,,,,,,,,,,,,,,,,,,,,,,,,,,,,,,,,,,,10074,,,,,,,,,,,,,,,,,,,,,,,,,,,,,,,,,381,,,,,,,,,,,,,,,,,,,,,,,,,,,526704,,,,,,95157,38636,,,,5192,,,,,,,,,,,,,,,,,,,,,,,,,,10752,,6310,,,,,,,,11082,,,,,,,,,,,2032,,,71,,,,,,,,73143425,,,,,,,,,,,,,,,,,,,381544,,379641,131918,,,,,,,,,,902545,,,1787951,,,,,,,228314,,586093,745145,,,
1767139200,12/31/2025,,4143514644,,,,,,,,,,,,,,,,,,,,,,,,,,,,,,,,,,,,,,,,,,,,,,,,,,,,,,,,,,,,,,,,,,,,,,,,,,,,,,,,,,,,,,,,,,,,,,,,,,,,,,,,,,,,,,,,,,,,,,,,,,,,,,,,,,,,,,,,,,,,,,,,,,,,,,,,,,10077,,,,,,,,,,,,,,,,,,,,,,,,,,,,,,,,,383,,,,,,,,,,,,,,,,,,,,,,,,,,,530053,,,,,,95157,38884,,,,5225,,,,,,,,,,,,,,,,,,,,,,,,,,10719,,6350,,,,,,,,11152,,,,,,,,,,,2032,,,71,,,,,,,,76136223,,,,,,,,,,,,,,,,,,,381729,,378415,131385,,,,,,,,,,924511,,,1784532,,,,,,,228196,,585409,747545,,,
1767225600,1/1/2026,,4159095610,,,,,,,,,,,,,,,,,,,,,,,,,,,,,,,,,,,,,,,,,,,,,,,,,,,,,,,,,,,,,,,,,,,,,,,,,,,,,,,,,,,,,,,,,,,,,,,,,,,,,,,,,,,,,,,,,,,,,,,,,,,,,,,,,,,,,,,,,,,,,,,,,,,,,,,,,,10105,,,,,,,,,,,,,,,,,,,,,,,,,,,,,,,,,383,,,,,,,,,,,,,,,,,,,,,,,,,,,530348,,,,,,95157,38906,,,,5228,,,,,,,,,,,,,,,,,,,,,,,,,,10752,,6354,,,,,,,,11159,,,,,,,,,,,2032,,,71,,,,,,,,73446699,,,,,,,,,,,,,,,,,,,1334720,,379716,131763,,,,,,,,,,991029,,,1793568,,,,,,,228165,,561747,751395,,,
1767312000,1/2/2026,,4168281961,,,,,,,,,,,,,,,,,,,,,,,,,,,,,,,,,,,,,,,,,,,,,,,,,,,,,,,,,,,,,,,,,,,,,,,,,,,,,,,,,,,,,,,,,,,,,,,,,,,,,,,,,,,,,,,,,,,,,,,,,,,,,,,,,,,,,,,,,,,,,,,,,,,,,,,,,,10107,,,,,,,,,,,,,,,,,,,,,,,,,,,,,,,,,380,,,,,,,,,,,,,,,,,,,,,,,,,,,526233,,,,,,95157,38604,,,,5188,,,,,,,,,,,,,,,,,,,,,,,,,,10752,,6304,,,,,,,,11072,,,,,,,,,,,2032,,,71,,,,,,,,73280042,,,,,,,,,,,,,,,,,,,1335180,,380355,133246,,,,,,,,,,992047,,,1811540,,,,,,,228462,,586015,750403,,,
1767398400,1/3/2026,,4220220126,,,,,,,,,,,,,,,,,,,,,,,,,,,,,,,,,,,,,,,,,,,,,,,,,,,,,,,,,,,,,,,,,,,,,,,,,,,,,,,,,,,,,,,,,,,,,,,,,,,,,,,,,,,,,,,,,,,,,,,,,,,,,,,,,,,,,,,,,,,,,,,,,,,,,,,,,,10105,,,,,,,,,,,,,,,,,,,,,,,,,,,,,,,,,380,,,,,,,,,,,,,,,,,,,,,,,,,,,525812,,,,,,95157,37861,,,,5183,,,,,,,,,,,,,,,,,,,,,,,,,,10752,,6299,,,,,,,,11063,,,,,,,,,,,2032,,,71,,,,,,,,73218171,,,,,,,,,,,,,,,,,,,1334960,,365920,131488,,,,,,,,,,961910,,,1815548,,,,,,,228655,,585610,749513,,,
1767484800,1/4/2026,,4215492751,,,,,,,,,,,,,,,,,,,,,,,,,,,,,,,,,,,,,,,,,,,,,,,,,,,,,,,,,,,,,,,,,,,,,,,,,,,,,,,,,,,,,,,,,,,,,,,,,,,,,,,,,,,,,,,,,,,,,,,,,,,,,,,,,,,,,,,,,,,,,,,,,,,,,,,,,,10109,,,,,,,,,,,,,,,,,,,,,,,,,,,,,,,,,380,,,,,,,,,,,,,,,,,,,,,,,,,,,507932,,,,,,95157,36318,,,,5190,,,,,,,,,,,,,,,,,,,,,,,,,,10752,,6307,,,,,,,,11077,,,,,,,,,,,2032,,,71,,,,,,,,73262965,,,,,,,,,,,,,,,,,,,1334057,,365152,131600,,,,,,,,,,961910,,,1816129,,,,,,,228685,,584221,750492,,,
1767571200,1/5/2026,,4223131476,,,,,,,,,,,,,,,,,,,,,,,,,,,,,,,,,,,,,,,,,,,,,,,,,,,,,,,,,,,,,,,,,,,,,,,,,,,,,,,,,,,,,,,,,,,,,,,,,,,,,,,,,,,,,,,,,,,,,,,,,,,,,,,,,,,,,,,,,,,,,,,,,,,,,,,,,,10098,,,,,,,,,,,,,,,,,,,,,,,,,,,,,,,,,382,,,,,,,,,,,,,,,,,,,,,,,,,,,509383,,,,,,92494,35824,,,,5205,,,,,,,,,,,,,,,,,,,,,,,,,,10752,,6325,,,,,,,,11109,,,,,,,,,,,2032,,,71,,,,,,,,73292951,,,,,,,,,,,,,,,,,,,1329082,,314633,131751,,,,,,,,,,990880,,,1825216,,,,,,,228607,,585040,752695,,,
1767657600,1/6/2026,,4225619640,,,,,,,,,,,,,,,,,,,,,,,,,,,,,,,,,,,,,,,,,,,,,,,,,,,,,,,,,,,,,,,,,,,,,,,,,,,,,,,,,,,,,,,,,,,,,,,,,,,,,,,,,,,,,,,,,,,,,,,,,,,,,,,,,,,,,,,,,,,,,,,,,,,,,,,,,,10108,,,,,,,,,,,,,,,,,,,,,,,,,,,,,,,,,381,,,,,,,,,,,,,,,,,,,,,,,,,,,508979,,,,,,91676,35570,,,,5197,,,,,,,,,,,,,,,,,,,,,,,,,,10752,,6316,,,,,,,,11093,,,,,,,,,,,2032,,,71,,,,,,,,72541069,,,,,,,,,,,,,,,,,,,928235,,309067,131228,,,,,,,,,,996371,,,1838252,,,,,,,228805,,585216,751123,,,
1767744000,1/7/2026,,4216983317,,,,,,,,,,,,,,,,,,,,,,,,,,,,,,,,,,,,,,,,,,,,,,,,,,,,,,,,,,,,,,,,,,,,,,,,,,,,,,,,,,,,,,,,,,,,,,,,,,,,,,,,,,,,,,,,,,,,,,,,,,,,,,,,,,,,,,,,,,,,,,,,,,,,,,,,,,10105,,,,,,,,,,,,,,,,,,,,,,,,,,,,,,,,,381,,,,,,,,,,,,,,,,,,,,,,,,,,,508786,,,,,,90615,35581,,,,5195,,,,,,,,,,,,,,,,,,,,,,,,,,10752,,6314,,,,,,,,11089,,,,,,,,,,,2032,,,71,,,,,,,,73527536,,,,,,,,,,,,,,,,,,,928314,,291922,131458,,,,,,,,,,1012647,,,1836320,,,,,,,229152,,584243,748982,,,
1767830400,1/8/2026,,4208176467,,,,,,,,,,,,,,,,,,,,,,,,,,,,,,,,,,,,,,,,,,,,,,,,,,,,,,,,,,,,,,,,,,,,,,,,,,,,,,,,,,,,,,,,,,,,,,,,,,,,,,,,,,,,,,,,,,,,,,,,,,,,,,,,,,,,,,,,,,,,,,,,,,,,,,,,,,10106,,,,,,,,,,,,,,,,,,,,,,,,,,,,,,,,,382,,,,,,,,,,,,,,,,,,,,,,,,,,,510573,,,,,,87506,37124,,,,5214,,,,,,,,,,,,,,,,,,,,,,,,,,10752,,6336,,,,,,,,11128,,,,,,,,,,,2032,,,71,,,,,,,,73781064,,,,,,,,,,,,,,,,,,,922341,,291745,138565,,,,,,,,,,1063220,,,1836412,,,,,,,228670,,130938,1062022,,,
1767916800,1/9/2026,,4178854848,,,,,,,,,,,,,,,,,,,,,,,,,,,,,,,,,,,,,,,,,,,,,,,,,,,,,,,,,,,,,,,,,,,,,,,,,,,,,,,,,,,,,,,,,,,,,,,,,,,,,,,,,,,,,,,,,,,,,,,,,,,,,,,,,,,,,,,,,,,,,,,,,,,,,,,,,,9938,,,,,,,,,,,,,,,,,,,,,,,,,,,,,,,,,382,,,,,,,,,,,,,,,,,,,,,,,,,,,510237,,,,,,87506,44303,,,,5210,,,,,,,,,,,,,,,,,,,,,,,,,,10752,,6332,,,,,,,,11120,,,,,,,,,,,2032,,,71,,,,,,,,70538151,,,,,,,,,,,,,,,,,,,912956,,294182,138129,,1704936,,,,,,,,1119358,,,1840957,,,,,,,225313,,123693,1063904,,,
1768003200,1/10/2026,,4111415089,,,,,,,,,,,,,,,,,,,,,,,,,,,,,,,,,,,,,,,,,,,,,,,,,,,,,,,,,,,,,,,,,,,,,,,,,,,,,,,,,,,,,,,,,,,,,,,,,,,,,,,,,,,,,,,,,,,,,,,,,,,,,,,,,,,,,,,,,,,,,,,,,,,,,,,,,,10074,,,,,,,,,,,,,,,,,,,,,,,,,,,,,,,,,382,,,,,,,,,,,,,,,,,,,,,,,,,,,510528,,,,,,87506,44324,,,,5213,,,,,,,,,,,,,,,,,,,,,,,,,,10752,,6336,,,,,,,,11127,,,,,,,,,,,2032,,,71,,,,,,,,71007597,,,,,,,,,,,,,,,,,,,913160,,294405,138309,,1702425,,,,,,,,1164879,,,1839976,,,,,,,225378,,129634,1066527,,,
1768089600,1/11/2026,,4237078655,,,,,,,,,,,,,,,,,,,,,,,,,,,,,,,,,,,,,,,,,,,,,,,,,,,,,,,,,,,,,,,,,,,,,,,,,,,,,,,,,,,,,,,,,,,,,,,,,,,,,,,,,,,,,,,,,,,,,,,,,,,,,,,,,,,,,,,,,,,,,,,,,,,,,,,,,,10074,,,,,,,,,,,,,,,,,,,,,,,,,,,,,,,,,382,,,,,,,,,,,,,,,,,,,,,,,,,,,509827,,,,,,86312,47716,,,,5214,,,,,,,,,,,,,,,,,,,,,,,,,,10752,,6336,,,,,,,,11128,,,,,,,,,,,2032,,,71,,,,,,,,71038700,,,,,,,,,,,,,,,,,,,913270,,294056,138336,,1704304,,,,,,,,1164879,,,1846016,,,,,,,225720,,130912,1065308,,,
1768176000,1/12/2026,,4285735322,,,,,,,,,,,,,,,,,,,,,,,,,,,,,,,,,,,,,,,,,,,,,,,,,,,,,,,,,,,,,,,,,,,,,,,,,,,,,,,,,,,,,,,,,,,,,,,,,,,,,,,,,,,,,,,,,,,,,,,,,,,,,,,,,,,,,,,,,,,,,,,,,,,,,,,,,,10105,,,,,,,,,,,,,,,,,,,,,,,,,,,,,,,,,383,,,,,,,,,,,,,,,,,,,,,,,,,,,511114,,,,,,84618,47689,,,,5227,,,,,,,,,,,,,,,,,,,,,,,,,,10752,,6352,,,,,,,,11156,,,,,,,,,,,2032,,,71,,,,,,,,71243530,,,,,,,,,,,,,,,,,,,913156,,295365,139252,,1707517,,,,,,,,1164472,,,1846230,,,,,,,225496,,130953,1071642,,,
1768262400,1/13/2026,,4386831419,,,,,,,,,,,,,,,,,,,,,,,,,,,,,,,,,,,,,,,,,,,,,,,,,,,,,,,,,,,,,,,,,,,,,,,,,,,,,,,,,,,,,,,,,,,,,,,,,,,,,,,,,,,,,,,,,,,,,,,,,,,,,,,,,,,,,,,,,,,,,,,,,,,,,,,,,,10107,,,,,,,,,,,,,,,,,,,,,,,,,,,,,,,,,380,,,,,,,,,,,,,,,,,,,,,,,,,,,506404,,,,,,83887,78740,,,,5183,,,,,,,,,,,,,,,,,,,,,,,,,,10752,,6298,,,,,,,,11061,,,,,,,,,,,2032,,,71,,,,,,,,72112520,,,,,,,,,,,,,,,,,,,918020,,294992,138534,,1704814,,,,,,,,1102855,,,1842009,,,,,,,225806,,130803,1068210,,,
1768348800,1/14/2026,,4469015880,,,,,,,,,,,,,,,,,,,,,,,,,,,,,,,,,,,,,,,,,,,,,,,,,,,,,,,,,,,,,,,,,,,,,,,,,,,,,,,,,,,,,,,,,,,,,,,,,,,,,,,,,,,,,,,,,,,,,,,,,,,,,,,,,,,,,,,,,,,,,,,,,,,,,,,,,,10111,,,,,,,,,,,,,,,,,,,,,,,,,,,,,,,,,382,,,,,,,,,,,,,,,,,,,,,,,,,,,509356,,,,,,82848,92640,,,,5215,,,,,,,,,,,,,,,,,,,,,,,,,,10752,,6337,,,,,,,,11130,,,,,,,,,,,2032,,,71,,,,,,,,72190960,,,,,,,,,,,,,,,,,,,915309,,297452,107498,,1700555,,,,,,,,1158338,,,1836994,,,,,,,225694,,131055,1069048,,,
1768435200,1/15/2026,,4605669865,,,,,,,,,,,,,,,,,,,,,,,,,,,,,,,,,,,,,,,,,,,,,,,,,,,,,,,,,,,,,,,,,,,,,,,,,,,,,,,,,,,,,,,,,,,,,,,,,,,,,,,,,,,,,,,,,,,,,,,,,,,,,,,,,,,,,,,,,,,,,,,,,,,,,,,,,,10108,,,,,,,,,,,,,,,,,,,,,,,,,,,,,,,,,380,,,,,,,,,,,,,,,,,,,,,,,,,,,506449,,,,,,82848,99944,,,,5187,,,,,,,,,,,,,,,,,,,,,,,,,,10752,,6304,,,,,,,,11072,,,,,,,,,,,2032,,,71,,,,,,,,72186748,,,,,,,,,,,,,,,,,,,917506,,295319,100695,,1706102,,,,,,,,1133370,,,1843510,,,,,,,225012,,130698,1068071,,,
1768521600,1/16/2026,,4670398999,,,,,,,,,,,,,,,,,,,,,,,,,,,,,,,,,,,,,,,,,,,,,,,,,,,,,,,,,,,,,,,,,,,,,,,,,,,,,,,,,,,,,,,,,,,,,,,,,,,,,,,,,,,,,,,,,,,,,,,,,,,,,,,,,,,,,,,,,,,,,,,,,,,,,,,,,,10107,,,,,,,,,,,,,,,,,,,,,,,,,,,,,,,,,382,,,,,,,,,,,,,,,,,,,,,,,,,,,508144,,,,,,82848,102597,,,,5206,,,,,,,,,,,,,,,,,,,,,,,,,,10712,,6327,,,,,,,,11112,,,,,,,,,,,2032,,,71,,,,,,,,71847843,,,,,,,,,,,,,,,,,,,918043,,293414,100716,,1703580,,,,,,,,1187475,,,1842616,,,,,,,225193,,130571,1068380,,,
1768608000,1/17/2026,,4634848482,,,,,,,,,,,,,,,,,,,,,,,,,,,,,,,,,,,,,,,,,,,,,,,,,,,,,,,,,,,,,,,,,,,,,,,,,,,,,,,,,,,,,,,,,,,,,,,,,,,,,,,,,,,,,,,,,,,,,,,,,,,,,,,,,,,,,,,,,,,,,,,,,,,,,,,,,,10107,,,,,,,,,,,,,,,76,,,,,,,,,,,,,,,,,,380,,,,,,,,,,,,,,,,,,,,,,,,,,,506125,,,,,,82125,79696,,,,5189,,,,,,,,,,,,,,,,,,,,,,,,,,10752,,6306,,,,,,,,11075,,,,,,,,,,,2032,,,71,,,,,,,,70381153,,,,,,,,,,,,,,,,,,,914334,,293168,103339,,1704015,,,,,,,,1193838,,,1852046,,,,,,,225185,,,1066461,,,
1768694400,1/18/2026,,4630771913,,,,,,,,,,,,,,,,,,,,,,,,,,,,,,,,,,,,,,,,,,,,,,,,,,,,,,,,,,,,,,,,,,,,,,,,,,,,,,,,,,,,,,,,,,,,,,,,,,,,,,,,,,,,,,,,,,,,,,,,,,,,,,,,,,,,,,,,,,,,,,,,,,,,,,,,,,9965,,,,,,,,,,,,,,,75,,,,,,,,,,,,,,,,,,381,,,,,,,,,,,,,,,,,,,,,,,,,,,506489,,,,,,80883,94784,,,,5195,,,,,,,,,,,,,,,,,,,,,,,,,,10752,,6313,,,,,,,,11088,,,,,,,,,,,2032,,,71,,,,,,,,72114550,,,,,,,,,,,,,,,,,,,914418,,293940,104019,,1701753,,,,,,,,1191721,,,1855603,,,,,,,225123,,,1066939,,,
1768780800,1/19/2026,,4661644568,,,,,,,,,,,,,,,,,,,,,,,,,,,,,,,,,,,,,,,,,,,,,,,,,,,,,,,,,,,,,,,,,,,,,,,,,,,,,,,,,,,,,,,,,,,,,,,,,,,,,,,,,,,,,,,,,,,,,,,,,,,,,,,,,,,,,,,,,,,,,,,,,,,,,,,,,,10106,,,,,,,,,,,,,,,75,,,,,,,,,,,,,,,,,,382,,,,,,,,,,,,,,,,,,,,,,,,,,,508237,,,,,,80883,53966,,,,5214,,,,,,,,,,,,,,,,,,,,,,,,,,10752,,6337,,,,,,,,11129,,,,,,,,,,,2032,,,71,,,,,,,,70673970,,,,,,,,,,,,,,,,,,,914501,,294937,103899,,1707146,,,,,,,,1186416,,,1862407,,,,,,,224579,,130404,1069399,,,
1768867200,1/20/2026,,4756190406,,,,,,,,,,,,,,,,,,,,,,,,,,,,,,,,,,,,,,,,,,,,,,,,,,,,,,,,,,,,,,,,,,,,,,,,,,,,,,,,,,,,,,,,,,,,,,,,,,,,,,,,,,,,,,,,,,,,,,,,,,,,,,,,,,,,,,,,,,,,,,,,,,,,,,,,,,10099,,,,,,,,,,,,,,,75,,,,,,,,,,,,,,,,,,380,,,,,,,,,,,,,,,,,,,,,,,,,,,505606,,,,,,80368,106342,,,,5189,,,,,,,,,,,,,,,,,,,,,,,,,,10752,,6306,,,,,,,,11075,,,,,,,,,,,2032,,,71,,,,,,,,70761772,,,,,,,,,,,,,,,,,,,917278,,297317,102486,,1710968,,,,,,,,1132016,,,1858068,,,,,,,225098,,130226,1072636,,,
1768953600,1/21/2026,,4763832209,,,,,,,,,,,,,,,,,,,,,,,,,,,,,,,,,,,,,,,,,,,,,,,,,,,,,,,,,,,,,,,,,,,,,,,,,,,,,,,,,,,,,,,,,,,,,,,,,,,,,,,,,,,,,,,,,,,,,,,,,,,,,,,,,,,,,,,,,,,,,,,,,,,,,,,,,,10103,,,,,,,,,,,,,,,76,,,,,,,,,,,,,,,,,,341,,,,,,,,,,,,,,,,,,,,,,,,,,,453567,,,,,,77838,93877,,,,4656,,,,,,,,,,,,,,,,,,,,,,,,,,10752,,5659,,,,,,,,9938,,,,,,,,,,,2032,,,71,,,,,,,,70425446,,,,,,,,,,,,,,,,,,,919101,,277236,101145,,1720046,,,,,,,,906089,,,1873649,,,,,,,225171,,130239,1070750,,,
1769040000,1/22/2026,,4770638946,,,,,,,,,,,,,,,,,,,,,,,,,,,,,,,,,,,,,,,,,,,,,,,,,,,,,,,,,,,,,,,,,,,,,,,,,,,,,,,,,,,,,,,,,,,,,,,,,,,,,,,,,,,,,,,,,,,,,,,,,,,,,,,,,,,,,,,,,,,,,,,,,,,,,,,,,,10078,,,,,,,,,,,,,,,76,,,,,,,,,,,,,,,,,,290,,,,,,,,,,,,,,,,,,,,,,,,,,,385072,,,,,,77838,77626,,,,3959,,,,,,,,,,,,,,,,,,,,,,,,,,10752,,4811,,,,,,,,8450,,,,,,,,,,,2032,,,71,,,,,,,,70578163,,,,,,,,,,,,,,,,,,,917732,,278404,101247,,1735646,,,,,,,,1174088,,,1876471,,,,,,,225026,,129931,1071817,,,
1769126400,1/23/2026,,4748479912,,,,,,,,,,,,,,,,,,,,,,,,,,,,,,,,,,,,,,,,,,,,,,,,,,,,,,,,,,,,,,,,,,,,,,,,,,,,,,,,,,,,,,,,,,,,,,,,,,,,,,,,,,,,,,,,,,,,,,,,,,,,,,,,,,,,,,,,,,,,,,,,,,,,,,,,,,10099,,,,,,,,,,,,,,,75,,,,,,,,,,,,,,,,,,383,,,,,,,,,,,,,,,,,,,,,,,,,,,507907,,,,,,77169,106258,,,,5226,,,,,,,,,,,,,,,,,,,,,,,,,,10752,,6352,,,,,,,,11155,,,,,,,,,,,2032,,,71,,,,,,,,69441664,,,,,,,,,,,,,,,,,,,926067,,279825,101577,,1754308,,,,,,,,1047121,,,1876846,,,,,,,226293,,129711,1084054,,,
1769212800,1/24/2026,,4675625799,,,,,,,,,,,,,,,,,,,,,,,,,,,,,,,,,,,,,,,,,,,,,,,,,,,,,,,,,,,,,,,,,,,,,,,,,,,,,,,,,,,,,,,,,,,,,,,,,,,,,,,,,,,,,,,,,,,,,,,,,,,,,,,,,,,,,,,,,,,,,,,,,,,,,,,,,,10040,,,,,,,,,,,,,,,75,,,,,,,,,,,,,,,,,,383,,,,,,,,,,,,,,,,,,,,,,,,,,,507900,,,,,,76645,105025,,,,5226,,,,,,,,,,,,,,,,,,,,,,,,,,10752,,6351,,,,,,,,11155,,,,,,,,,,,2032,,,71,,,,,,,,70093373,,,,,,,,,,,,,,,,,,,926068,,286322,91781,,1755655,,,,,,,,815424,,,1869498,,,,,,,227080,,129803,1071065,,,
1769299200,1/25/2026,,4645462664,,,,,,,,,,,,,,,,,,,,,,,,,,,,,,,,,,,,,,,,,,,,,,,,,,,,,,,,,,,,,,,,,,,,,,,,,,,,,,,,,,,,,,,,,,,,,,,,,,,,,,,,,,,,,,,,,,,,,,,,,,,,,,,,,,,,,,,,,,,,,,,,,,,,,,,,,,10015,,,,,,,,,,,,,,,76,,,,,,,,,,,,,,,,,,383,,,,,,,,,,,,,,,,,,,,,,,,,,,508279,,,,,,76645,97659,,,,5226,,,,,,,,,,,,,,,,,,,,,,,,,,10763,,6351,,,,,,,,11154,,,,,,,,,,,2032,,,71,,,,,,,,70585504,,,,,,,,,,,,,,,,,,,925869,,284056,89135,,1757088,,,,,,,,769693,,,1868335,,,,,,,226597,,130029,1088443,,,
1769385600,1/26/2026,,4646798737,,,,,,,,,,,,,,,,,,,,,,,,,,,,,,,,,,,,,,,,,,,,,,,,,,,,,,,,,,,,,,,,,,,,,,,,,,,,,,,,,,,,,,,,,,,,,,,,,,,,,,,,,,,,,,,,,,,,,,,,,,,,,,,,,,,,,,,,,,,,,,,,,,,,,,,,,,10101,,,,,,,,,,,,,,,75,,,,,,,,,,,,,,,,,,383,,,,,,,,,,,,,,,,,,,,,,,,,,,508317,,,,,,76645,83199,,,,5226,,,,,,,,,,,,,,,,,,,,,,,,,,10752,,6351,,,,,,,,11154,,,,,,,,,,,2032,,,71,,,,,,,,70289532,,,,,,,,,,,,,,,,,,,926939,,277644,91934,,1759838,,,,,,,,683409,,,1879092,,,,,,,228307,,129861,1077016,,,
1769472000,1/27/2026,,4631386712,,,,,,,,,,,,,,,,,,,,,,,,,,,,,,,,,,,,,,,,,,,,,,,,,,,,,,,,,,,,,,,,,,,,,,,,,,,,,,,,,,,,,,,,,,,,,,,,,,,,,,,,,,,,,,,,,,,,,,,,,,,,,,,,,,,,,,,,,,,,,,,,,,,,,,,,,,10099,,,,,,,,,,,,,,,75,,,,,,,,,,,,,,,,,,383,,,,,,,,,,,,,,,,,,,,,,,,,,,508140,,,,,,76131,111827,,,,5226,,,,,,,,,,,,,,,,,,,,,,,,,,10711,,6351,,,,,,,,11154,,,,,,,,,,,2032,,,71,,,,,,,,70135559,,,,,,,,,,,,,,,,,,,934797,,296547,80165,,1780917,,,,,,,,566754,,,1921781,,,,,,,224060,,129790,1070749,,,
1769558400,1/28/2026,,4470820704,,,,,,,,,,,,,,,,,,,,,,,,,,,,,,,,,,,,,,,,,,,,,,,,,,,,,,,,,,,,,,,,,,,,,,,,,,,,,,,,,,,,,,,,,,,,,,,,,,,,,,,,,,,,,,,,,,,,,,,,,,,,,,,,,,,,,,,,,,,,,,,,,,,,,,,,,,10097,,,,,,,,,,,,,,,75,,,,,,,,,,,,,,,,,,383,,,,,,,,,,,,,,,,,,,,,,,,,,,68953,,,,,,75604,111943,,,,5226,,,,,,,,,,,,,,,,,,,,,,,,,,10752,,6351,,,,,,,,11155,,,,,,,,,,,2032,,,71,,,,,,,,71688367,,,,,,,,,,,,,,,,,,,934181,,264214,79860,,1789794,,,,,,,,390028,,,1905054,,,,,,,74242,,130065,1075911,,,
1769644800,1/29/2026,,4257584793,,,,,,,,,,,,,,,,,,,,,,,,,,,,,,,,,,,,,,,,,,,,,,,,,,,,,,,,,,,,,,,,,,,,,,,,,,,,,,,,,,,,,,,,,,,,,,,,,,,,,,,,,,,,,,,,,,,,,,,,,,,,,,,,,,,,,,,,,,,,,,,,,,,,,,,,,,10097,,,,,,,,,,,,,,,75,,,,,,,,,,,,,,,,,,383,,,,,,,,,,,,,,,,,,,,,,,,,,,68826,,,,,,75229,116286,,,,5226,,,,,,,,,,,,,,,,,,,,,,,,,,10711,,6351,,,,,,,,11154,,,,,,,,,,,2032,,,71,,,,,,,,71158688,,,,,,,,,,,,,,,,,,,941115,,265058,80301,,1791312,,,,,,,,974905,,,1903934,,,,,,,74232,,129697,1096519,,,
1769731200,1/30/2026,,4159215840,,,,,,,,,,,,,,,,,,,,,,,,,,,,,,,,,,,,,,,,,,,,,,,,,,,,,,,,,,,,,,,,,,,,,,,,,,,,,,,,,,,,,,,,,,,,,,,,,,,,,,,,,,,,,,,,,,,,,,,,,,,,,,,,,,,,,,,,,,,,,,,,,,,,,,,,,,9962,,,,,,,,,,,,,,,75,,,,,,,,,,,,,,,,,,383,,,,,,,,,,,,,,,,,,,,,,,,,,,68706,,,,,,75229,108604,,,,5227,,,,,,,,,,,,,,,,,,,,,,,,,,10752,,6352,,,,,,,,11156,,,,,,,,,,,2032,,,71,,,,,,,,70468049,,,,,,,,,,,,,,,,,,,939005,,257054,76173,,1778589,,,,,,,,960962,,,1891818,,,,,,,73415,,129156,1078004,,,
1769817600,1/31/2026,,4161734511,,,,,,,,,,,,,,,,,,,,,,,,,,,,,,,,,,,,,,,,,,,,,,,,,,,,,,,,,,,,,,,,,,,,,,,,,,,,,,,,,,,,,,,,,,,,,,,,,,,,,,,,,,,,,,,,,,,,,,,,,,,,,,,,,,,,,,,,,,,,,,,,,,,,,,,,,,10035,,,,,,,,,,,,,,,76,,,,,,,,,,,,,,,,,,383,,,,,,,,,,,,,,,,,,,,,,,,,,,68577,,,,,,74971,49268,,,,5226,,,,,,,,,,,,,,,,,,,,,,,,,,10711,,6351,,,,,,,,11154,,,,,,,,,,,2032,,,71,,,,,,,,71232967,,,,,,,,,,,,,,,,,,,929278,,250212,82404,,1777660,,,,,,,,1068697,,,1888827,,,,,,,74211,,129135,1068323,,,
1769904000,2/1/2026,,4200360645,,,,,,,,,,,,,,,,,,,,,,,,,,,,,,,,,,,,,,,,,,,,,,,,,,,,,,,,,,,,,,,,,,,,,,,,,,,,,,,,,,,,,,,,,,,,,,,,,,,,,,,,,,,,,,,,,,,,,,,,,,,,,,,,,,,,,,,,,,,,,,,,,,,,,,,,,,10101,,,,,,,,,,,,,,,76,,,,,,,,,,,,,,,,,,383,,,,,,,,,,,,,,,,,,,,,,,,,,,68579,,,,,,73263,48739,,,,5226,,,,,,,,,,,,,,,,,,,,,,,,,,10711,,6351,,,,,,,,11155,,,,,,,,,,,2032,,,71,,,,,,,,71247497,,,,,,,,,,,,,,,,,,,920871,,249735,81435,,1777259,,,,,,,,1114932,,,1897938,,,,,,,74264,,128839,1077079,,,
1769990400,2/2/2026,,4206192285,,,,,,,,,,,,,,,,,,,,,,,,,,,,,,,,,,,,,,,,,,,,,,,,,,,,,,,,,,,,,,,,,,,,,,,,,,,,,,,,,,,,,,,,,,,,,,,,,,,,,,,,,,,,,,,,,,,,,,,,,,,,,,,,,,,,,,,,,,,,,,,,,,,,,,,,,,10018,,,,,,,,,,,,,,,75,,,,,,,,,,,,,,,,,,383,,,,,,,,,,,,,,,,,,,,,,,,,,,68594,,,,,,73263,48749,,,,5227,,,,,,,,,,,,,,,,,,,,,,,,,,10752,,6353,,,,,,,,11157,,,,,,,,,,,2032,,,71,,,,,,,,73230095,,,,,,,,,,,,,,,,,,,929201,,247980,89761,,1767827,,,,,,,,1175464,,,1909972,,,,,,,74277,,129187,1083161,,,
1770076800,2/3/2026,,4187782326,,,,,,,,,,,,,,,,,,,,,,,,,,,,,,,,,,,,,,,,,,,,,,,,,,,,,,,,,,,,,,,,,,,,,,,,,,,,,,,,,,,,,,,,,,,,,,,,,,,,,,,,,,,,,,,,,,,,,,,,,,,,,,,,,,,,,,,,,,,,,,,,,,,,,,,,,,10061,,,,,,,,,,,,,,,76,,,,,,,,,,,,,,,,,,383,,,,,,,,,,,,,,,,,,,,,,,,,,,68438,,,,,,73263,65436,,,,5227,,,,,,,,,,,,,,,,,,,,,,,,,,10752,,6352,,,,,,,,11155,,,,,,,,,,,2032,,,71,,,,,,,,74282149,,,,,,,,,,,,,,,,,,,856216,,200665,83597,,1787153,,,,,,,,1322112,,,1913509,,,,,,,74245,,129140,1074245,,,
1770163200,2/4/2026,,4170723064,,,,,,,,,,,,,,,,,,,,,,,,,,,,,,,,,,,,,,,,,,,,,,,,,,,,,,,,,,,,,,,,,,,,,,,,,,,,,,,,,,,,,,,,,,,,,,,,,,,,,,,,,,,,,,,,,,,,,,,,,,,,,,,,,,,,,,,,,,,,,,,,,,,,,,,,,,10093.46,,,,,,,,,,,,,,,75.66,,,,,,,,,,,,,,,,,,383.14,,,,,,,,,,,,,,,,,,,,,,,,,,,68431.07,,,,,,73262.85,99655.35,,,,5226.11,,,,,,,,,,,,,,,,,,,,,,,,,,10752.1,,6351.24,,,,,,,,11154.35,,,,,,,,,,,2032.27,,,70.62,,,,,,,,73000339.67,,,,,,,,,,,,,,,,,,,855387.71,,168223.69,83728.54,,1776717.51,,,,,,,,1020620.34,,,1912046.03,,,,,,,74292.73,,129285.01,1077298.81,,,
