chain,block_date,token_bought_address,token_bought_symbol,token_bought_amount,amount_usd
arbitrum,1/1/2025 0:00,0xaf88d065e77c8cc2239327c5edb3a432268e5831,USDC,86901160.77,86969154.71
arbitrum,1/1/2025 0:00,0xfd086bc7cd5c481dcc9c85ebe478a1c0b69fcbb9,USDT,47433692.85,47372126.47
arbitrum,1/1/2025 0:00,0x2f2a2543b76a4166549f7aab2e75bef0aefc5b0f,WBTC,289.8215045,27141560.1
arbitrum,1/1/2025 0:00,0x82af49447d8a07e3bd95bd0d56f35241523fbab1,WETH,36706.45481,122674079.2
arbitrum,1/1/2025 0:00,0xcbb7c0000ab88b473b1f5afd9ef808440eed33bf,cbBTC,2.1873904,206446.1541
base,1/1/2025 0:00,0x833589fcd6edb6e08f4c7c32d4f71b54bda02913,USDC,301212566.5,301443335
base,1/1/2025 0:00,0xfde4c96c8593536e31f229ea8f37b2ada2699bb2,USDT,4405775.241,4402345.77
base,1/1/2025 0:00,0x4200000000000000000000000000000000000006,WETH,170271.447,569380747
base,1/1/2025 0:00,0xcbb7c0000ab88b473b1f5afd9ef808440eed33bf,cbBTC,1056.029286,99297846.12
optimism,1/1/2025 0:00,0x0b2c639c533813f4aa9d7837caf62653d097ff85,USDC,21293481.21,21309801.08
optimism,1/1/2025 0:00,0x94b008aa00579c1307b0ef2c499ad98a8ce58e58,USDT,3913550.662,3908299.73
optimism,1/1/2025 0:00,0x68f180fcce6836688e9084f035309e29bf0a2095,WBTC,9.59208323,898879.3154
optimism,1/1/2025 0:00,0x4200000000000000000000000000000000000006,WETH,7196.304862,24053590
arbitrum,1/2/2025 0:00,0xaf88d065e77c8cc2239327c5edb3a432268e5831,USDC,167109298.8,167152766.6
arbitrum,1/2/2025 0:00,0xfd086bc7cd5c481dcc9c85ebe478a1c0b69fcbb9,USDT,97142151.5,97050005.01
arbitrum,1/2/2025 0:00,0x2f2a2543b76a4166549f7aab2e75bef0aefc5b0f,WBTC,583.7221335,56073892.45
arbitrum,1/2/2025 0:00,0x82af49447d8a07e3bd95bd0d56f35241523fbab1,WETH,74918.62572,257679132.7
arbitrum,1/2/2025 0:00,0xcbb7c0000ab88b473b1f5afd9ef808440eed33bf,cbBTC,3.18532838,308437.0665
base,1/2/2025 0:00,0x833589fcd6edb6e08f4c7c32d4f71b54bda02913,USDC,516268708.5,516412292.9
base,1/2/2025 0:00,0xfde4c96c8593536e31f229ea8f37b2ada2699bb2,USDT,9113356.131,9101421.772
base,1/2/2025 0:00,0x4200000000000000000000000000000000000006,WETH,275852.711,947738272.2
base,1/2/2025 0:00,0xcbb7c0000ab88b473b1f5afd9ef808440eed33bf,cbBTC,2028.286214,195396625.5
optimism,1/2/2025 0:00,0x0b2c639c533813f4aa9d7837caf62653d097ff85,USDC,36089130.59,36098776.48
optimism,1/2/2025 0:00,0x94b008aa00579c1307b0ef2c499ad98a8ce58e58,USDT,5952784.051,5946651.881
optimism,1/2/2025 0:00,0x68f180fcce6836688e9084f035309e29bf0a2095,WBTC,14.62857497,1406737.446
optimism,1/2/2025 0:00,0x4200000000000000000000000000000000000006,WETH,11896.93657,40891885.65
arbitrum,1/3/2025 0:00,0xaf88d065e77c8cc2239327c5edb3a432268e5831,USDC,155039979.8,155065908.6
arbitrum,1/3/2025 0:00,0xfd086bc7cd5c481dcc9c85ebe478a1c0b69fcbb9,USDT,85437701.66,85393113.54
arbitrum,1/3/2025 0:00,0x2f2a2543b76a4166549f7aab2e75bef0aefc5b0f,WBTC,506.3421052,49166872.99
arbitrum,1/3/2025 0:00,0x82af49447d8a07e3bd95bd0d56f35241523fbab1,WETH,68794.96179,242405357.6
arbitrum,1/3/2025 0:00,0xcbb7c0000ab88b473b1f5afd9ef808440eed33bf,cbBTC,0.60556353,58941.57059
base,1/3/2025 0:00,0x833589fcd6edb6e08f4c7c32d4f71b54bda02913,USDC,362788601.7,362842204.6
base,1/3/2025 0:00,0xfde4c96c8593536e31f229ea8f37b2ada2699bb2,USDT,9182818.492,9175582.264
base,1/3/2025 0:00,0x4200000000000000000000000000000000000006,WETH,224893.8711,791158265
base,1/3/2025 0:00,0xcbb7c0000ab88b473b1f5afd9ef808440eed33bf,cbBTC,1442.235597,140574794.9
optimism,1/3/2025 0:00,0x0b2c639c533813f4aa9d7837caf62653d097ff85,USDC,30313070.34,30317630.42
optimism,1/3/2025 0:00,0x94b008aa00579c1307b0ef2c499ad98a8ce58e58,USDT,4867701.26,4865112.49
optimism,1/3/2025 0:00,0x68f180fcce6836688e9084f035309e29bf0a2095,WBTC,18.07607563,1756066.487
optimism,1/3/2025 0:00,0x4200000000000000000000000000000000000006,WETH,11975.77239,42214533.91
arbitrum,1/4/2025 0:00,0xaf88d065e77c8cc2239327c5edb3a432268e5831,USDC,110536246.1,110548610.2
arbitrum,1/4/2025 0:00,0xfd086bc7cd5c481dcc9c85ebe478a1c0b69fcbb9,USDT,56636118.46,56630693.68
arbitrum,1/4/2025 0:00,0x2f2a2543b76a4166549f7aab2e75bef0aefc5b0f,WBTC,351.3937636,34358114.7
arbitrum,1/4/2025 0:00,0x82af49447d8a07e3bd95bd0d56f35241523fbab1,WETH,53312.77779,193001046.7
arbitrum,1/4/2025 0:00,0xcbb7c0000ab88b473b1f5afd9ef808440eed33bf,cbBTC,1.3873653,136121.9989
base,1/4/2025 0:00,0x833589fcd6edb6e08f4c7c32d4f71b54bda02913,USDC,285574846.1,285601661.2
base,1/4/2025 0:00,0xfde4c96c8593536e31f229ea8f37b2ada2699bb2,USDT,7141291.774,7140924.595
base,1/4/2025 0:00,0x4200000000000000000000000000000000000006,WETH,183721.2277,664594357.6
base,1/4/2025 0:00,0xcbb7c0000ab88b473b1f5afd9ef808440eed33bf,cbBTC,1304.98314,127961701
optimism,1/4/2025 0:00,0x0b2c639c533813f4aa9d7837caf62653d097ff85,USDC,27742434.38,27746056.85
optimism,1/4/2025 0:00,0x94b008aa00579c1307b0ef2c499ad98a8ce58e58,USDT,4076507.231,4076519.652
optimism,1/4/2025 0:00,0x68f180fcce6836688e9084f035309e29bf0a2095,WBTC,15.02630539,1469428.608
optimism,1/4/2025 0:00,0x4200000000000000000000000000000000000006,WETH,10704.25317,38757981.13
arbitrum,1/5/2025 0:00,0xaf88d065e77c8cc2239327c5edb3a432268e5831,USDC,88175340.62,88197935.56
arbitrum,1/5/2025 0:00,0xfd086bc7cd5c481dcc9c85ebe478a1c0b69fcbb9,USDT,41608938.96,41613306.05
arbitrum,1/5/2025 0:00,0x2f2a2543b76a4166549f7aab2e75bef0aefc5b0f,WBTC,259.5587465,25397296.13
arbitrum,1/5/2025 0:00,0x82af49447d8a07e3bd95bd0d56f35241523fbab1,WETH,37582.74558,136428647
arbitrum,1/5/2025 0:00,0xcbb7c0000ab88b473b1f5afd9ef808440eed33bf,cbBTC,0.36966263,36238.31415
base,1/5/2025 0:00,0x833589fcd6edb6e08f4c7c32d4f71b54bda02913,USDC,245411661.6,245475643.9
base,1/5/2025 0:00,0xfde4c96c8593536e31f229ea8f37b2ada2699bb2,USDT,3770448.898,3773557.579
base,1/5/2025 0:00,0x4200000000000000000000000000000000000006,WETH,156737.4112,569053636.5
base,1/5/2025 0:00,0xcbb7c0000ab88b473b1f5afd9ef808440eed33bf,cbBTC,871.652862,85534009.11
optimism,1/5/2025 0:00,0x0b2c639c533813f4aa9d7837caf62653d097ff85,USDC,25180194.15,25186969.6
optimism,1/5/2025 0:00,0x94b008aa00579c1307b0ef2c499ad98a8ce58e58,USDT,2572009.377,2572315.848
optimism,1/5/2025 0:00,0x68f180fcce6836688e9084f035309e29bf0a2095,WBTC,8.07695288,790215.4153
optimism,1/5/2025 0:00,0x4200000000000000000000000000000000000006,WETH,8553.508793,31041815.84
arbitrum,1/6/2025 0:00,0xaf88d065e77c8cc2239327c5edb3a432268e5831,USDC,191494232.2,191513484.1
arbitrum,1/6/2025 0:00,0xfd086bc7cd5c481dcc9c85ebe478a1c0b69fcbb9,USDT,88917859.91,88916313.91
arbitrum,1/6/2025 0:00,0x2f2a2543b76a4166549f7aab2e75bef0aefc5b0f,WBTC,673.7558561,67402623.32
arbitrum,1/6/2025 0:00,0x82af49447d8a07e3bd95bd0d56f35241523fbab1,WETH,75311.75895,276215760.8
arbitrum,1/6/2025 0:00,0xcbb7c0000ab88b473b1f5afd9ef808440eed33bf,cbBTC,4.26917462,430337.7803
base,1/6/2025 0:00,0x833589fcd6edb6e08f4c7c32d4f71b54bda02913,USDC,429628231.4,429651640.9
base,1/6/2025 0:00,0xfde4c96c8593536e31f229ea8f37b2ada2699bb2,USDT,5878549.507,5881746.006
base,1/6/2025 0:00,0x4200000000000000000000000000000000000006,WETH,212379.8685,779099585.6
base,1/6/2025 0:00,0xcbb7c0000ab88b473b1f5afd9ef808440eed33bf,cbBTC,2041.813775,205394324.8
optimism,1/6/2025 0:00,0x0b2c639c533813f4aa9d7837caf62653d097ff85,USDC,43452106.34,43455017.08
optimism,1/8/2025 0:00,0x0b2c639c533813f4aa9d7837caf62653d097ff85,USDC,61575107.93,61610473.27
optimism,1/8/2025 0:00,0x94b008aa00579c1307b0ef2c499ad98a8ce58e58,USDT,6055883.969,6058040.744
optimism,1/8/2025 0:00,0x68f180fcce6836688e9084f035309e29bf0a2095,WBTC,58.95949512,5608733.452
optimism,1/8/2025 0:00,0x4200000000000000000000000000000000000006,WETH,20585.92588,68678171.64
arbitrum,1/9/2025 0:00,0xaf88d065e77c8cc2239327c5edb3a432268e5831,USDC,258421693.2,258577240.6
arbitrum,1/9/2025 0:00,0xfd086bc7cd5c481dcc9c85ebe478a1c0b69fcbb9,USDT,124246788.5,124273416.4
arbitrum,1/9/2025 0:00,0x2f2a2543b76a4166549f7aab2e75bef0aefc5b0f,WBTC,929.2155297,86467678.53
arbitrum,1/9/2025 0:00,0x82af49447d8a07e3bd95bd0d56f35241523fbab1,WETH,103251.6132,337880923.8
arbitrum,1/9/2025 0:00,0xcbb7c0000ab88b473b1f5afd9ef808440eed33bf,cbBTC,1.01298644,94860.41769
base,1/9/2025 0:00,0x833589fcd6edb6e08f4c7c32d4f71b54bda02913,USDC,568551106.3,568881429.1
base,1/9/2025 0:00,0xfde4c96c8593536e31f229ea8f37b2ada2699bb2,USDT,7751405.613,7755755.444
base,1/9/2025 0:00,0x4200000000000000000000000000000000000006,WETH,258539.3079,848854339.9
base,1/9/2025 0:00,0xcbb7c0000ab88b473b1f5afd9ef808440eed33bf,cbBTC,2272.136774,212089802.2
optimism,1/9/2025 0:00,0x0b2c639c533813f4aa9d7837caf62653d097ff85,USDC,49970459.61,49999287.96
optimism,1/9/2025 0:00,0x94b008aa00579c1307b0ef2c499ad98a8ce58e58,USDT,5353059.327,5354143.74
optimism,1/9/2025 0:00,0x68f180fcce6836688e9084f035309e29bf0a2095,WBTC,41.8033496,3901300.585
optimism,1/9/2025 0:00,0x4200000000000000000000000000000000000006,WETH,16833.22076,55188434.28
arbitrum,1/10/2025 0:00,0xaf88d065e77c8cc2239327c5edb3a432268e5831,USDC,252442897,252590580.7
arbitrum,1/10/2025 0:00,0xfd086bc7cd5c481dcc9c85ebe478a1c0b69fcbb9,USDT,122450849.1,122504173.2
arbitrum,1/10/2025 0:00,0x2f2a2543b76a4166549f7aab2e75bef0aefc5b0f,WBTC,1003.834418,94372192
arbitrum,1/10/2025 0:00,0x82af49447d8a07e3bd95bd0d56f35241523fbab1,WETH,101367.4102,331168812.7
arbitrum,1/10/2025 0:00,0xcbb7c0000ab88b473b1f5afd9ef808440eed33bf,cbBTC,6.82373773,644137.1857
base,1/10/2025 0:00,0x833589fcd6edb6e08f4c7c32d4f71b54bda02913,USDC,522401831.7,522687455.3
base,1/10/2025 0:00,0xfde4c96c8593536e31f229ea8f37b2ada2699bb2,USDT,6595110.49,6603124.946
base,1/10/2025 0:00,0x4200000000000000000000000000000000000006,WETH,269609.1955,881956665.3
base,1/10/2025 0:00,0xcbb7c0000ab88b473b1f5afd9ef808440eed33bf,cbBTC,2370.529009,223515085.2
optimism,1/10/2025 0:00,0x0b2c639c533813f4aa9d7837caf62653d097ff85,USDC,41011426.37,41034570.59
optimism,1/10/2025 0:00,0x94b008aa00579c1307b0ef2c499ad98a8ce58e58,USDT,4680271.828,4682186.181
optimism,1/10/2025 0:00,0x68f180fcce6836688e9084f035309e29bf0a2095,WBTC,28.12744767,2650264.768
optimism,1/10/2025 0:00,0x4200000000000000000000000000000000000006,WETH,15483.26698,50587661.83
arbitrum,1/11/2025 0:00,0xaf88d065e77c8cc2239327c5edb3a432268e5831,USDC,88207696.77,88265561.57
arbitrum,1/11/2025 0:00,0xfd086bc7cd5c481dcc9c85ebe478a1c0b69fcbb9,USDT,47089250.3,47103594.32
arbitrum,1/11/2025 0:00,0x2f2a2543b76a4166549f7aab2e75bef0aefc5b0f,WBTC,313.5930252,29566761.43
arbitrum,1/11/2025 0:00,0x82af49447d8a07e3bd95bd0d56f35241523fbab1,WETH,36624.67482,119613013.2
arbitrum,1/11/2025 0:00,0xcbb7c0000ab88b473b1f5afd9ef808440eed33bf,cbBTC,1.78114722,168746.7975
base,1/11/2025 0:00,0x833589fcd6edb6e08f4c7c32d4f71b54bda02913,USDC,242918863.7,243078013.5
base,1/11/2025 0:00,0xfde4c96c8593536e31f229ea8f37b2ada2699bb2,USDT,3161468.897,3163983.716
base,1/11/2025 0:00,0x4200000000000000000000000000000000000006,WETH,153900.2053,502242293
base,1/11/2025 0:00,0xcbb7c0000ab88b473b1f5afd9ef808440eed33bf,cbBTC,804.0151667,76004825.95
optimism,1/11/2025 0:00,0x0b2c639c533813f4aa9d7837caf62653d097ff85,USDC,18888322.82,18900431.96
optimism,1/11/2025 0:00,0x94b008aa00579c1307b0ef2c499ad98a8ce58e58,USDT,1821826.607,1822366.939
optimism,1/11/2025 0:00,0x68f180fcce6836688e9084f035309e29bf0a2095,WBTC,14.08074058,1327691.686
optimism,1/11/2025 0:00,0x4200000000000000000000000000000000000006,WETH,6950.383888,22694523.63
arbitrum,1/12/2025 0:00,0xaf88d065e77c8cc2239327c5edb3a432268e5831,USDC,75172537.64,75250399.78
arbitrum,1/12/2025 0:00,0xfd086bc7cd5c481dcc9c85ebe478a1c0b69fcbb9,USDT,38591939.55,38615303.05
arbitrum,1/12/2025 0:00,0x2f2a2543b76a4166549f7aab2e75bef0aefc5b0f,WBTC,269.0770699,25400912.43
arbitrum,1/12/2025 0:00,0x82af49447d8a07e3bd95bd0d56f35241523fbab1,WETH,32227.95729,105358654.2
arbitrum,1/12/2025 0:00,0xcbb7c0000ab88b473b1f5afd9ef808440eed33bf,cbBTC,0.99732584,94350.06426
base,1/12/2025 0:00,0x833589fcd6edb6e08f4c7c32d4f71b54bda02913,USDC,226346961.8,226578312.7
base,1/12/2025 0:00,0xfde4c96c8593536e31f229ea8f37b2ada2699bb2,USDT,2947093.304,2950611.193
base,1/12/2025 0:00,0x4200000000000000000000000000000000000006,WETH,126929.9423,415176394.4
base,1/12/2025 0:00,0xcbb7c0000ab88b473b1f5afd9ef808440eed33bf,cbBTC,792.9247418,74997522.85
optimism,1/12/2025 0:00,0x0b2c639c533813f4aa9d7837caf62653d097ff85,USDC,20193657.22,20214224.78
optimism,1/12/2025 0:00,0x94b008aa00579c1307b0ef2c499ad98a8ce58e58,USDT,2432242.973,2433625.964
optimism,1/12/2025 0:00,0x68f180fcce6836688e9084f035309e29bf0a2095,WBTC,11.82211189,1115495.269
optimism,1/12/2025 0:00,0x4200000000000000000000000000000000000006,WETH,6381.844426,20857202.12
arbitrum,1/13/2025 0:00,0xaf88d065e77c8cc2239327c5edb3a432268e5831,USDC,295474223.7,295728677.8
arbitrum,1/13/2025 0:00,0xfd086bc7cd5c481dcc9c85ebe478a1c0b69fcbb9,USDT,150487691.4,150516962
arbitrum,1/13/2025 0:00,0x2f2a2543b76a4166549f7aab2e75bef0aefc5b0f,WBTC,1076.981849,99715110.6
arbitrum,1/13/2025 0:00,0x82af49447d8a07e3bd95bd0d56f35241523fbab1,WETH,125260.9762,390629667.3
arbitrum,1/13/2025 0:00,0xcbb7c0000ab88b473b1f5afd9ef808440eed33bf,cbBTC,2.59509131,239010.5832
base,1/13/2025 0:00,0x833589fcd6edb6e08f4c7c32d4f71b54bda02913,USDC,589165526.9,589659151.7
base,1/13/2025 0:00,0xfde4c96c8593536e31f229ea8f37b2ada2699bb2,USDT,10652410.9,10665094.24
base,1/13/2025 0:00,0x4200000000000000000000000000000000000006,WETH,268159.7764,839657345.5
base,1/13/2025 0:00,0xcbb7c0000ab88b473b1f5afd9ef808440eed33bf,cbBTC,2619.019503,243444451.8
optimism,1/13/2025 0:00,0x0b2c639c533813f4aa9d7837caf62653d097ff85,USDC,59438103.19,59489396.51
optimism,1/13/2025 0:00,0x94b008aa00579c1307b0ef2c499ad98a8ce58e58,USDT,8713596.828,8716148.846
optimism,1/13/2025 0:00,0x68f180fcce6836688e9084f035309e29bf0a2095,WBTC,41.99751252,3876134.781
optimism,1/13/2025 0:00,0x4200000000000000000000000000000000000006,WETH,22057.06926,68997162.53
arbitrum,1/14/2025 0:00,0xaf88d065e77c8cc2239327c5edb3a432268e5831,USDC,182785994.8,182859589.4
arbitrum,1/14/2025 0:00,0xfd086bc7cd5c481dcc9c85ebe478a1c0b69fcbb9,USDT,82172554.37,82169811.47
arbitrum,1/14/2025 0:00,0x2f2a2543b76a4166549f7aab2e75bef0aefc5b0f,WBTC,692.9232209,66348883.49
arbitrum,1/14/2025 0:00,0x82af49447d8a07e3bd95bd0d56f35241523fbab1,WETH,75531.23809,241336586.7
arbitrum,1/14/2025 0:00,0xcbb7c0000ab88b473b1f5afd9ef808440eed33bf,cbBTC,2.88410942,277724.7408
base,1/14/2025 0:00,0x833589fcd6edb6e08f4c7c32d4f71b54bda02913,USDC,388377496,388542684.8
base,1/14/2025 0:00,0xfde4c96c8593536e31f229ea8f37b2ada2699bb2,USDT,7420925.31,7416879.106
base,1/14/2025 0:00,0x4200000000000000000000000000000000000006,WETH,212640.8036,679637660.9
base,1/14/2025 0:00,0xcbb7c0000ab88b473b1f5afd9ef808440eed33bf,cbBTC,1499.386019,143969747.2
optimism,1/14/2025 0:00,0x0b2c639c533813f4aa9d7837caf62653d097ff85,USDC,33966647.32,33980577.46
optimism,1/14/2025 0:00,0x94b008aa00579c1307b0ef2c499ad98a8ce58e58,USDT,3533401.169,3533336.694
optimism,1/14/2025 0:00,0x68f180fcce6836688e9084f035309e29bf0a2095,WBTC,14.58993937,1395647.799
optimism,1/14/2025 0:00,0x4200000000000000000000000000000000000006,WETH,14479.16196,46268043.46
arbitrum,1/15/2025 0:00,0xaf88d065e77c8cc2239327c5edb3a432268e5831,USDC,208432948.8,208489536.8
arbitrum,1/15/2025 0:00,0xfd086bc7cd5c481dcc9c85ebe478a1c0b69fcbb9,USDT,96544841.38,96548949.66
arbitrum,1/15/2025 0:00,0x2f2a2543b76a4166549f7aab2e75bef0aefc5b0f,WBTC,730.3634779,71641158.02
arbitrum,1/15/2025 0:00,0x82af49447d8a07e3bd95bd0d56f35241523fbab1,WETH,94226.01266,311327750.5
arbitrum,1/15/2025 0:00,0xcbb7c0000ab88b473b1f5afd9ef808440eed33bf,cbBTC,4.19699807,413114.732
base,1/15/2025 0:00,0x833589fcd6edb6e08f4c7c32d4f71b54bda02913,USDC,481164517.6,481290636.5
base,1/15/2025 0:00,0xfde4c96c8593536e31f229ea8f37b2ada2699bb2,USDT,9464548.177,9460207.851
base,1/15/2025 0:00,0x4200000000000000000000000000000000000006,WETH,261459.6897,863545116.1
base,1/15/2025 0:00,0xcbb7c0000ab88b473b1f5afd9ef808440eed33bf,cbBTC,1842.728674,181581449.8
optimism,1/15/2025 0:00,0x0b2c639c533813f4aa9d7837caf62653d097ff85,USDC,37391220.97,37402512.29
optimism,1/15/2025 0:00,0x94b008aa00579c1307b0ef2c499ad98a8ce58e58,USDT,6073851.19,6074063.775
optimism,1/15/2025 0:00,0x68f180fcce6836688e9084f035309e29bf0a2095,WBTC,24.40846778,2397209.995
optimism,1/15/2025 0:00,0x4200000000000000000000000000000000000006,WETH,15029.23649,49560018.32
arbitrum,1/16/2025 0:00,0xaf88d065e77c8cc2239327c5edb3a432268e5831,USDC,224489235.4,224532259.6
arbitrum,1/16/2025 0:00,0xfd086bc7cd5c481dcc9c85ebe478a1c0b69fcbb9,USDT,93452547.93,93458112.83
arbitrum,1/16/2025 0:00,0x2f2a2543b76a4166549f7aab2e75bef0aefc5b0f,WBTC,768.876304,76226146.97
arbitrum,1/16/2025 0:00,0x82af49447d8a07e3bd95bd0d56f35241523fbab1,WETH,87413.92975,291947311.6
arbitrum,1/16/2025 0:00,0xcbb7c0000ab88b473b1f5afd9ef808440eed33bf,cbBTC,3.68532413,368122.4472
base,1/16/2025 0:00,0x833589fcd6edb6e08f4c7c32d4f71b54bda02913,USDC,536269058.9,536382157.2
base,1/16/2025 0:00,0xfde4c96c8593536e31f229ea8f37b2ada2699bb2,USDT,7572571.316,7582816.672
base,1/16/2025 0:00,0x4200000000000000000000000000000000000006,WETH,234877.8927,785522261.3
base,1/16/2025 0:00,0xcbb7c0000ab88b473b1f5afd9ef808440eed33bf,cbBTC,1957.287917,195032750.6
optimism,1/16/2025 0:00,0x0b2c639c533813f4aa9d7837caf62653d097ff85,USDC,40590988.64,40599339.04
optimism,1/16/2025 0:00,0x94b008aa00579c1307b0ef2c499ad98a8ce58e58,USDT,4764197.53,4764391.518
optimism,1/16/2025 0:00,0x68f180fcce6836688e9084f035309e29bf0a2095,WBTC,29.41718794,2922069.504
optimism,1/16/2025 0:00,0x4200000000000000000000000000000000000006,WETH,15208.87389,50831534.13
arbitrum,1/17/2025 0:00,0xaf88d065e77c8cc2239327c5edb3a432268e5831,USDC,214613858.7,214636056.7
arbitrum,1/17/2025 0:00,0xfd086bc7cd5c481dcc9c85ebe478a1c0b69fcbb9,USDT,90718765.75,90735982.01
arbitrum,1/17/2025 0:00,0x2f2a2543b76a4166549f7aab2e75bef0aefc5b0f,WBTC,901.6021413,92758190.75
arbitrum,1/17/2025 0:00,0x82af49447d8a07e3bd95bd0d56f35241523fbab1,WETH,89506.7729,306009604.2
arbitrum,1/17/2025 0:00,0xcbb7c0000ab88b473b1f5afd9ef808440eed33bf,cbBTC,7.02960549,727945.718
base,1/17/2025 0:00,0x833589fcd6edb6e08f4c7c32d4f71b54bda02913,USDC,481872271.8,481922792.5
base,1/17/2025 0:00,0xfde4c96c8593536e31f229ea8f37b2ada2699bb2,USDT,7104397.709,7106872.371
base,1/17/2025 0:00,0x4200000000000000000000000000000000000006,WETH,250268.6053,853995487.1
base,1/17/2025 0:00,0xcbb7c0000ab88b473b1f5afd9ef808440eed33bf,cbBTC,2003.284373,206724135.9
optimism,1/17/2025 0:00,0x0b2c639c533813f4aa9d7837caf62653d097ff85,USDC,43844371.45,43849294.13
optimism,1/17/2025 0:00,0x94b008aa00579c1307b0ef2c499ad98a8ce58e58,USDT,6092154.545,6093167.637
optimism,1/17/2025 0:00,0x68f180fcce6836688e9084f035309e29bf0a2095,WBTC,51.50477444,5279971.318
optimism,1/17/2025 0:00,0x4200000000000000000000000000000000000006,WETH,15014.26058,51255879.67
arbitrum,1/18/2025 0:00,0xaf88d065e77c8cc2239327c5edb3a432268e5831,USDC,321074168.7,321202112.9
arbitrum,1/18/2025 0:00,0xfd086bc7cd5c481dcc9c85ebe478a1c0b69fcbb9,USDT,125258506.4,125252492.5
arbitrum,1/18/2025 0:00,0x2f2a2543b76a4166549f7aab2e75bef0aefc5b0f,WBTC,762.3697025,78850692.47
arbitrum,1/18/2025 0:00,0x82af49447d8a07e3bd95bd0d56f35241523fbab1,WETH,116041.4681,384200588.8
arbitrum,1/18/2025 0:00,0xcbb7c0000ab88b473b1f5afd9ef808440eed33bf,cbBTC,1.79612526,186252.4112
base,1/18/2025 0:00,0x833589fcd6edb6e08f4c7c32d4f71b54bda02913,USDC,610567223.5,610817697.4
base,1/18/2025 0:00,0xfde4c96c8593536e31f229ea8f37b2ada2699bb2,USDT,13198894.37,13173520.55
base,1/18/2025 0:00,0x4200000000000000000000000000000000000006,WETH,280416.773,930036211.1
base,1/18/2025 0:00,0xcbb7c0000ab88b473b1f5afd9ef808440eed33bf,cbBTC,2411.550166,250495574.9
optimism,1/18/2025 0:00,0x0b2c639c533813f4aa9d7837caf62653d097ff85,USDC,53473431.25,53494811.59
optimism,1/18/2025 0:00,0x94b008aa00579c1307b0ef2c499ad98a8ce58e58,USDT,6062888.367,6062605.114
optimism,1/18/2025 0:00,0x68f180fcce6836688e9084f035309e29bf0a2095,WBTC,35.58943183,3680066.332
optimism,1/18/2025 0:00,0x4200000000000000000000000000000000000006,WETH,17981.5023,59547388.71
arbitrum,1/19/2025 0:00,0xaf88d065e77c8cc2239327c5edb3a432268e5831,USDC,692634362.4,693184768.5
arbitrum,1/19/2025 0:00,0xfd086bc7cd5c481dcc9c85ebe478a1c0b69fcbb9,USDT,224422710.9,224307332.4
arbitrum,1/19/2025 0:00,0x2f2a2543b76a4166549f7aab2e75bef0aefc5b0f,WBTC,2208.780187,229741824.5
arbitrum,1/19/2025 0:00,0x82af49447d8a07e3bd95bd0d56f35241523fbab1,WETH,276885.6299,910341432.9
arbitrum,1/19/2025 0:00,0xcbb7c0000ab88b473b1f5afd9ef808440eed33bf,cbBTC,6.50547642,681021.5573
base,1/19/2025 0:00,0x833589fcd6edb6e08f4c7c32d4f71b54bda02913,USDC,814962756.2,815586722
base,1/19/2025 0:00,0xfde4c96c8593536e31f229ea8f37b2ada2699bb2,USDT,10107776.71,10111157.27
base,1/19/2025 0:00,0x4200000000000000000000000000000000000006,WETH,371699.5668,1224240979
base,1/19/2025 0:00,0xcbb7c0000ab88b473b1f5afd9ef808440eed33bf,cbBTC,3114.097048,325511313.2
optimism,1/19/2025 0:00,0x0b2c639c533813f4aa9d7837caf62653d097ff85,USDC,85969711.12,86036908.47
optimism,1/19/2025 0:00,0x94b008aa00579c1307b0ef2c499ad98a8ce58e58,USDT,12277684.71,12270469.56
optimism,1/19/2025 0:00,0x68f180fcce6836688e9084f035309e29bf0a2095,WBTC,79.90546338,8327724.556
optimism,1/19/2025 0:00,0x4200000000000000000000000000000000000006,WETH,35066.68242,115121049.1
arbitrum,1/20/2025 0:00,0xaf88d065e77c8cc2239327c5edb3a432268e5831,USDC,885148472.6,885927681.7
arbitrum,1/20/2025 0:00,0xfd086bc7cd5c481dcc9c85ebe478a1c0b69fcbb9,USDT,310426225.7,310294847
arbitrum,1/20/2025 0:00,0x2f2a2543b76a4166549f7aab2e75bef0aefc5b0f,WBTC,3143.172845,327851944
arbitrum,1/20/2025 0:00,0x82af49447d8a07e3bd95bd0d56f35241523fbab1,WETH,327617.954,1083132232
arbitrum,1/20/2025 0:00,0xcbb7c0000ab88b473b1f5afd9ef808440eed33bf,cbBTC,7.06710958,741564.5587
base,1/20/2025 0:00,0x833589fcd6edb6e08f4c7c32d4f71b54bda02913,USDC,909003906.9,909747069.5
base,1/20/2025 0:00,0xfde4c96c8593536e31f229ea8f37b2ada2699bb2,USDT,12321637.48,12327326.25
base,1/20/2025 0:00,0x4200000000000000000000000000000000000006,WETH,363300.5058,1202555304
base,1/20/2025 0:00,0xcbb7c0000ab88b473b1f5afd9ef808440eed33bf,cbBTC,3497.986082,365801764.5
optimism,1/20/2025 0:00,0x0b2c639c533813f4aa9d7837caf62653d097ff85,USDC,91458311.6,91536152
optimism,1/20/2025 0:00,0x94b008aa00579c1307b0ef2c499ad98a8ce58e58,USDT,13528845.08,13521810.69
optimism,1/20/2025 0:00,0x68f180fcce6836688e9084f035309e29bf0a2095,WBTC,78.05195009,8140284.799
optimism,1/20/2025 0:00,0x4200000000000000000000000000000000000006,WETH,33814.67509,111752201.3
arbitrum,1/21/2025 0:00,0xaf88d065e77c8cc2239327c5edb3a432268e5831,USDC,422189197.3,422424727.4
arbitrum,1/21/2025 0:00,0xfd086bc7cd5c481dcc9c85ebe478a1c0b69fcbb9,USDT,171455672.4,171402443.2
arbitrum,1/21/2025 0:00,0x2f2a2543b76a4166549f7aab2e75bef0aefc5b0f,WBTC,1557.296994,161530866.6
arbitrum,1/21/2025 0:00,0x82af49447d8a07e3bd95bd0d56f35241523fbab1,WETH,151421.1549,497050030.7
arbitrum,1/21/2025 0:00,0xcbb7c0000ab88b473b1f5afd9ef808440eed33bf,cbBTC,10.27354176,1064004.026
base,1/21/2025 0:00,0x833589fcd6edb6e08f4c7c32d4f71b54bda02913,USDC,529495844.9,529786140.5
base,1/21/2025 0:00,0xfde4c96c8593536e31f229ea8f37b2ada2699bb2,USDT,8231301.681,8229624.71
base,1/21/2025 0:00,0x4200000000000000000000000000000000000006,WETH,241805.6457,794959367
base,1/21/2025 0:00,0xcbb7c0000ab88b473b1f5afd9ef808440eed33bf,cbBTC,2122.415759,220588039.9
optimism,1/21/2025 0:00,0x0b2c639c533813f4aa9d7837caf62653d097ff85,USDC,45060433.34,45085663.79
optimism,1/21/2025 0:00,0x94b008aa00579c1307b0ef2c499ad98a8ce58e58,USDT,7185821.335,7183980.196
optimism,1/21/2025 0:00,0x68f180fcce6836688e9084f035309e29bf0a2095,WBTC,40.55749981,4199547.73
optimism,1/21/2025 0:00,0x4200000000000000000000000000000000000006,WETH,17645.74493,57940070.9
arbitrum,1/22/2025 0:00,0xaf88d065e77c8cc2239327c5edb3a432268e5831,USDC,229126084.2,229215148.5
arbitrum,1/22/2025 0:00,0xfd086bc7cd5c481dcc9c85ebe478a1c0b69fcbb9,USDT,78128520.91,78146554.61
arbitrum,1/22/2025 0:00,0x2f2a2543b76a4166549f7aab2e75bef0aefc5b0f,WBTC,787.3328322,82375580.35
arbitrum,1/22/2025 0:00,0x82af49447d8a07e3bd95bd0d56f35241523fbab1,WETH,77638.52965,255893467
arbitrum,1/22/2025 0:00,0xcbb7c0000ab88b473b1f5afd9ef808440eed33bf,cbBTC,1.57627356,165994.3166
base,1/22/2025 0:00,0x833589fcd6edb6e08f4c7c32d4f71b54bda02913,USDC,404565387.7,404721269.8
base,1/22/2025 0:00,0xfde4c96c8593536e31f229ea8f37b2ada2699bb2,USDT,3814370.812,3818387.878
base,1/22/2025 0:00,0x4200000000000000000000000000000000000006,WETH,201138.3416,662939319
base,1/22/2025 0:00,0xcbb7c0000ab88b473b1f5afd9ef808440eed33bf,cbBTC,1321.899247,138679274.2
optimism,1/22/2025 0:00,0x0b2c639c533813f4aa9d7837caf62653d097ff85,USDC,29366172.15,29377877.71
optimism,1/22/2025 0:00,0x94b008aa00579c1307b0ef2c499ad98a8ce58e58,USDT,4024192.916,4025217.897
optimism,1/22/2025 0:00,0x68f180fcce6836688e9084f035309e29bf0a2095,WBTC,17.89046096,1873926.558
optimism,1/22/2025 0:00,0x4200000000000000000000000000000000000006,WETH,9298.182063,30637040.84
arbitrum,1/23/2025 0:00,0xaf88d065e77c8cc2239327c5edb3a432268e5831,USDC,472450513.4,472717269.1
arbitrum,1/23/2025 0:00,0xfd086bc7cd5c481dcc9c85ebe478a1c0b69fcbb9,USDT,181003778.1,181075980.6
arbitrum,1/23/2025 0:00,0x2f2a2543b76a4166549f7aab2e75bef0aefc5b0f,WBTC,2010.494764,209299922.4
arbitrum,1/23/2025 0:00,0x82af49447d8a07e3bd95bd0d56f35241523fbab1,WETH,166762.5791,541539721.7
arbitrum,1/23/2025 0:00,0xcbb7c0000ab88b473b1f5afd9ef808440eed33bf,cbBTC,6.34680266,663524.0418
base,1/23/2025 0:00,0x833589fcd6edb6e08f4c7c32d4f71b54bda02913,USDC,591834679.5,592167552.9
base,1/23/2025 0:00,0xfde4c96c8593536e31f229ea8f37b2ada2699bb2,USDT,9080983.744,9084149.111
base,1/23/2025 0:00,0x4200000000000000000000000000000000000006,WETH,315568.861,1021761916
base,1/23/2025 0:00,0xcbb7c0000ab88b473b1f5afd9ef808440eed33bf,cbBTC,2367.194698,245666382.9
optimism,1/23/2025 0:00,0x0b2c639c533813f4aa9d7837caf62653d097ff85,USDC,45247310.42,45271990.69
optimism,1/23/2025 0:00,0x94b008aa00579c1307b0ef2c499ad98a8ce58e58,USDT,8218338.564,8221679.658
optimism,1/23/2025 0:00,0x68f180fcce6836688e9084f035309e29bf0a2095,WBTC,55.73713677,5757686.508
optimism,1/23/2025 0:00,0x4200000000000000000000000000000000000006,WETH,17537.55146,56870458.75
arbitrum,1/24/2025 0:00,0xaf88d065e77c8cc2239327c5edb3a432268e5831,USDC,303307909.3,303428431.5
arbitrum,1/24/2025 0:00,0xfd086bc7cd5c481dcc9c85ebe478a1c0b69fcbb9,USDT,111976214.3,112023518.7
arbitrum,1/24/2025 0:00,0x2f2a2543b76a4166549f7aab2e75bef0aefc5b0f,WBTC,1059.9014,111276892.5
arbitrum,1/24/2025 0:00,0x82af49447d8a07e3bd95bd0d56f35241523fbab1,WETH,113678.1606,382198482.8
arbitrum,1/24/2025 0:00,0xcbb7c0000ab88b473b1f5afd9ef808440eed33bf,cbBTC,3.36307634,357281.6037
base,1/24/2025 0:00,0x833589fcd6edb6e08f4c7c32d4f71b54bda02913,USDC,459397155.6,459581068
base,1/24/2025 0:00,0xfde4c96c8593536e31f229ea8f37b2ada2699bb2,USDT,6160094.84,6166265.541
base,1/24/2025 0:00,0x4200000000000000000000000000000000000006,WETH,211706.6177,712022034.5
base,1/24/2025 0:00,0xcbb7c0000ab88b473b1f5afd9ef808440eed33bf,cbBTC,1641.747326,172511940.8
optimism,1/24/2025 0:00,0x0b2c639c533813f4aa9d7837caf62653d097ff85,USDC,38735707.78,38751389.53
optimism,1/24/2025 0:00,0x94b008aa00579c1307b0ef2c499ad98a8ce58e58,USDT,5125944.207,5128190.53
optimism,1/24/2025 0:00,0x68f180fcce6836688e9084f035309e29bf0a2095,WBTC,18.93405609,1985990.413
optimism,1/24/2025 0:00,0x4200000000000000000000000000000000000006,WETH,12723.23156,42818356.44
arbitrum,1/25/2025 0:00,0xaf88d065e77c8cc2239327c5edb3a432268e5831,USDC,122882535.4,122944368.4
arbitrum,1/25/2025 0:00,0xfd086bc7cd5c481dcc9c85ebe478a1c0b69fcbb9,USDT,46444813.94,46458645.65
arbitrum,1/25/2025 0:00,0x2f2a2543b76a4166549f7aab2e75bef0aefc5b0f,WBTC,389.3975944,40707745.51
arbitrum,1/25/2025 0:00,0x82af49447d8a07e3bd95bd0d56f35241523fbab1,WETH,50405.78524,166910912.9
arbitrum,1/25/2025 0:00,0xcbb7c0000ab88b473b1f5afd9ef808440eed33bf,cbBTC,0.24609652,25769.14897
base,1/25/2025 0:00,0x833589fcd6edb6e08f4c7c32d4f71b54bda02913,USDC,282333750.9,282479668.2
base,1/25/2025 0:00,0xfde4c96c8593536e31f229ea8f37b2ada2699bb2,USDT,4888998.397,4893858.716
base,1/25/2025 0:00,0x4200000000000000000000000000000000000006,WETH,151312.0342,501665261.4
base,1/25/2025 0:00,0xcbb7c0000ab88b473b1f5afd9ef808440eed33bf,cbBTC,779.9619041,81680754.97
optimism,1/25/2025 0:00,0x0b2c639c533813f4aa9d7837caf62653d097ff85,USDC,18409669.31,18419018.81
optimism,1/25/2025 0:00,0x94b008aa00579c1307b0ef2c499ad98a8ce58e58,USDT,2469676.858,2470512.888
optimism,1/25/2025 0:00,0x68f180fcce6836688e9084f035309e29bf0a2095,WBTC,13.6869197,1431769.004
optimism,1/25/2025 0:00,0x4200000000000000000000000000000000000006,WETH,6671.893243,22098262.06
arbitrum,1/26/2025 0:00,0xaf88d065e77c8cc2239327c5edb3a432268e5831,USDC,115154625.5,115232517.8
arbitrum,1/26/2025 0:00,0xfd086bc7cd5c481dcc9c85ebe478a1c0b69fcbb9,USDT,42648631.38,42675063.37
arbitrum,1/26/2025 0:00,0x2f2a2543b76a4166549f7aab2e75bef0aefc5b0f,WBTC,368.6098785,38473307.92
arbitrum,1/26/2025 0:00,0x82af49447d8a07e3bd95bd0d56f35241523fbab1,WETH,42939.29065,142238492.5
arbitrum,1/26/2025 0:00,0xcbb7c0000ab88b473b1f5afd9ef808440eed33bf,cbBTC,0.08616294,8990.937746
base,1/26/2025 0:00,0x833589fcd6edb6e08f4c7c32d4f71b54bda02913,USDC,309244837,309469523.1
base,1/26/2025 0:00,0xfde4c96c8593536e31f229ea8f37b2ada2699bb2,USDT,5830552.327,5837040.033
base,1/26/2025 0:00,0x4200000000000000000000000000000000000006,WETH,186426.4846,618989407
base,1/26/2025 0:00,0xcbb7c0000ab88b473b1f5afd9ef808440eed33bf,cbBTC,701.9975176,73486838.02
optimism,1/26/2025 0:00,0x0b2c639c533813f4aa9d7837caf62653d097ff85,USDC,16894009.98,16905783.1
optimism,1/26/2025 0:00,0x94b008aa00579c1307b0ef2c499ad98a8ce58e58,USDT,2356912.931,2358450.25
optimism,1/26/2025 0:00,0x68f180fcce6836688e9084f035309e29bf0a2095,WBTC,12.87700741,1346988.74
optimism,1/26/2025 0:00,0x4200000000000000000000000000000000000006,WETH,6313.124718,20921482.04
arbitrum,1/27/2025 0:00,0xaf88d065e77c8cc2239327c5edb3a432268e5831,USDC,400901889.3,401183348.5
arbitrum,1/27/2025 0:00,0xfd086bc7cd5c481dcc9c85ebe478a1c0b69fcbb9,USDT,136768760.7,136815046.9
arbitrum,1/27/2025 0:00,0x2f2a2543b76a4166549f7aab2e75bef0aefc5b0f,WBTC,1308.599358,131295066.3
arbitrum,1/27/2025 0:00,0x82af49447d8a07e3bd95bd0d56f35241523fbab1,WETH,144719.9754,452479475.4
arbitrum,1/27/2025 0:00,0xcbb7c0000ab88b473b1f5afd9ef808440eed33bf,cbBTC,1.36509978,137949.0978
base,1/27/2025 0:00,0x833589fcd6edb6e08f4c7c32d4f71b54bda02913,USDC,640444499,640888705.2
base,1/27/2025 0:00,0xfde4c96c8593536e31f229ea8f37b2ada2699bb2,USDT,10511640.51,10515906.82
base,1/27/2025 0:00,0x4200000000000000000000000000000000000006,WETH,311402.9056,973021826.2
base,1/27/2025 0:00,0xcbb7c0000ab88b473b1f5afd9ef808440eed33bf,cbBTC,2225.546995,223811917.6
optimism,1/27/2025 0:00,0x0b2c639c533813f4aa9d7837caf62653d097ff85,USDC,51516572.22,51553422.25
optimism,1/27/2025 0:00,0x94b008aa00579c1307b0ef2c499ad98a8ce58e58,USDT,9348198.779,9351630.498
optimism,1/27/2025 0:00,0x68f180fcce6836688e9084f035309e29bf0a2095,WBTC,42.75590657,4295013.754
optimism,1/27/2025 0:00,0x4200000000000000000000000000000000000006,WETH,18996.30648,59340678.92
arbitrum,1/28/2025 0:00,0xaf88d065e77c8cc2239327c5edb3a432268e5831,USDC,223830236.1,223946074.2
arbitrum,1/28/2025 0:00,0xfd086bc7cd5c481dcc9c85ebe478a1c0b69fcbb9,USDT,82255113.46,82279029.17
arbitrum,1/28/2025 0:00,0x2f2a2543b76a4166549f7aab2e75bef0aefc5b0f,WBTC,687.9847097,70121789.56
arbitrum,1/28/2025 0:00,0x82af49447d8a07e3bd95bd0d56f35241523fbab1,WETH,82848.1209,261593019
arbitrum,1/28/2025 0:00,0xcbb7c0000ab88b473b1f5afd9ef808440eed33bf,cbBTC,3.11752311,319979.9288
base,1/28/2025 0:00,0x833589fcd6edb6e08f4c7c32d4f71b54bda02913,USDC,487140537.1,487389650.4
base,1/28/2025 0:00,0xfde4c96c8593536e31f229ea8f37b2ada2699bb2,USDT,8340600.935,8367087.422
base,1/28/2025 0:00,0x4200000000000000000000000000000000000006,WETH,250389.5528,792730566
base,1/28/2025 0:00,0xcbb7c0000ab88b473b1f5afd9ef808440eed33bf,cbBTC,1442.959979,147698383.7
optimism,1/28/2025 0:00,0x0b2c639c533813f4aa9d7837caf62653d097ff85,USDC,27968464.72,27982598.99
optimism,1/28/2025 0:00,0x94b008aa00579c1307b0ef2c499ad98a8ce58e58,USDT,3775956.463,3777085.177
optimism,1/28/2025 0:00,0x68f180fcce6836688e9084f035309e29bf0a2095,WBTC,15.16798336,1546437.817
optimism,1/28/2025 0:00,0x4200000000000000000000000000000000000006,WETH,10656.89737,33674968.13
arbitrum,1/29/2025 0:00,0xaf88d065e77c8cc2239327c5edb3a432268e5831,USDC,232264593,232375688.3
arbitrum,1/29/2025 0:00,0xfd086bc7cd5c481dcc9c85ebe478a1c0b69fcbb9,USDT,87735120.35,87750842.45
arbitrum,1/29/2025 0:00,0x2f2a2543b76a4166549f7aab2e75bef0aefc5b0f,WBTC,655.7617362,67143645.23
arbitrum,1/29/2025 0:00,0x82af49447d8a07e3bd95bd0d56f35241523fbab1,WETH,93538.58168,291574119.1
arbitrum,1/29/2025 0:00,0xcbb7c0000ab88b473b1f5afd9ef808440eed33bf,cbBTC,4.12888544,423448.9698
base,1/29/2025 0:00,0x833589fcd6edb6e08f4c7c32d4f71b54bda02913,USDC,393200840,393392879.6
base,1/29/2025 0:00,0xfde4c96c8593536e31f229ea8f37b2ada2699bb2,USDT,6723514.091,6727309.664
base,1/29/2025 0:00,0x4200000000000000000000000000000000000006,WETH,188818.3532,589188679.3
base,1/29/2025 0:00,0xcbb7c0000ab88b473b1f5afd9ef808440eed33bf,cbBTC,1219.280099,125373925.2
optimism,1/29/2025 0:00,0x0b2c639c533813f4aa9d7837caf62653d097ff85,USDC,29209532.63,29223638.75
optimism,1/29/2025 0:00,0x94b008aa00579c1307b0ef2c499ad98a8ce58e58,USDT,4908705.4,4909681.979
optimism,1/29/2025 0:00,0x68f180fcce6836688e9084f035309e29bf0a2095,WBTC,17.77679563,1822737.286
optimism,1/29/2025 0:00,0x4200000000000000000000000000000000000006,WETH,11710.43995,36519661.84
arbitrum,1/30/2025 0:00,0xaf88d065e77c8cc2239327c5edb3a432268e5831,USDC,193051196.9,193118186.9
arbitrum,1/30/2025 0:00,0xfd086bc7cd5c481dcc9c85ebe478a1c0b69fcbb9,USDT,69775153.91,69796128.79
arbitrum,1/30/2025 0:00,0x2f2a2543b76a4166549f7aab2e75bef0aefc5b0f,WBTC,681.9138668,71497794.92
arbitrum,1/30/2025 0:00,0x82af49447d8a07e3bd95bd0d56f35241523fbab1,WETH,79206.44721,255214758.7
arbitrum,1/30/2025 0:00,0xcbb7c0000ab88b473b1f5afd9ef808440eed33bf,cbBTC,0.47119702,49445.54577
base,1/30/2025 0:00,0x833589fcd6edb6e08f4c7c32d4f71b54bda02913,USDC,339488082.4,339608440.3
base,1/30/2025 0:00,0xfde4c96c8593536e31f229ea8f37b2ada2699bb2,USDT,7776906.366,7775263.686
base,1/30/2025 0:00,0x4200000000000000000000000000000000000006,WETH,175107.8329,563597379
base,1/30/2025 0:00,0xcbb7c0000ab88b473b1f5afd9ef808440eed33bf,cbBTC,1075.297832,113107239.6
optimism,1/30/2025 0:00,0x0b2c639c533813f4aa9d7837caf62653d097ff85,USDC,24763288.81,24771812.22
optimism,1/30/2025 0:00,0x94b008aa00579c1307b0ef2c499ad98a8ce58e58,USDT,3932432.569,3933711.425
optimism,1/30/2025 0:00,0x68f180fcce6836688e9084f035309e29bf0a2095,WBTC,18.141895,1901336.417
optimism,1/30/2025 0:00,0x4200000000000000000000000000000000000006,WETH,10953.85401,35276409.87
arbitrum,1/31/2025 0:00,0xaf88d065e77c8cc2239327c5edb3a432268e5831,USDC,293037261.9,293134101.3
arbitrum,1/31/2025 0:00,0xfd086bc7cd5c481dcc9c85ebe478a1c0b69fcbb9,USDT,111694571.2,111722655.5
arbitrum,1/31/2025 0:00,0x2f2a2543b76a4166549f7aab2e75bef0aefc5b0f,WBTC,913.0150726,94792440.23
arbitrum,1/31/2025 0:00,0x82af49447d8a07e3bd95bd0d56f35241523fbab1,WETH,119714.4193,397260573
arbitrum,1/31/2025 0:00,0xcbb7c0000ab88b473b1f5afd9ef808440eed33bf,cbBTC,2.03369553,212118.5144
base,1/31/2025 0:00,0x833589fcd6edb6e08f4c7c32d4f71b54bda02913,USDC,467943606.7,468097605.3
base,1/31/2025 0:00,0xfde4c96c8593536e31f229ea8f37b2ada2699bb2,USDT,6839982.249,6843739.254
base,1/31/2025 0:00,0x4200000000000000000000000000000000000006,WETH,223569.402,739901084
base,1/31/2025 0:00,0xcbb7c0000ab88b473b1f5afd9ef808440eed33bf,cbBTC,1443.761741,149852993.7
optimism,1/31/2025 0:00,0x0b2c639c533813f4aa9d7837caf62653d097ff85,USDC,37192723.14,37205084.04
optimism,1/31/2025 0:00,0x94b008aa00579c1307b0ef2c499ad98a8ce58e58,USDT,4887589.96,4888946.773
optimism,1/31/2025 0:00,0x68f180fcce6836688e9084f035309e29bf0a2095,WBTC,29.21231391,3028560.822
optimism,1/31/2025 0:00,0x4200000000000000000000000000000000000006,WETH,14077.21217,46677235.09
arbitrum,2/1/2025 0:00,0xaf88d065e77c8cc2239327c5edb3a432268e5831,USDC,199765816.4,199883103.4
arbitrum,2/1/2025 0:00,0xfd086bc7cd5c481dcc9c85ebe478a1c0b69fcbb9,USDT,71509107.49,71535904.54
arbitrum,2/1/2025 0:00,0x2f2a2543b76a4166549f7aab2e75bef0aefc5b0f,WBTC,549.9951913,55958079.56
arbitrum,2/1/2025 0:00,0x82af49447d8a07e3bd95bd0d56f35241523fbab1,WETH,81133.44076,262689762.5
arbitrum,2/1/2025 0:00,0xcbb7c0000ab88b473b1f5afd9ef808440eed33bf,cbBTC,0.5824227,59522.15645
base,2/1/2025 0:00,0x833589fcd6edb6e08f4c7c32d4f71b54bda02913,USDC,388013903.6,388240730.9
base,2/1/2025 0:00,0xfde4c96c8593536e31f229ea8f37b2ada2699bb2,USDT,4266621.662,4272259.121
base,2/1/2025 0:00,0x4200000000000000000000000000000000000006,WETH,176519.7843,571854758.2
base,2/1/2025 0:00,0xcbb7c0000ab88b473b1f5afd9ef808440eed33bf,cbBTC,1170.966049,119315111.1
optimism,2/1/2025 0:00,0x0b2c639c533813f4aa9d7837caf62653d097ff85,USDC,31961385.03,31980112.28
optimism,2/1/2025 0:00,0x94b008aa00579c1307b0ef2c499ad98a8ce58e58,USDT,4892107.855,4894256.436
optimism,2/1/2025 0:00,0x68f180fcce6836688e9084f035309e29bf0a2095,WBTC,20.03757832,2039938.683
optimism,2/1/2025 0:00,0x4200000000000000000000000000000000000006,WETH,10545.47755,34154888.12
arbitrum,2/2/2025 0:00,0xaf88d065e77c8cc2239327c5edb3a432268e5831,USDC,350258533.3,350563435
arbitrum,2/2/2025 0:00,0xfd086bc7cd5c481dcc9c85ebe478a1c0b69fcbb9,USDT,119052465.2,119115511.2
arbitrum,2/2/2025 0:00,0x2f2a2543b76a4166549f7aab2e75bef0aefc5b0f,WBTC,1198.607906,117978838.8
arbitrum,2/2/2025 0:00,0x82af49447d8a07e3bd95bd0d56f35241523fbab1,WETH,134200.6369,404114647.5
arbitrum,2/2/2025 0:00,0xcbb7c0000ab88b473b1f5afd9ef808440eed33bf,cbBTC,3.09875756,306690.2349
base,2/2/2025 0:00,0x833589fcd6edb6e08f4c7c32d4f71b54bda02913,USDC,565896897.5,566383727
base,2/2/2025 0:00,0xfde4c96c8593536e31f229ea8f37b2ada2699bb2,USDT,5900191.948,5908823.777
base,2/2/2025 0:00,0x4200000000000000000000000000000000000006,WETH,235777.0506,713617349.7
base,2/2/2025 0:00,0xcbb7c0000ab88b473b1f5afd9ef808440eed33bf,cbBTC,1960.397589,193282459
optimism,2/2/2025 0:00,0x0b2c639c533813f4aa9d7837caf62653d097ff85,USDC,57585502.38,57636089.41
optimism,2/2/2025 0:00,0x94b008aa00579c1307b0ef2c499ad98a8ce58e58,USDT,9060971.172,9065173.372
optimism,2/2/2025 0:00,0x68f180fcce6836688e9084f035309e29bf0a2095,WBTC,51.36589388,5064082.358
optimism,2/2/2025 0:00,0x4200000000000000000000000000000000000006,WETH,19321.96958,58110785.55
arbitrum,2/3/2025 0:00,0xaf88d065e77c8cc2239327c5edb3a432268e5831,USDC,550786152.1,551279807.8
arbitrum,2/3/2025 0:00,0xfd086bc7cd5c481dcc9c85ebe478a1c0b69fcbb9,USDT,206613149.7,206947342.6
arbitrum,2/3/2025 0:00,0x2f2a2543b76a4166549f7aab2e75bef0aefc5b0f,WBTC,2916.848237,281868533.5
arbitrum,2/3/2025 0:00,0x82af49447d8a07e3bd95bd0d56f35241523fbab1,WETH,280333.9924,742623611.4
arbitrum,2/3/2025 0:00,0xcbb7c0000ab88b473b1f5afd9ef808440eed33bf,cbBTC,9.85876264,948005.8382
base,2/3/2025 0:00,0x833589fcd6edb6e08f4c7c32d4f71b54bda02913,USDC,670719943.9,671436625
base,2/3/2025 0:00,0xfde4c96c8593536e31f229ea8f37b2ada2699bb2,USDT,7860948.486,7877601.525
base,2/3/2025 0:00,0x4200000000000000000000000000000000000006,WETH,319194.511,845002972.8
base,2/3/2025 0:00,0xcbb7c0000ab88b473b1f5afd9ef808440eed33bf,cbBTC,2809.260579,272083202.9
optimism,2/3/2025 0:00,0x0b2c639c533813f4aa9d7837caf62653d097ff85,USDC,83346310.84,83423214.23
optimism,2/3/2025 0:00,0x94b008aa00579c1307b0ef2c499ad98a8ce58e58,USDT,23041805.24,23082390.16
optimism,2/3/2025 0:00,0x68f180fcce6836688e9084f035309e29bf0a2095,WBTC,114.9946887,11089339.64
optimism,2/3/2025 0:00,0x4200000000000000000000000000000000000006,WETH,43338.45718,114206547.8
arbitrum,2/4/2025 0:00,0xaf88d065e77c8cc2239327c5edb3a432268e5831,USDC,429607123.2,429676972
arbitrum,2/4/2025 0:00,0xfd086bc7cd5c481dcc9c85ebe478a1c0b69fcbb9,USDT,108494903.8,108584349.6
arbitrum,2/4/2025 0:00,0x2f2a2543b76a4166549f7aab2e75bef0aefc5b0f,WBTC,1807.588162,179168922.5
arbitrum,2/4/2025 0:00,0x82af49447d8a07e3bd95bd0d56f35241523fbab1,WETH,195244.5031,539089374.4
arbitrum,2/4/2025 0:00,0xcbb7c0000ab88b473b1f5afd9ef808440eed33bf,cbBTC,2.22294297,219492.511
base,2/4/2025 0:00,0x833589fcd6edb6e08f4c7c32d4f71b54bda02913,USDC,536789978.2,536901089.4
base,2/4/2025 0:00,0xfde4c96c8593536e31f229ea8f37b2ada2699bb2,USDT,5692991.166,5696225.313
base,2/4/2025 0:00,0x4200000000000000000000000000000000000006,WETH,246964.8504,683601535.3
base,2/4/2025 0:00,0xcbb7c0000ab88b473b1f5afd9ef808440eed33bf,cbBTC,1936.057653,192468624.5
optimism,2/4/2025 0:00,0x0b2c639c533813f4aa9d7837caf62653d097ff85,USDC,41865153.22,41875061.86
optimism,2/4/2025 0:00,0x94b008aa00579c1307b0ef2c499ad98a8ce58e58,USDT,9712794.397,9721863.828
optimism,2/4/2025 0:00,0x68f180fcce6836688e9084f035309e29bf0a2095,WBTC,51.3907456,5102708.499
optimism,2/4/2025 0:00,0x4200000000000000000000000000000000000006,WETH,18197.89414,50307879.62
arbitrum,2/5/2025 0:00,0xaf88d065e77c8cc2239327c5edb3a432268e5831,USDC,291633579,291719079.4
arbitrum,2/5/2025 0:00,0xfd086bc7cd5c481dcc9c85ebe478a1c0b69fcbb9,USDT,71470747.41,71505382.73
arbitrum,2/5/2025 0:00,0x2f2a2543b76a4166549f7aab2e75bef0aefc5b0f,WBTC,1070.160677,104627211
arbitrum,2/5/2025 0:00,0x82af49447d8a07e3bd95bd0d56f35241523fbab1,WETH,138680.3602,383008273.7
arbitrum,2/5/2025 0:00,0xcbb7c0000ab88b473b1f5afd9ef808440eed33bf,cbBTC,1.76102723,172228.8941
base,2/5/2025 0:00,0x833589fcd6edb6e08f4c7c32d4f71b54bda02913,USDC,411996950.5,412117232.1
base,2/5/2025 0:00,0xfde4c96c8593536e31f229ea8f37b2ada2699bb2,USDT,8844579.43,8846014.411
base,2/5/2025 0:00,0x4200000000000000000000000000000000000006,WETH,197794.4032,546311622.5
base,2/5/2025 0:00,0xcbb7c0000ab88b473b1f5afd9ef808440eed33bf,cbBTC,1542.082626,151023446.7
optimism,2/5/2025 0:00,0x0b2c639c533813f4aa9d7837caf62653d097ff85,USDC,27065016.15,27072703.64
optimism,2/5/2025 0:00,0x94b008aa00579c1307b0ef2c499ad98a8ce58e58,USDT,4658488.428,4660669.46
optimism,2/5/2025 0:00,0x68f180fcce6836688e9084f035309e29bf0a2095,WBTC,21.99344254,2148674.419
optimism,2/5/2025 0:00,0x4200000000000000000000000000000000000006,WETH,12823.9824,35397146.81
arbitrum,2/6/2025 0:00,0xaf88d065e77c8cc2239327c5edb3a432268e5831,USDC,253399227.3,253518647.6
arbitrum,2/6/2025 0:00,0xfd086bc7cd5c481dcc9c85ebe478a1c0b69fcbb9,USDT,68762714.29,68808721.77
arbitrum,2/6/2025 0:00,0x2f2a2543b76a4166549f7aab2e75bef0aefc5b0f,WBTC,1012.54405,98625279.55
arbitrum,2/6/2025 0:00,0x82af49447d8a07e3bd95bd0d56f35241523fbab1,WETH,114435.2947,315486727.1
arbitrum,2/6/2025 0:00,0xcbb7c0000ab88b473b1f5afd9ef808440eed33bf,cbBTC,3.10175401,305398.8302
base,2/6/2025 0:00,0x833589fcd6edb6e08f4c7c32d4f71b54bda02913,USDC,396928078.7,397127225.5
base,2/6/2025 0:00,0xfde4c96c8593536e31f229ea8f37b2ada2699bb2,USDT,6137771.263,6141155.853
base,2/6/2025 0:00,0x4200000000000000000000000000000000000006,WETH,193462.6897,534846206.8
base,2/6/2025 0:00,0xcbb7c0000ab88b473b1f5afd9ef808440eed33bf,cbBTC,1588.350273,154858362.9
optimism,2/6/2025 0:00,0x0b2c639c533813f4aa9d7837caf62653d097ff85,USDC,25833502.01,25845937.71
optimism,2/6/2025 0:00,0x94b008aa00579c1307b0ef2c499ad98a8ce58e58,USDT,3326470.504,3328730.109
optimism,2/6/2025 0:00,0x68f180fcce6836688e9084f035309e29bf0a2095,WBTC,28.30740407,2761875.292
optimism,2/6/2025 0:00,0x4200000000000000000000000000000000000006,WETH,10546.84305,29081412.13
arbitrum,2/7/2025 0:00,0xaf88d065e77c8cc2239327c5edb3a432268e5831,USDC,254789124,254930185.3
arbitrum,2/7/2025 0:00,0xfd086bc7cd5c481dcc9c85ebe478a1c0b69fcbb9,USDT,71569433.96,71620217.56
arbitrum,2/7/2025 0:00,0x2f2a2543b76a4166549f7aab2e75bef0aefc5b0f,WBTC,1004.120858,97803088.19
arbitrum,2/7/2025 0:00,0x82af49447d8a07e3bd95bd0d56f35241523fbab1,WETH,114008.373,307913266.1
arbitrum,2/7/2025 0:00,0xcbb7c0000ab88b473b1f5afd9ef808440eed33bf,cbBTC,0.78924126,77506.5209
base,2/7/2025 0:00,0x833589fcd6edb6e08f4c7c32d4f71b54bda02913,USDC,403907978.8,404120656.1
base,2/7/2025 0:00,0xfde4c96c8593536e31f229ea8f37b2ada2699bb2,USDT,3372432.534,3374956.278
base,2/7/2025 0:00,0x4200000000000000000000000000000000000006,WETH,183579.0926,496220362.5
base,2/7/2025 0:00,0xcbb7c0000ab88b473b1f5afd9ef808440eed33bf,cbBTC,1549.742156,151135308.1
optimism,2/7/2025 0:00,0x0b2c639c533813f4aa9d7837caf62653d097ff85,USDC,27189749.82,27204101.05
optimism,2/7/2025 0:00,0x94b008aa00579c1307b0ef2c499ad98a8ce58e58,USDT,3891867.171,3894581.328
optimism,2/7/2025 0:00,0x68f180fcce6836688e9084f035309e29bf0a2095,WBTC,21.27622926,2069072.773
optimism,2/7/2025 0:00,0x4200000000000000000000000000000000000006,WETH,11767.24561,31671735.12
arbitrum,2/8/2025 0:00,0xaf88d065e77c8cc2239327c5edb3a432268e5831,USDC,134283975.1,134370064.2
arbitrum,2/8/2025 0:00,0xfd086bc7cd5c481dcc9c85ebe478a1c0b69fcbb9,USDT,33873544.64,33895298.1
arbitrum,2/8/2025 0:00,0x2f2a2543b76a4166549f7aab2e75bef0aefc5b0f,WBTC,407.492387,39222915.66
arbitrum,2/8/2025 0:00,0x82af49447d8a07e3bd95bd0d56f35241523fbab1,WETH,71497.63274,187838787.3
arbitrum,2/8/2025 0:00,0xcbb7c0000ab88b473b1f5afd9ef808440eed33bf,cbBTC,1.0022508,96816.34737
base,2/8/2025 0:00,0x833589fcd6edb6e08f4c7c32d4f71b54bda02913,USDC,224971959.7,225124098.7
base,2/8/2025 0:00,0xfde4c96c8593536e31f229ea8f37b2ada2699bb2,USDT,3745698.484,3748743.56
base,2/8/2025 0:00,0x4200000000000000000000000000000000000006,WETH,133625.8804,350977471
base,2/8/2025 0:00,0xcbb7c0000ab88b473b1f5afd9ef808440eed33bf,cbBTC,726.1123665,70024232.79
optimism,2/8/2025 0:00,0x0b2c639c533813f4aa9d7837caf62653d097ff85,USDC,13320853.93,13329847.93
optimism,2/8/2025 0:00,0x94b008aa00579c1307b0ef2c499ad98a8ce58e58,USDT,1814912.381,1816156.963
optimism,2/8/2025 0:00,0x68f180fcce6836688e9084f035309e29bf0a2095,WBTC,8.98104389,864272.1481
optimism,2/8/2025 0:00,0x4200000000000000000000000000000000000006,WETH,6000.073648,15754898.49
arbitrum,2/9/2025 0:00,0xaf88d065e77c8cc2239327c5edb3a432268e5831,USDC,151950063,152051174.4
arbitrum,2/9/2025 0:00,0xfd086bc7cd5c481dcc9c85ebe478a1c0b69fcbb9,USDT,40688123.45,40729778.81
arbitrum,2/9/2025 0:00,0x2f2a2543b76a4166549f7aab2e75bef0aefc5b0f,WBTC,576.3517547,55360677.02
arbitrum,2/9/2025 0:00,0x82af49447d8a07e3bd95bd0d56f35241523fbab1,WETH,74462.55046,195758204.4
arbitrum,2/9/2025 0:00,0xcbb7c0000ab88b473b1f5afd9ef808440eed33bf,cbBTC,0.75560634,72550.34121
base,2/9/2025 0:00,0x833589fcd6edb6e08f4c7c32d4f71b54bda02913,USDC,270702924.8,270888425.6
base,2/9/2025 0:00,0xfde4c96c8593536e31f229ea8f37b2ada2699bb2,USDT,3842024.183,3844638.074
base,2/9/2025 0:00,0x4200000000000000000000000000000000000006,WETH,151705.3708,400649736.3
base,2/9/2025 0:00,0xcbb7c0000ab88b473b1f5afd9ef808440eed33bf,cbBTC,884.1206627,85271880.21
optimism,2/9/2025 0:00,0x0b2c639c533813f4aa9d7837caf62653d097ff85,USDC,15968896.75,15979593.67
optimism,2/9/2025 0:00,0x94b008aa00579c1307b0ef2c499ad98a8ce58e58,USDT,2263810.746,2266144.928
optimism,2/9/2025 0:00,0x68f180fcce6836688e9084f035309e29bf0a2095,WBTC,19.56299414,1878594.142
optimism,2/9/2025 0:00,0x4200000000000000000000000000000000000006,WETH,7202.102172,18947434.55
arbitrum,2/10/2025 0:00,0xaf88d065e77c8cc2239327c5edb3a432268e5831,USDC,165826936.8,165927445.6
arbitrum,2/10/2025 0:00,0xfd086bc7cd5c481dcc9c85ebe478a1c0b69fcbb9,USDT,47965026.89,47997746.92
arbitrum,2/10/2025 0:00,0x2f2a2543b76a4166549f7aab2e75bef0aefc5b0f,WBTC,568.1134826,55035904.9
arbitrum,2/10/2025 0:00,0x82af49447d8a07e3bd95bd0d56f35241523fbab1,WETH,80693.46429,213328386.5
arbitrum,2/10/2025 0:00,0xcbb7c0000ab88b473b1f5afd9ef808440eed33bf,cbBTC,5.61826519,546020.5807
base,2/10/2025 0:00,0x833589fcd6edb6e08f4c7c32d4f71b54bda02913,USDC,307205343.3,307384881
base,2/10/2025 0:00,0xfde4c96c8593536e31f229ea8f37b2ada2699bb2,USDT,2749090.248,2750827.96
base,2/10/2025 0:00,0x4200000000000000000000000000000000000006,WETH,172772.2278,457418807.5
base,2/10/2025 0:00,0xcbb7c0000ab88b473b1f5afd9ef808440eed33bf,cbBTC,1121.813894,109044962.6
optimism,2/10/2025 0:00,0x0b2c639c533813f4aa9d7837caf62653d097ff85,USDC,18460235.59,18470941.4
optimism,2/10/2025 0:00,0x94b008aa00579c1307b0ef2c499ad98a8ce58e58,USDT,2412458.315,2414170.076
optimism,2/10/2025 0:00,0x68f180fcce6836688e9084f035309e29bf0a2095,WBTC,14.68387153,1423360.763
optimism,2/10/2025 0:00,0x4200000000000000000000000000000000000006,WETH,8269.125048,21867685.02
arbitrum,2/11/2025 0:00,0xaf88d065e77c8cc2239327c5edb3a432268e5831,USDC,177451374,177556599.6
arbitrum,2/11/2025 0:00,0xfd086bc7cd5c481dcc9c85ebe478a1c0b69fcbb9,USDT,50603098.36,50632839.91
arbitrum,2/11/2025 0:00,0x2f2a2543b76a4166549f7aab2e75bef0aefc5b0f,WBTC,610.4761065,59086244.24
arbitrum,2/11/2025 0:00,0x82af49447d8a07e3bd95bd0d56f35241523fbab1,WETH,83369.73164,221793579.7
arbitrum,2/11/2025 0:00,0xcbb7c0000ab88b473b1f5afd9ef808440eed33bf,cbBTC,0.26973056,26119.08082
base,2/11/2025 0:00,0x833589fcd6edb6e08f4c7c32d4f71b54bda02913,USDC,312171882.3,312351009
base,2/11/2025 0:00,0xfde4c96c8593536e31f229ea8f37b2ada2699bb2,USDT,3149960.404,3152600.462
base,2/11/2025 0:00,0x4200000000000000000000000000000000000006,WETH,173130.8622,461877767.1
base,2/11/2025 0:00,0xcbb7c0000ab88b473b1f5afd9ef808440eed33bf,cbBTC,1325.595583,128597443.6
optimism,2/11/2025 0:00,0x0b2c639c533813f4aa9d7837caf62653d097ff85,USDC,19383188.35,19394465.28
optimism,2/11/2025 0:00,0x94b008aa00579c1307b0ef2c499ad98a8ce58e58,USDT,2019294.98,2020593.656
optimism,2/11/2025 0:00,0x68f180fcce6836688e9084f035309e29bf0a2095,WBTC,15.27096604,1485036.175
optimism,2/11/2025 0:00,0x4200000000000000000000000000000000000006,WETH,8480.676703,22618878.04
arbitrum,2/12/2025 0:00,0xaf88d065e77c8cc2239327c5edb3a432268e5831,USDC,243721014,243862791.8
arbitrum,2/12/2025 0:00,0xfd086bc7cd5c481dcc9c85ebe478a1c0b69fcbb9,USDT,71343032.86,71372187.87
arbitrum,2/12/2025 0:00,0x2f2a2543b76a4166549f7aab2e75bef0aefc5b0f,WBTC,981.4370067,94468698.07
arbitrum,2/12/2025 0:00,0x82af49447d8a07e3bd95bd0d56f35241523fbab1,WETH,125109.4918,330599458.7
arbitrum,2/12/2025 0:00,0xcbb7c0000ab88b473b1f5afd9ef808440eed33bf,cbBTC,1.18407832,113447.4567
base,2/12/2025 0:00,0x833589fcd6edb6e08f4c7c32d4f71b54bda02913,USDC,373010009.3,373226088.2
base,2/12/2025 0:00,0xfde4c96c8593536e31f229ea8f37b2ada2699bb2,USDT,5686988.388,5692410.528
base,2/12/2025 0:00,0x4200000000000000000000000000000000000006,WETH,193733.9934,511292899.8
base,2/12/2025 0:00,0xcbb7c0000ab88b473b1f5afd9ef808440eed33bf,cbBTC,1509.664397,145506577.8
optimism,2/12/2025 0:00,0x0b2c639c533813f4aa9d7837caf62653d097ff85,USDC,28959710.5,28976007.89
optimism,2/12/2025 0:00,0x94b008aa00579c1307b0ef2c499ad98a8ce58e58,USDT,4165892.841,4167567.219
optimism,2/12/2025 0:00,0x68f180fcce6836688e9084f035309e29bf0a2095,WBTC,17.43494973,1679410.013
optimism,2/12/2025 0:00,0x4200000000000000000000000000000000000006,WETH,12295.41441,32504130.74
arbitrum,2/13/2025 0:00,0xaf88d065e77c8cc2239327c5edb3a432268e5831,USDC,175415747.1,175485749.7
arbitrum,2/13/2025 0:00,0xfd086bc7cd5c481dcc9c85ebe478a1c0b69fcbb9,USDT,52217432.91,52241189.02
arbitrum,2/13/2025 0:00,0x2f2a2543b76a4166549f7aab2e75bef0aefc5b0f,WBTC,578.2151542,55590134.48
arbitrum,2/13/2025 0:00,0x82af49447d8a07e3bd95bd0d56f35241523fbab1,WETH,77623.68577,207306247.7
arbitrum,2/13/2025 0:00,0xcbb7c0000ab88b473b1f5afd9ef808440eed33bf,cbBTC,0.6250306,60163.60721
base,2/13/2025 0:00,0x833589fcd6edb6e08f4c7c32d4f71b54bda02913,USDC,349804905.4,349924622.4
base,2/13/2025 0:00,0xfde4c96c8593536e31f229ea8f37b2ada2699bb2,USDT,4957914.227,4957321.981
base,2/13/2025 0:00,0x4200000000000000000000000000000000000006,WETH,154839.8393,414390638.6
base,2/13/2025 0:00,0xcbb7c0000ab88b473b1f5afd9ef808440eed33bf,cbBTC,1205.448347,116248688.8
optimism,2/13/2025 0:00,0x0b2c639c533813f4aa9d7837caf62653d097ff85,USDC,29378869.31,29389929.32
optimism,2/13/2025 0:00,0x94b008aa00579c1307b0ef2c499ad98a8ce58e58,USDT,2370367.493,2371581.631
optimism,2/13/2025 0:00,0x68f180fcce6836688e9084f035309e29bf0a2095,WBTC,15.18387768,1461555.508
optimism,2/13/2025 0:00,0x4200000000000000000000000000000000000006,WETH,11865.66673,31775141.83
arbitrum,2/14/2025 0:00,0xaf88d065e77c8cc2239327c5edb3a432268e5831,USDC,150901196.7,150950985.1
arbitrum,2/14/2025 0:00,0xfd086bc7cd5c481dcc9c85ebe478a1c0b69fcbb9,USDT,51215946.42,51240631.1
arbitrum,2/14/2025 0:00,0x2f2a2543b76a4166549f7aab2e75bef0aefc5b0f,WBTC,528.8507545,51357574.91
arbitrum,2/14/2025 0:00,0x82af49447d8a07e3bd95bd0d56f35241523fbab1,WETH,71562.55411,194609145.2
arbitrum,2/14/2025 0:00,0xcbb7c0000ab88b473b1f5afd9ef808440eed33bf,cbBTC,1.23090088,120223.2908
base,2/14/2025 0:00,0x833589fcd6edb6e08f4c7c32d4f71b54bda02913,USDC,313245801.9,313342119.1
base,2/14/2025 0:00,0xfde4c96c8593536e31f229ea8f37b2ada2699bb2,USDT,3775244.165,3771835.972
base,2/14/2025 0:00,0x4200000000000000000000000000000000000006,WETH,150883.6484,409816550.4
base,2/14/2025 0:00,0xcbb7c0000ab88b473b1f5afd9ef808440eed33bf,cbBTC,1112.871765,108300409.8
optimism,2/14/2025 0:00,0x0b2c639c533813f4aa9d7837caf62653d097ff85,USDC,27033945.5,27043281.98
optimism,2/14/2025 0:00,0x94b008aa00579c1307b0ef2c499ad98a8ce58e58,USDT,3781228.586,3783303.544
optimism,2/14/2025 0:00,0x68f180fcce6836688e9084f035309e29bf0a2095,WBTC,17.31409203,1679902.07
optimism,2/14/2025 0:00,0x4200000000000000000000000000000000000006,WETH,11303.98597,30680488.96
arbitrum,2/15/2025 0:00,0xaf88d065e77c8cc2239327c5edb3a432268e5831,USDC,68518045.68,68559195.36
arbitrum,2/15/2025 0:00,0xfd086bc7cd5c481dcc9c85ebe478a1c0b69fcbb9,USDT,21139668.61,21153455.72
arbitrum,2/15/2025 0:00,0x2f2a2543b76a4166549f7aab2e75bef0aefc5b0f,WBTC,221.2050712,21554524.54
arbitrum,2/15/2025 0:00,0x82af49447d8a07e3bd95bd0d56f35241523fbab1,WETH,33839.30827,91543503.45
arbitrum,2/15/2025 0:00,0xcbb7c0000ab88b473b1f5afd9ef808440eed33bf,cbBTC,1.55092913,151290.3599
base,2/15/2025 0:00,0x833589fcd6edb6e08f4c7c32d4f71b54bda02913,USDC,187746660.9,187863780.1
base,2/15/2025 0:00,0xfde4c96c8593536e31f229ea8f37b2ada2699bb2,USDT,3192966.412,3190814.544
base,2/15/2025 0:00,0x4200000000000000000000000000000000000006,WETH,96804.66182,261997888.4
base,2/15/2025 0:00,0xcbb7c0000ab88b473b1f5afd9ef808440eed33bf,cbBTC,508.6558285,49707674.94
optimism,2/15/2025 0:00,0x0b2c639c533813f4aa9d7837caf62653d097ff85,USDC,15040351.63,15049255.91
optimism,2/15/2025 0:00,0x94b008aa00579c1307b0ef2c499ad98a8ce58e58,USDT,1273431.746,1274222.193
optimism,2/15/2025 0:00,0x68f180fcce6836688e9084f035309e29bf0a2095,WBTC,7.35164592,716234.5015
optimism,2/15/2025 0:00,0x4200000000000000000000000000000000000006,WETH,5817.41771,15738462.24
arbitrum,2/16/2025 0:00,0xaf88d065e77c8cc2239327c5edb3a432268e5831,USDC,82223204.31,82284579.96
arbitrum,2/16/2025 0:00,0xfd086bc7cd5c481dcc9c85ebe478a1c0b69fcbb9,USDT,24453050.22,24475101.27
arbitrum,2/16/2025 0:00,0x2f2a2543b76a4166549f7aab2e75bef0aefc5b0f,WBTC,222.4810896,21578515.64
arbitrum,2/16/2025 0:00,0x82af49447d8a07e3bd95bd0d56f35241523fbab1,WETH,38577.11102,103834048.9
arbitrum,2/16/2025 0:00,0xcbb7c0000ab88b473b1f5afd9ef808440eed33bf,cbBTC,0.85585416,83522.97591
base,2/16/2025 0:00,0x833589fcd6edb6e08f4c7c32d4f71b54bda02913,USDC,213504138.8,213674801.7
base,2/16/2025 0:00,0xfde4c96c8593536e31f229ea8f37b2ada2699bb2,USDT,2504076.961,2503638.393
base,2/16/2025 0:00,0x4200000000000000000000000000000000000006,WETH,99827.73486,268823447
base,2/16/2025 0:00,0xcbb7c0000ab88b473b1f5afd9ef808440eed33bf,cbBTC,611.8001902,59474959.87
optimism,2/16/2025 0:00,0x0b2c639c533813f4aa9d7837caf62653d097ff85,USDC,15441732.67,15452889.7
optimism,2/16/2025 0:00,0x94b008aa00579c1307b0ef2c499ad98a8ce58e58,USDT,1301214.514,1302359.559
optimism,2/16/2025 0:00,0x68f180fcce6836688e9084f035309e29bf0a2095,WBTC,8.86535917,859980.1664
optimism,2/16/2025 0:00,0x4200000000000000000000000000000000000006,WETH,6588.365455,17734727.91
arbitrum,2/17/2025 0:00,0xaf88d065e77c8cc2239327c5edb3a432268e5831,USDC,205857605.2,205997231.5
arbitrum,2/17/2025 0:00,0xfd086bc7cd5c481dcc9c85ebe478a1c0b69fcbb9,USDT,58346234.82,58393805.45
arbitrum,2/17/2025 0:00,0x2f2a2543b76a4166549f7aab2e75bef0aefc5b0f,WBTC,699.1660946,67154681.43
arbitrum,2/17/2025 0:00,0x82af49447d8a07e3bd95bd0d56f35241523fbab1,WETH,105353.3017,288498214.2
arbitrum,2/17/2025 0:00,0xcbb7c0000ab88b473b1f5afd9ef808440eed33bf,cbBTC,1.33366558,128555.3622
base,2/17/2025 0:00,0x833589fcd6edb6e08f4c7c32d4f71b54bda02913,USDC,357190669.8,357394096.5
base,2/17/2025 0:00,0xfde4c96c8593536e31f229ea8f37b2ada2699bb2,USDT,5420341.842,5419101.357
base,2/17/2025 0:00,0x4200000000000000000000000000000000000006,WETH,172870.423,472624709.4
base,2/17/2025 0:00,0xcbb7c0000ab88b473b1f5afd9ef808440eed33bf,cbBTC,1184.035641,113899717
optimism,2/17/2025 0:00,0x0b2c639c533813f4aa9d7837caf62653d097ff85,USDC,31186291.16,31207988.99
optimism,2/17/2025 0:00,0x94b008aa00579c1307b0ef2c499ad98a8ce58e58,USDT,2380380.905,2382411.112
optimism,2/17/2025 0:00,0x68f180fcce6836688e9084f035309e29bf0a2095,WBTC,24.0714544,2314419.708
optimism,2/17/2025 0:00,0x4200000000000000000000000000000000000006,WETH,13789.09598,37699278.94
arbitrum,2/18/2025 0:00,0xaf88d065e77c8cc2239327c5edb3a432268e5831,USDC,237995771.7,238185025
arbitrum,2/18/2025 0:00,0xfd086bc7cd5c481dcc9c85ebe478a1c0b69fcbb9,USDT,66084201.37,66120249.39
arbitrum,2/18/2025 0:00,0x2f2a2543b76a4166549f7aab2e75bef0aefc5b0f,WBTC,716.051559,68142346.33
arbitrum,2/18/2025 0:00,0x82af49447d8a07e3bd95bd0d56f35241523fbab1,WETH,108772.5433,290832250.3
arbitrum,2/18/2025 0:00,0xcbb7c0000ab88b473b1f5afd9ef808440eed33bf,cbBTC,0.49786223,47465.0181
base,2/18/2025 0:00,0x833589fcd6edb6e08f4c7c32d4f71b54bda02913,USDC,372189490.4,372481333.4
base,2/18/2025 0:00,0xfde4c96c8593536e31f229ea8f37b2ada2699bb2,USDT,4353679.14,4353544.395
base,2/18/2025 0:00,0x4200000000000000000000000000000000000006,WETH,167466.9744,447817218.9
base,2/18/2025 0:00,0xcbb7c0000ab88b473b1f5afd9ef808440eed33bf,cbBTC,1293.178394,123370092.7
optimism,2/18/2025 0:00,0x0b2c639c533813f4aa9d7837caf62653d097ff85,USDC,33925688.55,33952311.92
optimism,2/18/2025 0:00,0x94b008aa00579c1307b0ef2c499ad98a8ce58e58,USDT,2731741.384,2733098.062
optimism,2/18/2025 0:00,0x68f180fcce6836688e9084f035309e29bf0a2095,WBTC,23.00320557,2192533.582
optimism,2/18/2025 0:00,0x4200000000000000000000000000000000000006,WETH,14251.12903,38181329.85
arbitrum,2/19/2025 0:00,0xaf88d065e77c8cc2239327c5edb3a432268e5831,USDC,159409827.8,159495031
arbitrum,2/19/2025 0:00,0xfd086bc7cd5c481dcc9c85ebe478a1c0b69fcbb9,USDT,49433078.58,49449367.5
arbitrum,2/19/2025 0:00,0x2f2a2543b76a4166549f7aab2e75bef0aefc5b0f,WBTC,416.2004425,39888786.59
arbitrum,2/19/2025 0:00,0x82af49447d8a07e3bd95bd0d56f35241523fbab1,WETH,71582.78503,193531428.3
arbitrum,2/19/2025 0:00,0xcbb7c0000ab88b473b1f5afd9ef808440eed33bf,cbBTC,2.02197965,193352.2847
base,2/19/2025 0:00,0x833589fcd6edb6e08f4c7c32d4f71b54bda02913,USDC,292987158,293143397.9
base,2/19/2025 0:00,0xfde4c96c8593536e31f229ea8f37b2ada2699bb2,USDT,2911612.354,2910240.567
base,2/19/2025 0:00,0x4200000000000000000000000000000000000006,WETH,138237.4552,373848233.5
base,2/19/2025 0:00,0xcbb7c0000ab88b473b1f5afd9ef808440eed33bf,cbBTC,938.7794411,90223235.6
optimism,2/19/2025 0:00,0x0b2c639c533813f4aa9d7837caf62653d097ff85,USDC,25198127.37,25212127.77
optimism,2/19/2025 0:00,0x94b008aa00579c1307b0ef2c499ad98a8ce58e58,USDT,2346533.556,2347380.483
optimism,2/19/2025 0:00,0x68f180fcce6836688e9084f035309e29bf0a2095,WBTC,9.8431775,943930.6493
optimism,2/19/2025 0:00,0x4200000000000000000000000000000000000006,WETH,11403.32412,30837002.62
arbitrum,2/20/2025 0:00,0xaf88d065e77c8cc2239327c5edb3a432268e5831,USDC,151637599,151683698.2
arbitrum,2/20/2025 0:00,0xfd086bc7cd5c481dcc9c85ebe478a1c0b69fcbb9,USDT,46617201.48,46638595.91
arbitrum,2/20/2025 0:00,0x2f2a2543b76a4166549f7aab2e75bef0aefc5b0f,WBTC,427.7397908,41647044.75
arbitrum,2/20/2025 0:00,0x82af49447d8a07e3bd95bd0d56f35241523fbab1,WETH,65994.71638,180623306.9
arbitrum,2/20/2025 0:00,0xcbb7c0000ab88b473b1f5afd9ef808440eed33bf,cbBTC,0.83855764,81979.03503
base,2/20/2025 0:00,0x833589fcd6edb6e08f4c7c32d4f71b54bda02913,USDC,303205121.8,303301090.7
base,2/20/2025 0:00,0xfde4c96c8593536e31f229ea8f37b2ada2699bb2,USDT,4040468.827,4037789.7
base,2/20/2025 0:00,0x4200000000000000000000000000000000000006,WETH,146092.4301,399869674
base,2/20/2025 0:00,0xcbb7c0000ab88b473b1f5afd9ef808440eed33bf,cbBTC,1075.727573,105053119.1
optimism,2/20/2025 0:00,0x0b2c639c533813f4aa9d7837caf62653d097ff85,USDC,23427686.33,23434625.41
optimism,2/20/2025 0:00,0x94b008aa00579c1307b0ef2c499ad98a8ce58e58,USDT,2524772.857,2525992.519
optimism,2/20/2025 0:00,0x68f180fcce6836688e9084f035309e29bf0a2095,WBTC,9.42868669,917848.9884
optimism,2/20/2025 0:00,0x4200000000000000000000000000000000000006,WETH,10876.52515,29765300.46
arbitrum,2/21/2025 0:00,0xaf88d065e77c8cc2239327c5edb3a432268e5831,USDC,353921237.3,354090175.7
arbitrum,2/21/2025 0:00,0xfd086bc7cd5c481dcc9c85ebe478a1c0b69fcbb9,USDT,107251445.5,107309436.7
arbitrum,2/21/2025 0:00,0x2f2a2543b76a4166549f7aab2e75bef0aefc5b0f,WBTC,986.5029439,96096050.27
arbitrum,2/21/2025 0:00,0x82af49447d8a07e3bd95bd0d56f35241523fbab1,WETH,153405.0163,418677071.1
arbitrum,2/21/2025 0:00,0xcbb7c0000ab88b473b1f5afd9ef808440eed33bf,cbBTC,0.78580775,76932.33066
base,2/21/2025 0:00,0x833589fcd6edb6e08f4c7c32d4f71b54bda02913,USDC,489919592.2,490143387.8
base,2/21/2025 0:00,0xfde4c96c8593536e31f229ea8f37b2ada2699bb2,USDT,7801032.136,7806395.582
base,2/21/2025 0:00,0x4200000000000000000000000000000000000006,WETH,223179.6606,610090110
base,2/21/2025 0:00,0xcbb7c0000ab88b473b1f5afd9ef808440eed33bf,cbBTC,1777.503898,173728597.4
optimism,2/21/2025 0:00,0x0b2c639c533813f4aa9d7837caf62653d097ff85,USDC,40928758.34,40946816.57
optimism,2/21/2025 0:00,0x94b008aa00579c1307b0ef2c499ad98a8ce58e58,USDT,3637832.188,3639703.089
optimism,2/21/2025 0:00,0x68f180fcce6836688e9084f035309e29bf0a2095,WBTC,24.43139886,2382149.076
optimism,2/21/2025 0:00,0x4200000000000000000000000000000000000006,WETH,16584.16793,45340967.31
arbitrum,2/22/2025 0:00,0xaf88d065e77c8cc2239327c5edb3a432268e5831,USDC,140077962.1,140158400.7
arbitrum,2/22/2025 0:00,0xfd086bc7cd5c481dcc9c85ebe478a1c0b69fcbb9,USDT,48920894.68,48943319.11
arbitrum,2/22/2025 0:00,0x2f2a2543b76a4166549f7aab2e75bef0aefc5b0f,WBTC,379.3085579,36585972.38
arbitrum,2/22/2025 0:00,0x82af49447d8a07e3bd95bd0d56f35241523fbab1,WETH,73310.93166,200173655.5
arbitrum,2/22/2025 0:00,0xcbb7c0000ab88b473b1f5afd9ef808440eed33bf,cbBTC,0.16048463,15493.99798
base,2/22/2025 0:00,0x833589fcd6edb6e08f4c7c32d4f71b54bda02913,USDC,226123899.9,226228176.9
base,2/22/2025 0:00,0xfde4c96c8593536e31f229ea8f37b2ada2699bb2,USDT,3565856.839,3564147.318
base,2/22/2025 0:00,0x4200000000000000000000000000000000000006,WETH,148834.51,406098168.7
base,2/22/2025 0:00,0xcbb7c0000ab88b473b1f5afd9ef808440eed33bf,cbBTC,875.9807322,84606662.18
optimism,2/22/2025 0:00,0x0b2c639c533813f4aa9d7837caf62653d097ff85,USDC,24221688.07,24235620.41
optimism,2/22/2025 0:00,0x94b008aa00579c1307b0ef2c499ad98a8ce58e58,USDT,2846157.7,2847465.197
optimism,2/22/2025 0:00,0x68f180fcce6836688e9084f035309e29bf0a2095,WBTC,22.7573003,2196803.22
optimism,2/22/2025 0:00,0x4200000000000000000000000000000000000006,WETH,11517.32821,31401673.3
arbitrum,2/23/2025 0:00,0xaf88d065e77c8cc2239327c5edb3a432268e5831,USDC,167400992.7,167506342.2
arbitrum,2/23/2025 0:00,0xfd086bc7cd5c481dcc9c85ebe478a1c0b69fcbb9,USDT,44610461.91,44642093.35
arbitrum,2/23/2025 0:00,0x2f2a2543b76a4166549f7aab2e75bef0aefc5b0f,WBTC,454.0020755,43598820.52
arbitrum,2/23/2025 0:00,0x82af49447d8a07e3bd95bd0d56f35241523fbab1,WETH,79245.04966,221732009.8
arbitrum,2/23/2025 0:00,0xcbb7c0000ab88b473b1f5afd9ef808440eed33bf,cbBTC,1.92264833,184690.0764
base,2/23/2025 0:00,0x833589fcd6edb6e08f4c7c32d4f71b54bda02913,USDC,276798246.9,276968539.9
base,2/23/2025 0:00,0xfde4c96c8593536e31f229ea8f37b2ada2699bb2,USDT,3743394.442,3742381.087
base,2/23/2025 0:00,0x4200000000000000000000000000000000000006,WETH,152507.0718,426360295.2
base,2/23/2025 0:00,0xcbb7c0000ab88b473b1f5afd9ef808440eed33bf,cbBTC,997.7457075,95920889.01
optimism,2/23/2025 0:00,0x0b2c639c533813f4aa9d7837caf62653d097ff85,USDC,24260829.95,24275680.96
optimism,2/23/2025 0:00,0x94b008aa00579c1307b0ef2c499ad98a8ce58e58,USDT,1602551.545,1603766.709
optimism,2/23/2025 0:00,0x68f180fcce6836688e9084f035309e29bf0a2095,WBTC,19.80659061,1900669.784
optimism,2/23/2025 0:00,0x4200000000000000000000000000000000000006,WETH,11153.48994,31207802.7
arbitrum,2/24/2025 0:00,0xaf88d065e77c8cc2239327c5edb3a432268e5831,USDC,380745374.8,381042813
arbitrum,2/24/2025 0:00,0xfd086bc7cd5c481dcc9c85ebe478a1c0b69fcbb9,USDT,117870990.8,117972249.5
arbitrum,2/24/2025 0:00,0x2f2a2543b76a4166549f7aab2e75bef0aefc5b0f,WBTC,1125.502701,106384699.6
arbitrum,2/24/2025 0:00,0x82af49447d8a07e3bd95bd0d56f35241523fbab1,WETH,161287.0682,429690955.1
arbitrum,2/24/2025 0:00,0xcbb7c0000ab88b473b1f5afd9ef808440eed33bf,cbBTC,1.7582933,164722.8666
base,2/24/2025 0:00,0x833589fcd6edb6e08f4c7c32d4f71b54bda02913,USDC,513615881,513964366.1
base,2/24/2025 0:00,0xfde4c96c8593536e31f229ea8f37b2ada2699bb2,USDT,4596127.578,4602831.881
base,2/24/2025 0:00,0x4200000000000000000000000000000000000006,WETH,221338.5075,592481262.4
base,2/24/2025 0:00,0xcbb7c0000ab88b473b1f5afd9ef808440eed33bf,cbBTC,1724.126014,163757750.3
optimism,2/24/2025 0:00,0x0b2c639c533813f4aa9d7837caf62653d097ff85,USDC,50162638.73,50201235.57
optimism,2/24/2025 0:00,0x94b008aa00579c1307b0ef2c499ad98a8ce58e58,USDT,4271438.603,4275515.558
optimism,2/24/2025 0:00,0x68f180fcce6836688e9084f035309e29bf0a2095,WBTC,33.44325791,3161083.593
optimism,2/24/2025 0:00,0x4200000000000000000000000000000000000006,WETH,19845.029,53027358.31
arbitrum,2/25/2025 0:00,0xaf88d065e77c8cc2239327c5edb3a432268e5831,USDC,467251191.7,467818257.9
arbitrum,2/25/2025 0:00,0xfd086bc7cd5c481dcc9c85ebe478a1c0b69fcbb9,USDT,136420994.3,136504357
arbitrum,2/25/2025 0:00,0x2f2a2543b76a4166549f7aab2e75bef0aefc5b0f,WBTC,1422.61204,127392797.9
arbitrum,2/25/2025 0:00,0x82af49447d8a07e3bd95bd0d56f35241523fbab1,WETH,221980.4331,542188635.5
arbitrum,2/25/2025 0:00,0xcbb7c0000ab88b473b1f5afd9ef808440eed33bf,cbBTC,1.97937431,176408.5674
base,2/25/2025 0:00,0x833589fcd6edb6e08f4c7c32d4f71b54bda02913,USDC,425805619.6,426322820.9
base,2/25/2025 0:00,0xfde4c96c8593536e31f229ea8f37b2ada2699bb2,USDT,2577428.018,2579470.921
base,2/25/2025 0:00,0x4200000000000000000000000000000000000006,WETH,229957.8117,562101268.3
base,2/25/2025 0:00,0xcbb7c0000ab88b473b1f5afd9ef808440eed33bf,cbBTC,2003.967642,179443447.9
optimism,2/25/2025 0:00,0x0b2c639c533813f4aa9d7837caf62653d097ff85,USDC,61818891.9,61893741.72
optimism,2/25/2025 0:00,0x94b008aa00579c1307b0ef2c499ad98a8ce58e58,USDT,8405097.604,8411902.451
optimism,2/25/2025 0:00,0x68f180fcce6836688e9084f035309e29bf0a2095,WBTC,114.4840712,10172918.91
optimism,2/25/2025 0:00,0x4200000000000000000000000000000000000006,WETH,29053.47758,70723248.89
arbitrum,2/26/2025 0:00,0xaf88d065e77c8cc2239327c5edb3a432268e5831,USDC,351743192.8,352069441.3
arbitrum,2/26/2025 0:00,0xfd086bc7cd5c481dcc9c85ebe478a1c0b69fcbb9,USDT,92962988.61,92949595.69
arbitrum,2/26/2025 0:00,0x2f2a2543b76a4166549f7aab2e75bef0aefc5b0f,WBTC,1098.324979,94337710.52
arbitrum,2/26/2025 0:00,0x82af49447d8a07e3bd95bd0d56f35241523fbab1,WETH,156299.8757,373124618.3
arbitrum,2/26/2025 0:00,0xcbb7c0000ab88b473b1f5afd9ef808440eed33bf,cbBTC,3.36537274,293461.5345
base,2/26/2025 0:00,0x833589fcd6edb6e08f4c7c32d4f71b54bda02913,USDC,351277320.9,351587182
base,2/26/2025 0:00,0xfde4c96c8593536e31f229ea8f37b2ada2699bb2,USDT,2046490.254,2047337.339
base,2/26/2025 0:00,0x4200000000000000000000000000000000000006,WETH,183573.9968,441034765.7
base,2/26/2025 0:00,0xcbb7c0000ab88b473b1f5afd9ef808440eed33bf,cbBTC,1580.747929,136743112.2
optimism,2/26/2025 0:00,0x0b2c639c533813f4aa9d7837caf62653d097ff85,USDC,40435688.26,40471112.76
optimism,2/26/2025 0:00,0x94b008aa00579c1307b0ef2c499ad98a8ce58e58,USDT,4995447.924,4995025.276
optimism,2/26/2025 0:00,0x68f180fcce6836688e9084f035309e29bf0a2095,WBTC,34.33166999,2942076.081
optimism,2/26/2025 0:00,0x4200000000000000000000000000000000000006,WETH,17994.0633,43334301.37
arbitrum,2/27/2025 0:00,0xaf88d065e77c8cc2239327c5edb3a432268e5831,USDC,284579014,284812970.1
arbitrum,2/27/2025 0:00,0xfd086bc7cd5c481dcc9c85ebe478a1c0b69fcbb9,USDT,80902052.81,80884595.46
arbitrum,2/27/2025 0:00,0x2f2a2543b76a4166549f7aab2e75bef0aefc5b0f,WBTC,926.1266404,78613197.07
arbitrum,2/27/2025 0:00,0x82af49447d8a07e3bd95bd0d56f35241523fbab1,WETH,137298.0322,319078525.8
arbitrum,2/27/2025 0:00,0xcbb7c0000ab88b473b1f5afd9ef808440eed33bf,cbBTC,2.85146095,244974.3725
base,2/27/2025 0:00,0x833589fcd6edb6e08f4c7c32d4f71b54bda02913,USDC,275912571.9,276119873.7
base,2/27/2025 0:00,0xfde4c96c8593536e31f229ea8f37b2ada2699bb2,USDT,2401395.095,2400951.111
base,2/27/2025 0:00,0x4200000000000000000000000000000000000006,WETH,157934.4146,367433514
base,2/27/2025 0:00,0xcbb7c0000ab88b473b1f5afd9ef808440eed33bf,cbBTC,1498.949596,127756657.2
optimism,2/27/2025 0:00,0x0b2c639c533813f4aa9d7837caf62653d097ff85,USDC,31352561.74,31378092.24
optimism,2/27/2025 0:00,0x94b008aa00579c1307b0ef2c499ad98a8ce58e58,USDT,3562171.656,3561489.929
optimism,2/27/2025 0:00,0x68f180fcce6836688e9084f035309e29bf0a2095,WBTC,27.91583528,2373483.843
optimism,2/27/2025 0:00,0x4200000000000000000000000000000000000006,WETH,15065.12905,35011784.69
arbitrum,2/28/2025 0:00,0xaf88d065e77c8cc2239327c5edb3a432268e5831,USDC,534168999.4,534520649.3
arbitrum,2/28/2025 0:00,0xfd086bc7cd5c481dcc9c85ebe478a1c0b69fcbb9,USDT,114040974.9,114057160.6
arbitrum,2/28/2025 0:00,0x2f2a2543b76a4166549f7aab2e75bef0aefc5b0f,WBTC,1630.166888,132816157.3
arbitrum,2/28/2025 0:00,0x82af49447d8a07e3bd95bd0d56f35241523fbab1,WETH,260062.4593,565084373
arbitrum,2/28/2025 0:00,0xcbb7c0000ab88b473b1f5afd9ef808440eed33bf,cbBTC,5.91596703,474451.3214
base,2/28/2025 0:00,0x833589fcd6edb6e08f4c7c32d4f71b54bda02913,USDC,337710778,337929068.5
base,2/28/2025 0:00,0xfde4c96c8593536e31f229ea8f37b2ada2699bb2,USDT,3227187.564,3224835.888
base,2/28/2025 0:00,0x4200000000000000000000000000000000000006,WETH,231056.2254,501327366.1
base,2/28/2025 0:00,0xcbb7c0000ab88b473b1f5afd9ef808440eed33bf,cbBTC,2058.60645,168104116.9
optimism,2/28/2025 0:00,0x0b2c639c533813f4aa9d7837caf62653d097ff85,USDC,38515373.99,38541643.15
optimism,2/28/2025 0:00,0x94b008aa00579c1307b0ef2c499ad98a8ce58e58,USDT,5796481.243,5797473.289
optimism,2/28/2025 0:00,0x68f180fcce6836688e9084f035309e29bf0a2095,WBTC,44.41176191,3611522.524
optimism,2/28/2025 0:00,0x4200000000000000000000000000000000000006,WETH,20436.78602,44430393.15
arbitrum,3/1/2025 0:00,0xaf88d065e77c8cc2239327c5edb3a432268e5831,USDC,248118210.8,248290571.7
arbitrum,3/1/2025 0:00,0xfd086bc7cd5c481dcc9c85ebe478a1c0b69fcbb9,USDT,34630467.87,34642141.32
arbitrum,3/1/2025 0:00,0x2f2a2543b76a4166549f7aab2e75bef0aefc5b0f,WBTC,534.4057641,45431022.36
arbitrum,3/1/2025 0:00,0x82af49447d8a07e3bd95bd0d56f35241523fbab1,WETH,121195.697,268438588.1
arbitrum,3/1/2025 0:00,0xcbb7c0000ab88b473b1f5afd9ef808440eed33bf,cbBTC,0.49072925,41956.19449
base,3/1/2025 0:00,0x833589fcd6edb6e08f4c7c32d4f71b54bda02913,USDC,189416936.3,189551757.7
base,3/1/2025 0:00,0xfde4c96c8593536e31f229ea8f37b2ada2699bb2,USDT,4166881.493,4161927.511
base,3/1/2025 0:00,0x4200000000000000000000000000000000000006,WETH,125325.8918,277532459.2
base,3/1/2025 0:00,0xcbb7c0000ab88b473b1f5afd9ef808440eed33bf,cbBTC,1187.047134,101191083.3
optimism,3/1/2025 0:00,0x0b2c639c533813f4aa9d7837caf62653d097ff85,USDC,17047368.71,17059504.53
optimism,3/1/2025 0:00,0x94b008aa00579c1307b0ef2c499ad98a8ce58e58,USDT,1777228.115,1777945.389
optimism,3/1/2025 0:00,0x68f180fcce6836688e9084f035309e29bf0a2095,WBTC,17.57230013,1495758.114
optimism,3/1/2025 0:00,0x4200000000000000000000000000000000000006,WETH,9256.65619,20490945.36
arbitrum,3/2/2025 0:00,0xaf88d065e77c8cc2239327c5edb3a432268e5831,USDC,524436713.4,524556976.6
arbitrum,3/2/2025 0:00,0xfd086bc7cd5c481dcc9c85ebe478a1c0b69fcbb9,USDT,99632682.7,99649309.21
arbitrum,3/2/2025 0:00,0x2f2a2543b76a4166549f7aab2e75bef0aefc5b0f,WBTC,1523.610906,137370864.2
arbitrum,3/2/2025 0:00,0x82af49447d8a07e3bd95bd0d56f35241523fbab1,WETH,274047.8388,643732565.5
arbitrum,3/2/2025 0:00,0xcbb7c0000ab88b473b1f5afd9ef808440eed33bf,cbBTC,4.93664649,442744.9978
base,3/2/2025 0:00,0x833589fcd6edb6e08f4c7c32d4f71b54bda02913,USDC,395291835,395403605.2
base,3/2/2025 0:00,0xfde4c96c8593536e31f229ea8f37b2ada2699bb2,USDT,13080783.77,13067858.42
base,3/2/2025 0:00,0x4200000000000000000000000000000000000006,WETH,241064.5522,563232387
base,3/2/2025 0:00,0xcbb7c0000ab88b473b1f5afd9ef808440eed33bf,cbBTC,1969.350725,177240825.9
optimism,3/2/2025 0:00,0x0b2c639c533813f4aa9d7837caf62653d097ff85,USDC,37851506.92,37862604.06
optimism,3/2/2025 0:00,0x94b008aa00579c1307b0ef2c499ad98a8ce58e58,USDT,6471612.725,6473356.427
optimism,3/2/2025 0:00,0x68f180fcce6836688e9084f035309e29bf0a2095,WBTC,49.72278414,4497734.493
optimism,3/2/2025 0:00,0x4200000000000000000000000000000000000006,WETH,21029.76514,49602816.18
arbitrum,3/3/2025 0:00,0xaf88d065e77c8cc2239327c5edb3a432268e5831,USDC,521716808.1,521944134
arbitrum,3/3/2025 0:00,0xfd086bc7cd5c481dcc9c85ebe478a1c0b69fcbb9,USDT,82180291.98,82193176.86
arbitrum,3/3/2025 0:00,0x2f2a2543b76a4166549f7aab2e75bef0aefc5b0f,WBTC,1173.53291,105462161.1
arbitrum,3/3/2025 0:00,0x82af49447d8a07e3bd95bd0d56f35241523fbab1,WETH,217819.9542,501335258.7
arbitrum,3/3/2025 0:00,0xcbb7c0000ab88b473b1f5afd9ef808440eed33bf,cbBTC,7.73282371,702262.819
base,3/3/2025 0:00,0x833589fcd6edb6e08f4c7c32d4f71b54bda02913,USDC,414049141.3,414157417.9
base,3/3/2025 0:00,0xfde4c96c8593536e31f229ea8f37b2ada2699bb2,USDT,5877983.972,5871209.661
base,3/3/2025 0:00,0x4200000000000000000000000000000000000006,WETH,186479.8458,429712127.8
base,3/3/2025 0:00,0xcbb7c0000ab88b473b1f5afd9ef808440eed33bf,cbBTC,2003.567415,181270020.4
optimism,3/3/2025 0:00,0x0b2c639c533813f4aa9d7837caf62653d097ff85,USDC,38464473.57,38481014.4
optimism,3/3/2025 0:00,0x94b008aa00579c1307b0ef2c499ad98a8ce58e58,USDT,4233960.527,4234437.539
optimism,3/3/2025 0:00,0x68f180fcce6836688e9084f035309e29bf0a2095,WBTC,34.93906844,3131991.464
optimism,3/3/2025 0:00,0x4200000000000000000000000000000000000006,WETH,16680.16775,38354621.43
arbitrum,3/4/2025 0:00,0xaf88d065e77c8cc2239327c5edb3a432268e5831,USDC,448004645.8,448234556.8
arbitrum,3/4/2025 0:00,0xfd086bc7cd5c481dcc9c85ebe478a1c0b69fcbb9,USDT,83827843.84,83832449.51
arbitrum,3/4/2025 0:00,0x2f2a2543b76a4166549f7aab2e75bef0aefc5b0f,WBTC,1529.268031,129152466.6
arbitrum,3/4/2025 0:00,0x82af49447d8a07e3bd95bd0d56f35241523fbab1,WETH,238630.947,502138059.8
arbitrum,3/4/2025 0:00,0xcbb7c0000ab88b473b1f5afd9ef808440eed33bf,cbBTC,5.6801974,486461.9832
base,3/4/2025 0:00,0x833589fcd6edb6e08f4c7c32d4f71b54bda02913,USDC,382371098.4,382584432.8
base,3/4/2025 0:00,0xfde4c96c8593536e31f229ea8f37b2ada2699bb2,USDT,4234510.377,4228012.511
base,3/4/2025 0:00,0x4200000000000000000000000000000000000006,WETH,215672.9747,453075955
base,3/4/2025 0:00,0xcbb7c0000ab88b473b1f5afd9ef808440eed33bf,cbBTC,2128.584102,180152017.1
optimism,3/4/2025 0:00,0x0b2c639c533813f4aa9d7837caf62653d097ff85,USDC,33311366.93,33329697.05
optimism,3/4/2025 0:00,0x94b008aa00579c1307b0ef2c499ad98a8ce58e58,USDT,5002502.429,5002707.619
optimism,3/4/2025 0:00,0x68f180fcce6836688e9084f035309e29bf0a2095,WBTC,45.56362619,3834655.277
optimism,3/4/2025 0:00,0x4200000000000000000000000000000000000006,WETH,18333.22133,38458128.02
arbitrum,3/5/2025 0:00,0xaf88d065e77c8cc2239327c5edb3a432268e5831,USDC,297462055.9,297601778.9
arbitrum,3/5/2025 0:00,0xfd086bc7cd5c481dcc9c85ebe478a1c0b69fcbb9,USDT,50791670.56,50808954.91
arbitrum,3/5/2025 0:00,0x2f2a2543b76a4166549f7aab2e75bef0aefc5b0f,WBTC,868.2310794,76994679.84
arbitrum,3/5/2025 0:00,0x82af49447d8a07e3bd95bd0d56f35241523fbab1,WETH,157343.0977,346390713.2
arbitrum,3/5/2025 0:00,0xcbb7c0000ab88b473b1f5afd9ef808440eed33bf,cbBTC,5.89301524,524107.5292
base,3/5/2025 0:00,0x833589fcd6edb6e08f4c7c32d4f71b54bda02913,USDC,266413700.8,266528249.8
base,3/5/2025 0:00,0xfde4c96c8593536e31f229ea8f37b2ada2699bb2,USDT,3670247.319,3662470.805
base,3/5/2025 0:00,0x4200000000000000000000000000000000000006,WETH,152137.6212,335263459.3
base,3/5/2025 0:00,0xcbb7c0000ab88b473b1f5afd9ef808440eed33bf,cbBTC,1458.043574,129716359.3
optimism,3/5/2025 0:00,0x0b2c639c533813f4aa9d7837caf62653d097ff85,USDC,19396665.43,19405624.65
optimism,3/5/2025 0:00,0x94b008aa00579c1307b0ef2c499ad98a8ce58e58,USDT,2661928.076,2662835.271
optimism,3/5/2025 0:00,0x68f180fcce6836688e9084f035309e29bf0a2095,WBTC,22.29496659,1980104.493
optimism,3/5/2025 0:00,0x4200000000000000000000000000000000000006,WETH,10304.4532,22685916.49
arbitrum,3/6/2025 0:00,0xaf88d065e77c8cc2239327c5edb3a432268e5831,USDC,290547931.4,290659461.2
arbitrum,3/6/2025 0:00,0xfd086bc7cd5c481dcc9c85ebe478a1c0b69fcbb9,USDT,52695076.82,52717406.68
arbitrum,3/6/2025 0:00,0x2f2a2543b76a4166549f7aab2e75bef0aefc5b0f,WBTC,904.8121303,81504512.28
arbitrum,3/6/2025 0:00,0x82af49447d8a07e3bd95bd0d56f35241523fbab1,WETH,138968.8323,312313732.4
arbitrum,3/6/2025 0:00,0xcbb7c0000ab88b473b1f5afd9ef808440eed33bf,cbBTC,4.22803355,384511.1879
base,3/6/2025 0:00,0x833589fcd6edb6e08f4c7c32d4f71b54bda02913,USDC,301870838.1,301976683.5
base,3/6/2025 0:00,0xfde4c96c8593536e31f229ea8f37b2ada2699bb2,USDT,4195227.607,4186015.401
base,3/6/2025 0:00,0x4200000000000000000000000000000000000006,WETH,148954.9648,335147192.8
base,3/6/2025 0:00,0xcbb7c0000ab88b473b1f5afd9ef808440eed33bf,cbBTC,1508.757353,136499643.7
optimism,3/6/2025 0:00,0x0b2c639c533813f4aa9d7837caf62653d097ff85,USDC,22110520.46,22118675.02
optimism,3/6/2025 0:00,0x94b008aa00579c1307b0ef2c499ad98a8ce58e58,USDT,3328702.229,3330011.184
optimism,3/6/2025 0:00,0x68f180fcce6836688e9084f035309e29bf0a2095,WBTC,22.32450329,2014098.038
optimism,3/6/2025 0:00,0x4200000000000000000000000000000000000006,WETH,10552.45273,23743777.32
arbitrum,3/7/2025 0:00,0xaf88d065e77c8cc2239327c5edb3a432268e5831,USDC,474550342.5,474756919.9
arbitrum,3/7/2025 0:00,0xfd086bc7cd5c481dcc9c85ebe478a1c0b69fcbb9,USDT,79769182.2,79815158
arbitrum,3/7/2025 0:00,0x2f2a2543b76a4166549f7aab2e75bef0aefc5b0f,WBTC,1551.352336,136289892.4
arbitrum,3/7/2025 0:00,0x82af49447d8a07e3bd95bd0d56f35241523fbab1,WETH,227876.1131,495575723
arbitrum,3/7/2025 0:00,0xcbb7c0000ab88b473b1f5afd9ef808440eed33bf,cbBTC,3.13379044,275166.0813
base,3/7/2025 0:00,0x833589fcd6edb6e08f4c7c32d4f71b54bda02913,USDC,402870510.6,403042591.2
base,3/7/2025 0:00,0xfde4c96c8593536e31f229ea8f37b2ada2699bb2,USDT,2548293.843,2545565.311
base,3/7/2025 0:00,0x4200000000000000000000000000000000000006,WETH,208519.579,453456275.6
base,3/7/2025 0:00,0xcbb7c0000ab88b473b1f5afd9ef808440eed33bf,cbBTC,2042.094603,179915524.2
optimism,3/7/2025 0:00,0x0b2c639c533813f4aa9d7837caf62653d097ff85,USDC,30098692.51,30112965.23
optimism,3/7/2025 0:00,0x94b008aa00579c1307b0ef2c499ad98a8ce58e58,USDT,3315936.363,3318040.623
optimism,3/7/2025 0:00,0x68f180fcce6836688e9084f035309e29bf0a2095,WBTC,36.96510013,3250278.388
optimism,3/7/2025 0:00,0x4200000000000000000000000000000000000006,WETH,14677.6731,31884593.39
arbitrum,3/8/2025 0:00,0xaf88d065e77c8cc2239327c5edb3a432268e5831,USDC,164736552.5,164857074.6
arbitrum,3/8/2025 0:00,0xfd086bc7cd5c481dcc9c85ebe478a1c0b69fcbb9,USDT,32821685.75,32842805.72
arbitrum,3/8/2025 0:00,0x2f2a2543b76a4166549f7aab2e75bef0aefc5b0f,WBTC,483.951473,41666959.3
arbitrum,3/8/2025 0:00,0x82af49447d8a07e3bd95bd0d56f35241523fbab1,WETH,89800.50156,194925877.2
arbitrum,3/8/2025 0:00,0xcbb7c0000ab88b473b1f5afd9ef808440eed33bf,cbBTC,0.58458468,50438.76253
base,3/8/2025 0:00,0x833589fcd6edb6e08f4c7c32d4f71b54bda02913,USDC,205014724.2,205152560.2
base,3/8/2025 0:00,0xfde4c96c8593536e31f229ea8f37b2ada2699bb2,USDT,3108274.838,3102233.022
base,3/8/2025 0:00,0x4200000000000000000000000000000000000006,WETH,184074.5709,399536805.3
base,3/8/2025 0:00,0xcbb7c0000ab88b473b1f5afd9ef808440eed33bf,cbBTC,862.5324142,74406239.48
optimism,3/8/2025 0:00,0x0b2c639c533813f4aa9d7837caf62653d097ff85,USDC,12524005.88,12533395.9
optimism,3/8/2025 0:00,0x94b008aa00579c1307b0ef2c499ad98a8ce58e58,USDT,1430203.735,1431220.364
optimism,3/8/2025 0:00,0x68f180fcce6836688e9084f035309e29bf0a2095,WBTC,16.51247317,1422449.862
optimism,3/8/2025 0:00,0x4200000000000000000000000000000000000006,WETH,7069.420363,15317372.63
arbitrum,3/9/2025 0:00,0xaf88d065e77c8cc2239327c5edb3a432268e5831,USDC,251330181.2,251713322.9
arbitrum,3/9/2025 0:00,0xfd086bc7cd5c481dcc9c85ebe478a1c0b69fcbb9,USDT,49173289.02,49253438.1
arbitrum,3/9/2025 0:00,0x2f2a2543b76a4166549f7aab2e75bef0aefc5b0f,WBTC,877.4137913,72999387.41
arbitrum,3/9/2025 0:00,0x82af49447d8a07e3bd95bd0d56f35241523fbab1,WETH,131398.8393,273655270.3
arbitrum,3/9/2025 0:00,0xcbb7c0000ab88b473b1f5afd9ef808440eed33bf,cbBTC,1.00616764,83893.63933
base,3/9/2025 0:00,0x833589fcd6edb6e08f4c7c32d4f71b54bda02913,USDC,350247421.2,350735256.8
base,3/9/2025 0:00,0xfde4c96c8593536e31f229ea8f37b2ada2699bb2,USDT,2902740.944,2900996.987
base,3/9/2025 0:00,0x4200000000000000000000000000000000000006,WETH,159853.5296,335775950.5
base,3/9/2025 0:00,0xcbb7c0000ab88b473b1f5afd9ef808440eed33bf,cbBTC,1109.651845,92920129.4
optimism,3/9/2025 0:00,0x0b2c639c533813f4aa9d7837caf62653d097ff85,USDC,21387374.81,21420699.5
optimism,3/9/2025 0:00,0x94b008aa00579c1307b0ef2c499ad98a8ce58e58,USDT,2947004.99,2951901.641
optimism,3/9/2025 0:00,0x68f180fcce6836688e9084f035309e29bf0a2095,WBTC,32.48384922,2716540.396
optimism,3/9/2025 0:00,0x4200000000000000000000000000000000000006,WETH,10318.35887,21648123.73
arbitrum,3/10/2025 0:00,0xaf88d065e77c8cc2239327c5edb3a432268e5831,USDC,433812544,434226370.3
arbitrum,3/10/2025 0:00,0xfd086bc7cd5c481dcc9c85ebe478a1c0b69fcbb9,USDT,90685706.55,90755460.58
arbitrum,3/10/2025 0:00,0x2f2a2543b76a4166549f7aab2e75bef0aefc5b0f,WBTC,1513.738268,121807099.1
arbitrum,3/10/2025 0:00,0x82af49447d8a07e3bd95bd0d56f35241523fbab1,WETH,224764.8201,451920865.6
arbitrum,3/10/2025 0:00,0xcbb7c0000ab88b473b1f5afd9ef808440eed33bf,cbBTC,4.00499733,322494.1216
base,3/10/2025 0:00,0x833589fcd6edb6e08f4c7c32d4f71b54bda02913,USDC,359604279.7,359899678
base,3/10/2025 0:00,0xfde4c96c8593536e31f229ea8f37b2ada2699bb2,USDT,3125748.837,3123445.026
base,3/10/2025 0:00,0x4200000000000000000000000000000000000006,WETH,244803.6675,490668324.1
base,3/10/2025 0:00,0xcbb7c0000ab88b473b1f5afd9ef808440eed33bf,cbBTC,1925.529206,155405755.6
optimism,3/10/2025 0:00,0x0b2c639c533813f4aa9d7837caf62653d097ff85,USDC,34623134.7,34659304.97
optimism,3/10/2025 0:00,0x94b008aa00579c1307b0ef2c499ad98a8ce58e58,USDT,4250306.89,4256431.972
optimism,3/10/2025 0:00,0x68f180fcce6836688e9084f035309e29bf0a2095,WBTC,54.7410061,4384659.296
optimism,3/10/2025 0:00,0x4200000000000000000000000000000000000006,WETH,18261.7525,36310130.67
arbitrum,3/11/2025 0:00,0xaf88d065e77c8cc2239327c5edb3a432268e5831,USDC,376624513.2,376932381.3
arbitrum,3/11/2025 0:00,0xfd086bc7cd5c481dcc9c85ebe478a1c0b69fcbb9,USDT,87704735.34,87764886.36
arbitrum,3/11/2025 0:00,0x2f2a2543b76a4166549f7aab2e75bef0aefc5b0f,WBTC,1261.89545,101632139.7
arbitrum,3/11/2025 0:00,0x82af49447d8a07e3bd95bd0d56f35241523fbab1,WETH,216012.1681,408342171.7
arbitrum,3/11/2025 0:00,0xcbb7c0000ab88b473b1f5afd9ef808440eed33bf,cbBTC,3.42611048,275293.5463
base,3/11/2025 0:00,0x833589fcd6edb6e08f4c7c32d4f71b54bda02913,USDC,328944417.1,329211451.9
base,3/11/2025 0:00,0xfde4c96c8593536e31f229ea8f37b2ada2699bb2,USDT,2747423.178,2742480.375
base,3/11/2025 0:00,0x4200000000000000000000000000000000000006,WETH,234350.5393,443606537.1
base,3/11/2025 0:00,0xcbb7c0000ab88b473b1f5afd9ef808440eed33bf,cbBTC,1902.722893,153768502
optimism,3/11/2025 0:00,0x0b2c639c533813f4aa9d7837caf62653d097ff85,USDC,26854138.39,26879668.33
optimism,3/11/2025 0:00,0x94b008aa00579c1307b0ef2c499ad98a8ce58e58,USDT,4219505.333,4222376.719
optimism,3/11/2025 0:00,0x68f180fcce6836688e9084f035309e29bf0a2095,WBTC,58.06300995,4652097.522
optimism,3/11/2025 0:00,0x4200000000000000000000000000000000000006,WETH,17380.15787,32786033.68
arbitrum,3/12/2025 0:00,0xaf88d065e77c8cc2239327c5edb3a432268e5831,USDC,317313779,317582343.3
arbitrum,3/12/2025 0:00,0xfd086bc7cd5c481dcc9c85ebe478a1c0b69fcbb9,USDT,69940287.06,69994495.42
arbitrum,3/12/2025 0:00,0x2f2a2543b76a4166549f7aab2e75bef0aefc5b0f,WBTC,1019.098956,83984351.4
arbitrum,3/12/2025 0:00,0x82af49447d8a07e3bd95bd0d56f35241523fbab1,WETH,167154.6713,317298154.1
arbitrum,3/12/2025 0:00,0xcbb7c0000ab88b473b1f5afd9ef808440eed33bf,cbBTC,5.14941315,427466.1344
base,3/12/2025 0:00,0x833589fcd6edb6e08f4c7c32d4f71b54bda02913,USDC,272612463.2,272840001.3
base,3/12/2025 0:00,0xfde4c96c8593536e31f229ea8f37b2ada2699bb2,USDT,6459856.155,6453286.082
base,3/12/2025 0:00,0x4200000000000000000000000000000000000006,WETH,225977.4977,428086071.2
base,3/12/2025 0:00,0xcbb7c0000ab88b473b1f5afd9ef808440eed33bf,cbBTC,1465.597125,121228477.9
optimism,3/12/2025 0:00,0x0b2c639c533813f4aa9d7837caf62653d097ff85,USDC,19396787.84,19413373.79
optimism,3/12/2025 0:00,0x94b008aa00579c1307b0ef2c499ad98a8ce58e58,USDT,2903356.588,2905525.568
optimism,3/12/2025 0:00,0x68f180fcce6836688e9084f035309e29bf0a2095,WBTC,26.76567988,2204478.659
optimism,3/12/2025 0:00,0x4200000000000000000000000000000000000006,WETH,11766.06453,22304834.38
arbitrum,3/13/2025 0:00,0xaf88d065e77c8cc2239327c5edb3a432268e5831,USDC,220772992.2,220943924.1
arbitrum,3/13/2025 0:00,0xfd086bc7cd5c481dcc9c85ebe478a1c0b69fcbb9,USDT,59856183.59,59894767.18
arbitrum,3/13/2025 0:00,0x2f2a2543b76a4166549f7aab2e75bef0aefc5b0f,WBTC,733.5807935,60189709.74
arbitrum,3/13/2025 0:00,0x82af49447d8a07e3bd95bd0d56f35241523fbab1,WETH,109959.7949,206494939
arbitrum,3/13/2025 0:00,0xcbb7c0000ab88b473b1f5afd9ef808440eed33bf,cbBTC,1.97258803,162691.7804
base,3/13/2025 0:00,0x833589fcd6edb6e08f4c7c32d4f71b54bda02913,USDC,232613525.9,232786124.4
base,3/13/2025 0:00,0xfde4c96c8593536e31f229ea8f37b2ada2699bb2,USDT,2532131.519,2532365.193
base,3/13/2025 0:00,0x4200000000000000000000000000000000000006,WETH,185856.9971,348925848.6
base,3/13/2025 0:00,0xcbb7c0000ab88b473b1f5afd9ef808440eed33bf,cbBTC,1162.57124,95720103.58
optimism,3/13/2025 0:00,0x0b2c639c533813f4aa9d7837caf62653d097ff85,USDC,16948006.89,16961425.29
optimism,3/13/2025 0:00,0x94b008aa00579c1307b0ef2c499ad98a8ce58e58,USDT,2246852.408,2248396.258
optimism,3/13/2025 0:00,0x68f180fcce6836688e9084f035309e29bf0a2095,WBTC,32.95215064,2721811.999
optimism,3/13/2025 0:00,0x4200000000000000000000000000000000000006,WETH,11703.67127,21943529.68
arbitrum,3/14/2025 0:00,0xaf88d065e77c8cc2239327c5edb3a432268e5831,USDC,149312675.8,149418097.3
arbitrum,3/14/2025 0:00,0xfd086bc7cd5c481dcc9c85ebe478a1c0b69fcbb9,USDT,48474840.62,48512120.78
arbitrum,3/14/2025 0:00,0x2f2a2543b76a4166549f7aab2e75bef0aefc5b0f,WBTC,560.5405195,46660331.89
arbitrum,3/14/2025 0:00,0x82af49447d8a07e3bd95bd0d56f35241523fbab1,WETH,73699.06952,140771029.7
arbitrum,3/14/2025 0:00,0xcbb7c0000ab88b473b1f5afd9ef808440eed33bf,cbBTC,3.6176137,303544.6357
base,3/14/2025 0:00,0x833589fcd6edb6e08f4c7c32d4f71b54bda02913,USDC,178784954,178886597.5
base,3/14/2025 0:00,0xfde4c96c8593536e31f229ea8f37b2ada2699bb2,USDT,2302763.517,2302719.874
base,3/14/2025 0:00,0x4200000000000000000000000000000000000006,WETH,151238.7208,288656158.5
base,3/14/2025 0:00,0xcbb7c0000ab88b473b1f5afd9ef808440eed33bf,cbBTC,1108.417768,92479401.72
optimism,3/14/2025 0:00,0x0b2c639c533813f4aa9d7837caf62653d097ff85,USDC,10643881.21,10651273.71
optimism,3/14/2025 0:00,0x94b008aa00579c1307b0ef2c499ad98a8ce58e58,USDT,3002553.431,3004899.035
optimism,3/14/2025 0:00,0x68f180fcce6836688e9084f035309e29bf0a2095,WBTC,13.60466212,1133027.162
optimism,3/14/2025 0:00,0x4200000000000000000000000000000000000006,WETH,7129.731938,13604971.13
arbitrum,3/15/2025 0:00,0xaf88d065e77c8cc2239327c5edb3a432268e5831,USDC,90085205.28,90171516.92
arbitrum,3/15/2025 0:00,0xfd086bc7cd5c481dcc9c85ebe478a1c0b69fcbb9,USDT,38273578.04,38317370.57
arbitrum,3/15/2025 0:00,0x2f2a2543b76a4166549f7aab2e75bef0aefc5b0f,WBTC,210.2973365,17695502.75
arbitrum,3/15/2025 0:00,0x82af49447d8a07e3bd95bd0d56f35241523fbab1,WETH,39224.63145,75771361.48
arbitrum,3/15/2025 0:00,0xcbb7c0000ab88b473b1f5afd9ef808440eed33bf,cbBTC,2.5732857,216970.4566
base,3/15/2025 0:00,0x833589fcd6edb6e08f4c7c32d4f71b54bda02913,USDC,106242149.6,106343287.1
base,3/15/2025 0:00,0xfde4c96c8593536e31f229ea8f37b2ada2699bb2,USDT,1630640.441,1630973.228
base,3/15/2025 0:00,0x4200000000000000000000000000000000000006,WETH,132189.767,255084042.7
base,3/15/2025 0:00,0xcbb7c0000ab88b473b1f5afd9ef808440eed33bf,cbBTC,553.2923359,46684681.91
optimism,3/15/2025 0:00,0x0b2c639c533813f4aa9d7837caf62653d097ff85,USDC,6327434.995,6333392.878
optimism,3/15/2025 0:00,0x94b008aa00579c1307b0ef2c499ad98a8ce58e58,USDT,869262.8022,870288.2435
optimism,3/15/2025 0:00,0x68f180fcce6836688e9084f035309e29bf0a2095,WBTC,5.93066254,499149.375
optimism,3/15/2025 0:00,0x4200000000000000000000000000000000000006,WETH,4796.494412,9257006.42
arbitrum,3/16/2025 0:00,0xaf88d065e77c8cc2239327c5edb3a432268e5831,USDC,155627459.4,155837648.2
arbitrum,3/16/2025 0:00,0xfd086bc7cd5c481dcc9c85ebe478a1c0b69fcbb9,USDT,56313293.14,56396410.75
arbitrum,3/16/2025 0:00,0x2f2a2543b76a4166549f7aab2e75bef0aefc5b0f,WBTC,466.1509837,38838113.73
arbitrum,3/16/2025 0:00,0x82af49447d8a07e3bd95bd0d56f35241523fbab1,WETH,62423.99042,118672710.5
arbitrum,3/16/2025 0:00,0xcbb7c0000ab88b473b1f5afd9ef808440eed33bf,cbBTC,0.26646154,22345.21975
base,3/16/2025 0:00,0x833589fcd6edb6e08f4c7c32d4f71b54bda02913,USDC,162731631.8,162947372
base,3/16/2025 0:00,0xfde4c96c8593536e31f229ea8f37b2ada2699bb2,USDT,1656478.845,1657956.005
base,3/16/2025 0:00,0x4200000000000000000000000000000000000006,WETH,136399.4175,260113469.6
base,3/16/2025 0:00,0xcbb7c0000ab88b473b1f5afd9ef808440eed33bf,cbBTC,859.4936446,71913276.67
optimism,3/16/2025 0:00,0x0b2c639c533813f4aa9d7837caf62653d097ff85,USDC,9438503.735,9450816.436
optimism,3/16/2025 0:00,0x94b008aa00579c1307b0ef2c499ad98a8ce58e58,USDT,1139332.167,1141014.186
optimism,3/16/2025 0:00,0x68f180fcce6836688e9084f035309e29bf0a2095,WBTC,9.02002285,752399.3638
optimism,3/16/2025 0:00,0x4200000000000000000000000000000000000006,WETH,6415.227304,12216476.56
arbitrum,3/17/2025 0:00,0xaf88d065e77c8cc2239327c5edb3a432268e5831,USDC,150481591.8,150607046
arbitrum,3/17/2025 0:00,0xfd086bc7cd5c481dcc9c85ebe478a1c0b69fcbb9,USDT,51819485.39,51864630.67
arbitrum,3/17/2025 0:00,0x2f2a2543b76a4166549f7aab2e75bef0aefc5b0f,WBTC,495.4127457,41301604.47
arbitrum,3/17/2025 0:00,0x82af49447d8a07e3bd95bd0d56f35241523fbab1,WETH,69497.59689,133051886.9
arbitrum,3/17/2025 0:00,0xcbb7c0000ab88b473b1f5afd9ef808440eed33bf,cbBTC,0.2392998,20029.18807
base,3/17/2025 0:00,0x833589fcd6edb6e08f4c7c32d4f71b54bda02913,USDC,175557939.5,175620167.7
base,3/17/2025 0:00,0xfde4c96c8593536e31f229ea8f37b2ada2699bb2,USDT,1705454.568,1705614.171
base,3/17/2025 0:00,0x4200000000000000000000000000000000000006,WETH,151693.6481,290540886.6
base,3/17/2025 0:00,0xcbb7c0000ab88b473b1f5afd9ef808440eed33bf,cbBTC,959.8464324,80312238.13
optimism,3/17/2025 0:00,0x0b2c639c533813f4aa9d7837caf62653d097ff85,USDC,9876787.926,9884987.587
optimism,3/17/2025 0:00,0x94b008aa00579c1307b0ef2c499ad98a8ce58e58,USDT,1175148.75,1176147.451
optimism,3/17/2025 0:00,0x68f180fcce6836688e9084f035309e29bf0a2095,WBTC,11.44987746,956123.9058
optimism,3/17/2025 0:00,0x4200000000000000000000000000000000000006,WETH,6944.404512,13298055.92
arbitrum,3/18/2025 0:00,0xaf88d065e77c8cc2239327c5edb3a432268e5831,USDC,149707419.1,149850676.1
arbitrum,3/18/2025 0:00,0xfd086bc7cd5c481dcc9c85ebe478a1c0b69fcbb9,USDT,57329123,57385070.27
arbitrum,3/18/2025 0:00,0x2f2a2543b76a4166549f7aab2e75bef0aefc5b0f,WBTC,461.5564528,37966713
arbitrum,3/18/2025 0:00,0x82af49447d8a07e3bd95bd0d56f35241523fbab1,WETH,69086.80234,131233672.6
arbitrum,3/18/2025 0:00,0xcbb7c0000ab88b473b1f5afd9ef808440eed33bf,cbBTC,18.78629505,1558475.192
base,3/18/2025 0:00,0x833589fcd6edb6e08f4c7c32d4f71b54bda02913,USDC,194525604.4,194708580.7
base,3/18/2025 0:00,0xfde4c96c8593536e31f229ea8f37b2ada2699bb2,USDT,2717710.922,2718486.042
base,3/18/2025 0:00,0x4200000000000000000000000000000000000006,WETH,142488.3144,271007966.8
base,3/18/2025 0:00,0xcbb7c0000ab88b473b1f5afd9ef808440eed33bf,cbBTC,1048.171944,86492355.35
optimism,3/18/2025 0:00,0x0b2c639c533813f4aa9d7837caf62653d097ff85,USDC,12745289.6,12757434.45
optimism,3/18/2025 0:00,0x94b008aa00579c1307b0ef2c499ad98a8ce58e58,USDT,4136336.564,4140304.167
optimism,3/18/2025 0:00,0x68f180fcce6836688e9084f035309e29bf0a2095,WBTC,15.33176996,1262624.771
optimism,3/18/2025 0:00,0x4200000000000000000000000000000000000006,WETH,7870.053063,14962839.65
arbitrum,3/19/2025 0:00,0xaf88d065e77c8cc2239327c5edb3a432268e5831,USDC,248410681.8,248561650
arbitrum,3/19/2025 0:00,0xfd086bc7cd5c481dcc9c85ebe478a1c0b69fcbb9,USDT,79469634.09,79531685.78
arbitrum,3/19/2025 0:00,0x2f2a2543b76a4166549f7aab2e75bef0aefc5b0f,WBTC,920.9770686,77568069.91
arbitrum,3/19/2025 0:00,0x82af49447d8a07e3bd95bd0d56f35241523fbab1,WETH,133623.5836,268092818.7
arbitrum,3/19/2025 0:00,0xcbb7c0000ab88b473b1f5afd9ef808440eed33bf,cbBTC,2.13843084,180743.7659
base,3/19/2025 0:00,0x833589fcd6edb6e08f4c7c32d4f71b54bda02913,USDC,255881428.2,256032217.3
base,3/19/2025 0:00,0xfde4c96c8593536e31f229ea8f37b2ada2699bb2,USDT,4443191.954,4442756.868
base,3/19/2025 0:00,0x4200000000000000000000000000000000000006,WETH,173840.1556,347448521.3
base,3/19/2025 0:00,0xcbb7c0000ab88b473b1f5afd9ef808440eed33bf,cbBTC,1583.873581,133718487.8
optimism,3/19/2025 0:00,0x0b2c639c533813f4aa9d7837caf62653d097ff85,USDC,17432288.98,17442262.97
optimism,3/19/2025 0:00,0x94b008aa00579c1307b0ef2c499ad98a8ce58e58,USDT,4388913.356,4392432.893
optimism,3/19/2025 0:00,0x68f180fcce6836688e9084f035309e29bf0a2095,WBTC,21.91426921,1846510.815
optimism,3/19/2025 0:00,0x4200000000000000000000000000000000000006,WETH,11109.31128,22253631.68
arbitrum,3/20/2025 0:00,0xaf88d065e77c8cc2239327c5edb3a432268e5831,USDC,176729761.6,176837298.9
arbitrum,3/20/2025 0:00,0xfd086bc7cd5c481dcc9c85ebe478a1c0b69fcbb9,USDT,63538002.15,63568802.32
arbitrum,3/20/2025 0:00,0x2f2a2543b76a4166549f7aab2e75bef0aefc5b0f,WBTC,531.5121028,45304602.89
arbitrum,3/20/2025 0:00,0x82af49447d8a07e3bd95bd0d56f35241523fbab1,WETH,72108.95975,143929116.7
arbitrum,3/20/2025 0:00,0xcbb7c0000ab88b473b1f5afd9ef808440eed33bf,cbBTC,1.79513403,153508.3633
base,3/20/2025 0:00,0x833589fcd6edb6e08f4c7c32d4f71b54bda02913,USDC,226805910.5,226925754.1
base,3/20/2025 0:00,0xfde4c96c8593536e31f229ea8f37b2ada2699bb2,USDT,2573102.277,2574956.336
base,3/20/2025 0:00,0x4200000000000000000000000000000000000006,WETH,146342.9009,292564152.6
base,3/20/2025 0:00,0xcbb7c0000ab88b473b1f5afd9ef808440eed33bf,cbBTC,1110.368429,94821158.3
optimism,3/20/2025 0:00,0x0b2c639c533813f4aa9d7837caf62653d097ff85,USDC,14046883.48,14054558.92
optimism,3/20/2025 0:00,0x94b008aa00579c1307b0ef2c499ad98a8ce58e58,USDT,2279795.255,2280736.771
optimism,3/20/2025 0:00,0x68f180fcce6836688e9084f035309e29bf0a2095,WBTC,12.55764697,1072706.741
optimism,3/20/2025 0:00,0x4200000000000000000000000000000000000006,WETH,6944.895403,13899138.83
arbitrum,3/21/2025 0:00,0xaf88d065e77c8cc2239327c5edb3a432268e5831,USDC,144598981.7,144724102.9
arbitrum,3/21/2025 0:00,0xfd086bc7cd5c481dcc9c85ebe478a1c0b69fcbb9,USDT,61432971.94,61461551.86
arbitrum,3/21/2025 0:00,0x2f2a2543b76a4166549f7aab2e75bef0aefc5b0f,WBTC,455.0215973,38229015.36
arbitrum,3/21/2025 0:00,0x82af49447d8a07e3bd95bd0d56f35241523fbab1,WETH,61979.94906,121947214.5
arbitrum,3/21/2025 0:00,0xcbb7c0000ab88b473b1f5afd9ef808440eed33bf,cbBTC,1.17742713,99602.08033
base,3/21/2025 0:00,0x833589fcd6edb6e08f4c7c32d4f71b54bda02913,USDC,177455799.7,177530295.6
base,3/21/2025 0:00,0xfde4c96c8593536e31f229ea8f37b2ada2699bb2,USDT,2881691.893,2884282.606
base,3/21/2025 0:00,0x4200000000000000000000000000000000000006,WETH,118203.3591,232678184.2
base,3/21/2025 0:00,0xcbb7c0000ab88b473b1f5afd9ef808440eed33bf,cbBTC,879.806157,74047876.81
optimism,3/21/2025 0:00,0x0b2c639c533813f4aa9d7837caf62653d097ff85,USDC,10131154.04,10139226.27
optimism,3/21/2025 0:00,0x94b008aa00579c1307b0ef2c499ad98a8ce58e58,USDT,1901834.677,1902618.763
optimism,3/21/2025 0:00,0x68f180fcce6836688e9084f035309e29bf0a2095,WBTC,7.9708737,669599.2465
optimism,3/21/2025 0:00,0x4200000000000000000000000000000000000006,WETH,5071.972972,9979698.95
arbitrum,3/22/2025 0:00,0xaf88d065e77c8cc2239327c5edb3a432268e5831,USDC,86489676.16,86599298.94
arbitrum,3/22/2025 0:00,0xfd086bc7cd5c481dcc9c85ebe478a1c0b69fcbb9,USDT,44634933.87,44686545.88
arbitrum,3/22/2025 0:00,0x2f2a2543b76a4166549f7aab2e75bef0aefc5b0f,WBTC,165.6583972,13941042.76
arbitrum,3/22/2025 0:00,0x82af49447d8a07e3bd95bd0d56f35241523fbab1,WETH,35811.69162,71238719.3
arbitrum,3/22/2025 0:00,0xcbb7c0000ab88b473b1f5afd9ef808440eed33bf,cbBTC,0.56027601,47231.44583
base,3/22/2025 0:00,0x833589fcd6edb6e08f4c7c32d4f71b54bda02913,USDC,87378082.54,87473476.37
base,3/22/2025 0:00,0xfde4c96c8593536e31f229ea8f37b2ada2699bb2,USDT,1128457.903,1128353.863
base,3/22/2025 0:00,0x4200000000000000000000000000000000000006,WETH,85828.33693,170810656.3
base,3/22/2025 0:00,0xcbb7c0000ab88b473b1f5afd9ef808440eed33bf,cbBTC,351.1559889,29605817.63
optimism,3/22/2025 0:00,0x0b2c639c533813f4aa9d7837caf62653d097ff85,USDC,13174642.23,13191017.32
optimism,3/22/2025 0:00,0x94b008aa00579c1307b0ef2c499ad98a8ce58e58,USDT,1611406.922,1613044.239
optimism,3/22/2025 0:00,0x68f180fcce6836688e9084f035309e29bf0a2095,WBTC,4.12229767,346972.6429
optimism,3/22/2025 0:00,0x4200000000000000000000000000000000000006,WETH,4075.281662,8112434.862
arbitrum,3/23/2025 0:00,0xaf88d065e77c8cc2239327c5edb3a432268e5831,USDC,171284820.3,171523791.2
arbitrum,3/23/2025 0:00,0xfd086bc7cd5c481dcc9c85ebe478a1c0b69fcbb9,USDT,119765658.5,119943589.9
arbitrum,3/23/2025 0:00,0x2f2a2543b76a4166549f7aab2e75bef0aefc5b0f,WBTC,316.6545143,26868827.16
arbitrum,3/23/2025 0:00,0x82af49447d8a07e3bd95bd0d56f35241523fbab1,WETH,43540.74471,87245880.09
arbitrum,3/23/2025 0:00,0xcbb7c0000ab88b473b1f5afd9ef808440eed33bf,cbBTC,2.58932203,220916.3937
base,3/23/2025 0:00,0x833589fcd6edb6e08f4c7c32d4f71b54bda02913,USDC,118133818.5,118293340.8
base,3/23/2025 0:00,0xfde4c96c8593536e31f229ea8f37b2ada2699bb2,USDT,1207209.123,1207918.915
base,3/23/2025 0:00,0x4200000000000000000000000000000000000006,WETH,109589.6043,219602826.5
base,3/23/2025 0:00,0xcbb7c0000ab88b473b1f5afd9ef808440eed33bf,cbBTC,667.2042602,56752963.02
optimism,3/23/2025 0:00,0x0b2c639c533813f4aa9d7837caf62653d097ff85,USDC,19175985.8,19202650.91
optimism,3/23/2025 0:00,0x94b008aa00579c1307b0ef2c499ad98a8ce58e58,USDT,13037865.54,13057194.36
optimism,3/23/2025 0:00,0x68f180fcce6836688e9084f035309e29bf0a2095,WBTC,9.27154291,787229.1973
optimism,3/23/2025 0:00,0x4200000000000000000000000000000000000006,WETH,3742.616364,7501613.814
arbitrum,3/24/2025 0:00,0xaf88d065e77c8cc2239327c5edb3a432268e5831,USDC,162603877.3,162681825.3
arbitrum,3/24/2025 0:00,0xfd086bc7cd5c481dcc9c85ebe478a1c0b69fcbb9,USDT,61754243.76,61793429.48
arbitrum,3/24/2025 0:00,0x2f2a2543b76a4166549f7aab2e75bef0aefc5b0f,WBTC,592.9371617,51733049.43
arbitrum,3/24/2025 0:00,0x82af49447d8a07e3bd95bd0d56f35241523fbab1,WETH,88005.39853,181380225.9
arbitrum,3/24/2025 0:00,0xcbb7c0000ab88b473b1f5afd9ef808440eed33bf,cbBTC,4.33501711,377073.9328
base,3/24/2025 0:00,0x833589fcd6edb6e08f4c7c32d4f71b54bda02913,USDC,209466156,209515969.3
base,3/24/2025 0:00,0xfde4c96c8593536e31f229ea8f37b2ada2699bb2,USDT,2662889.688,2660819.258
base,3/24/2025 0:00,0x4200000000000000000000000000000000000006,WETH,148991.5465,307415735.6
base,3/24/2025 0:00,0xcbb7c0000ab88b473b1f5afd9ef808440eed33bf,cbBTC,1402.748633,122721199.1
optimism,3/24/2025 0:00,0x0b2c639c533813f4aa9d7837caf62653d097ff85,USDC,11823854.68,11829327.62
optimism,3/24/2025 0:00,0x94b008aa00579c1307b0ef2c499ad98a8ce58e58,USDT,2325591.845,2327070.974
optimism,3/24/2025 0:00,0x68f180fcce6836688e9084f035309e29bf0a2095,WBTC,16.89278275,1472616.378
optimism,3/24/2025 0:00,0x4200000000000000000000000000000000000006,WETH,7040.93526,14527193.42
arbitrum,3/25/2025 0:00,0xaf88d065e77c8cc2239327c5edb3a432268e5831,USDC,220027534.4,220110163.8
arbitrum,3/25/2025 0:00,0xfd086bc7cd5c481dcc9c85ebe478a1c0b69fcbb9,USDT,98884196.82,98937556.56
arbitrum,3/25/2025 0:00,0x2f2a2543b76a4166549f7aab2e75bef0aefc5b0f,WBTC,759.9209733,66129906.47
arbitrum,3/25/2025 0:00,0x82af49447d8a07e3bd95bd0d56f35241523fbab1,WETH,107260.3336,221364222.7
arbitrum,3/25/2025 0:00,0xcbb7c0000ab88b473b1f5afd9ef808440eed33bf,cbBTC,4.28461227,375116.2455
base,3/25/2025 0:00,0x833589fcd6edb6e08f4c7c32d4f71b54bda02913,USDC,206521627.2,206591903.8
base,3/25/2025 0:00,0xfde4c96c8593536e31f229ea8f37b2ada2699bb2,USDT,2689391.981,2687411.095
base,3/25/2025 0:00,0x4200000000000000000000000000000000000006,WETH,134860.26,278689659.6
base,3/25/2025 0:00,0xcbb7c0000ab88b473b1f5afd9ef808440eed33bf,cbBTC,1151.451774,100751324.3
optimism,3/25/2025 0:00,0x0b2c639c533813f4aa9d7837caf62653d097ff85,USDC,10764843.55,10768662.79
optimism,3/25/2025 0:00,0x94b008aa00579c1307b0ef2c499ad98a8ce58e58,USDT,1829953.216,1831046.487
optimism,3/25/2025 0:00,0x68f180fcce6836688e9084f035309e29bf0a2095,WBTC,19.99035981,1742825.139
optimism,3/25/2025 0:00,0x4200000000000000000000000000000000000006,WETH,5454.85955,11274017.35
arbitrum,3/26/2025 0:00,0xaf88d065e77c8cc2239327c5edb3a432268e5831,USDC,121811216.8,121887936.8
arbitrum,3/26/2025 0:00,0xfd086bc7cd5c481dcc9c85ebe478a1c0b69fcbb9,USDT,37554033.44,37584994.95
arbitrum,3/26/2025 0:00,0x2f2a2543b76a4166549f7aab2e75bef0aefc5b0f,WBTC,460.2296952,40055797.54
arbitrum,3/26/2025 0:00,0x82af49447d8a07e3bd95bd0d56f35241523fbab1,WETH,62380.39529,126883693.6
arbitrum,3/26/2025 0:00,0xcbb7c0000ab88b473b1f5afd9ef808440eed33bf,cbBTC,4.31191057,377402.7325
base,3/26/2025 0:00,0x833589fcd6edb6e08f4c7c32d4f71b54bda02913,USDC,197683430.4,197797440.8
base,3/26/2025 0:00,0xfde4c96c8593536e31f229ea8f37b2ada2699bb2,USDT,2108411.484,2107445.108
base,3/26/2025 0:00,0x4200000000000000000000000000000000000006,WETH,128806.5125,262565136.1
base,3/26/2025 0:00,0xcbb7c0000ab88b473b1f5afd9ef808440eed33bf,cbBTC,1021.213123,89158547.15
optimism,3/26/2025 0:00,0x0b2c639c533813f4aa9d7837caf62653d097ff85,USDC,10915066.18,10921644.68
optimism,3/26/2025 0:00,0x94b008aa00579c1307b0ef2c499ad98a8ce58e58,USDT,1786941.571,1788432.61
optimism,3/26/2025 0:00,0x68f180fcce6836688e9084f035309e29bf0a2095,WBTC,10.85971905,946975.7788
optimism,3/26/2025 0:00,0x4200000000000000000000000000000000000006,WETH,4680.850947,9523047.235
arbitrum,3/27/2025 0:00,0xaf88d065e77c8cc2239327c5edb3a432268e5831,USDC,125349893,125422558.3
arbitrum,3/27/2025 0:00,0xfd086bc7cd5c481dcc9c85ebe478a1c0b69fcbb9,USDT,45196184.25,45230343.9
arbitrum,3/27/2025 0:00,0x2f2a2543b76a4166549f7aab2e75bef0aefc5b0f,WBTC,397.1961612,34528808.47
arbitrum,3/27/2025 0:00,0x82af49447d8a07e3bd95bd0d56f35241523fbab1,WETH,58627.77088,118165041.4
arbitrum,3/27/2025 0:00,0xcbb7c0000ab88b473b1f5afd9ef808440eed33bf,cbBTC,3.97081204,347228.2983
base,3/27/2025 0:00,0x833589fcd6edb6e08f4c7c32d4f71b54bda02913,USDC,172934262,173031858.9
base,3/27/2025 0:00,0xfde4c96c8593536e31f229ea8f37b2ada2699bb2,USDT,2229539.013,2226261.078
base,3/27/2025 0:00,0x4200000000000000000000000000000000000006,WETH,120092.1167,242278381.1
base,3/27/2025 0:00,0xcbb7c0000ab88b473b1f5afd9ef808440eed33bf,cbBTC,879.7612649,76722482.03
optimism,3/27/2025 0:00,0x0b2c639c533813f4aa9d7837caf62653d097ff85,USDC,8698980.311,8703597.039
optimism,3/27/2025 0:00,0x94b008aa00579c1307b0ef2c499ad98a8ce58e58,USDT,1672542.996,1673613.662
optimism,3/27/2025 0:00,0x68f180fcce6836688e9084f035309e29bf0a2095,WBTC,6.96963596,606502.113
optimism,3/27/2025 0:00,0x4200000000000000000000000000000000000006,WETH,5428.578348,10945273.92
arbitrum,3/28/2025 0:00,0xaf88d065e77c8cc2239327c5edb3a432268e5831,USDC,169558887.8,169739956.3
arbitrum,3/28/2025 0:00,0xfd086bc7cd5c481dcc9c85ebe478a1c0b69fcbb9,USDT,58792680.76,58829875.5
arbitrum,3/28/2025 0:00,0x2f2a2543b76a4166549f7aab2e75bef0aefc5b0f,WBTC,663.0526389,56487432.47
arbitrum,3/28/2025 0:00,0x82af49447d8a07e3bd95bd0d56f35241523fbab1,WETH,88022.97469,168871779.7
arbitrum,3/28/2025 0:00,0xcbb7c0000ab88b473b1f5afd9ef808440eed33bf,cbBTC,1.25456605,108531.6483
base,3/28/2025 0:00,0x833589fcd6edb6e08f4c7c32d4f71b54bda02913,USDC,236399122.5,236588721.2
base,3/28/2025 0:00,0xfde4c96c8593536e31f229ea8f37b2ada2699bb2,USDT,3013221.997,3014410.459
base,3/28/2025 0:00,0x4200000000000000000000000000000000000006,WETH,148750.0557,284885004.1
base,3/28/2025 0:00,0xcbb7c0000ab88b473b1f5afd9ef808440eed33bf,cbBTC,1145.619199,97794610.31
optimism,3/28/2025 0:00,0x0b2c639c533813f4aa9d7837caf62653d097ff85,USDC,14111875.13,14123988.51
optimism,3/28/2025 0:00,0x94b008aa00579c1307b0ef2c499ad98a8ce58e58,USDT,2258160.988,2259339.265
optimism,3/28/2025 0:00,0x68f180fcce6836688e9084f035309e29bf0a2095,WBTC,16.58517023,1416450.433
optimism,3/28/2025 0:00,0x4200000000000000000000000000000000000006,WETH,8467.385636,16201827.87
arbitrum,3/29/2025 0:00,0xaf88d065e77c8cc2239327c5edb3a432268e5831,USDC,103648961.7,103768551.7
arbitrum,3/29/2025 0:00,0xfd086bc7cd5c481dcc9c85ebe478a1c0b69fcbb9,USDT,36668464.75,36699952.85
arbitrum,3/29/2025 0:00,0x2f2a2543b76a4166549f7aab2e75bef0aefc5b0f,WBTC,437.3766888,36276676.39
arbitrum,3/29/2025 0:00,0x82af49447d8a07e3bd95bd0d56f35241523fbab1,WETH,56852.56351,105661714.7
arbitrum,3/29/2025 0:00,0xcbb7c0000ab88b473b1f5afd9ef808440eed33bf,cbBTC,0.163411,13649.50793
base,3/29/2025 0:00,0x833589fcd6edb6e08f4c7c32d4f71b54bda02913,USDC,175183919.8,175376852.7
base,3/29/2025 0:00,0xfde4c96c8593536e31f229ea8f37b2ada2699bb2,USDT,1819291.636,1819772.413
base,3/29/2025 0:00,0x4200000000000000000000000000000000000006,WETH,127508.7391,236968606.8
base,3/29/2025 0:00,0xcbb7c0000ab88b473b1f5afd9ef808440eed33bf,cbBTC,886.5471515,73639907.85
optimism,3/29/2025 0:00,0x0b2c639c533813f4aa9d7837caf62653d097ff85,USDC,11407218.66,11420035.45
optimism,3/29/2025 0:00,0x94b008aa00579c1307b0ef2c499ad98a8ce58e58,USDT,2207064.939,2208900.223
optimism,3/29/2025 0:00,0x68f180fcce6836688e9084f035309e29bf0a2095,WBTC,19.99483281,1660450.201
optimism,3/29/2025 0:00,0x4200000000000000000000000000000000000006,WETH,7344.632679,13621798.65
arbitrum,3/30/2025 0:00,0xaf88d065e77c8cc2239327c5edb3a432268e5831,USDC,85259281.8,85376512.06
arbitrum,3/30/2025 0:00,0xfd086bc7cd5c481dcc9c85ebe478a1c0b69fcbb9,USDT,36888547.07,36931588.42
arbitrum,3/30/2025 0:00,0x2f2a2543b76a4166549f7aab2e75bef0aefc5b0f,WBTC,375.0311905,31006985.34
arbitrum,3/30/2025 0:00,0x82af49447d8a07e3bd95bd0d56f35241523fbab1,WETH,50894.34948,92658702.34
arbitrum,3/30/2025 0:00,0xcbb7c0000ab88b473b1f5afd9ef808440eed33bf,cbBTC,0.39629798,32966.79949
base,3/30/2025 0:00,0x833589fcd6edb6e08f4c7c32d4f71b54bda02913,USDC,152999366.5,153198807.8
base,3/30/2025 0:00,0xfde4c96c8593536e31f229ea8f37b2ada2699bb2,USDT,2157562.913,2158472.142
base,3/30/2025 0:00,0x4200000000000000000000000000000000000006,WETH,107632.5346,196297611.3
base,3/30/2025 0:00,0xcbb7c0000ab88b473b1f5afd9ef808440eed33bf,cbBTC,760.4455524,63028862.16
optimism,3/30/2025 0:00,0x0b2c639c533813f4aa9d7837caf62653d097ff85,USDC,10354564.7,10368160.31
optimism,3/30/2025 0:00,0x94b008aa00579c1307b0ef2c499ad98a8ce58e58,USDT,1983361.531,1985643.404
optimism,3/30/2025 0:00,0x68f180fcce6836688e9084f035309e29bf0a2095,WBTC,15.89622436,1315961.613
optimism,3/30/2025 0:00,0x4200000000000000000000000000000000000006,WETH,6595.107115,12018812.46
arbitrum,3/31/2025 0:00,0xaf88d065e77c8cc2239327c5edb3a432268e5831,USDC,140613769.4,140735731.8
arbitrum,3/31/2025 0:00,0xfd086bc7cd5c481dcc9c85ebe478a1c0b69fcbb9,USDT,52486842.89,52546118.75
arbitrum,3/31/2025 0:00,0x2f2a2543b76a4166549f7aab2e75bef0aefc5b0f,WBTC,711.0345229,58576201.26
arbitrum,3/31/2025 0:00,0x82af49447d8a07e3bd95bd0d56f35241523fbab1,WETH,86504.0502,157165912.8
arbitrum,3/31/2025 0:00,0xcbb7c0000ab88b473b1f5afd9ef808440eed33bf,cbBTC,4.80765824,399642.0323
base,3/31/2025 0:00,0x833589fcd6edb6e08f4c7c32d4f71b54bda02913,USDC,230719467.5,230863279.4
base,3/31/2025 0:00,0xfde4c96c8593536e31f229ea8f37b2ada2699bb2,USDT,3183416.544,3182021.463
base,3/31/2025 0:00,0x4200000000000000000000000000000000000006,WETH,147235.512,267574979
base,3/31/2025 0:00,0xcbb7c0000ab88b473b1f5afd9ef808440eed33bf,cbBTC,1239.997095,102341043.8
optimism,3/31/2025 0:00,0x0b2c639c533813f4aa9d7837caf62653d097ff85,USDC,15268311.9,15280419.76
optimism,3/31/2025 0:00,0x94b008aa00579c1307b0ef2c499ad98a8ce58e58,USDT,2388160.606,2390127.422
optimism,3/31/2025 0:00,0x68f180fcce6836688e9084f035309e29bf0a2095,WBTC,16.62237971,1368273.439
optimism,3/31/2025 0:00,0x4200000000000000000000000000000000000006,WETH,9228.954473,16752405.18
arbitrum,4/1/2025 0:00,0xaf88d065e77c8cc2239327c5edb3a432268e5831,USDC,147415990.1,147496124.2
arbitrum,4/1/2025 0:00,0xfd086bc7cd5c481dcc9c85ebe478a1c0b69fcbb9,USDT,55798427.29,55836057.22
arbitrum,4/1/2025 0:00,0x2f2a2543b76a4166549f7aab2e75bef0aefc5b0f,WBTC,703.2013302,59068586.93
arbitrum,4/1/2025 0:00,0x82af49447d8a07e3bd95bd0d56f35241523fbab1,WETH,91340.92719,171556428.9
arbitrum,4/1/2025 0:00,0xcbb7c0000ab88b473b1f5afd9ef808440eed33bf,cbBTC,3.08660152,259482.3585
base,4/1/2025 0:00,0x833589fcd6edb6e08f4c7c32d4f71b54bda02913,USDC,206794517.5,206907272
base,4/1/2025 0:00,0xfde4c96c8593536e31f229ea8f37b2ada2699bb2,USDT,3358732.186,3356226.488
base,4/1/2025 0:00,0x4200000000000000000000000000000000000006,WETH,148317.3702,278398866.8
base,4/1/2025 0:00,0xcbb7c0000ab88b473b1f5afd9ef808440eed33bf,cbBTC,1290.50718,108623874.3
optimism,4/1/2025 0:00,0x0b2c639c533813f4aa9d7837caf62653d097ff85,USDC,12299195.1,12305309.07
optimism,4/1/2025 0:00,0x94b008aa00579c1307b0ef2c499ad98a8ce58e58,USDT,2325856.381,2326996.612
optimism,4/1/2025 0:00,0x68f180fcce6836688e9084f035309e29bf0a2095,WBTC,15.71349658,1316151.117
optimism,4/1/2025 0:00,0x4200000000000000000000000000000000000006,WETH,7482.024653,14036808.81
arbitrum,4/2/2025 0:00,0xaf88d065e77c8cc2239327c5edb3a432268e5831,USDC,258375771.1,258529311.3
arbitrum,4/2/2025 0:00,0xfd086bc7cd5c481dcc9c85ebe478a1c0b69fcbb9,USDT,77311347.38,77395817.32
arbitrum,4/2/2025 0:00,0x2f2a2543b76a4166549f7aab2e75bef0aefc5b0f,WBTC,1257.822652,107463092.3
arbitrum,4/2/2025 0:00,0x82af49447d8a07e3bd95bd0d56f35241523fbab1,WETH,147680.7928,277647898.8
arbitrum,4/2/2025 0:00,0xcbb7c0000ab88b473b1f5afd9ef808440eed33bf,cbBTC,14.64187363,1251895.297
base,4/2/2025 0:00,0x833589fcd6edb6e08f4c7c32d4f71b54bda02913,USDC,351847935.1,352015596.3
base,4/2/2025 0:00,0xfde4c96c8593536e31f229ea8f37b2ada2699bb2,USDT,3431836.837,3430659.623
base,4/2/2025 0:00,0x4200000000000000000000000000000000000006,WETH,200419.926,376456464.9
base,4/2/2025 0:00,0xcbb7c0000ab88b473b1f5afd9ef808440eed33bf,cbBTC,1970.971249,168593041.7
optimism,4/2/2025 0:00,0x0b2c639c533813f4aa9d7837caf62653d097ff85,USDC,20086100.79,20095243.05
optimism,4/2/2025 0:00,0x94b008aa00579c1307b0ef2c499ad98a8ce58e58,USDT,3061212.946,3063082.326
optimism,4/2/2025 0:00,0x68f180fcce6836688e9084f035309e29bf0a2095,WBTC,19.78749942,1687796.956
optimism,4/2/2025 0:00,0x4200000000000000000000000000000000000006,WETH,10669.18874,20009690.45
arbitrum,4/3/2025 0:00,0xaf88d065e77c8cc2239327c5edb3a432268e5831,USDC,162336812.7,162477573.9
arbitrum,4/3/2025 0:00,0xfd086bc7cd5c481dcc9c85ebe478a1c0b69fcbb9,USDT,49855641.99,49873505.72
arbitrum,4/3/2025 0:00,0x2f2a2543b76a4166549f7aab2e75bef0aefc5b0f,WBTC,834.1148178,68718442.62
arbitrum,4/3/2025 0:00,0x82af49447d8a07e3bd95bd0d56f35241523fbab1,WETH,92967.40478,167090801
arbitrum,4/3/2025 0:00,0xcbb7c0000ab88b473b1f5afd9ef808440eed33bf,cbBTC,0.52989911,43905.09665
base,4/3/2025 0:00,0x833589fcd6edb6e08f4c7c32d4f71b54bda02913,USDC,223505164.9,223624140.4
base,4/3/2025 0:00,0xfde4c96c8593536e31f229ea8f37b2ada2699bb2,USDT,2424953.935,2423414.667
base,4/3/2025 0:00,0x4200000000000000000000000000000000000006,WETH,139835.8304,251762469.5
base,4/3/2025 0:00,0xcbb7c0000ab88b473b1f5afd9ef808440eed33bf,cbBTC,1261.173915,104358958.2
optimism,4/3/2025 0:00,0x0b2c639c533813f4aa9d7837caf62653d097ff85,USDC,13819165.59,13827181.49
optimism,4/3/2025 0:00,0x94b008aa00579c1307b0ef2c499ad98a8ce58e58,USDT,1644142.431,1644769.331
optimism,4/3/2025 0:00,0x68f180fcce6836688e9084f035309e29bf0a2095,WBTC,18.83222252,1555564.757
optimism,4/3/2025 0:00,0x4200000000000000000000000000000000000006,WETH,8770.61344,15792601.6
arbitrum,4/4/2025 0:00,0xaf88d065e77c8cc2239327c5edb3a432268e5831,USDC,210961084.9,211140734.4
arbitrum,4/4/2025 0:00,0xfd086bc7cd5c481dcc9c85ebe478a1c0b69fcbb9,USDT,76775273.02,76871893.63
arbitrum,4/4/2025 0:00,0x2f2a2543b76a4166549f7aab2e75bef0aefc5b0f,WBTC,1046.218431,86884563.18
arbitrum,4/4/2025 0:00,0x82af49447d8a07e3bd95bd0d56f35241523fbab1,WETH,119790.204,215618762.9
arbitrum,4/4/2025 0:00,0xcbb7c0000ab88b473b1f5afd9ef808440eed33bf,cbBTC,6.41860166,539436.7905
base,4/4/2025 0:00,0x833589fcd6edb6e08f4c7c32d4f71b54bda02913,USDC,260482915.3,260629195.2
base,4/4/2025 0:00,0xfde4c96c8593536e31f229ea8f37b2ada2699bb2,USDT,2575123.869,2573039.159
base,4/4/2025 0:00,0x4200000000000000000000000000000000000006,WETH,134473.1529,242244972.4
base,4/4/2025 0:00,0xcbb7c0000ab88b473b1f5afd9ef808440eed33bf,cbBTC,1491.419069,124363326.8
optimism,4/4/2025 0:00,0x0b2c639c533813f4aa9d7837caf62653d097ff85,USDC,12715710.84,12722737.79
optimism,4/4/2025 0:00,0x94b008aa00579c1307b0ef2c499ad98a8ce58e58,USDT,2088736.27,2089410.081
optimism,4/4/2025 0:00,0x68f180fcce6836688e9084f035309e29bf0a2095,WBTC,26.36050008,2196100.667
optimism,4/4/2025 0:00,0x4200000000000000000000000000000000000006,WETH,7422.346654,13369289.87
arbitrum,4/5/2025 0:00,0xaf88d065e77c8cc2239327c5edb3a432268e5831,USDC,66368838.4,66431572.73
arbitrum,4/5/2025 0:00,0xfd086bc7cd5c481dcc9c85ebe478a1c0b69fcbb9,USDT,24893413.18,24917858.93
arbitrum,4/5/2025 0:00,0x2f2a2543b76a4166549f7aab2e75bef0aefc5b0f,WBTC,278.9318537,23195462.98
arbitrum,4/5/2025 0:00,0x82af49447d8a07e3bd95bd0d56f35241523fbab1,WETH,38332.88019,68973060.85
arbitrum,4/5/2025 0:00,0xcbb7c0000ab88b473b1f5afd9ef808440eed33bf,cbBTC,0.71890159,59834.97754
base,4/5/2025 0:00,0x833589fcd6edb6e08f4c7c32d4f71b54bda02913,USDC,92544957.72,92614147.9
base,4/5/2025 0:00,0xfde4c96c8593536e31f229ea8f37b2ada2699bb2,USDT,1781527.153,1779691.883
base,4/5/2025 0:00,0x4200000000000000000000000000000000000006,WETH,69511.53745,125179167
base,4/5/2025 0:00,0xcbb7c0000ab88b473b1f5afd9ef808440eed33bf,cbBTC,573.8308194,47831155.77
optimism,4/5/2025 0:00,0x0b2c639c533813f4aa9d7837caf62653d097ff85,USDC,5110305.405,5113399.544
optimism,4/5/2025 0:00,0x94b008aa00579c1307b0ef2c499ad98a8ce58e58,USDT,713675.3627,713830.1257
optimism,4/5/2025 0:00,0x68f180fcce6836688e9084f035309e29bf0a2095,WBTC,6.30080663,523855.7032
optimism,4/5/2025 0:00,0x4200000000000000000000000000000000000006,WETH,3126.579325,5630412.769
arbitrum,4/6/2025 0:00,0xaf88d065e77c8cc2239327c5edb3a432268e5831,USDC,185057546.9,185274993.2
arbitrum,4/6/2025 0:00,0xfd086bc7cd5c481dcc9c85ebe478a1c0b69fcbb9,USDT,58549026.18,58589877.2
arbitrum,4/6/2025 0:00,0x2f2a2543b76a4166549f7aab2e75bef0aefc5b0f,WBTC,715.4582554,57379566.19
arbitrum,4/6/2025 0:00,0x82af49447d8a07e3bd95bd0d56f35241523fbab1,WETH,114920.0756,192249408.5
arbitrum,4/6/2025 0:00,0xcbb7c0000ab88b473b1f5afd9ef808440eed33bf,cbBTC,2.63304628,212848.9044
base,4/6/2025 0:00,0x833589fcd6edb6e08f4c7c32d4f71b54bda02913,USDC,206466335.6,206636101.7
base,4/6/2025 0:00,0xfde4c96c8593536e31f229ea8f37b2ada2699bb2,USDT,3813733.967,3811674.819
base,4/6/2025 0:00,0x4200000000000000000000000000000000000006,WETH,126003.8647,213259785.4
base,4/6/2025 0:00,0xcbb7c0000ab88b473b1f5afd9ef808440eed33bf,cbBTC,1267.551666,102347393.8
optimism,4/6/2025 0:00,0x0b2c639c533813f4aa9d7837caf62653d097ff85,USDC,18582099.75,18598876.92
optimism,4/6/2025 0:00,0x94b008aa00579c1307b0ef2c499ad98a8ce58e58,USDT,3103200.802,3104337.44
optimism,4/6/2025 0:00,0x68f180fcce6836688e9084f035309e29bf0a2095,WBTC,26.65875318,2139344.083
optimism,4/6/2025 0:00,0x4200000000000000000000000000000000000006,WETH,11109.35658,18505795.73
arbitrum,4/7/2025 0:00,0xaf88d065e77c8cc2239327c5edb3a432268e5831,USDC,355073828.5,355363164.3
arbitrum,4/7/2025 0:00,0xfd086bc7cd5c481dcc9c85ebe478a1c0b69fcbb9,USDT,104284043.1,104403987.7
arbitrum,4/7/2025 0:00,0x2f2a2543b76a4166549f7aab2e75bef0aefc5b0f,WBTC,1797.125141,139723471.4
arbitrum,4/7/2025 0:00,0x82af49447d8a07e3bd95bd0d56f35241523fbab1,WETH,267678.7905,411150421.6
arbitrum,4/7/2025 0:00,0xcbb7c0000ab88b473b1f5afd9ef808440eed33bf,cbBTC,5.3364407,417076.052
base,4/7/2025 0:00,0x833589fcd6edb6e08f4c7c32d4f71b54bda02913,USDC,355983896.5,356193083.7
base,4/7/2025 0:00,0xfde4c96c8593536e31f229ea8f37b2ada2699bb2,USDT,2289195.78,2287116.296
base,4/7/2025 0:00,0x4200000000000000000000000000000000000006,WETH,226848.9262,347931762.1
base,4/7/2025 0:00,0xcbb7c0000ab88b473b1f5afd9ef808440eed33bf,cbBTC,2544.726914,198048932.1
optimism,4/7/2025 0:00,0x0b2c639c533813f4aa9d7837caf62653d097ff85,USDC,28381028.51,28401105.26
optimism,4/7/2025 0:00,0x94b008aa00579c1307b0ef2c499ad98a8ce58e58,USDT,4287438.798,4288263.329
optimism,4/7/2025 0:00,0x68f180fcce6836688e9084f035309e29bf0a2095,WBTC,75.27129294,5820986.708
optimism,4/7/2025 0:00,0x4200000000000000000000000000000000000006,WETH,21205.00481,32420082.66
arbitrum,4/8/2025 0:00,0xaf88d065e77c8cc2239327c5edb3a432268e5831,USDC,190154750.1,190331557.4
arbitrum,4/8/2025 0:00,0xfd086bc7cd5c481dcc9c85ebe478a1c0b69fcbb9,USDT,56116963.17,56149573.5
arbitrum,4/8/2025 0:00,0x2f2a2543b76a4166549f7aab2e75bef0aefc5b0f,WBTC,825.5657717,64971872.79
arbitrum,4/8/2025 0:00,0x82af49447d8a07e3bd95bd0d56f35241523fbab1,WETH,133031.8013,204138933.1
arbitrum,4/8/2025 0:00,0xcbb7c0000ab88b473b1f5afd9ef808440eed33bf,cbBTC,0.86739008,68104.44793
base,4/8/2025 0:00,0x833589fcd6edb6e08f4c7c32d4f71b54bda02913,USDC,218792118.9,218902264.3
base,4/8/2025 0:00,0xfde4c96c8593536e31f229ea8f37b2ada2699bb2,USDT,1645342.413,1643843.767
base,4/8/2025 0:00,0x4200000000000000000000000000000000000006,WETH,138519.0812,212555558.2
base,4/8/2025 0:00,0xcbb7c0000ab88b473b1f5afd9ef808440eed33bf,cbBTC,1627.549183,128104951.6
optimism,4/8/2025 0:00,0x0b2c639c533813f4aa9d7837caf62653d097ff85,USDC,17615199.9,17624665.9
optimism,4/8/2025 0:00,0x94b008aa00579c1307b0ef2c499ad98a8ce58e58,USDT,2665119.09,2665089.158
optimism,4/8/2025 0:00,0x68f180fcce6836688e9084f035309e29bf0a2095,WBTC,32.69700791,2576098.319
optimism,4/8/2025 0:00,0x4200000000000000000000000000000000000006,WETH,11666.96881,17860051.79
arbitrum,4/9/2025 0:00,0xaf88d065e77c8cc2239327c5edb3a432268e5831,USDC,331216045.9,331472656.2
arbitrum,4/9/2025 0:00,0xfd086bc7cd5c481dcc9c85ebe478a1c0b69fcbb9,USDT,100454035.8,100593924.8
arbitrum,4/9/2025 0:00,0x2f2a2543b76a4166549f7aab2e75bef0aefc5b0f,WBTC,1706.812166,134571601.8
arbitrum,4/9/2025 0:00,0x82af49447d8a07e3bd95bd0d56f35241523fbab1,WETH,267898.014,408368334.6
arbitrum,4/9/2025 0:00,0xcbb7c0000ab88b473b1f5afd9ef808440eed33bf,cbBTC,4.66330646,358905.6293
base,4/9/2025 0:00,0x833589fcd6edb6e08f4c7c32d4f71b54bda02913,USDC,317088046.2,317282364.4
base,4/9/2025 0:00,0xfde4c96c8593536e31f229ea8f37b2ada2699bb2,USDT,5287004.236,5279156.844
base,4/9/2025 0:00,0x4200000000000000000000000000000000000006,WETH,218680.3396,332959730.3
base,4/9/2025 0:00,0xcbb7c0000ab88b473b1f5afd9ef808440eed33bf,cbBTC,2560.047101,201095145.4
optimism,4/9/2025 0:00,0x0b2c639c533813f4aa9d7837caf62653d097ff85,USDC,18758760.36,18770171.88
optimism,4/9/2025 0:00,0x94b008aa00579c1307b0ef2c499ad98a8ce58e58,USDT,3476875.142,3477079.741
optimism,4/9/2025 0:00,0x68f180fcce6836688e9084f035309e29bf0a2095,WBTC,46.29710339,3647119.413
optimism,4/9/2025 0:00,0x4200000000000000000000000000000000000006,WETH,15998.04133,24308695.03
arbitrum,4/10/2025 0:00,0xaf88d065e77c8cc2239327c5edb3a432268e5831,USDC,226545968.4,226731516.2
arbitrum,4/10/2025 0:00,0xfd086bc7cd5c481dcc9c85ebe478a1c0b69fcbb9,USDT,60598732.06,60647447.89
arbitrum,4/10/2025 0:00,0x2f2a2543b76a4166549f7aab2e75bef0aefc5b0f,WBTC,974.6135669,78674593.03
arbitrum,4/10/2025 0:00,0x82af49447d8a07e3bd95bd0d56f35241523fbab1,WETH,153651.5788,240159173.8
arbitrum,4/10/2025 0:00,0xcbb7c0000ab88b473b1f5afd9ef808440eed33bf,cbBTC,0.93563911,75960.54989
base,4/10/2025 0:00,0x833589fcd6edb6e08f4c7c32d4f71b54bda02913,USDC,222271555.2,222369379.1
base,4/10/2025 0:00,0xfde4c96c8593536e31f229ea8f37b2ada2699bb2,USDT,2191771.658,2189970.838
base,4/10/2025 0:00,0x4200000000000000000000000000000000000006,WETH,144060.0857,225959994.5
base,4/10/2025 0:00,0xcbb7c0000ab88b473b1f5afd9ef808440eed33bf,cbBTC,1560.21876,126390479.9
optimism,4/10/2025 0:00,0x0b2c639c533813f4aa9d7837caf62653d097ff85,USDC,15751864.32,15758835.39
optimism,4/10/2025 0:00,0x94b008aa00579c1307b0ef2c499ad98a8ce58e58,USDT,2855014.387,2855130.609
optimism,4/10/2025 0:00,0x68f180fcce6836688e9084f035309e29bf0a2095,WBTC,22.04907644,1785079.99
optimism,4/10/2025 0:00,0x4200000000000000000000000000000000000006,WETH,9321.391623,14614980.02
arbitrum,4/11/2025 0:00,0xaf88d065e77c8cc2239327c5edb3a432268e5831,USDC,152323223.2,152435809.6
arbitrum,4/11/2025 0:00,0xfd086bc7cd5c481dcc9c85ebe478a1c0b69fcbb9,USDT,45987267.6,46017512.95
arbitrum,4/11/2025 0:00,0x2f2a2543b76a4166549f7aab2e75bef0aefc5b0f,WBTC,923.2188444,75639194.98
arbitrum,4/11/2025 0:00,0x82af49447d8a07e3bd95bd0d56f35241523fbab1,WETH,118135.4664,183725751.8
arbitrum,4/11/2025 0:00,0xcbb7c0000ab88b473b1f5afd9ef808440eed33bf,cbBTC,10.55813761,873799.5436
base,4/11/2025 0:00,0x833589fcd6edb6e08f4c7c32d4f71b54bda02913,USDC,209259765.3,209382547.9
base,4/11/2025 0:00,0xfde4c96c8593536e31f229ea8f37b2ada2699bb2,USDT,3200173.039,3190962.388
base,4/11/2025 0:00,0x4200000000000000000000000000000000000006,WETH,141068.5306,219566407.8
base,4/11/2025 0:00,0xcbb7c0000ab88b473b1f5afd9ef808440eed33bf,cbBTC,1478.996013,121359649.8
optimism,4/11/2025 0:00,0x0b2c639c533813f4aa9d7837caf62653d097ff85,USDC,11457143.34,11463857.66
optimism,4/11/2025 0:00,0x94b008aa00579c1307b0ef2c499ad98a8ce58e58,USDT,2033611.419,2033839.472
optimism,4/11/2025 0:00,0x68f180fcce6836688e9084f035309e29bf0a2095,WBTC,25.08503221,2058506.841
optimism,4/11/2025 0:00,0x4200000000000000000000000000000000000006,WETH,8336.561431,12968559.39
arbitrum,4/12/2025 0:00,0xaf88d065e77c8cc2239327c5edb3a432268e5831,USDC,118540763.7,118619107.2
arbitrum,4/12/2025 0:00,0xfd086bc7cd5c481dcc9c85ebe478a1c0b69fcbb9,USDT,39321564.88,39426686.17
arbitrum,4/12/2025 0:00,0x2f2a2543b76a4166549f7aab2e75bef0aefc5b0f,WBTC,583.9621275,49230641.57
arbitrum,4/12/2025 0:00,0x82af49447d8a07e3bd95bd0d56f35241523fbab1,WETH,92225.7027,149049461.4
arbitrum,4/12/2025 0:00,0xcbb7c0000ab88b473b1f5afd9ef808440eed33bf,cbBTC,1.7954025,152554.3914
base,4/12/2025 0:00,0x833589fcd6edb6e08f4c7c32d4f71b54bda02913,USDC,155880762,155971371.2
base,4/12/2025 0:00,0xfde4c96c8593536e31f229ea8f37b2ada2699bb2,USDT,1931546.758,1928504.87
base,4/12/2025 0:00,0x4200000000000000000000000000000000000006,WETH,141163.1089,227671811.8
base,4/12/2025 0:00,0xcbb7c0000ab88b473b1f5afd9ef808440eed33bf,cbBTC,1084.781821,91555060.74
optimism,4/12/2025 0:00,0x0b2c639c533813f4aa9d7837caf62653d097ff85,USDC,8895664.104,8900772.939
optimism,4/12/2025 0:00,0x94b008aa00579c1307b0ef2c499ad98a8ce58e58,USDT,1674304.119,1674827.635
optimism,4/12/2025 0:00,0x68f180fcce6836688e9084f035309e29bf0a2095,WBTC,12.86453214,1085771.562
optimism,4/12/2025 0:00,0x4200000000000000000000000000000000000006,WETH,6370.87109,10279947.9
arbitrum,4/13/2025 0:00,0xaf88d065e77c8cc2239327c5edb3a432268e5831,USDC,187407741.3,187614686.7
arbitrum,4/13/2025 0:00,0xfd086bc7cd5c481dcc9c85ebe478a1c0b69fcbb9,USDT,53194264.24,53332175.93
arbitrum,4/13/2025 0:00,0x2f2a2543b76a4166549f7aab2e75bef0aefc5b0f,WBTC,878.3899789,74048136.98
arbitrum,4/13/2025 0:00,0x82af49447d8a07e3bd95bd0d56f35241523fbab1,WETH,135769.6111,218011054.2
arbitrum,4/13/2025 0:00,0xcbb7c0000ab88b473b1f5afd9ef808440eed33bf,cbBTC,2.69363803,229153.6232
base,4/13/2025 0:00,0x833589fcd6edb6e08f4c7c32d4f71b54bda02913,USDC,217566415.6,217716749.7
base,4/13/2025 0:00,0xfde4c96c8593536e31f229ea8f37b2ada2699bb2,USDT,4609260.455,4599306.606
base,4/13/2025 0:00,0x4200000000000000000000000000000000000006,WETH,158569.161,254873891.6
base,4/13/2025 0:00,0xcbb7c0000ab88b473b1f5afd9ef808440eed33bf,cbBTC,1312.434907,110844608
optimism,4/13/2025 0:00,0x0b2c639c533813f4aa9d7837caf62653d097ff85,USDC,12413108.97,12421643.02
optimism,4/13/2025 0:00,0x94b008aa00579c1307b0ef2c499ad98a8ce58e58,USDT,1135586.876,1136211.438
optimism,4/13/2025 0:00,0x68f180fcce6836688e9084f035309e29bf0a2095,WBTC,19.65098863,1658101.726
optimism,4/13/2025 0:00,0x4200000000000000000000000000000000000006,WETH,9338.602579,15000030.47
arbitrum,4/14/2025 0:00,0xaf88d065e77c8cc2239327c5edb3a432268e5831,USDC,198508203.6,198652257.8
arbitrum,4/14/2025 0:00,0xfd086bc7cd5c481dcc9c85ebe478a1c0b69fcbb9,USDT,56604162.96,56696315.68
arbitrum,4/14/2025 0:00,0x2f2a2543b76a4166549f7aab2e75bef0aefc5b0f,WBTC,929.8307589,78666967.24
arbitrum,4/14/2025 0:00,0x82af49447d8a07e3bd95bd0d56f35241523fbab1,WETH,143911.5174,236195031
arbitrum,4/14/2025 0:00,0xcbb7c0000ab88b473b1f5afd9ef808440eed33bf,cbBTC,1.3196842,111553.1389
base,4/14/2025 0:00,0x833589fcd6edb6e08f4c7c32d4f71b54bda02913,USDC,242355854.4,242490515.4
base,4/14/2025 0:00,0xfde4c96c8593536e31f229ea8f37b2ada2699bb2,USDT,6648622.282,6638234.214
base,4/14/2025 0:00,0x4200000000000000000000000000000000000006,WETH,162922.8254,267205473.9
base,4/14/2025 0:00,0xcbb7c0000ab88b473b1f5afd9ef808440eed33bf,cbBTC,1636.015182,138667664.9
optimism,4/14/2025 0:00,0x0b2c639c533813f4aa9d7837caf62653d097ff85,USDC,13705240.3,13713902.07
optimism,4/14/2025 0:00,0x94b008aa00579c1307b0ef2c499ad98a8ce58e58,USDT,1654789.13,1655544.007
optimism,4/14/2025 0:00,0x68f180fcce6836688e9084f035309e29bf0a2095,WBTC,27.40580792,2317760.384
optimism,4/14/2025 0:00,0x4200000000000000000000000000000000000006,WETH,10267.60265,16807425.96
arbitrum,4/15/2025 0:00,0xaf88d065e77c8cc2239327c5edb3a432268e5831,USDC,150451641,150555292.9
arbitrum,4/15/2025 0:00,0xfd086bc7cd5c481dcc9c85ebe478a1c0b69fcbb9,USDT,41601316.68,41684988.96
arbitrum,4/15/2025 0:00,0x2f2a2543b76a4166549f7aab2e75bef0aefc5b0f,WBTC,642.19376,54609553.75
arbitrum,4/15/2025 0:00,0x82af49447d8a07e3bd95bd0d56f35241523fbab1,WETH,108642.6011,176605306
arbitrum,4/15/2025 0:00,0xcbb7c0000ab88b473b1f5afd9ef808440eed33bf,cbBTC,2.61892881,223780.993
base,4/15/2025 0:00,0x833589fcd6edb6e08f4c7c32d4f71b54bda02913,USDC,194179827.3,194299371.6
base,4/15/2025 0:00,0xfde4c96c8593536e31f229ea8f37b2ada2699bb2,USDT,3929945.1,3925093.342
base,4/15/2025 0:00,0x4200000000000000000000000000000000000006,WETH,140096.6783,227725350.9
base,4/15/2025 0:00,0xcbb7c0000ab88b473b1f5afd9ef808440eed33bf,cbBTC,1178.466997,100340070.6
optimism,4/15/2025 0:00,0x0b2c639c533813f4aa9d7837caf62653d097ff85,USDC,14505270.75,14514196.38
optimism,4/15/2025 0:00,0x94b008aa00579c1307b0ef2c499ad98a8ce58e58,USDT,3992015.847,3994772.863
optimism,4/15/2025 0:00,0x68f180fcce6836688e9084f035309e29bf0a2095,WBTC,35.22743862,3005475.186
optimism,4/15/2025 0:00,0x4200000000000000000000000000000000000006,WETH,9992.075389,16260286.19
arbitrum,4/16/2025 0:00,0xaf88d065e77c8cc2239327c5edb3a432268e5831,USDC,182471309.1,182603775.5
arbitrum,4/16/2025 0:00,0xfd086bc7cd5c481dcc9c85ebe478a1c0b69fcbb9,USDT,47212425.35,47267587.66
arbitrum,4/16/2025 0:00,0x2f2a2543b76a4166549f7aab2e75bef0aefc5b0f,WBTC,815.6069698,68573436.1
arbitrum,4/16/2025 0:00,0x82af49447d8a07e3bd95bd0d56f35241523fbab1,WETH,140673.639,222421659.8
arbitrum,4/16/2025 0:00,0xcbb7c0000ab88b473b1f5afd9ef808440eed33bf,cbBTC,4.53359449,382821.7194
base,4/16/2025 0:00,0x833589fcd6edb6e08f4c7c32d4f71b54bda02913,USDC,213936942.1,214058684.5
base,4/16/2025 0:00,0xfde4c96c8593536e31f229ea8f37b2ada2699bb2,USDT,2556336.053,2552905.428
base,4/16/2025 0:00,0x4200000000000000000000000000000000000006,WETH,165835.9411,262301055.8
base,4/16/2025 0:00,0xcbb7c0000ab88b473b1f5afd9ef808440eed33bf,cbBTC,1374.420586,115729598.7
optimism,4/16/2025 0:00,0x0b2c639c533813f4aa9d7837caf62653d097ff85,USDC,15225328.12,15234319.91
optimism,4/16/2025 0:00,0x94b008aa00579c1307b0ef2c499ad98a8ce58e58,USDT,2518472.688,2520148.448
optimism,4/16/2025 0:00,0x68f180fcce6836688e9084f035309e29bf0a2095,WBTC,46.80541034,3928970.805
optimism,4/16/2025 0:00,0x4200000000000000000000000000000000000006,WETH,11616.52768,18366062.56
arbitrum,4/17/2025 0:00,0xaf88d065e77c8cc2239327c5edb3a432268e5831,USDC,133354667.8,133503031.9
arbitrum,4/17/2025 0:00,0xfd086bc7cd5c481dcc9c85ebe478a1c0b69fcbb9,USDT,48230210.47,48383996.56
arbitrum,4/17/2025 0:00,0x2f2a2543b76a4166549f7aab2e75bef0aefc5b0f,WBTC,489.6523125,41415009.31
arbitrum,4/17/2025 0:00,0x82af49447d8a07e3bd95bd0d56f35241523fbab1,WETH,93619.42835,149099334.3
arbitrum,4/17/2025 0:00,0xcbb7c0000ab88b473b1f5afd9ef808440eed33bf,cbBTC,0.67366372,57133.31206
base,4/17/2025 0:00,0x833589fcd6edb6e08f4c7c32d4f71b54bda02913,USDC,155374205.3,155457131.5
base,4/17/2025 0:00,0xfde4c96c8593536e31f229ea8f37b2ada2699bb2,USDT,2062079.077,2058578.597
base,4/17/2025 0:00,0x4200000000000000000000000000000000000006,WETH,144297.4041,229862197.5
base,4/17/2025 0:00,0xcbb7c0000ab88b473b1f5afd9ef808440eed33bf,cbBTC,1131.41624,95826781.75
optimism,4/17/2025 0:00,0x0b2c639c533813f4aa9d7837caf62653d097ff85,USDC,10963207.06,10972317.55
optimism,4/17/2025 0:00,0x94b008aa00579c1307b0ef2c499ad98a8ce58e58,USDT,2680279.953,2681717.171
optimism,4/17/2025 0:00,0x68f180fcce6836688e9084f035309e29bf0a2095,WBTC,31.60147143,2671179.774
optimism,4/17/2025 0:00,0x4200000000000000000000000000000000000006,WETH,8245.278795,13127137.6
arbitrum,4/18/2025 0:00,0xaf88d065e77c8cc2239327c5edb3a432268e5831,USDC,71729079.8,71822172.83
arbitrum,4/18/2025 0:00,0xfd086bc7cd5c481dcc9c85ebe478a1c0b69fcbb9,USDT,36092424.82,36114866.88
arbitrum,4/18/2025 0:00,0x2f2a2543b76a4166549f7aab2e75bef0aefc5b0f,WBTC,153.1980666,12965902.91
arbitrum,4/18/2025 0:00,0x82af49447d8a07e3bd95bd0d56f35241523fbab1,WETH,38584.08738,61242837.98
arbitrum,4/18/2025 0:00,0xcbb7c0000ab88b473b1f5afd9ef808440eed33bf,cbBTC,0.70379765,59648.66389
base,4/18/2025 0:00,0x833589fcd6edb6e08f4c7c32d4f71b54bda02913,USDC,73108293.41,73151508.99
base,4/18/2025 0:00,0xfde4c96c8593536e31f229ea8f37b2ada2699bb2,USDT,3935969.481,3929120.164
base,4/18/2025 0:00,0x4200000000000000000000000000000000000006,WETH,89431.77269,141979985.2
base,4/18/2025 0:00,0xcbb7c0000ab88b473b1f5afd9ef808440eed33bf,cbBTC,362.9170794,30750050.19
optimism,4/18/2025 0:00,0x0b2c639c533813f4aa9d7837caf62653d097ff85,USDC,7189191.917,7193957.608
optimism,4/18/2025 0:00,0x94b008aa00579c1307b0ef2c499ad98a8ce58e58,USDT,1499302.322,1500150.82
optimism,4/18/2025 0:00,0x68f180fcce6836688e9084f035309e29bf0a2095,WBTC,17.27206903,1462408.338
optimism,4/18/2025 0:00,0x4200000000000000000000000000000000000006,WETH,4796.528376,7609335.383
arbitrum,4/19/2025 0:00,0xaf88d065e77c8cc2239327c5edb3a432268e5831,USDC,71954238.9,72003483.02
arbitrum,4/19/2025 0:00,0xfd086bc7cd5c481dcc9c85ebe478a1c0b69fcbb9,USDT,39900127.95,39942041.1
arbitrum,4/19/2025 0:00,0x2f2a2543b76a4166549f7aab2e75bef0aefc5b0f,WBTC,224.7821388,19126551.31
arbitrum,4/19/2025 0:00,0x82af49447d8a07e3bd95bd0d56f35241523fbab1,WETH,41521.51467,66676439.99
arbitrum,4/19/2025 0:00,0xcbb7c0000ab88b473b1f5afd9ef808440eed33bf,cbBTC,0.88087199,74937.21599
base,4/19/2025 0:00,0x833589fcd6edb6e08f4c7c32d4f71b54bda02913,USDC,67672935.75,67723987.44
base,4/19/2025 0:00,0xfde4c96c8593536e31f229ea8f37b2ada2699bb2,USDT,2508255.438,2501720.925
base,4/19/2025 0:00,0x4200000000000000000000000000000000000006,WETH,76249.03975,122357936.6
base,4/19/2025 0:00,0xcbb7c0000ab88b473b1f5afd9ef808440eed33bf,cbBTC,462.1115612,39351942.04
optimism,4/19/2025 0:00,0x0b2c639c533813f4aa9d7837caf62653d097ff85,USDC,5120190.35,5122985.337
optimism,4/19/2025 0:00,0x94b008aa00579c1307b0ef2c499ad98a8ce58e58,USDT,1259896.88,1260657.771
optimism,4/19/2025 0:00,0x68f180fcce6836688e9084f035309e29bf0a2095,WBTC,10.05588518,855149.7796
optimism,4/19/2025 0:00,0x4200000000000000000000000000000000000006,WETH,4548.599865,7305141.563
arbitrum,4/20/2025 0:00,0xaf88d065e77c8cc2239327c5edb3a432268e5831,USDC,82061588.77,82114590.56
arbitrum,4/20/2025 0:00,0xfd086bc7cd5c481dcc9c85ebe478a1c0b69fcbb9,USDT,44010108.48,44073400.14
arbitrum,4/20/2025 0:00,0x2f2a2543b76a4166549f7aab2e75bef0aefc5b0f,WBTC,264.61537,22412650.31
arbitrum,4/20/2025 0:00,0x82af49447d8a07e3bd95bd0d56f35241523fbab1,WETH,42870.61136,68215878.06
arbitrum,4/20/2025 0:00,0xcbb7c0000ab88b473b1f5afd9ef808440eed33bf,cbBTC,0.67011664,56713.7455
base,4/20/2025 0:00,0x833589fcd6edb6e08f4c7c32d4f71b54bda02913,USDC,79584516.87,79624591.61
base,4/20/2025 0:00,0xfde4c96c8593536e31f229ea8f37b2ada2699bb2,USDT,2385009.163,2379276.646
base,4/20/2025 0:00,0x4200000000000000000000000000000000000006,WETH,73901.52488,117714636.3
base,4/20/2025 0:00,0xcbb7c0000ab88b473b1f5afd9ef808440eed33bf,cbBTC,509.9230695,43266953.98
optimism,4/20/2025 0:00,0x0b2c639c533813f4aa9d7837caf62653d097ff85,USDC,6734696.555,6738239.208
optimism,4/20/2025 0:00,0x94b008aa00579c1307b0ef2c499ad98a8ce58e58,USDT,1262958.703,1263803.481
optimism,4/20/2025 0:00,0x68f180fcce6836688e9084f035309e29bf0a2095,WBTC,10.28775356,871972.4851
optimism,4/20/2025 0:00,0x4200000000000000000000000000000000000006,WETH,5511.254743,8779874.756
arbitrum,4/21/2025 0:00,0xaf88d065e77c8cc2239327c5edb3a432268e5831,USDC,186340529.3,186407235.7
arbitrum,4/21/2025 0:00,0xfd086bc7cd5c481dcc9c85ebe478a1c0b69fcbb9,USDT,79817240,79910699.8
arbitrum,4/21/2025 0:00,0x2f2a2543b76a4166549f7aab2e75bef0aefc5b0f,WBTC,631.4653038,54982651.05
arbitrum,4/21/2025 0:00,0x82af49447d8a07e3bd95bd0d56f35241523fbab1,WETH,109635.5936,177200223.3
arbitrum,4/21/2025 0:00,0xcbb7c0000ab88b473b1f5afd9ef808440eed33bf,cbBTC,9.67151467,843535.4599
base,4/21/2025 0:00,0x833589fcd6edb6e08f4c7c32d4f71b54bda02913,USDC,183486136.6,183535610.4
base,4/21/2025 0:00,0xfde4c96c8593536e31f229ea8f37b2ada2699bb2,USDT,2436154.901,2429973.981
base,4/21/2025 0:00,0x4200000000000000000000000000000000000006,WETH,134988.7652,218189261.8
base,4/21/2025 0:00,0xcbb7c0000ab88b473b1f5afd9ef808440eed33bf,cbBTC,1255.395428,109612337.2
optimism,4/21/2025 0:00,0x0b2c639c533813f4aa9d7837caf62653d097ff85,USDC,10829454,10832791.73
optimism,4/21/2025 0:00,0x94b008aa00579c1307b0ef2c499ad98a8ce58e58,USDT,2585165.24,2586287.855
optimism,4/21/2025 0:00,0x68f180fcce6836688e9084f035309e29bf0a2095,WBTC,23.2889632,2025676.919
optimism,4/21/2025 0:00,0x4200000000000000000000000000000000000006,WETH,8124.192522,13116020.63
arbitrum,4/22/2025 0:00,0xaf88d065e77c8cc2239327c5edb3a432268e5831,USDC,246189936.6,246255409.6
arbitrum,4/22/2025 0:00,0xfd086bc7cd5c481dcc9c85ebe478a1c0b69fcbb9,USDT,89185154.2,89246479.72
arbitrum,4/22/2025 0:00,0x2f2a2543b76a4166549f7aab2e75bef0aefc5b0f,WBTC,1026.241717,92732716.24
arbitrum,4/22/2025 0:00,0x82af49447d8a07e3bd95bd0d56f35241523fbab1,WETH,183309.5679,304626170
arbitrum,4/22/2025 0:00,0xcbb7c0000ab88b473b1f5afd9ef808440eed33bf,cbBTC,7.73186789,689721.0456
base,4/22/2025 0:00,0x833589fcd6edb6e08f4c7c32d4f71b54bda02913,USDC,242023090.5,242080617
base,4/22/2025 0:00,0xfde4c96c8593536e31f229ea8f37b2ada2699bb2,USDT,6284008.186,6273812.607
base,4/22/2025 0:00,0x4200000000000000000000000000000000000006,WETH,198208.1022,328607904.2
base,4/22/2025 0:00,0xcbb7c0000ab88b473b1f5afd9ef808440eed33bf,cbBTC,1721.753677,155596181.4
optimism,4/22/2025 0:00,0x0b2c639c533813f4aa9d7837caf62653d097ff85,USDC,18676442.09,18680383.37
optimism,4/22/2025 0:00,0x94b008aa00579c1307b0ef2c499ad98a8ce58e58,USDT,3839784.775,3842073.16
optimism,4/22/2025 0:00,0x68f180fcce6836688e9084f035309e29bf0a2095,WBTC,53.22253135,4817429.528
optimism,4/22/2025 0:00,0x4200000000000000000000000000000000000006,WETH,14272.15714,23677063.48
arbitrum,4/23/2025 0:00,0xaf88d065e77c8cc2239327c5edb3a432268e5831,USDC,241101734.2,241097747.1
arbitrum,4/23/2025 0:00,0xfd086bc7cd5c481dcc9c85ebe478a1c0b69fcbb9,USDT,77180393.16,77214878.09
arbitrum,4/23/2025 0:00,0x2f2a2543b76a4166549f7aab2e75bef0aefc5b0f,WBTC,917.1132651,85649545.88
arbitrum,4/23/2025 0:00,0x82af49447d8a07e3bd95bd0d56f35241523fbab1,WETH,160394.8931,287344171.3
arbitrum,4/23/2025 0:00,0xcbb7c0000ab88b473b1f5afd9ef808440eed33bf,cbBTC,7.60257038,709973.9904
base,4/23/2025 0:00,0x833589fcd6edb6e08f4c7c32d4f71b54bda02913,USDC,294019705.4,294043135
base,4/23/2025 0:00,0xfde4c96c8593536e31f229ea8f37b2ada2699bb2,USDT,7027288.01,7023289.034
base,4/23/2025 0:00,0x4200000000000000000000000000000000000006,WETH,195564.7818,350298759.5
base,4/23/2025 0:00,0xcbb7c0000ab88b473b1f5afd9ef808440eed33bf,cbBTC,1571.723431,146961809
optimism,4/23/2025 0:00,0x0b2c639c533813f4aa9d7837caf62653d097ff85,USDC,16538989.56,16538415.81
optimism,4/23/2025 0:00,0x94b008aa00579c1307b0ef2c499ad98a8ce58e58,USDT,3195902.875,3197228.551
optimism,4/23/2025 0:00,0x68f180fcce6836688e9084f035309e29bf0a2095,WBTC,34.6083033,3231714.552
optimism,4/23/2025 0:00,0x4200000000000000000000000000000000000006,WETH,10703.84808,19164770.72
arbitrum,4/24/2025 0:00,0xaf88d065e77c8cc2239327c5edb3a432268e5831,USDC,141889424.1,141924327.9
arbitrum,4/24/2025 0:00,0xfd086bc7cd5c481dcc9c85ebe478a1c0b69fcbb9,USDT,48265003.23,48293141.67
arbitrum,4/24/2025 0:00,0x2f2a2543b76a4166549f7aab2e75bef0aefc5b0f,WBTC,493.1413415,45793599.03
arbitrum,4/24/2025 0:00,0x82af49447d8a07e3bd95bd0d56f35241523fbab1,WETH,93534.93557,164957908
arbitrum,4/24/2025 0:00,0xcbb7c0000ab88b473b1f5afd9ef808440eed33bf,cbBTC,5.95202148,555367.5853
base,4/24/2025 0:00,0x833589fcd6edb6e08f4c7c32d4f71b54bda02913,USDC,226928758.4,226994821
base,4/24/2025 0:00,0xfde4c96c8593536e31f229ea8f37b2ada2699bb2,USDT,22036382.75,22026606.88
base,4/24/2025 0:00,0x4200000000000000000000000000000000000006,WETH,141639.0157,250005007.8
base,4/24/2025 0:00,0xcbb7c0000ab88b473b1f5afd9ef808440eed33bf,cbBTC,1101.752856,102526691.9
optimism,4/24/2025 0:00,0x0b2c639c533813f4aa9d7837caf62653d097ff85,USDC,12504602,12506740.06
optimism,4/24/2025 0:00,0x94b008aa00579c1307b0ef2c499ad98a8ce58e58,USDT,2455615.242,2456978.63
optimism,4/24/2025 0:00,0x68f180fcce6836688e9084f035309e29bf0a2095,WBTC,23.29258871,2159230.992
optimism,4/24/2025 0:00,0x4200000000000000000000000000000000000006,WETH,8285.142025,14626545.59
arbitrum,4/25/2025 0:00,0xaf88d065e77c8cc2239327c5edb3a432268e5831,USDC,161542676.1,161561490.4
arbitrum,4/25/2025 0:00,0xfd086bc7cd5c481dcc9c85ebe478a1c0b69fcbb9,USDT,45603420.5,45634578.93
arbitrum,4/25/2025 0:00,0x2f2a2543b76a4166549f7aab2e75bef0aefc5b0f,WBTC,590.489017,55731835.91
arbitrum,4/25/2025 0:00,0x82af49447d8a07e3bd95bd0d56f35241523fbab1,WETH,113883.6633,203316763.3
arbitrum,4/25/2025 0:00,0xcbb7c0000ab88b473b1f5afd9ef808440eed33bf,cbBTC,7.55165271,712935.3063
base,4/25/2025 0:00,0x833589fcd6edb6e08f4c7c32d4f71b54bda02913,USDC,257692771.3,257722718.9
base,4/25/2025 0:00,0xfde4c96c8593536e31f229ea8f37b2ada2699bb2,USDT,24375734.74,24362576.62
base,4/25/2025 0:00,0x4200000000000000000000000000000000000006,WETH,167171.2436,298322504.4
base,4/25/2025 0:00,0xcbb7c0000ab88b473b1f5afd9ef808440eed33bf,cbBTC,1381.019842,130566726.9
optimism,4/25/2025 0:00,0x0b2c639c533813f4aa9d7837caf62653d097ff85,USDC,14858586.97,14859632.96
optimism,4/25/2025 0:00,0x94b008aa00579c1307b0ef2c499ad98a8ce58e58,USDT,3514697.23,3517208.22
optimism,4/25/2025 0:00,0x68f180fcce6836688e9084f035309e29bf0a2095,WBTC,23.63855539,2232314.089
optimism,4/25/2025 0:00,0x4200000000000000000000000000000000000006,WETH,9547.597975,17026313.03
arbitrum,4/26/2025 0:00,0xaf88d065e77c8cc2239327c5edb3a432268e5831,USDC,123791455.7,123817625.3
arbitrum,4/26/2025 0:00,0xfd086bc7cd5c481dcc9c85ebe478a1c0b69fcbb9,USDT,34787408.25,34812309.09
arbitrum,4/26/2025 0:00,0x2f2a2543b76a4166549f7aab2e75bef0aefc5b0f,WBTC,570.8589858,53885174.39
arbitrum,4/26/2025 0:00,0x82af49447d8a07e3bd95bd0d56f35241523fbab1,WETH,166525.729,300842349.1
arbitrum,4/26/2025 0:00,0xcbb7c0000ab88b473b1f5afd9ef808440eed33bf,cbBTC,0.69467142,65907.04372
base,4/26/2025 0:00,0x833589fcd6edb6e08f4c7c32d4f71b54bda02913,USDC,13784957164,13786234805
base,4/26/2025 0:00,0xfde4c96c8593536e31f229ea8f37b2ada2699bb2,USDT,11192528.44,11187604.14
base,4/26/2025 0:00,0x4200000000000000000000000000000000000006,WETH,151651.3631,273547678.6
base,4/26/2025 0:00,0xcbb7c0000ab88b473b1f5afd9ef808440eed33bf,cbBTC,776988.5516,114290939.8
optimism,4/26/2025 0:00,0x0b2c639c533813f4aa9d7837caf62653d097ff85,USDC,10050961.97,10052858.27
optimism,4/26/2025 0:00,0x94b008aa00579c1307b0ef2c499ad98a8ce58e58,USDT,1446323.78,1447261.687
optimism,4/26/2025 0:00,0x68f180fcce6836688e9084f035309e29bf0a2095,WBTC,15.17741476,1433967.356
optimism,4/26/2025 0:00,0x4200000000000000000000000000000000000006,WETH,7994.804069,14418521.43
arbitrum,4/27/2025 0:00,0xaf88d065e77c8cc2239327c5edb3a432268e5831,USDC,125647788.8,125695700.4
arbitrum,4/27/2025 0:00,0xfd086bc7cd5c481dcc9c85ebe478a1c0b69fcbb9,USDT,38741588.12,38775780.02
arbitrum,4/27/2025 0:00,0x2f2a2543b76a4166549f7aab2e75bef0aefc5b0f,WBTC,328.4633332,30969924.46
arbitrum,4/27/2025 0:00,0x82af49447d8a07e3bd95bd0d56f35241523fbab1,WETH,72149.23606,130654030.4
arbitrum,4/27/2025 0:00,0xcbb7c0000ab88b473b1f5afd9ef808440eed33bf,cbBTC,0.5062959,47496.48555
base,4/27/2025 0:00,0x833589fcd6edb6e08f4c7c32d4f71b54bda02913,USDC,153170447.5,153227065
base,4/27/2025 0:00,0xfde4c96c8593536e31f229ea8f37b2ada2699bb2,USDT,17670901.13,17666729.31
base,4/27/2025 0:00,0x4200000000000000000000000000000000000006,WETH,120169.1869,217281608.2
base,4/27/2025 0:00,0xcbb7c0000ab88b473b1f5afd9ef808440eed33bf,cbBTC,585.8651868,55287596.3
optimism,4/27/2025 0:00,0x0b2c639c533813f4aa9d7837caf62653d097ff85,USDC,9300983.421,9304538.284
optimism,4/27/2025 0:00,0x94b008aa00579c1307b0ef2c499ad98a8ce58e58,USDT,1947477.187,1949081.229
optimism,4/27/2025 0:00,0x68f180fcce6836688e9084f035309e29bf0a2095,WBTC,12.53642881,1181251.614
optimism,4/27/2025 0:00,0x4200000000000000000000000000000000000006,WETH,6754.728384,12218381.88
arbitrum,4/28/2025 0:00,0xaf88d065e77c8cc2239327c5edb3a432268e5831,USDC,168371772.4,168400483.6
arbitrum,4/28/2025 0:00,0xfd086bc7cd5c481dcc9c85ebe478a1c0b69fcbb9,USDT,49199514.25,49227140.86
arbitrum,4/28/2025 0:00,0x2f2a2543b76a4166549f7aab2e75bef0aefc5b0f,WBTC,567.214782,53456855.42
arbitrum,4/28/2025 0:00,0x82af49447d8a07e3bd95bd0d56f35241523fbab1,WETH,107849.2143,192780153.2
arbitrum,4/28/2025 0:00,0xcbb7c0000ab88b473b1f5afd9ef808440eed33bf,cbBTC,0.21545573,20344.93803
base,4/28/2025 0:00,0x833589fcd6edb6e08f4c7c32d4f71b54bda02913,USDC,265222056.9,265254213.4
base,4/28/2025 0:00,0xfde4c96c8593536e31f229ea8f37b2ada2699bb2,USDT,30472394.3,30457129.46
base,4/28/2025 0:00,0x4200000000000000000000000000000000000006,WETH,181064.4079,323912076.4
base,4/28/2025 0:00,0xcbb7c0000ab88b473b1f5afd9ef808440eed33bf,cbBTC,1119.974658,105707693.6
optimism,4/28/2025 0:00,0x0b2c639c533813f4aa9d7837caf62653d097ff85,USDC,13252242.14,13254247.94
optimism,4/28/2025 0:00,0x94b008aa00579c1307b0ef2c499ad98a8ce58e58,USDT,2354282.472,2355571.109
optimism,4/28/2025 0:00,0x68f180fcce6836688e9084f035309e29bf0a2095,WBTC,25.63499306,2415607.906
optimism,4/28/2025 0:00,0x4200000000000000000000000000000000000006,WETH,9328.59849,16680237.54
arbitrum,4/29/2025 0:00,0xaf88d065e77c8cc2239327c5edb3a432268e5831,USDC,136283971,136322912.2
arbitrum,4/29/2025 0:00,0xfd086bc7cd5c481dcc9c85ebe478a1c0b69fcbb9,USDT,42155733.22,42183501.59
arbitrum,4/29/2025 0:00,0x2f2a2543b76a4166549f7aab2e75bef0aefc5b0f,WBTC,458.7227537,43509183.63
arbitrum,4/29/2025 0:00,0x82af49447d8a07e3bd95bd0d56f35241523fbab1,WETH,87739.82205,159074116.2
arbitrum,4/29/2025 0:00,0xcbb7c0000ab88b473b1f5afd9ef808440eed33bf,cbBTC,1.37640754,130624.1846
base,4/29/2025 0:00,0x833589fcd6edb6e08f4c7c32d4f71b54bda02913,USDC,243194704.9,243259501.3
base,4/29/2025 0:00,0xfde4c96c8593536e31f229ea8f37b2ada2699bb2,USDT,29230299.49,29219193.05
base,4/29/2025 0:00,0x4200000000000000000000000000000000000006,WETH,172857.3254,313503129
base,4/29/2025 0:00,0xcbb7c0000ab88b473b1f5afd9ef808440eed33bf,cbBTC,927.1280664,88025948.64
optimism,4/29/2025 0:00,0x0b2c639c533813f4aa9d7837caf62653d097ff85,USDC,11458517.47,11461427.42
optimism,4/29/2025 0:00,0x94b008aa00579c1307b0ef2c499ad98a8ce58e58,USDT,2192282.211,2193666.268
optimism,4/29/2025 0:00,0x68f180fcce6836688e9084f035309e29bf0a2095,WBTC,21.19348851,2007500.356
optimism,4/29/2025 0:00,0x4200000000000000000000000000000000000006,WETH,7188.429956,13040257.35
arbitrum,4/30/2025 0:00,0xaf88d065e77c8cc2239327c5edb3a432268e5831,USDC,152656209.2,152766185.6
arbitrum,4/30/2025 0:00,0xfd086bc7cd5c481dcc9c85ebe478a1c0b69fcbb9,USDT,49665719.14,49711577.18
arbitrum,4/30/2025 0:00,0x2f2a2543b76a4166549f7aab2e75bef0aefc5b0f,WBTC,505.9202886,47700714.31
arbitrum,4/30/2025 0:00,0x82af49447d8a07e3bd95bd0d56f35241523fbab1,WETH,94290.93021,168075911.3
arbitrum,4/30/2025 0:00,0xcbb7c0000ab88b473b1f5afd9ef808440eed33bf,cbBTC,0.80864746,76328.03135
base,4/30/2025 0:00,0x833589fcd6edb6e08f4c7c32d4f71b54bda02913,USDC,8946994435,8953143119
base,4/30/2025 0:00,0xfde4c96c8593536e31f229ea8f37b2ada2699bb2,USDT,9899214.69,9899915.608
base,4/30/2025 0:00,0x4200000000000000000000000000000000000006,WETH,155227.3433,277500068.1
base,4/30/2025 0:00,0xcbb7c0000ab88b473b1f5afd9ef808440eed33bf,cbBTC,39805.39869,87408076.77
optimism,4/30/2025 0:00,0x0b2c639c533813f4aa9d7837caf62653d097ff85,USDC,11751394.93,11758590.25
optimism,4/30/2025 0:00,0x94b008aa00579c1307b0ef2c499ad98a8ce58e58,USDT,2165614.132,2167525.562
optimism,4/30/2025 0:00,0x68f180fcce6836688e9084f035309e29bf0a2095,WBTC,22.0392251,2080243.445
optimism,4/30/2025 0:00,0x4200000000000000000000000000000000000006,WETH,7539.127792,13470748.66
arbitrum,5/1/2025 0:00,0xaf88d065e77c8cc2239327c5edb3a432268e5831,USDC,128469935.5,128526905
arbitrum,5/1/2025 0:00,0xfd086bc7cd5c481dcc9c85ebe478a1c0b69fcbb9,USDT,42451531.13,42483739.39
arbitrum,5/1/2025 0:00,0x2f2a2543b76a4166549f7aab2e75bef0aefc5b0f,WBTC,475.8480781,45722869.33
arbitrum,5/1/2025 0:00,0x82af49447d8a07e3bd95bd0d56f35241523fbab1,WETH,81539.97616,149707653.9
arbitrum,5/1/2025 0:00,0xcbb7c0000ab88b473b1f5afd9ef808440eed33bf,cbBTC,1.77111551,170415.8589
base,5/1/2025 0:00,0x833589fcd6edb6e08f4c7c32d4f71b54bda02913,USDC,210295502,210375831
base,5/1/2025 0:00,0xfde4c96c8593536e31f229ea8f37b2ada2699bb2,USDT,15666955.39,15661578.79
base,5/1/2025 0:00,0x4200000000000000000000000000000000000006,WETH,153993.811,282391477.8
base,5/1/2025 0:00,0xcbb7c0000ab88b473b1f5afd9ef808440eed33bf,cbBTC,1001.188546,96294899.74
optimism,5/1/2025 0:00,0x0b2c639c533813f4aa9d7837caf62653d097ff85,USDC,10139561.51,10143429.23
optimism,5/1/2025 0:00,0x94b008aa00579c1307b0ef2c499ad98a8ce58e58,USDT,2801895.108,2804000.494
optimism,5/1/2025 0:00,0x68f180fcce6836688e9084f035309e29bf0a2095,WBTC,17.05806778,1636860.812
optimism,5/1/2025 0:00,0x4200000000000000000000000000000000000006,WETH,6852.561983,12557236.48
arbitrum,5/2/2025 0:00,0xaf88d065e77c8cc2239327c5edb3a432268e5831,USDC,130701405.6,130745144.3
arbitrum,5/2/2025 0:00,0xfd086bc7cd5c481dcc9c85ebe478a1c0b69fcbb9,USDT,46016186.17,46054276.52
arbitrum,5/2/2025 0:00,0x2f2a2543b76a4166549f7aab2e75bef0aefc5b0f,WBTC,367.7447927,35665899.34
arbitrum,5/2/2025 0:00,0x82af49447d8a07e3bd95bd0d56f35241523fbab1,WETH,73888.17779,135957232.2
arbitrum,5/2/2025 0:00,0xcbb7c0000ab88b473b1f5afd9ef808440eed33bf,cbBTC,0.18539658,17970.81536
base,5/2/2025 0:00,0x833589fcd6edb6e08f4c7c32d4f71b54bda02913,USDC,200440782.6,200508497.1
base,5/2/2025 0:00,0xfde4c96c8593536e31f229ea8f37b2ada2699bb2,USDT,27443477.3,27432326.81
base,5/2/2025 0:00,0x4200000000000000000000000000000000000006,WETH,131704.5415,242339520
base,5/2/2025 0:00,0xcbb7c0000ab88b473b1f5afd9ef808440eed33bf,cbBTC,793.7922933,77098575.59
optimism,5/2/2025 0:00,0x0b2c639c533813f4aa9d7837caf62653d097ff85,USDC,13903908.79,13908352.35
optimism,5/2/2025 0:00,0x94b008aa00579c1307b0ef2c499ad98a8ce58e58,USDT,6509659.315,6514284.151
optimism,5/2/2025 0:00,0x68f180fcce6836688e9084f035309e29bf0a2095,WBTC,12.55556615,1218134.247
optimism,5/2/2025 0:00,0x4200000000000000000000000000000000000006,WETH,5863.901642,10785320.92
arbitrum,5/3/2025 0:00,0xaf88d065e77c8cc2239327c5edb3a432268e5831,USDC,71037964.2,71076123.06
arbitrum,5/3/2025 0:00,0xfd086bc7cd5c481dcc9c85ebe478a1c0b69fcbb9,USDT,23221801.74,23242683.72
arbitrum,5/3/2025 0:00,0x2f2a2543b76a4166549f7aab2e75bef0aefc5b0f,WBTC,177.6722683,17108120.74
arbitrum,5/3/2025 0:00,0x82af49447d8a07e3bd95bd0d56f35241523fbab1,WETH,42240.5717,77393920.14
arbitrum,5/3/2025 0:00,0xcbb7c0000ab88b473b1f5afd9ef808440eed33bf,cbBTC,0.07664806,7391.217091
base,5/3/2025 0:00,0x833589fcd6edb6e08f4c7c32d4f71b54bda02913,USDC,114393542.6,114453637.4
base,5/3/2025 0:00,0xfde4c96c8593536e31f229ea8f37b2ada2699bb2,USDT,16234128.23,16231112.84
base,5/3/2025 0:00,0x4200000000000000000000000000000000000006,WETH,96125.30647,176154846.4
base,5/3/2025 0:00,0xcbb7c0000ab88b473b1f5afd9ef808440eed33bf,cbBTC,345.4203958,33298787.98
optimism,5/3/2025 0:00,0x0b2c639c533813f4aa9d7837caf62653d097ff85,USDC,12210141.67,12216284.98
optimism,5/3/2025 0:00,0x94b008aa00579c1307b0ef2c499ad98a8ce58e58,USDT,6922046.671,6927933.43
optimism,5/3/2025 0:00,0x68f180fcce6836688e9084f035309e29bf0a2095,WBTC,11.48463953,1105364.532
optimism,5/3/2025 0:00,0x4200000000000000000000000000000000000006,WETH,3815.350923,6991009.868
arbitrum,5/4/2025 0:00,0xaf88d065e77c8cc2239327c5edb3a432268e5831,USDC,108180742.9,108294602.7
arbitrum,5/4/2025 0:00,0xfd086bc7cd5c481dcc9c85ebe478a1c0b69fcbb9,USDT,40562074.67,40614415.44
arbitrum,5/4/2025 0:00,0x2f2a2543b76a4166549f7aab2e75bef0aefc5b0f,WBTC,233.3755344,22321556.39
arbitrum,5/4/2025 0:00,0x82af49447d8a07e3bd95bd0d56f35241523fbab1,WETH,53474.76667,98011529.79
arbitrum,5/4/2025 0:00,0xcbb7c0000ab88b473b1f5afd9ef808440eed33bf,cbBTC,0.68429371,65413.35105
base,5/4/2025 0:00,0x833589fcd6edb6e08f4c7c32d4f71b54bda02913,USDC,145110154.7,145261630.8
base,5/4/2025 0:00,0xfde4c96c8593536e31f229ea8f37b2ada2699bb2,USDT,9274083.206,9277930.001
base,5/4/2025 0:00,0x4200000000000000000000000000000000000006,WETH,110966.1351,203394785.6
base,5/4/2025 0:00,0xcbb7c0000ab88b473b1f5afd9ef808440eed33bf,cbBTC,488.0567937,46683098.97
optimism,5/4/2025 0:00,0x0b2c639c533813f4aa9d7837caf62653d097ff85,USDC,12739267.15,12752099.6
optimism,5/4/2025 0:00,0x94b008aa00579c1307b0ef2c499ad98a8ce58e58,USDT,6583207.821,6591195.25
optimism,5/4/2025 0:00,0x68f180fcce6836688e9084f035309e29bf0a2095,WBTC,13.38582012,1281741.015
optimism,5/4/2025 0:00,0x4200000000000000000000000000000000000006,WETH,4213.911861,7722466.776
arbitrum,5/5/2025 0:00,0xaf88d065e77c8cc2239327c5edb3a432268e5831,USDC,131794866.8,131978219.7
arbitrum,5/5/2025 0:00,0xfd086bc7cd5c481dcc9c85ebe478a1c0b69fcbb9,USDT,40385603.15,40434992.41
arbitrum,5/5/2025 0:00,0x2f2a2543b76a4166549f7aab2e75bef0aefc5b0f,WBTC,381.7458047,36032294.71
arbitrum,5/5/2025 0:00,0x82af49447d8a07e3bd95bd0d56f35241523fbab1,WETH,74851.24017,135564371.6
arbitrum,5/5/2025 0:00,0xcbb7c0000ab88b473b1f5afd9ef808440eed33bf,cbBTC,1.30903999,123742.5139
base,5/5/2025 0:00,0x833589fcd6edb6e08f4c7c32d4f71b54bda02913,USDC,172993117.1,173186298.5
base,5/5/2025 0:00,0xfde4c96c8593536e31f229ea8f37b2ada2699bb2,USDT,6857191.055,6860984.957
base,5/5/2025 0:00,0x4200000000000000000000000000000000000006,WETH,132475.3989,240047253.7
base,5/5/2025 0:00,0xcbb7c0000ab88b473b1f5afd9ef808440eed33bf,cbBTC,683.9059905,64615195.12
optimism,5/5/2025 0:00,0x0b2c639c533813f4aa9d7837caf62653d097ff85,USDC,8926995.78,8937515.559
optimism,5/5/2025 0:00,0x94b008aa00579c1307b0ef2c499ad98a8ce58e58,USDT,1536127.351,1537982.506
optimism,5/5/2025 0:00,0x68f180fcce6836688e9084f035309e29bf0a2095,WBTC,11.01439021,1041415.115
optimism,5/5/2025 0:00,0x4200000000000000000000000000000000000006,WETH,5497.89245,9965355.524
arbitrum,5/6/2025 0:00,0xaf88d065e77c8cc2239327c5edb3a432268e5831,USDC,148705607.6,148831528
arbitrum,5/6/2025 0:00,0xfd086bc7cd5c481dcc9c85ebe478a1c0b69fcbb9,USDT,47460140.23,47495388.58
arbitrum,5/6/2025 0:00,0x2f2a2543b76a4166549f7aab2e75bef0aefc5b0f,WBTC,481.6870023,45596829.4
arbitrum,5/6/2025 0:00,0x82af49447d8a07e3bd95bd0d56f35241523fbab1,WETH,86237.92409,154087055
arbitrum,5/6/2025 0:00,0xcbb7c0000ab88b473b1f5afd9ef808440eed33bf,cbBTC,1.98069105,187461.8603
base,5/6/2025 0:00,0x833589fcd6edb6e08f4c7c32d4f71b54bda02913,USDC,196418436.8,196591368.5
base,5/6/2025 0:00,0xfde4c96c8593536e31f229ea8f37b2ada2699bb2,USDT,10513740.29,10515098.14
base,5/6/2025 0:00,0x4200000000000000000000000000000000000006,WETH,148480.5534,265457077.4
base,5/6/2025 0:00,0xcbb7c0000ab88b473b1f5afd9ef808440eed33bf,cbBTC,841.1127678,79772155.43
optimism,5/6/2025 0:00,0x0b2c639c533813f4aa9d7837caf62653d097ff85,USDC,12126093.37,12136168.11
optimism,5/6/2025 0:00,0x94b008aa00579c1307b0ef2c499ad98a8ce58e58,USDT,4828004.269,4831549.208
optimism,5/6/2025 0:00,0x68f180fcce6836688e9084f035309e29bf0a2095,WBTC,15.67562334,1483662.924
optimism,5/6/2025 0:00,0x4200000000000000000000000000000000000006,WETH,6173.993011,11029684.6
arbitrum,5/7/2025 0:00,0xaf88d065e77c8cc2239327c5edb3a432268e5831,USDC,178383177.4,178465975.4
arbitrum,5/7/2025 0:00,0xfd086bc7cd5c481dcc9c85ebe478a1c0b69fcbb9,USDT,67269869,67319517.21
arbitrum,5/7/2025 0:00,0x2f2a2543b76a4166549f7aab2e75bef0aefc5b0f,WBTC,481.6499842,46604553.51
arbitrum,5/7/2025 0:00,0x82af49447d8a07e3bd95bd0d56f35241523fbab1,WETH,94400.61155,171688950
arbitrum,5/7/2025 0:00,0xcbb7c0000ab88b473b1f5afd9ef808440eed33bf,cbBTC,4.5736271,443175.0324
base,5/7/2025 0:00,0x833589fcd6edb6e08f4c7c32d4f71b54bda02913,USDC,229454561.2,229592826.4
base,5/7/2025 0:00,0xfde4c96c8593536e31f229ea8f37b2ada2699bb2,USDT,6253562.982,6252462.36
base,5/7/2025 0:00,0x4200000000000000000000000000000000000006,WETH,163756.6537,298109046.1
base,5/7/2025 0:00,0xcbb7c0000ab88b473b1f5afd9ef808440eed33bf,cbBTC,969.0521817,93919690.46
optimism,5/7/2025 0:00,0x0b2c639c533813f4aa9d7837caf62653d097ff85,USDC,12014917.86,12020301.69
optimism,5/7/2025 0:00,0x94b008aa00579c1307b0ef2c499ad98a8ce58e58,USDT,2782323.151,2783847.451
optimism,5/7/2025 0:00,0x68f180fcce6836688e9084f035309e29bf0a2095,WBTC,18.20997251,1763699.891
optimism,5/7/2025 0:00,0x4200000000000000000000000000000000000006,WETH,7416.198846,13500068.33
arbitrum,5/8/2025 0:00,0xaf88d065e77c8cc2239327c5edb3a432268e5831,USDC,281989501.4,282267239.1
arbitrum,5/8/2025 0:00,0xfd086bc7cd5c481dcc9c85ebe478a1c0b69fcbb9,USDT,92844790.54,93181266.49
arbitrum,5/8/2025 0:00,0x2f2a2543b76a4166549f7aab2e75bef0aefc5b0f,WBTC,1226.964292,123326898.7
arbitrum,5/8/2025 0:00,0x82af49447d8a07e3bd95bd0d56f35241523fbab1,WETH,187557.6893,375303480.4
arbitrum,5/8/2025 0:00,0xcbb7c0000ab88b473b1f5afd9ef808440eed33bf,cbBTC,3.78586135,380076.6498
base,5/8/2025 0:00,0x833589fcd6edb6e08f4c7c32d4f71b54bda02913,USDC,17598064936,17602196842
base,5/8/2025 0:00,0xfde4c96c8593536e31f229ea8f37b2ada2699bb2,USDT,10543652.99,10535908.64
base,5/8/2025 0:00,0x4200000000000000000000000000000000000006,WETH,7313824.939,14412387293
base,5/8/2025 0:00,0xcbb7c0000ab88b473b1f5afd9ef808440eed33bf,cbBTC,769692.9835,11933252908
optimism,5/8/2025 0:00,0x0b2c639c533813f4aa9d7837caf62653d097ff85,USDC,19621679.48,19623310.44
optimism,5/8/2025 0:00,0x94b008aa00579c1307b0ef2c499ad98a8ce58e58,USDT,3682809.46,3683688.347
optimism,5/8/2025 0:00,0x68f180fcce6836688e9084f035309e29bf0a2095,WBTC,55.56289378,5581609.256
optimism,5/8/2025 0:00,0x4200000000000000000000000000000000000006,WETH,13684.03966,27298233
arbitrum,5/9/2025 0:00,0xaf88d065e77c8cc2239327c5edb3a432268e5831,USDC,357759209.5,357752591.1
arbitrum,5/9/2025 0:00,0xfd086bc7cd5c481dcc9c85ebe478a1c0b69fcbb9,USDT,105689773.5,105693378.2
arbitrum,5/9/2025 0:00,0x2f2a2543b76a4166549f7aab2e75bef0aefc5b0f,WBTC,1345.999397,138688482.9
arbitrum,5/9/2025 0:00,0x82af49447d8a07e3bd95bd0d56f35241523fbab1,WETH,195308.9371,451577053
arbitrum,5/9/2025 0:00,0xcbb7c0000ab88b473b1f5afd9ef808440eed33bf,cbBTC,3.91795978,403715.9795
base,5/9/2025 0:00,0x833589fcd6edb6e08f4c7c32d4f71b54bda02913,USDC,424258466.9,424387862.9
base,5/9/2025 0:00,0xfde4c96c8593536e31f229ea8f37b2ada2699bb2,USDT,12579487.32,12574726.06
base,5/9/2025 0:00,0x4200000000000000000000000000000000000006,WETH,269919.7275,622956033.9
base,5/9/2025 0:00,0xcbb7c0000ab88b473b1f5afd9ef808440eed33bf,cbBTC,1754.07597,180866823.8
optimism,5/9/2025 0:00,0x0b2c639c533813f4aa9d7837caf62653d097ff85,USDC,25563519.68,25562320.47
optimism,5/9/2025 0:00,0x94b008aa00579c1307b0ef2c499ad98a8ce58e58,USDT,6351760.284,6351573.048
optimism,5/9/2025 0:00,0x68f180fcce6836688e9084f035309e29bf0a2095,WBTC,49.56228472,5108342.373
optimism,5/9/2025 0:00,0x4200000000000000000000000000000000000006,WETH,13991.02999,32349767.28
arbitrum,5/10/2025 0:00,0xaf88d065e77c8cc2239327c5edb3a432268e5831,USDC,279985809.2,279910051.4
arbitrum,5/10/2025 0:00,0xfd086bc7cd5c481dcc9c85ebe478a1c0b69fcbb9,USDT,86126692.98,86122368.38
arbitrum,5/10/2025 0:00,0x2f2a2543b76a4166549f7aab2e75bef0aefc5b0f,WBTC,931.5696357,96404896.2
arbitrum,5/10/2025 0:00,0x82af49447d8a07e3bd95bd0d56f35241523fbab1,WETH,151839.3713,369469774.7
arbitrum,5/10/2025 0:00,0xcbb7c0000ab88b473b1f5afd9ef808440eed33bf,cbBTC,1.74114636,180187.0762
base,5/10/2025 0:00,0x833589fcd6edb6e08f4c7c32d4f71b54bda02913,USDC,310239759.2,310175094.8
base,5/10/2025 0:00,0xfde4c96c8593536e31f229ea8f37b2ada2699bb2,USDT,7226595.243,7221483.46
base,5/10/2025 0:00,0x4200000000000000000000000000000000000006,WETH,224081.3672,544273554.7
base,5/10/2025 0:00,0xcbb7c0000ab88b473b1f5afd9ef808440eed33bf,cbBTC,1389.353758,143873753.2
optimism,5/10/2025 0:00,0x0b2c639c533813f4aa9d7837caf62653d097ff85,USDC,20254601.09,20249234.4
optimism,5/10/2025 0:00,0x94b008aa00579c1307b0ef2c499ad98a8ce58e58,USDT,4182252.705,4181509.678
optimism,5/10/2025 0:00,0x68f180fcce6836688e9084f035309e29bf0a2095,WBTC,37.03010462,3828741.055
optimism,5/10/2025 0:00,0x4200000000000000000000000000000000000006,WETH,13141.28075,32006063.34
arbitrum,5/11/2025 0:00,0xaf88d065e77c8cc2239327c5edb3a432268e5831,USDC,299192527.7,299216848.5
arbitrum,5/11/2025 0:00,0xfd086bc7cd5c481dcc9c85ebe478a1c0b69fcbb9,USDT,92517968.96,92627032.09
arbitrum,5/11/2025 0:00,0x2f2a2543b76a4166549f7aab2e75bef0aefc5b0f,WBTC,1040.215035,108272785.1
arbitrum,5/11/2025 0:00,0x82af49447d8a07e3bd95bd0d56f35241523fbab1,WETH,135107.2517,339407464.5
arbitrum,5/11/2025 0:00,0xcbb7c0000ab88b473b1f5afd9ef808440eed33bf,cbBTC,2.70254635,282003.9746
base,5/11/2025 0:00,0x833589fcd6edb6e08f4c7c32d4f71b54bda02913,USDC,325733842.5,325680549.7
base,5/11/2025 0:00,0xfde4c96c8593536e31f229ea8f37b2ada2699bb2,USDT,6993119.912,6989271.207
base,5/11/2025 0:00,0x4200000000000000000000000000000000000006,WETH,184358.8168,463017064.8
base,5/11/2025 0:00,0xcbb7c0000ab88b473b1f5afd9ef808440eed33bf,cbBTC,1432.894143,149394741.7
optimism,5/11/2025 0:00,0x0b2c639c533813f4aa9d7837caf62653d097ff85,USDC,19193419.23,19188932.97
optimism,5/11/2025 0:00,0x94b008aa00579c1307b0ef2c499ad98a8ce58e58,USDT,5160133.007,5160701.338
optimism,5/11/2025 0:00,0x68f180fcce6836688e9084f035309e29bf0a2095,WBTC,27.09475827,2819352.782
optimism,5/11/2025 0:00,0x4200000000000000000000000000000000000006,WETH,11461.90012,28848657.42
arbitrum,5/12/2025 0:00,0xaf88d065e77c8cc2239327c5edb3a432268e5831,USDC,411762633.5,411733627.4
arbitrum,5/12/2025 0:00,0xfd086bc7cd5c481dcc9c85ebe478a1c0b69fcbb9,USDT,111589278.1,111671070.5
arbitrum,5/12/2025 0:00,0x2f2a2543b76a4166549f7aab2e75bef0aefc5b0f,WBTC,1302.846634,134927967.1
arbitrum,5/12/2025 0:00,0x82af49447d8a07e3bd95bd0d56f35241523fbab1,WETH,248651.8006,625022169
arbitrum,5/12/2025 0:00,0xcbb7c0000ab88b473b1f5afd9ef808440eed33bf,cbBTC,0.95207826,98121.12228
base,5/12/2025 0:00,0x833589fcd6edb6e08f4c7c32d4f71b54bda02913,USDC,457147484.3,457025543.9
base,5/12/2025 0:00,0xfde4c96c8593536e31f229ea8f37b2ada2699bb2,USDT,14390391.02,14378593.41
base,5/12/2025 0:00,0x4200000000000000000000000000000000000006,WETH,244522.6773,615150486.7
base,5/12/2025 0:00,0xcbb7c0000ab88b473b1f5afd9ef808440eed33bf,cbBTC,1841.495136,190797690
optimism,5/12/2025 0:00,0x0b2c639c533813f4aa9d7837caf62653d097ff85,USDC,24584418.49,24578183.83
optimism,5/12/2025 0:00,0x94b008aa00579c1307b0ef2c499ad98a8ce58e58,USDT,5880167.628,5879522.568
optimism,5/12/2025 0:00,0x68f180fcce6836688e9084f035309e29bf0a2095,WBTC,31.38612943,3252046.352
optimism,5/12/2025 0:00,0x4200000000000000000000000000000000000006,WETH,11503.42611,28950253
arbitrum,5/13/2025 0:00,0xaf88d065e77c8cc2239327c5edb3a432268e5831,USDC,334979133.3,334900742.5
arbitrum,5/13/2025 0:00,0xfd086bc7cd5c481dcc9c85ebe478a1c0b69fcbb9,USDT,95220258.35,95212828.06
arbitrum,5/13/2025 0:00,0x2f2a2543b76a4166549f7aab2e75bef0aefc5b0f,WBTC,961.8582778,99459306.81
arbitrum,5/13/2025 0:00,0x82af49447d8a07e3bd95bd0d56f35241523fbab1,WETH,148959.1481,379474121
arbitrum,5/13/2025 0:00,0xcbb7c0000ab88b473b1f5afd9ef808440eed33bf,cbBTC,3.00202817,309168.3539
base,5/13/2025 0:00,0x833589fcd6edb6e08f4c7c32d4f71b54bda02913,USDC,443709803.2,443619972.6
base,5/13/2025 0:00,0xfde4c96c8593536e31f229ea8f37b2ada2699bb2,USDT,15529618.66,15516423.24
base,5/13/2025 0:00,0x4200000000000000000000000000000000000006,WETH,251908.5372,642971148.6
base,5/13/2025 0:00,0xcbb7c0000ab88b473b1f5afd9ef808440eed33bf,cbBTC,1641.844442,169866240.3
optimism,5/13/2025 0:00,0x0b2c639c533813f4aa9d7837caf62653d097ff85,USDC,19205047.85,19200358.52
optimism,5/13/2025 0:00,0x94b008aa00579c1307b0ef2c499ad98a8ce58e58,USDT,3676185.396,3675575.748
optimism,5/13/2025 0:00,0x68f180fcce6836688e9084f035309e29bf0a2095,WBTC,26.12208406,2703683.214
optimism,5/13/2025 0:00,0x4200000000000000000000000000000000000006,WETH,10694.96024,27378097.12
arbitrum,5/14/2025 0:00,0xaf88d065e77c8cc2239327c5edb3a432268e5831,USDC,282662513.2,282698924.6
arbitrum,5/14/2025 0:00,0xfd086bc7cd5c481dcc9c85ebe478a1c0b69fcbb9,USDT,92192191.22,92221456.56
arbitrum,5/14/2025 0:00,0x2f2a2543b76a4166549f7aab2e75bef0aefc5b0f,WBTC,887.7140314,91911757.95
arbitrum,5/14/2025 0:00,0x82af49447d8a07e3bd95bd0d56f35241523fbab1,WETH,124762.4899,327143199.8
arbitrum,5/14/2025 0:00,0xcbb7c0000ab88b473b1f5afd9ef808440eed33bf,cbBTC,5.96164601,618868.0332
base,5/14/2025 0:00,0x833589fcd6edb6e08f4c7c32d4f71b54bda02913,USDC,380657124.4,380700921.5
base,5/14/2025 0:00,0xfde4c96c8593536e31f229ea8f37b2ada2699bb2,USDT,10037403.68,10032275.45
base,5/14/2025 0:00,0x4200000000000000000000000000000000000006,WETH,195516.6359,513120130.5
base,5/14/2025 0:00,0xcbb7c0000ab88b473b1f5afd9ef808440eed33bf,cbBTC,1348.817983,139915385.5
optimism,5/14/2025 0:00,0x0b2c639c533813f4aa9d7837caf62653d097ff85,USDC,17723382.57,17724905.76
optimism,5/14/2025 0:00,0x94b008aa00579c1307b0ef2c499ad98a8ce58e58,USDT,3391459.809,3391814.962
optimism,5/14/2025 0:00,0x68f180fcce6836688e9084f035309e29bf0a2095,WBTC,29.48422279,3052259.974
optimism,5/14/2025 0:00,0x4200000000000000000000000000000000000006,WETH,8918.46771,23430700.77
arbitrum,5/15/2025 0:00,0xaf88d065e77c8cc2239327c5edb3a432268e5831,USDC,345389364.7,345575914
arbitrum,5/15/2025 0:00,0xfd086bc7cd5c481dcc9c85ebe478a1c0b69fcbb9,USDT,122379697.4,122484275.8
arbitrum,5/15/2025 0:00,0x2f2a2543b76a4166549f7aab2e75bef0aefc5b0f,WBTC,1056.458766,108552370.8
arbitrum,5/15/2025 0:00,0x82af49447d8a07e3bd95bd0d56f35241523fbab1,WETH,150855.3446,385501675.5
arbitrum,5/15/2025 0:00,0xcbb7c0000ab88b473b1f5afd9ef808440eed33bf,cbBTC,4.51024179,464584.915
base,5/15/2025 0:00,0x833589fcd6edb6e08f4c7c32d4f71b54bda02913,USDC,349662027.9,349864195.9
base,5/15/2025 0:00,0xfde4c96c8593536e31f229ea8f37b2ada2699bb2,USDT,7710465.401,7711198.15
base,5/15/2025 0:00,0x4200000000000000000000000000000000000006,WETH,186065.8053,476024667.7
base,5/15/2025 0:00,0xcbb7c0000ab88b473b1f5afd9ef808440eed33bf,cbBTC,1508.220758,155252859
optimism,5/15/2025 0:00,0x0b2c639c533813f4aa9d7837caf62653d097ff85,USDC,19635200.02,19645310.39
optimism,5/15/2025 0:00,0x94b008aa00579c1307b0ef2c499ad98a8ce58e58,USDT,3341722.476,3344571.154
optimism,5/15/2025 0:00,0x68f180fcce6836688e9084f035309e29bf0a2095,WBTC,22.01295931,2261807.843
optimism,5/15/2025 0:00,0x4200000000000000000000000000000000000006,WETH,10649.43366,27260193.68
arbitrum,5/16/2025 0:00,0xaf88d065e77c8cc2239327c5edb3a432268e5831,USDC,240150096.5,240241557.7
arbitrum,5/16/2025 0:00,0xfd086bc7cd5c481dcc9c85ebe478a1c0b69fcbb9,USDT,88160927.59,88226265.09
arbitrum,5/16/2025 0:00,0x2f2a2543b76a4166549f7aab2e75bef0aefc5b0f,WBTC,702.1980933,72841504.27
arbitrum,5/16/2025 0:00,0x82af49447d8a07e3bd95bd0d56f35241523fbab1,WETH,103922.8718,268652022.8
arbitrum,5/16/2025 0:00,0xcbb7c0000ab88b473b1f5afd9ef808440eed33bf,cbBTC,2.07901422,215902.9984
base,5/16/2025 0:00,0x833589fcd6edb6e08f4c7c32d4f71b54bda02913,USDC,287782703.4,287901191.4
base,5/16/2025 0:00,0xfde4c96c8593536e31f229ea8f37b2ada2699bb2,USDT,18560976.12,18563176.05
base,5/16/2025 0:00,0x4200000000000000000000000000000000000006,WETH,153990.5806,398014692.3
base,5/16/2025 0:00,0xcbb7c0000ab88b473b1f5afd9ef808440eed33bf,cbBTC,1124.185571,116853106.5
optimism,5/16/2025 0:00,0x0b2c639c533813f4aa9d7837caf62653d097ff85,USDC,17175219.79,17181549.43
optimism,5/16/2025 0:00,0x94b008aa00579c1307b0ef2c499ad98a8ce58e58,USDT,4122679.95,4126006.832
optimism,5/16/2025 0:00,0x68f180fcce6836688e9084f035309e29bf0a2095,WBTC,18.675767,1937909.572
optimism,5/16/2025 0:00,0x4200000000000000000000000000000000000006,WETH,7058.842663,18251936
arbitrum,5/17/2025 0:00,0xaf88d065e77c8cc2239327c5edb3a432268e5831,USDC,203645099.9,203750300.6
arbitrum,5/17/2025 0:00,0xfd086bc7cd5c481dcc9c85ebe478a1c0b69fcbb9,USDT,71374463.11,71444443.29
arbitrum,5/17/2025 0:00,0x2f2a2543b76a4166549f7aab2e75bef0aefc5b0f,WBTC,598.3095267,61659905.66
arbitrum,5/17/2025 0:00,0x82af49447d8a07e3bd95bd0d56f35241523fbab1,WETH,87664.96144,217893662.3
arbitrum,5/17/2025 0:00,0xcbb7c0000ab88b473b1f5afd9ef808440eed33bf,cbBTC,3.82726244,394498.865
base,5/17/2025 0:00,0x833589fcd6edb6e08f4c7c32d4f71b54bda02913,USDC,246783061.2,246896984
base,5/17/2025 0:00,0xfde4c96c8593536e31f229ea8f37b2ada2699bb2,USDT,18120892.46,18143013.66
base,5/17/2025 0:00,0x4200000000000000000000000000000000000006,WETH,130385.0742,323957510.4
base,5/17/2025 0:00,0xcbb7c0000ab88b473b1f5afd9ef808440eed33bf,cbBTC,1029.668103,106402643.7
optimism,5/17/2025 0:00,0x0b2c639c533813f4aa9d7837caf62653d097ff85,USDC,14181863.38,14189102.45
optimism,5/17/2025 0:00,0x94b008aa00579c1307b0ef2c499ad98a8ce58e58,USDT,3218035.634,3221261.629
optimism,5/17/2025 0:00,0x68f180fcce6836688e9084f035309e29bf0a2095,WBTC,13.26980951,1367406.638
optimism,5/17/2025 0:00,0x4200000000000000000000000000000000000006,WETH,5653.834552,14047954.6
arbitrum,5/18/2025 0:00,0xaf88d065e77c8cc2239327c5edb3a432268e5831,USDC,281704489.3,281826743.1
arbitrum,5/18/2025 0:00,0xfd086bc7cd5c481dcc9c85ebe478a1c0b69fcbb9,USDT,84396053.38,84484181.25
arbitrum,5/18/2025 0:00,0x2f2a2543b76a4166549f7aab2e75bef0aefc5b0f,WBTC,977.2887108,102144554.2
arbitrum,5/18/2025 0:00,0x82af49447d8a07e3bd95bd0d56f35241523fbab1,WETH,126776.2998,314223703.6
arbitrum,5/18/2025 0:00,0xcbb7c0000ab88b473b1f5afd9ef808440eed33bf,cbBTC,1.66825896,174083.0497
base,5/18/2025 0:00,0x833589fcd6edb6e08f4c7c32d4f71b54bda02913,USDC,310482256.2,310619471.3
base,5/18/2025 0:00,0xfde4c96c8593536e31f229ea8f37b2ada2699bb2,USDT,12644815.53,12661692
base,5/18/2025 0:00,0x4200000000000000000000000000000000000006,WETH,176929.3155,439965094.8
base,5/18/2025 0:00,0xcbb7c0000ab88b473b1f5afd9ef808440eed33bf,cbBTC,1394.113431,146077826.6
optimism,5/18/2025 0:00,0x0b2c639c533813f4aa9d7837caf62653d097ff85,USDC,18998810.27,19006789.43
optimism,5/18/2025 0:00,0x94b008aa00579c1307b0ef2c499ad98a8ce58e58,USDT,6437586.285,6443310.326
optimism,5/18/2025 0:00,0x68f180fcce6836688e9084f035309e29bf0a2095,WBTC,24.18907021,2525884.082
optimism,5/18/2025 0:00,0x4200000000000000000000000000000000000006,WETH,7890.081131,19565643.65
arbitrum,5/19/2025 0:00,0xaf88d065e77c8cc2239327c5edb3a432268e5831,USDC,334080489.5,334178987.9
arbitrum,5/19/2025 0:00,0xfd086bc7cd5c481dcc9c85ebe478a1c0b69fcbb9,USDT,81684976.56,81733474.63
arbitrum,5/19/2025 0:00,0x2f2a2543b76a4166549f7aab2e75bef0aefc5b0f,WBTC,1156.523077,120549409.2
arbitrum,5/19/2025 0:00,0x82af49447d8a07e3bd95bd0d56f35241523fbab1,WETH,155844.5201,380823833.4
arbitrum,5/19/2025 0:00,0xcbb7c0000ab88b473b1f5afd9ef808440eed33bf,cbBTC,0.63323082,66260.38205
base,5/19/2025 0:00,0x833589fcd6edb6e08f4c7c32d4f71b54bda02913,USDC,395438016.3,395553370
base,5/19/2025 0:00,0xfde4c96c8593536e31f229ea8f37b2ada2699bb2,USDT,25508527.28,25530091.67
base,5/19/2025 0:00,0x4200000000000000000000000000000000000006,WETH,196986.1131,481444497.9
base,5/19/2025 0:00,0xcbb7c0000ab88b473b1f5afd9ef808440eed33bf,cbBTC,1716.081562,179010971.6
optimism,5/19/2025 0:00,0x0b2c639c533813f4aa9d7837caf62653d097ff85,USDC,21990519.82,21996890.32
optimism,5/19/2025 0:00,0x94b008aa00579c1307b0ef2c499ad98a8ce58e58,USDT,5619361.407,5622419.786
optimism,5/19/2025 0:00,0x68f180fcce6836688e9084f035309e29bf0a2095,WBTC,30.70943537,3208657.973
optimism,5/19/2025 0:00,0x4200000000000000000000000000000000000006,WETH,9400.888104,22995654.64
arbitrum,5/20/2025 0:00,0xaf88d065e77c8cc2239327c5edb3a432268e5831,USDC,288165462.9,288237035.7
arbitrum,5/20/2025 0:00,0xfd086bc7cd5c481dcc9c85ebe478a1c0b69fcbb9,USDT,79425275.52,79484501.87
arbitrum,5/20/2025 0:00,0x2f2a2543b76a4166549f7aab2e75bef0aefc5b0f,WBTC,938.8466859,99182709.4
arbitrum,5/20/2025 0:00,0x82af49447d8a07e3bd95bd0d56f35241523fbab1,WETH,119285.1488,300019906.4
arbitrum,5/20/2025 0:00,0xcbb7c0000ab88b473b1f5afd9ef808440eed33bf,cbBTC,2.64849697,281049.6032
base,5/20/2025 0:00,0x833589fcd6edb6e08f4c7c32d4f71b54bda02913,USDC,371143314.9,371243001.4
base,5/20/2025 0:00,0xfde4c96c8593536e31f229ea8f37b2ada2699bb2,USDT,45217785.78,45251513.37
base,5/20/2025 0:00,0x4200000000000000000000000000000000000006,WETH,283035.3864,706960847.3
base,5/20/2025 0:00,0xcbb7c0000ab88b473b1f5afd9ef808440eed33bf,cbBTC,1545.43353,163665278.7
optimism,5/20/2025 0:00,0x0b2c639c533813f4aa9d7837caf62653d097ff85,USDC,19018372.6,19022649.71
optimism,5/20/2025 0:00,0x94b008aa00579c1307b0ef2c499ad98a8ce58e58,USDT,5822672.832,5826505.483
optimism,5/20/2025 0:00,0x68f180fcce6836688e9084f035309e29bf0a2095,WBTC,21.21016953,2241340.66
optimism,5/20/2025 0:00,0x4200000000000000000000000000000000000006,WETH,8414.441399,21169278
arbitrum,5/21/2025 0:00,0xaf88d065e77c8cc2239327c5edb3a432268e5831,USDC,426923718.9,427003714
arbitrum,5/21/2025 0:00,0xfd086bc7cd5c481dcc9c85ebe478a1c0b69fcbb9,USDT,130761265.2,130873168.3
arbitrum,5/21/2025 0:00,0x2f2a2543b76a4166549f7aab2e75bef0aefc5b0f,WBTC,995.8121326,107017633.9
arbitrum,5/21/2025 0:00,0x82af49447d8a07e3bd95bd0d56f35241523fbab1,WETH,176447.8048,447860195.1
arbitrum,5/21/2025 0:00,0xcbb7c0000ab88b473b1f5afd9ef808440eed33bf,cbBTC,8.17723943,887289.7712
base,5/21/2025 0:00,0x833589fcd6edb6e08f4c7c32d4f71b54bda02913,USDC,491311403.8,491384452.9
base,5/21/2025 0:00,0xfde4c96c8593536e31f229ea8f37b2ada2699bb2,USDT,68642757.12,68687531.22
base,5/21/2025 0:00,0x4200000000000000000000000000000000000006,WETH,202459.9196,513950562.6
base,5/21/2025 0:00,0xcbb7c0000ab88b473b1f5afd9ef808440eed33bf,cbBTC,1835.254696,197843308.8
optimism,5/21/2025 0:00,0x0b2c639c533813f4aa9d7837caf62653d097ff85,USDC,23135227.45,23138130.3
optimism,5/21/2025 0:00,0x94b008aa00579c1307b0ef2c499ad98a8ce58e58,USDT,5561280.323,5565003.155
optimism,5/21/2025 0:00,0x68f180fcce6836688e9084f035309e29bf0a2095,WBTC,25.14256738,2703551.816
optimism,5/21/2025 0:00,0x4200000000000000000000000000000000000006,WETH,10766.53873,27318916.9
arbitrum,5/22/2025 0:00,0xaf88d065e77c8cc2239327c5edb3a432268e5831,USDC,323437109,323435682.5
arbitrum,5/22/2025 0:00,0xfd086bc7cd5c481dcc9c85ebe478a1c0b69fcbb9,USDT,116982096.9,117046272.1
arbitrum,5/22/2025 0:00,0x2f2a2543b76a4166549f7aab2e75bef0aefc5b0f,WBTC,760.9487799,84227995.9
arbitrum,5/22/2025 0:00,0x82af49447d8a07e3bd95bd0d56f35241523fbab1,WETH,129850.9927,341725231.3
arbitrum,5/22/2025 0:00,0xcbb7c0000ab88b473b1f5afd9ef808440eed33bf,cbBTC,0.98850663,109546.8671
base,5/22/2025 0:00,0x833589fcd6edb6e08f4c7c32d4f71b54bda02913,USDC,395204748.5,395210504.7
base,5/22/2025 0:00,0xfde4c96c8593536e31f229ea8f37b2ada2699bb2,USDT,52901900.42,52927043.82
base,5/22/2025 0:00,0x4200000000000000000000000000000000000006,WETH,188964.6309,497711349.8
base,5/22/2025 0:00,0xcbb7c0000ab88b473b1f5afd9ef808440eed33bf,cbBTC,1321.968288,146723145.3
optimism,5/22/2025 0:00,0x0b2c639c533813f4aa9d7837caf62653d097ff85,USDC,21645865.66,21644171.63
optimism,5/22/2025 0:00,0x94b008aa00579c1307b0ef2c499ad98a8ce58e58,USDT,5422809.926,5424042.892
optimism,5/22/2025 0:00,0x68f180fcce6836688e9084f035309e29bf0a2095,WBTC,23.5631577,2608381.053
optimism,5/22/2025 0:00,0x4200000000000000000000000000000000000006,WETH,10279.73878,27090588.18
arbitrum,5/23/2025 0:00,0xaf88d065e77c8cc2239327c5edb3a432268e5831,USDC,348515531.1,348618312.9
arbitrum,5/23/2025 0:00,0xfd086bc7cd5c481dcc9c85ebe478a1c0b69fcbb9,USDT,113145290,113222671.2
arbitrum,5/23/2025 0:00,0x2f2a2543b76a4166549f7aab2e75bef0aefc5b0f,WBTC,923.8481136,101181782.6
arbitrum,5/23/2025 0:00,0x82af49447d8a07e3bd95bd0d56f35241523fbab1,WETH,138131.6136,360306476.9
arbitrum,5/23/2025 0:00,0xcbb7c0000ab88b473b1f5afd9ef808440eed33bf,cbBTC,3.89789817,428569.7024
base,5/23/2025 0:00,0x833589fcd6edb6e08f4c7c32d4f71b54bda02913,USDC,428187641.3,428283463.6
base,5/23/2025 0:00,0xfde4c96c8593536e31f229ea8f37b2ada2699bb2,USDT,4258374.395,4258907.475
base,5/23/2025 0:00,0x4200000000000000000000000000000000000006,WETH,217917.7656,568978647.5
base,5/23/2025 0:00,0xcbb7c0000ab88b473b1f5afd9ef808440eed33bf,cbBTC,1455.301491,159768344.6
optimism,5/23/2025 0:00,0x0b2c639c533813f4aa9d7837caf62653d097ff85,USDC,27042612.8,27047727.63
optimism,5/23/2025 0:00,0x94b008aa00579c1307b0ef2c499ad98a8ce58e58,USDT,6484551.48,6487369.274
optimism,5/23/2025 0:00,0x68f180fcce6836688e9084f035309e29bf0a2095,WBTC,30.78406781,3376600.553
optimism,5/23/2025 0:00,0x4200000000000000000000000000000000000006,WETH,10521.05919,27495962
arbitrum,5/24/2025 0:00,0xaf88d065e77c8cc2239327c5edb3a432268e5831,USDC,134250263.5,134281347.1
arbitrum,5/24/2025 0:00,0xfd086bc7cd5c481dcc9c85ebe478a1c0b69fcbb9,USDT,56775158.77,56808964.46
arbitrum,5/24/2025 0:00,0x2f2a2543b76a4166549f7aab2e75bef0aefc5b0f,WBTC,396.007523,42819028.53
arbitrum,5/24/2025 0:00,0x82af49447d8a07e3bd95bd0d56f35241523fbab1,WETH,50819.91954,129416347
arbitrum,5/24/2025 0:00,0xcbb7c0000ab88b473b1f5afd9ef808440eed33bf,cbBTC,0.61508066,66676.52355
base,5/24/2025 0:00,0x833589fcd6edb6e08f4c7c32d4f71b54bda02913,USDC,171537377.7,171573530.5
base,5/24/2025 0:00,0xfde4c96c8593536e31f229ea8f37b2ada2699bb2,USDT,2617370.307,2616871.271
base,5/24/2025 0:00,0x4200000000000000000000000000000000000006,WETH,103556.4516,263934468.2
base,5/24/2025 0:00,0xcbb7c0000ab88b473b1f5afd9ef808440eed33bf,cbBTC,613.6211634,66564676.28
optimism,5/24/2025 0:00,0x0b2c639c533813f4aa9d7837caf62653d097ff85,USDC,9326786.071,9328469.28
optimism,5/24/2025 0:00,0x94b008aa00579c1307b0ef2c499ad98a8ce58e58,USDT,2011917.397,2012940.602
optimism,5/24/2025 0:00,0x68f180fcce6836688e9084f035309e29bf0a2095,WBTC,10.70401171,1158838.844
optimism,5/24/2025 0:00,0x4200000000000000000000000000000000000006,WETH,4863.682555,12398856.08
arbitrum,5/25/2025 0:00,0xaf88d065e77c8cc2239327c5edb3a432268e5831,USDC,164891152.8,164955748.4
arbitrum,5/25/2025 0:00,0xfd086bc7cd5c481dcc9c85ebe478a1c0b69fcbb9,USDT,65414213.34,65464811.78
arbitrum,5/25/2025 0:00,0x2f2a2543b76a4166549f7aab2e75bef0aefc5b0f,WBTC,432.1867852,46493822.07
arbitrum,5/25/2025 0:00,0x82af49447d8a07e3bd95bd0d56f35241523fbab1,WETH,65036.28093,163263966.8
arbitrum,5/25/2025 0:00,0xcbb7c0000ab88b473b1f5afd9ef808440eed33bf,cbBTC,0.23664517,25546.30471
base,5/25/2025 0:00,0x833589fcd6edb6e08f4c7c32d4f71b54bda02913,USDC,204360151.9,204427932.9
base,5/25/2025 0:00,0xfde4c96c8593536e31f229ea8f37b2ada2699bb2,USDT,3923766.604,3925992.431
base,5/25/2025 0:00,0x4200000000000000000000000000000000000006,WETH,115732.5418,290542001.3
base,5/25/2025 0:00,0xcbb7c0000ab88b473b1f5afd9ef808440eed33bf,cbBTC,744.8458916,80305251.16
optimism,5/25/2025 0:00,0x0b2c639c533813f4aa9d7837caf62653d097ff85,USDC,10407115.06,10410637.36
optimism,5/25/2025 0:00,0x94b008aa00579c1307b0ef2c499ad98a8ce58e58,USDT,2291223.984,2292824.636
optimism,5/25/2025 0:00,0x68f180fcce6836688e9084f035309e29bf0a2095,WBTC,15.06398258,1619846.018
optimism,5/25/2025 0:00,0x4200000000000000000000000000000000000006,WETH,5017.646686,12592053.96
arbitrum,5/26/2025 0:00,0xaf88d065e77c8cc2239327c5edb3a432268e5831,USDC,142476136.8,142500069.9
arbitrum,5/26/2025 0:00,0xfd086bc7cd5c481dcc9c85ebe478a1c0b69fcbb9,USDT,48280811.12,48317622.05
arbitrum,5/26/2025 0:00,0x2f2a2543b76a4166549f7aab2e75bef0aefc5b0f,WBTC,338.9568867,37089897.22
arbitrum,5/26/2025 0:00,0x82af49447d8a07e3bd95bd0d56f35241523fbab1,WETH,57333.82305,146775637.3
arbitrum,5/26/2025 0:00,0xcbb7c0000ab88b473b1f5afd9ef808440eed33bf,cbBTC,1.00379817,110209.2553
base,5/26/2025 0:00,0x833589fcd6edb6e08f4c7c32d4f71b54bda02913,USDC,212823368.4,212850677
base,5/26/2025 0:00,0xfde4c96c8593536e31f229ea8f37b2ada2699bb2,USDT,3419381.618,3418072.476
base,5/26/2025 0:00,0x4200000000000000000000000000000000000006,WETH,120544.3102,308657695.2
base,5/26/2025 0:00,0xcbb7c0000ab88b473b1f5afd9ef808440eed33bf,cbBTC,750.2624948,82293303.34
optimism,5/26/2025 0:00,0x0b2c639c533813f4aa9d7837caf62653d097ff85,USDC,9135838.552,9136973.907
optimism,5/26/2025 0:00,0x94b008aa00579c1307b0ef2c499ad98a8ce58e58,USDT,1825919.751,1827124.833
optimism,5/26/2025 0:00,0x68f180fcce6836688e9084f035309e29bf0a2095,WBTC,8.11199567,887779.056
optimism,5/26/2025 0:00,0x4200000000000000000000000000000000000006,WETH,4430.861191,11347826.84
arbitrum,5/27/2025 0:00,0xaf88d065e77c8cc2239327c5edb3a432268e5831,USDC,244599925,244636992.4
arbitrum,5/27/2025 0:00,0xfd086bc7cd5c481dcc9c85ebe478a1c0b69fcbb9,USDT,84174531.61,84235348.37
arbitrum,5/27/2025 0:00,0x2f2a2543b76a4166549f7aab2e75bef0aefc5b0f,WBTC,664.5828277,72712386.6
arbitrum,5/27/2025 0:00,0x82af49447d8a07e3bd95bd0d56f35241523fbab1,WETH,103620.7393,272487095.5
arbitrum,5/27/2025 0:00,0xcbb7c0000ab88b473b1f5afd9ef808440eed33bf,cbBTC,1.61802348,176846.0862
base,5/27/2025 0:00,0x833589fcd6edb6e08f4c7c32d4f71b54bda02913,USDC,285857481.2,285888680.2
base,5/27/2025 0:00,0xfde4c96c8593536e31f229ea8f37b2ada2699bb2,USDT,3152958.896,3151909.262
base,5/27/2025 0:00,0x4200000000000000000000000000000000000006,WETH,163821.3547,431091476.1
base,5/27/2025 0:00,0xcbb7c0000ab88b473b1f5afd9ef808440eed33bf,cbBTC,1128.369228,123632796.2
optimism,5/27/2025 0:00,0x0b2c639c533813f4aa9d7837caf62653d097ff85,USDC,15593603.06,15594993.87
optimism,5/27/2025 0:00,0x94b008aa00579c1307b0ef2c499ad98a8ce58e58,USDT,3746726.443,3748814.944
optimism,5/27/2025 0:00,0x68f180fcce6836688e9084f035309e29bf0a2095,WBTC,19.13184402,2095401.056
optimism,5/27/2025 0:00,0x4200000000000000000000000000000000000006,WETH,8247.007308,21713821.3
arbitrum,5/28/2025 0:00,0xaf88d065e77c8cc2239327c5edb3a432268e5831,USDC,208491127.4,208536702.3
arbitrum,5/28/2025 0:00,0xfd086bc7cd5c481dcc9c85ebe478a1c0b69fcbb9,USDT,60524853.43,60572283.6
arbitrum,5/28/2025 0:00,0x2f2a2543b76a4166549f7aab2e75bef0aefc5b0f,WBTC,478.5755171,51724682.72
arbitrum,5/28/2025 0:00,0x82af49447d8a07e3bd95bd0d56f35241523fbab1,WETH,85458.84663,226067907.8
arbitrum,5/28/2025 0:00,0xcbb7c0000ab88b473b1f5afd9ef808440eed33bf,cbBTC,3.8526119,413953.285
base,5/28/2025 0:00,0x833589fcd6edb6e08f4c7c32d4f71b54bda02913,USDC,243041987.5,243086914.8
base,5/28/2025 0:00,0xfde4c96c8593536e31f229ea8f37b2ada2699bb2,USDT,2251167.62,2250851.901
base,5/28/2025 0:00,0x4200000000000000000000000000000000000006,WETH,129720.4346,343082867.6
base,5/28/2025 0:00,0xcbb7c0000ab88b473b1f5afd9ef808440eed33bf,cbBTC,870.4962289,94253208.33
optimism,5/28/2025 0:00,0x0b2c639c533813f4aa9d7837caf62653d097ff85,USDC,17065389.56,17068460.91
optimism,5/28/2025 0:00,0x94b008aa00579c1307b0ef2c499ad98a8ce58e58,USDT,2391257.274,2392882.535
optimism,5/28/2025 0:00,0x68f180fcce6836688e9084f035309e29bf0a2095,WBTC,14.66084237,1585849.976
optimism,5/28/2025 0:00,0x4200000000000000000000000000000000000006,WETH,7606.104765,20110211.95
arbitrum,5/29/2025 0:00,0xaf88d065e77c8cc2239327c5edb3a432268e5831,USDC,276418404.7,276489411.8
arbitrum,5/29/2025 0:00,0xfd086bc7cd5c481dcc9c85ebe478a1c0b69fcbb9,USDT,84600329.84,84660898.68
arbitrum,5/29/2025 0:00,0x2f2a2543b76a4166549f7aab2e75bef0aefc5b0f,WBTC,799.2369144,85885033.69
arbitrum,5/29/2025 0:00,0x82af49447d8a07e3bd95bd0d56f35241523fbab1,WETH,111274.8749,299340667.2
arbitrum,5/29/2025 0:00,0xcbb7c0000ab88b473b1f5afd9ef808440eed33bf,cbBTC,6.75215994,730070.7308
base,5/29/2025 0:00,0x833589fcd6edb6e08f4c7c32d4f71b54bda02913,USDC,338190639.5,338265042.4
base,5/29/2025 0:00,0xfde4c96c8593536e31f229ea8f37b2ada2699bb2,USDT,3994203.105,3993735.849
base,5/29/2025 0:00,0x4200000000000000000000000000000000000006,WETH,159493.7463,429658770.5
base,5/29/2025 0:00,0xcbb7c0000ab88b473b1f5afd9ef808440eed33bf,cbBTC,1329.221528,143053639.9
optimism,5/29/2025 0:00,0x0b2c639c533813f4aa9d7837caf62653d097ff85,USDC,19840216.88,19844687.71
optimism,5/29/2025 0:00,0x94b008aa00579c1307b0ef2c499ad98a8ce58e58,USDT,4156851.494,4159728.373
optimism,5/29/2025 0:00,0x68f180fcce6836688e9084f035309e29bf0a2095,WBTC,25.34099604,2725659.737
optimism,5/29/2025 0:00,0x4200000000000000000000000000000000000006,WETH,8491.071552,22902221.18
arbitrum,5/30/2025 0:00,0xaf88d065e77c8cc2239327c5edb3a432268e5831,USDC,295977159.4,296087135.8
arbitrum,5/30/2025 0:00,0xfd086bc7cd5c481dcc9c85ebe478a1c0b69fcbb9,USDT,88446566.55,88529509.12
arbitrum,5/30/2025 0:00,0x2f2a2543b76a4166549f7aab2e75bef0aefc5b0f,WBTC,888.0902162,93399878.31
arbitrum,5/30/2025 0:00,0x82af49447d8a07e3bd95bd0d56f35241523fbab1,WETH,122596.8711,317998303.8
arbitrum,5/30/2025 0:00,0xcbb7c0000ab88b473b1f5afd9ef808440eed33bf,cbBTC,1.33093908,140428.4581
base,5/30/2025 0:00,0x833589fcd6edb6e08f4c7c32d4f71b54bda02913,USDC,337465912.1,337591404.6
base,5/30/2025 0:00,0xfde4c96c8593536e31f229ea8f37b2ada2699bb2,USDT,4387052.658,4388217.147
base,5/30/2025 0:00,0x4200000000000000000000000000000000000006,WETH,165722.1977,430234623.4
base,5/30/2025 0:00,0xcbb7c0000ab88b473b1f5afd9ef808440eed33bf,cbBTC,1341.112772,141314732.6
optimism,5/30/2025 0:00,0x0b2c639c533813f4aa9d7837caf62653d097ff85,USDC,18191326.27,18198068.76
optimism,5/30/2025 0:00,0x94b008aa00579c1307b0ef2c499ad98a8ce58e58,USDT,4133289.345,4136794.076
optimism,5/30/2025 0:00,0x68f180fcce6836688e9084f035309e29bf0a2095,WBTC,18.66979855,1964935.636
optimism,5/30/2025 0:00,0x4200000000000000000000000000000000000006,WETH,8900.731946,23092937.42
arbitrum,5/31/2025 0:00,0xaf88d065e77c8cc2239327c5edb3a432268e5831,USDC,165569101.1,165666077.3
arbitrum,5/31/2025 0:00,0xfd086bc7cd5c481dcc9c85ebe478a1c0b69fcbb9,USDT,56716624.96,56783851.36
arbitrum,5/31/2025 0:00,0x2f2a2543b76a4166549f7aab2e75bef0aefc5b0f,WBTC,437.1031971,45455967.61
arbitrum,5/31/2025 0:00,0x82af49447d8a07e3bd95bd0d56f35241523fbab1,WETH,68289.4473,172256572.2
arbitrum,5/31/2025 0:00,0xcbb7c0000ab88b473b1f5afd9ef808440eed33bf,cbBTC,0.72801171,76050.22405
base,5/31/2025 0:00,0x833589fcd6edb6e08f4c7c32d4f71b54bda02913,USDC,183870288.8,183974191.3
base,5/31/2025 0:00,0xfde4c96c8593536e31f229ea8f37b2ada2699bb2,USDT,6335859.049,6338843.701
base,5/31/2025 0:00,0x4200000000000000000000000000000000000006,WETH,112159.8443,283363253.3
base,5/31/2025 0:00,0xcbb7c0000ab88b473b1f5afd9ef808440eed33bf,cbBTC,806.392752,84015695.92
optimism,5/31/2025 0:00,0x0b2c639c533813f4aa9d7837caf62653d097ff85,USDC,11710370.06,11717266.21
optimism,5/31/2025 0:00,0x94b008aa00579c1307b0ef2c499ad98a8ce58e58,USDT,2175359.414,2177961.698
optimism,5/31/2025 0:00,0x68f180fcce6836688e9084f035309e29bf0a2095,WBTC,11.26002728,1170351.353
optimism,5/31/2025 0:00,0x4200000000000000000000000000000000000006,WETH,6534.548695,16515761.99
arbitrum,6/1/2025 0:00,0xaf88d065e77c8cc2239327c5edb3a432268e5831,USDC,132760237.6,132856002.2
arbitrum,6/1/2025 0:00,0xfd086bc7cd5c481dcc9c85ebe478a1c0b69fcbb9,USDT,48168662.29,48227311.71
arbitrum,6/1/2025 0:00,0x2f2a2543b76a4166549f7aab2e75bef0aefc5b0f,WBTC,352.8111859,36907381.94
arbitrum,6/1/2025 0:00,0x82af49447d8a07e3bd95bd0d56f35241523fbab1,WETH,53636.84452,135017475.3
arbitrum,6/1/2025 0:00,0xcbb7c0000ab88b473b1f5afd9ef808440eed33bf,cbBTC,4.61836649,485325.2254
base,6/1/2025 0:00,0x833589fcd6edb6e08f4c7c32d4f71b54bda02913,USDC,165531136.4,165631901.9
base,6/1/2025 0:00,0xfde4c96c8593536e31f229ea8f37b2ada2699bb2,USDT,3431878.852,3434767.63
base,6/1/2025 0:00,0x4200000000000000000000000000000000000006,WETH,104658.5551,263509099.2
base,6/1/2025 0:00,0xcbb7c0000ab88b473b1f5afd9ef808440eed33bf,cbBTC,761.0661097,79764284.48
optimism,6/1/2025 0:00,0x0b2c639c533813f4aa9d7837caf62653d097ff85,USDC,10033331.77,10039078.57
optimism,6/1/2025 0:00,0x94b008aa00579c1307b0ef2c499ad98a8ce58e58,USDT,1478830.299,1480560.556
optimism,6/1/2025 0:00,0x68f180fcce6836688e9084f035309e29bf0a2095,WBTC,12.8185014,1338873.628
optimism,6/1/2025 0:00,0x4200000000000000000000000000000000000006,WETH,5024.001879,12646616.54
arbitrum,6/2/2025 0:00,0xaf88d065e77c8cc2239327c5edb3a432268e5831,USDC,193779686.3,193846367.9
arbitrum,6/2/2025 0:00,0xfd086bc7cd5c481dcc9c85ebe478a1c0b69fcbb9,USDT,60767447.68,60823489.65
arbitrum,6/2/2025 0:00,0x2f2a2543b76a4166549f7aab2e75bef0aefc5b0f,WBTC,497.3494179,52101431.19
arbitrum,6/2/2025 0:00,0x82af49447d8a07e3bd95bd0d56f35241523fbab1,WETH,83354.69,210759465.6
arbitrum,6/2/2025 0:00,0xcbb7c0000ab88b473b1f5afd9ef808440eed33bf,cbBTC,5.04693862,531687.827
base,6/2/2025 0:00,0x833589fcd6edb6e08f4c7c32d4f71b54bda02913,USDC,237135906.7,237211232.6
base,6/2/2025 0:00,0xfde4c96c8593536e31f229ea8f37b2ada2699bb2,USDT,2539561.91,2541175.079
base,6/2/2025 0:00,0x4200000000000000000000000000000000000006,WETH,137946.0526,348632319.3
base,6/2/2025 0:00,0xcbb7c0000ab88b473b1f5afd9ef808440eed33bf,cbBTC,935.1256384,98101426
optimism,6/2/2025 0:00,0x0b2c639c533813f4aa9d7837caf62653d097ff85,USDC,13165521.49,13170103.35
optimism,6/2/2025 0:00,0x94b008aa00579c1307b0ef2c499ad98a8ce58e58,USDT,1810722.866,1812440.794
optimism,6/2/2025 0:00,0x68f180fcce6836688e9084f035309e29bf0a2095,WBTC,12.37698354,1297247.221
optimism,6/2/2025 0:00,0x4200000000000000000000000000000000000006,WETH,6450.440351,16314410.32
arbitrum,6/3/2025 0:00,0xaf88d065e77c8cc2239327c5edb3a432268e5831,USDC,190256033.9,190314867.1
arbitrum,6/3/2025 0:00,0xfd086bc7cd5c481dcc9c85ebe478a1c0b69fcbb9,USDT,64223785.08,64293239.9
arbitrum,6/3/2025 0:00,0x2f2a2543b76a4166549f7aab2e75bef0aefc5b0f,WBTC,489.2501363,51783514.42
arbitrum,6/3/2025 0:00,0x82af49447d8a07e3bd95bd0d56f35241523fbab1,WETH,73459.77687,192293727.1
arbitrum,6/3/2025 0:00,0xcbb7c0000ab88b473b1f5afd9ef808440eed33bf,cbBTC,2.2345688,236642.6206
base,6/3/2025 0:00,0x833589fcd6edb6e08f4c7c32d4f71b54bda02913,USDC,227990472.6,228063629.7
base,6/3/2025 0:00,0xfde4c96c8593536e31f229ea8f37b2ada2699bb2,USDT,3232193.255,3234270.928
base,6/3/2025 0:00,0x4200000000000000000000000000000000000006,WETH,139076.9452,364042184
base,6/3/2025 0:00,0xcbb7c0000ab88b473b1f5afd9ef808440eed33bf,cbBTC,935.1551736,99086711.58
optimism,6/3/2025 0:00,0x0b2c639c533813f4aa9d7837caf62653d097ff85,USDC,12816691.52,12820570.76
optimism,6/3/2025 0:00,0x94b008aa00579c1307b0ef2c499ad98a8ce58e58,USDT,2271796.322,2274242.535
optimism,6/3/2025 0:00,0x68f180fcce6836688e9084f035309e29bf0a2095,WBTC,15.51388496,1640191.957
optimism,6/3/2025 0:00,0x4200000000000000000000000000000000000006,WETH,5260.249278,13769420.17
arbitrum,6/4/2025 0:00,0xaf88d065e77c8cc2239327c5edb3a432268e5831,USDC,173781683.3,173831290.2
arbitrum,6/4/2025 0:00,0xfd086bc7cd5c481dcc9c85ebe478a1c0b69fcbb9,USDT,59607626.23,59673364.34
arbitrum,6/4/2025 0:00,0x2f2a2543b76a4166549f7aab2e75bef0aefc5b0f,WBTC,415.4722984,43730461.2
arbitrum,6/4/2025 0:00,0x82af49447d8a07e3bd95bd0d56f35241523fbab1,WETH,70425.70172,185155207.6
arbitrum,6/4/2025 0:00,0xcbb7c0000ab88b473b1f5afd9ef808440eed33bf,cbBTC,2.18124996,230597.4343
base,6/4/2025 0:00,0x833589fcd6edb6e08f4c7c32d4f71b54bda02913,USDC,215060439.1,215121774.9
base,6/4/2025 0:00,0xfde4c96c8593536e31f229ea8f37b2ada2699bb2,USDT,4527939.061,4532854.777
base,6/4/2025 0:00,0x4200000000000000000000000000000000000006,WETH,128682.8895,338253206.4
base,6/4/2025 0:00,0xcbb7c0000ab88b473b1f5afd9ef808440eed33bf,cbBTC,773.0904734,81431651.82
optimism,6/4/2025 0:00,0x0b2c639c533813f4aa9d7837caf62653d097ff85,USDC,11880794.92,11884190.01
optimism,6/4/2025 0:00,0x94b008aa00579c1307b0ef2c499ad98a8ce58e58,USDT,1978589.125,1980429.818
optimism,6/4/2025 0:00,0x68f180fcce6836688e9084f035309e29bf0a2095,WBTC,19.16536262,2018886.534
optimism,6/4/2025 0:00,0x4200000000000000000000000000000000000006,WETH,5411.393924,14226355.95
arbitrum,6/5/2025 0:00,0xaf88d065e77c8cc2239327c5edb3a432268e5831,USDC,295807516.4,295963392.6
arbitrum,6/5/2025 0:00,0xfd086bc7cd5c481dcc9c85ebe478a1c0b69fcbb9,USDT,85661914.93,85749525.8
arbitrum,6/5/2025 0:00,0x2f2a2543b76a4166549f7aab2e75bef0aefc5b0f,WBTC,849.578084,87558785.2
arbitrum,6/5/2025 0:00,0x82af49447d8a07e3bd95bd0d56f35241523fbab1,WETH,115846.0264,294811907.9
arbitrum,6/5/2025 0:00,0xcbb7c0000ab88b473b1f5afd9ef808440eed33bf,cbBTC,2.26577838,231317.399
base,6/5/2025 0:00,0x833589fcd6edb6e08f4c7c32d4f71b54bda02913,USDC,316520380.5,316690330.1
base,6/5/2025 0:00,0xfde4c96c8593536e31f229ea8f37b2ada2699bb2,USDT,4327024.577,4332940.774
base,6/5/2025 0:00,0x4200000000000000000000000000000000000006,WETH,167296.9102,426957757.7
base,6/5/2025 0:00,0xcbb7c0000ab88b473b1f5afd9ef808440eed33bf,cbBTC,1322.421234,136757027.2
optimism,6/5/2025 0:00,0x0b2c639c533813f4aa9d7837caf62653d097ff85,USDC,21187155.2,21198559.9
optimism,6/5/2025 0:00,0x94b008aa00579c1307b0ef2c499ad98a8ce58e58,USDT,4416280.428,4421009.138
optimism,6/5/2025 0:00,0x68f180fcce6836688e9084f035309e29bf0a2095,WBTC,26.85332391,2766297.657
optimism,6/5/2025 0:00,0x4200000000000000000000000000000000000006,WETH,8344.39565,21220315.09
arbitrum,6/6/2025 0:00,0xaf88d065e77c8cc2239327c5edb3a432268e5831,USDC,189374060.9,189489977.2
arbitrum,6/6/2025 0:00,0xfd086bc7cd5c481dcc9c85ebe478a1c0b69fcbb9,USDT,64710457.09,64788799.74
arbitrum,6/6/2025 0:00,0x2f2a2543b76a4166549f7aab2e75bef0aefc5b0f,WBTC,568.4148377,58887797.01
arbitrum,6/6/2025 0:00,0x82af49447d8a07e3bd95bd0d56f35241523fbab1,WETH,81393.97307,201461917.7
arbitrum,6/6/2025 0:00,0xcbb7c0000ab88b473b1f5afd9ef808440eed33bf,cbBTC,19.91019157,2075148.109
base,6/6/2025 0:00,0x833589fcd6edb6e08f4c7c32d4f71b54bda02913,USDC,208395294.8,208545920.6
base,6/6/2025 0:00,0xfde4c96c8593536e31f229ea8f37b2ada2699bb2,USDT,5381640.922,5386279.429
base,6/6/2025 0:00,0x4200000000000000000000000000000000000006,WETH,138823.2345,343864507.6
base,6/6/2025 0:00,0xcbb7c0000ab88b473b1f5afd9ef808440eed33bf,cbBTC,1016.620116,105556662.7
optimism,6/6/2025 0:00,0x0b2c639c533813f4aa9d7837caf62653d097ff85,USDC,13393107.62,13401472.62
optimism,6/6/2025 0:00,0x94b008aa00579c1307b0ef2c499ad98a8ce58e58,USDT,2300351.293,2303496.592
optimism,6/6/2025 0:00,0x68f180fcce6836688e9084f035309e29bf0a2095,WBTC,18.00692622,1863044.436
optimism,6/6/2025 0:00,0x4200000000000000000000000000000000000006,WETH,6218.354242,15390487.47
arbitrum,6/7/2025 0:00,0xaf88d065e77c8cc2239327c5edb3a432268e5831,USDC,105044662.8,105098924.2
arbitrum,6/7/2025 0:00,0xfd086bc7cd5c481dcc9c85ebe478a1c0b69fcbb9,USDT,47213325.53,47269700.06
arbitrum,6/7/2025 0:00,0x2f2a2543b76a4166549f7aab2e75bef0aefc5b0f,WBTC,218.4555959,22968497.96
arbitrum,6/7/2025 0:00,0x82af49447d8a07e3bd95bd0d56f35241523fbab1,WETH,38248.91882,95775928.52
arbitrum,6/7/2025 0:00,0xcbb7c0000ab88b473b1f5afd9ef808440eed33bf,cbBTC,1.97658394,207282.1502
base,6/7/2025 0:00,0x833589fcd6edb6e08f4c7c32d4f71b54bda02913,USDC,119905155.3,119996154.9
base,6/7/2025 0:00,0xfde4c96c8593536e31f229ea8f37b2ada2699bb2,USDT,1483047.059,1484182.807
base,6/7/2025 0:00,0x4200000000000000000000000000000000000006,WETH,96110.01537,240699085.4
base,6/7/2025 0:00,0xcbb7c0000ab88b473b1f5afd9ef808440eed33bf,cbBTC,557.5037775,58718014.75
optimism,6/7/2025 0:00,0x0b2c639c533813f4aa9d7837caf62653d097ff85,USDC,6262620.854,6265841.898
optimism,6/7/2025 0:00,0x94b008aa00579c1307b0ef2c499ad98a8ce58e58,USDT,1175695.458,1177140.579
optimism,6/7/2025 0:00,0x68f180fcce6836688e9084f035309e29bf0a2095,WBTC,6.15548844,646722.0889
optimism,6/7/2025 0:00,0x4200000000000000000000000000000000000006,WETH,3542.127716,8855918.285
arbitrum,6/8/2025 0:00,0xaf88d065e77c8cc2239327c5edb3a432268e5831,USDC,99207136.63,99263782.84
arbitrum,6/8/2025 0:00,0xfd086bc7cd5c481dcc9c85ebe478a1c0b69fcbb9,USDT,43964316.67,44012913.39
arbitrum,6/8/2025 0:00,0x2f2a2543b76a4166549f7aab2e75bef0aefc5b0f,WBTC,209.5036733,22175046.39
arbitrum,6/8/2025 0:00,0x82af49447d8a07e3bd95bd0d56f35241523fbab1,WETH,33862.1871,85316000.91
arbitrum,6/8/2025 0:00,0xcbb7c0000ab88b473b1f5afd9ef808440eed33bf,cbBTC,0.63663859,67448.01778
base,6/8/2025 0:00,0x833589fcd6edb6e08f4c7c32d4f71b54bda02913,USDC,138290268.8,138368077.8
base,6/8/2025 0:00,0xfde4c96c8593536e31f229ea8f37b2ada2699bb2,USDT,1320016.143,1321190.468
base,6/8/2025 0:00,0x4200000000000000000000000000000000000006,WETH,97271.26059,245162174.8
base,6/8/2025 0:00,0xcbb7c0000ab88b473b1f5afd9ef808440eed33bf,cbBTC,538.5501862,57078999.17
optimism,6/8/2025 0:00,0x0b2c639c533813f4aa9d7837caf62653d097ff85,USDC,6127425.774,6130807.609
optimism,6/8/2025 0:00,0x94b008aa00579c1307b0ef2c499ad98a8ce58e58,USDT,842587.7632,843513.3344
optimism,6/8/2025 0:00,0x68f180fcce6836688e9084f035309e29bf0a2095,WBTC,3.89481642,412432.6773
optimism,6/8/2025 0:00,0x4200000000000000000000000000000000000006,WETH,2576.872042,6492903.021
arbitrum,6/9/2025 0:00,0xaf88d065e77c8cc2239327c5edb3a432268e5831,USDC,189271895.5,189310556.5
arbitrum,6/9/2025 0:00,0xfd086bc7cd5c481dcc9c85ebe478a1c0b69fcbb9,USDT,68061782.23,68118216.51
arbitrum,6/9/2025 0:00,0x2f2a2543b76a4166549f7aab2e75bef0aefc5b0f,WBTC,539.8870282,58274372.79
arbitrum,6/9/2025 0:00,0x82af49447d8a07e3bd95bd0d56f35241523fbab1,WETH,84782.11713,217626428.7
arbitrum,6/9/2025 0:00,0xcbb7c0000ab88b473b1f5afd9ef808440eed33bf,cbBTC,1.07906268,116988.5245
base,6/9/2025 0:00,0x833589fcd6edb6e08f4c7c32d4f71b54bda02913,USDC,261632091.2,261706171.6
base,6/9/2025 0:00,0xfde4c96c8593536e31f229ea8f37b2ada2699bb2,USDT,2864462.243,2867399.422
base,6/9/2025 0:00,0x4200000000000000000000000000000000000006,WETH,178431.8021,456218217.3
base,6/9/2025 0:00,0xcbb7c0000ab88b473b1f5afd9ef808440eed33bf,cbBTC,1134.660376,122522011.7
optimism,6/9/2025 0:00,0x0b2c639c533813f4aa9d7837caf62653d097ff85,USDC,11010015.56,11012366.35
optimism,6/9/2025 0:00,0x94b008aa00579c1307b0ef2c499ad98a8ce58e58,USDT,2105430.251,2106981.394
optimism,6/9/2025 0:00,0x68f180fcce6836688e9084f035309e29bf0a2095,WBTC,16.12540435,1739613.233
optimism,6/9/2025 0:00,0x4200000000000000000000000000000000000006,WETH,5611.650828,14398867.01
arbitrum,6/10/2025 0:00,0xaf88d065e77c8cc2239327c5edb3a432268e5831,USDC,300085533.2,300082540.6
arbitrum,6/10/2025 0:00,0xfd086bc7cd5c481dcc9c85ebe478a1c0b69fcbb9,USDT,83432405.68,83462845.74
arbitrum,6/10/2025 0:00,0x2f2a2543b76a4166549f7aab2e75bef0aefc5b0f,WBTC,926.8193308,101493023.5
arbitrum,6/10/2025 0:00,0x82af49447d8a07e3bd95bd0d56f35241523fbab1,WETH,137414.3109,376039608.7
arbitrum,6/10/2025 0:00,0xcbb7c0000ab88b473b1f5afd9ef808440eed33bf,cbBTC,1.71541858,187738.6672
base,6/10/2025 0:00,0x833589fcd6edb6e08f4c7c32d4f71b54bda02913,USDC,366473408.9,366488640.5
base,6/10/2025 0:00,0xfde4c96c8593536e31f229ea8f37b2ada2699bb2,USDT,2916036.17,2917199.31
base,6/10/2025 0:00,0x4200000000000000000000000000000000000006,WETH,205358.1368,561259602.9
base,6/10/2025 0:00,0xcbb7c0000ab88b473b1f5afd9ef808440eed33bf,cbBTC,1389.88802,152216895.9
optimism,6/10/2025 0:00,0x0b2c639c533813f4aa9d7837caf62653d097ff85,USDC,18370154.66,18369896.27
optimism,6/10/2025 0:00,0x94b008aa00579c1307b0ef2c499ad98a8ce58e58,USDT,2553675.09,2554548.319
optimism,6/10/2025 0:00,0x68f180fcce6836688e9084f035309e29bf0a2095,WBTC,26.87006632,2943917.124
optimism,6/10/2025 0:00,0x4200000000000000000000000000000000000006,WETH,9322.647781,25502947.97
arbitrum,6/11/2025 0:00,0xaf88d065e77c8cc2239327c5edb3a432268e5831,USDC,274304603.8,274336770.8
arbitrum,6/11/2025 0:00,0xfd086bc7cd5c481dcc9c85ebe478a1c0b69fcbb9,USDT,77174173.65,77201111.94
arbitrum,6/11/2025 0:00,0x2f2a2543b76a4166549f7aab2e75bef0aefc5b0f,WBTC,702.2471295,76768173.6
arbitrum,6/11/2025 0:00,0x82af49447d8a07e3bd95bd0d56f35241523fbab1,WETH,111718.5657,313359543.3
arbitrum,6/11/2025 0:00,0xcbb7c0000ab88b473b1f5afd9ef808440eed33bf,cbBTC,1.43763234,156575.8697
base,6/11/2025 0:00,0x833589fcd6edb6e08f4c7c32d4f71b54bda02913,USDC,379811859.5,379850491.8
base,6/11/2025 0:00,0xfde4c96c8593536e31f229ea8f37b2ada2699bb2,USDT,2655065.724,2656631.555
base,6/11/2025 0:00,0x4200000000000000000000000000000000000006,WETH,184582.194,517496487.7
base,6/11/2025 0:00,0xcbb7c0000ab88b473b1f5afd9ef808440eed33bf,cbBTC,1291.991352,141387360.6
optimism,6/11/2025 0:00,0x0b2c639c533813f4aa9d7837caf62653d097ff85,USDC,17420346.17,17421952.92
optimism,6/11/2025 0:00,0x94b008aa00579c1307b0ef2c499ad98a8ce58e58,USDT,3016912.248,3018061.598
optimism,6/11/2025 0:00,0x68f180fcce6836688e9084f035309e29bf0a2095,WBTC,19.21995809,2101899.365
optimism,6/11/2025 0:00,0x4200000000000000000000000000000000000006,WETH,7605.586185,21331998.9
arbitrum,6/12/2025 0:00,0xaf88d065e77c8cc2239327c5edb3a432268e5831,USDC,294758876.1,294892242.4
arbitrum,6/12/2025 0:00,0xfd086bc7cd5c481dcc9c85ebe478a1c0b69fcbb9,USDT,78422666.22,78485638.43
arbitrum,6/12/2025 0:00,0x2f2a2543b76a4166549f7aab2e75bef0aefc5b0f,WBTC,699.1251902,75026494.52
arbitrum,6/12/2025 0:00,0x82af49447d8a07e3bd95bd0d56f35241523fbab1,WETH,111771.235,305202372.2
arbitrum,6/12/2025 0:00,0xcbb7c0000ab88b473b1f5afd9ef808440eed33bf,cbBTC,0.94620958,101305.522
base,6/12/2025 0:00,0x833589fcd6edb6e08f4c7c32d4f71b54bda02913,USDC,401470830.7,401654589.4
base,6/12/2025 0:00,0xfde4c96c8593536e31f229ea8f37b2ada2699bb2,USDT,3199499.207,3203071.354
base,6/12/2025 0:00,0x4200000000000000000000000000000000000006,WETH,183492.7208,501262177.8
base,6/12/2025 0:00,0xcbb7c0000ab88b473b1f5afd9ef808440eed33bf,cbBTC,1333.978223,143316049
optimism,6/12/2025 0:00,0x0b2c639c533813f4aa9d7837caf62653d097ff85,USDC,22473577.04,22483356.29
optimism,6/12/2025 0:00,0x94b008aa00579c1307b0ef2c499ad98a8ce58e58,USDT,6935009.103,6940574.796
optimism,6/12/2025 0:00,0x68f180fcce6836688e9084f035309e29bf0a2095,WBTC,15.600668,1673353.263
optimism,6/12/2025 0:00,0x4200000000000000000000000000000000000006,WETH,7265.264683,19835072.84
arbitrum,6/13/2025 0:00,0xaf88d065e77c8cc2239327c5edb3a432268e5831,USDC,336663899.5,336834212.9
arbitrum,6/13/2025 0:00,0xfd086bc7cd5c481dcc9c85ebe478a1c0b69fcbb9,USDT,80714312.45,80812214.75
arbitrum,6/13/2025 0:00,0x2f2a2543b76a4166549f7aab2e75bef0aefc5b0f,WBTC,1093.907038,114390525
arbitrum,6/13/2025 0:00,0x82af49447d8a07e3bd95bd0d56f35241523fbab1,WETH,153882.3551,389644205.1
arbitrum,6/13/2025 0:00,0xcbb7c0000ab88b473b1f5afd9ef808440eed33bf,cbBTC,8.21863575,859512.8979
base,6/13/2025 0:00,0x833589fcd6edb6e08f4c7c32d4f71b54bda02913,USDC,486802590.1,487038620.7
base,6/13/2025 0:00,0xfde4c96c8593536e31f229ea8f37b2ada2699bb2,USDT,5069992.458,5076880.686
base,6/13/2025 0:00,0x4200000000000000000000000000000000000006,WETH,227193.3725,575675359.6
base,6/13/2025 0:00,0xcbb7c0000ab88b473b1f5afd9ef808440eed33bf,cbBTC,1920.014207,201314023.4
optimism,6/13/2025 0:00,0x0b2c639c533813f4aa9d7837caf62653d097ff85,USDC,25736553.68,25748953.35
optimism,6/13/2025 0:00,0x94b008aa00579c1307b0ef2c499ad98a8ce58e58,USDT,5579319.518,5585654.853
optimism,6/13/2025 0:00,0x68f180fcce6836688e9084f035309e29bf0a2095,WBTC,25.93467757,2711085.748
optimism,6/13/2025 0:00,0x4200000000000000000000000000000000000006,WETH,10700.52976,27103626.03
arbitrum,6/14/2025 0:00,0xaf88d065e77c8cc2239327c5edb3a432268e5831,USDC,121638551.2,121730343.9
arbitrum,6/14/2025 0:00,0xfd086bc7cd5c481dcc9c85ebe478a1c0b69fcbb9,USDT,36400328.28,36444828.24
arbitrum,6/14/2025 0:00,0x2f2a2543b76a4166549f7aab2e75bef0aefc5b0f,WBTC,316.7037243,33278049.83
arbitrum,6/14/2025 0:00,0x82af49447d8a07e3bd95bd0d56f35241523fbab1,WETH,51023.45416,129099248.5
arbitrum,6/14/2025 0:00,0xcbb7c0000ab88b473b1f5afd9ef808440eed33bf,cbBTC,4.36504892,458685.473
base,6/14/2025 0:00,0x833589fcd6edb6e08f4c7c32d4f71b54bda02913,USDC,203785347.9,203936117.7
base,6/14/2025 0:00,0xfde4c96c8593536e31f229ea8f37b2ada2699bb2,USDT,2804772.635,2807870.795
base,6/14/2025 0:00,0x4200000000000000000000000000000000000006,WETH,119050.3888,301430572.2
base,6/14/2025 0:00,0xcbb7c0000ab88b473b1f5afd9ef808440eed33bf,cbBTC,737.6452722,77626210.4
optimism,6/14/2025 0:00,0x0b2c639c533813f4aa9d7837caf62653d097ff85,USDC,18611029.87,18624794.53
optimism,6/14/2025 0:00,0x94b008aa00579c1307b0ef2c499ad98a8ce58e58,USDT,9242937.999,9254006.894
optimism,6/14/2025 0:00,0x68f180fcce6836688e9084f035309e29bf0a2095,WBTC,7.02480077,737984.3824
optimism,6/14/2025 0:00,0x4200000000000000000000000000000000000006,WETH,4282.39827,10840123.58
arbitrum,6/15/2025 0:00,0xaf88d065e77c8cc2239327c5edb3a432268e5831,USDC,117797287.8,117899113.7
arbitrum,6/15/2025 0:00,0xfd086bc7cd5c481dcc9c85ebe478a1c0b69fcbb9,USDT,34393563.95,34434884.92
arbitrum,6/15/2025 0:00,0x2f2a2543b76a4166549f7aab2e75bef0aefc5b0f,WBTC,285.081094,30037633.9
arbitrum,6/15/2025 0:00,0x82af49447d8a07e3bd95bd0d56f35241523fbab1,WETH,49113.52539,124443379.5
arbitrum,6/15/2025 0:00,0xcbb7c0000ab88b473b1f5afd9ef808440eed33bf,cbBTC,1.88643654,199391.3769
base,6/15/2025 0:00,0x833589fcd6edb6e08f4c7c32d4f71b54bda02913,USDC,171629621,171776917.7
base,6/15/2025 0:00,0xfde4c96c8593536e31f229ea8f37b2ada2699bb2,USDT,2464570.787,2467415.564
base,6/15/2025 0:00,0x4200000000000000000000000000000000000006,WETH,114741.0525,290790510.3
base,6/15/2025 0:00,0xcbb7c0000ab88b473b1f5afd9ef808440eed33bf,cbBTC,659.499797,69569893.1
optimism,6/15/2025 0:00,0x0b2c639c533813f4aa9d7837caf62653d097ff85,USDC,19425021.12,19441302.04
optimism,6/15/2025 0:00,0x94b008aa00579c1307b0ef2c499ad98a8ce58e58,USDT,11091608.85,11105255.04
optimism,6/15/2025 0:00,0x68f180fcce6836688e9084f035309e29bf0a2095,WBTC,7.07922412,745973.0901
optimism,6/15/2025 0:00,0x4200000000000000000000000000000000000006,WETH,4228.812093,10716111.68
arbitrum,6/16/2025 0:00,0xaf88d065e77c8cc2239327c5edb3a432268e5831,USDC,237327753.9,237479152.7
arbitrum,6/16/2025 0:00,0xfd086bc7cd5c481dcc9c85ebe478a1c0b69fcbb9,USDT,63991701.53,64105019
arbitrum,6/16/2025 0:00,0x2f2a2543b76a4166549f7aab2e75bef0aefc5b0f,WBTC,704.1812057,75560122.82
arbitrum,6/16/2025 0:00,0x82af49447d8a07e3bd95bd0d56f35241523fbab1,WETH,102877.4554,268615230.8
arbitrum,6/16/2025 0:00,0xcbb7c0000ab88b473b1f5afd9ef808440eed33bf,cbBTC,11.67471021,1261636.327
base,6/16/2025 0:00,0x833589fcd6edb6e08f4c7c32d4f71b54bda02913,USDC,345576743.1,345804027.6
base,6/16/2025 0:00,0xfde4c96c8593536e31f229ea8f37b2ada2699bb2,USDT,4187514.992,4192645.521
base,6/16/2025 0:00,0x4200000000000000000000000000000000000006,WETH,180323.2192,471041218.3
base,6/16/2025 0:00,0xcbb7c0000ab88b473b1f5afd9ef808440eed33bf,cbBTC,1354.723417,145502464.3
optimism,6/16/2025 0:00,0x0b2c639c533813f4aa9d7837caf62653d097ff85,USDC,22888345.22,22903709.44
optimism,6/16/2025 0:00,0x94b008aa00579c1307b0ef2c499ad98a8ce58e58,USDT,9483252.661,9492406.161
optimism,6/16/2025 0:00,0x68f180fcce6836688e9084f035309e29bf0a2095,WBTC,20.43297158,2195540.493
optimism,6/16/2025 0:00,0x4200000000000000000000000000000000000006,WETH,7348.375245,19193742.15
arbitrum,6/17/2025 0:00,0xaf88d065e77c8cc2239327c5edb3a432268e5831,USDC,259415859.1,259560092.3
arbitrum,6/17/2025 0:00,0xfd086bc7cd5c481dcc9c85ebe478a1c0b69fcbb9,USDT,60616433.87,60670553.05
arbitrum,6/17/2025 0:00,0x2f2a2543b76a4166549f7aab2e75bef0aefc5b0f,WBTC,716.7334661,75587773.29
arbitrum,6/17/2025 0:00,0x82af49447d8a07e3bd95bd0d56f35241523fbab1,WETH,114586.9575,291018556.6
arbitrum,6/17/2025 0:00,0xcbb7c0000ab88b473b1f5afd9ef808440eed33bf,cbBTC,0.48620611,52035.25134
base,6/17/2025 0:00,0x833589fcd6edb6e08f4c7c32d4f71b54bda02913,USDC,348287805.6,348472343.4
base,6/17/2025 0:00,0xfde4c96c8593536e31f229ea8f37b2ada2699bb2,USDT,4767446.022,4772433.174
base,6/17/2025 0:00,0x4200000000000000000000000000000000000006,WETH,175388.4062,446071355.8
base,6/17/2025 0:00,0xcbb7c0000ab88b473b1f5afd9ef808440eed33bf,cbBTC,1369.089666,144678960
optimism,6/17/2025 0:00,0x0b2c639c533813f4aa9d7837caf62653d097ff85,USDC,20449988.41,20461014.93
optimism,6/17/2025 0:00,0x94b008aa00579c1307b0ef2c499ad98a8ce58e58,USDT,4589025.043,4593022.969
optimism,6/17/2025 0:00,0x68f180fcce6836688e9084f035309e29bf0a2095,WBTC,28.7833685,3031240.115
optimism,6/17/2025 0:00,0x4200000000000000000000000000000000000006,WETH,7901.336827,20083084.94
arbitrum,6/18/2025 0:00,0xaf88d065e77c8cc2239327c5edb3a432268e5831,USDC,224457344.9,224585824.9
arbitrum,6/18/2025 0:00,0xfd086bc7cd5c481dcc9c85ebe478a1c0b69fcbb9,USDT,55347560.21,55399625.99
arbitrum,6/18/2025 0:00,0x2f2a2543b76a4166549f7aab2e75bef0aefc5b0f,WBTC,746.1873735,78033640
arbitrum,6/18/2025 0:00,0x82af49447d8a07e3bd95bd0d56f35241523fbab1,WETH,108380.5051,271933342.1
arbitrum,6/18/2025 0:00,0xcbb7c0000ab88b473b1f5afd9ef808440eed33bf,cbBTC,0.73175434,76780.07888
base,6/18/2025 0:00,0x833589fcd6edb6e08f4c7c32d4f71b54bda02913,USDC,312317367.1,312491012.4
base,6/18/2025 0:00,0xfde4c96c8593536e31f229ea8f37b2ada2699bb2,USDT,3090989.039,3094489.444
base,6/18/2025 0:00,0x4200000000000000000000000000000000000006,WETH,157107.4247,394753571.1
base,6/18/2025 0:00,0xcbb7c0000ab88b473b1f5afd9ef808440eed33bf,cbBTC,1238.171726,129694029.7
optimism,6/18/2025 0:00,0x0b2c639c533813f4aa9d7837caf62653d097ff85,USDC,16297380.01,16306409.59
optimism,6/18/2025 0:00,0x94b008aa00579c1307b0ef2c499ad98a8ce58e58,USDT,3475809.78,3478763.161
optimism,6/18/2025 0:00,0x68f180fcce6836688e9084f035309e29bf0a2095,WBTC,16.9620912,1775146.911
optimism,6/18/2025 0:00,0x4200000000000000000000000000000000000006,WETH,6958.042578,17473675.49
arbitrum,6/19/2025 0:00,0xaf88d065e77c8cc2239327c5edb3a432268e5831,USDC,108717295.5,108775968
arbitrum,6/19/2025 0:00,0xfd086bc7cd5c481dcc9c85ebe478a1c0b69fcbb9,USDT,31308672.38,31334311
arbitrum,6/19/2025 0:00,0x2f2a2543b76a4166549f7aab2e75bef0aefc5b0f,WBTC,369.9676374,38713265.88
arbitrum,6/19/2025 0:00,0x82af49447d8a07e3bd95bd0d56f35241523fbab1,WETH,50470.31079,127076933.4
arbitrum,6/19/2025 0:00,0xcbb7c0000ab88b473b1f5afd9ef808440eed33bf,cbBTC,0.0520297,5461.782275
base,6/19/2025 0:00,0x833589fcd6edb6e08f4c7c32d4f71b54bda02913,USDC,197609887.3,197715093
base,6/19/2025 0:00,0xfde4c96c8593536e31f229ea8f37b2ada2699bb2,USDT,3435086.781,3438362.069
base,6/19/2025 0:00,0x4200000000000000000000000000000000000006,WETH,114172.7952,287531586
base,6/19/2025 0:00,0xcbb7c0000ab88b473b1f5afd9ef808440eed33bf,cbBTC,696.3479759,72939893.32
optimism,6/19/2025 0:00,0x0b2c639c533813f4aa9d7837caf62653d097ff85,USDC,10050881.85,10056221.75
optimism,6/19/2025 0:00,0x94b008aa00579c1307b0ef2c499ad98a8ce58e58,USDT,1854626.293,1856175.259
optimism,6/19/2025 0:00,0x68f180fcce6836688e9084f035309e29bf0a2095,WBTC,7.21210524,754340.1415
optimism,6/19/2025 0:00,0x4200000000000000000000000000000000000006,WETH,4658.986507,11731732.31
arbitrum,6/20/2025 0:00,0xaf88d065e77c8cc2239327c5edb3a432268e5831,USDC,192631110,192768180.9
arbitrum,6/20/2025 0:00,0xfd086bc7cd5c481dcc9c85ebe478a1c0b69fcbb9,USDT,49909476.43,49963572.82
arbitrum,6/20/2025 0:00,0x2f2a2543b76a4166549f7aab2e75bef0aefc5b0f,WBTC,684.5977216,71381352.4
arbitrum,6/20/2025 0:00,0x82af49447d8a07e3bd95bd0d56f35241523fbab1,WETH,81276.77084,201580346.4
arbitrum,6/20/2025 0:00,0xcbb7c0000ab88b473b1f5afd9ef808440eed33bf,cbBTC,2.58376752,268421.9223
base,6/20/2025 0:00,0x833589fcd6edb6e08f4c7c32d4f71b54bda02913,USDC,269399455.9,269583225
base,6/20/2025 0:00,0xfde4c96c8593536e31f229ea8f37b2ada2699bb2,USDT,5098090.718,5105542.317
base,6/20/2025 0:00,0x4200000000000000000000000000000000000006,WETH,141687.8231,352554448.5
base,6/20/2025 0:00,0xcbb7c0000ab88b473b1f5afd9ef808440eed33bf,cbBTC,1097.118927,114721070.7
optimism,6/20/2025 0:00,0x0b2c639c533813f4aa9d7837caf62653d097ff85,USDC,13916401.58,13926227.31
optimism,6/20/2025 0:00,0x94b008aa00579c1307b0ef2c499ad98a8ce58e58,USDT,1764542.276,1766192.988
optimism,6/20/2025 0:00,0x68f180fcce6836688e9084f035309e29bf0a2095,WBTC,15.56917808,1618210.798
optimism,6/20/2025 0:00,0x4200000000000000000000000000000000000006,WETH,5465.793785,13568572.49
arbitrum,6/21/2025 0:00,0xaf88d065e77c8cc2239327c5edb3a432268e5831,USDC,154431529.6,154590386.4
arbitrum,6/21/2025 0:00,0xfd086bc7cd5c481dcc9c85ebe478a1c0b69fcbb9,USDT,42912050.84,42967918.93
arbitrum,6/21/2025 0:00,0x2f2a2543b76a4166549f7aab2e75bef0aefc5b0f,WBTC,624.7831548,63969762.32
arbitrum,6/21/2025 0:00,0x82af49447d8a07e3bd95bd0d56f35241523fbab1,WETH,73847.56056,174269654.2
arbitrum,6/21/2025 0:00,0xcbb7c0000ab88b473b1f5afd9ef808440eed33bf,cbBTC,13.59926833,1394926.48
base,6/21/2025 0:00,0x833589fcd6edb6e08f4c7c32d4f71b54bda02913,USDC,216858292.6,217117549.5
base,6/21/2025 0:00,0xfde4c96c8593536e31f229ea8f37b2ada2699bb2,USDT,3809213.294,3816716.058
base,6/21/2025 0:00,0x4200000000000000000000000000000000000006,WETH,132126.3974,315098675.2
base,6/21/2025 0:00,0xcbb7c0000ab88b473b1f5afd9ef808440eed33bf,cbBTC,969.5884821,99829093.46
optimism,6/21/2025 0:00,0x0b2c639c533813f4aa9d7837caf62653d097ff85,USDC,12717513.73,12730546.47
optimism,6/21/2025 0:00,0x94b008aa00579c1307b0ef2c499ad98a8ce58e58,USDT,2217085.47,2219817.205
optimism,6/21/2025 0:00,0x68f180fcce6836688e9084f035309e29bf0a2095,WBTC,14.8037727,1516953.137
optimism,6/21/2025 0:00,0x4200000000000000000000000000000000000006,WETH,6550.904022,15537108.73
arbitrum,6/22/2025 0:00,0xaf88d065e77c8cc2239327c5edb3a432268e5831,USDC,249383427.9,249572410.6
arbitrum,6/22/2025 0:00,0xfd086bc7cd5c481dcc9c85ebe478a1c0b69fcbb9,USDT,69927718.94,70014492.65
arbitrum,6/22/2025 0:00,0x2f2a2543b76a4166549f7aab2e75bef0aefc5b0f,WBTC,1109.041459,112021316.7
arbitrum,6/22/2025 0:00,0x82af49447d8a07e3bd95bd0d56f35241523fbab1,WETH,131661.2833,293330062.5
arbitrum,6/22/2025 0:00,0xcbb7c0000ab88b473b1f5afd9ef808440eed33bf,cbBTC,13.03432214,1339726.164
base,6/22/2025 0:00,0x833589fcd6edb6e08f4c7c32d4f71b54bda02913,USDC,330742077.3,331005344.4
base,6/22/2025 0:00,0xfde4c96c8593536e31f229ea8f37b2ada2699bb2,USDT,3812435.976,3819086.883
base,6/22/2025 0:00,0x4200000000000000000000000000000000000006,WETH,179555.7165,401084673
base,6/22/2025 0:00,0xcbb7c0000ab88b473b1f5afd9ef808440eed33bf,cbBTC,1818.699185,184061211.4
optimism,6/22/2025 0:00,0x0b2c639c533813f4aa9d7837caf62653d097ff85,USDC,20320536.86,20336027.66
optimism,6/22/2025 0:00,0x94b008aa00579c1307b0ef2c499ad98a8ce58e58,USDT,4437440.848,4442608.1
optimism,6/22/2025 0:00,0x68f180fcce6836688e9084f035309e29bf0a2095,WBTC,31.38794449,3162347.922
optimism,6/22/2025 0:00,0x4200000000000000000000000000000000000006,WETH,9650.676315,21517854.09
arbitrum,6/23/2025 0:00,0xaf88d065e77c8cc2239327c5edb3a432268e5831,USDC,259505768.8,259637207.3
arbitrum,6/23/2025 0:00,0xfd086bc7cd5c481dcc9c85ebe478a1c0b69fcbb9,USDT,77709672.22,77792174.83
arbitrum,6/23/2025 0:00,0x2f2a2543b76a4166549f7aab2e75bef0aefc5b0f,WBTC,1014.959505,104028712.1
arbitrum,6/23/2025 0:00,0x82af49447d8a07e3bd95bd0d56f35241523fbab1,WETH,137170.3641,314856050
arbitrum,6/23/2025 0:00,0xcbb7c0000ab88b473b1f5afd9ef808440eed33bf,cbBTC,4.82406639,497896.7993
base,6/23/2025 0:00,0x833589fcd6edb6e08f4c7c32d4f71b54bda02913,USDC,328213365.8,328388063.1
base,6/23/2025 0:00,0xfde4c96c8593536e31f229ea8f37b2ada2699bb2,USDT,3575711.854,3579000.277
base,6/23/2025 0:00,0x4200000000000000000000000000000000000006,WETH,188915.8163,432464787.2
base,6/23/2025 0:00,0xcbb7c0000ab88b473b1f5afd9ef808440eed33bf,cbBTC,1712.809643,175768092.7
optimism,6/23/2025 0:00,0x0b2c639c533813f4aa9d7837caf62653d097ff85,USDC,17279261.23,17288085.77
optimism,6/23/2025 0:00,0x94b008aa00579c1307b0ef2c499ad98a8ce58e58,USDT,5000219.869,5005319.406
optimism,6/23/2025 0:00,0x68f180fcce6836688e9084f035309e29bf0a2095,WBTC,24.92331864,2551540.98
optimism,6/23/2025 0:00,0x4200000000000000000000000000000000000006,WETH,8763.835247,20100913.16
arbitrum,6/24/2025 0:00,0xaf88d065e77c8cc2239327c5edb3a432268e5831,USDC,195409336.4,195492413.9
arbitrum,6/24/2025 0:00,0xfd086bc7cd5c481dcc9c85ebe478a1c0b69fcbb9,USDT,49735350.12,49790445.24
arbitrum,6/24/2025 0:00,0x2f2a2543b76a4166549f7aab2e75bef0aefc5b0f,WBTC,611.35134,64432164.94
arbitrum,6/24/2025 0:00,0x82af49447d8a07e3bd95bd0d56f35241523fbab1,WETH,95854.69989,232435263.6
arbitrum,6/24/2025 0:00,0xcbb7c0000ab88b473b1f5afd9ef808440eed33bf,cbBTC,1.31292708,138523.2912
base,6/24/2025 0:00,0x833589fcd6edb6e08f4c7c32d4f71b54bda02913,USDC,308200457.7,308327282.2
base,6/24/2025 0:00,0xfde4c96c8593536e31f229ea8f37b2ada2699bb2,USDT,2269967.174,2271875.937
base,6/24/2025 0:00,0x4200000000000000000000000000000000000006,WETH,162344.4345,393484596.1
base,6/24/2025 0:00,0xcbb7c0000ab88b473b1f5afd9ef808440eed33bf,cbBTC,1335.386242,140917268.9
optimism,6/24/2025 0:00,0x0b2c639c533813f4aa9d7837caf62653d097ff85,USDC,16554973.79,16561246.53
optimism,6/24/2025 0:00,0x94b008aa00579c1307b0ef2c499ad98a8ce58e58,USDT,2638318.704,2641011.961
optimism,6/24/2025 0:00,0x68f180fcce6836688e9084f035309e29bf0a2095,WBTC,10.85147095,1144178.666
optimism,6/24/2025 0:00,0x4200000000000000000000000000000000000006,WETH,7155.646591,17348471.33
arbitrum,6/25/2025 0:00,0xaf88d065e77c8cc2239327c5edb3a432268e5831,USDC,174071235.2,174119920.2
arbitrum,6/25/2025 0:00,0xfd086bc7cd5c481dcc9c85ebe478a1c0b69fcbb9,USDT,49690301.2,49736467.32
arbitrum,6/25/2025 0:00,0x2f2a2543b76a4166549f7aab2e75bef0aefc5b0f,WBTC,494.9402802,52968932.98
arbitrum,6/25/2025 0:00,0x82af49447d8a07e3bd95bd0d56f35241523fbab1,WETH,77958.09137,189453906
arbitrum,6/25/2025 0:00,0xcbb7c0000ab88b473b1f5afd9ef808440eed33bf,cbBTC,6.97599132,747541.9715
base,6/25/2025 0:00,0x833589fcd6edb6e08f4c7c32d4f71b54bda02913,USDC,250266627.1,250363436.5
base,6/25/2025 0:00,0xfde4c96c8593536e31f229ea8f37b2ada2699bb2,USDT,2091566.174,2093480.782
base,6/25/2025 0:00,0x4200000000000000000000000000000000000006,WETH,130626.3729,317589651.9
base,6/25/2025 0:00,0xcbb7c0000ab88b473b1f5afd9ef808440eed33bf,cbBTC,1064.068125,114097513.8
optimism,6/25/2025 0:00,0x0b2c639c533813f4aa9d7837caf62653d097ff85,USDC,19267648.79,19273283.35
optimism,6/25/2025 0:00,0x94b008aa00579c1307b0ef2c499ad98a8ce58e58,USDT,6733577.135,6739747.558
optimism,6/25/2025 0:00,0x68f180fcce6836688e9084f035309e29bf0a2095,WBTC,12.19841206,1305486.665
optimism,6/25/2025 0:00,0x4200000000000000000000000000000000000006,WETH,6386.36822,15534185.51
arbitrum,6/26/2025 0:00,0xaf88d065e77c8cc2239327c5edb3a432268e5831,USDC,184957230.5,185039097.7
arbitrum,6/26/2025 0:00,0xfd086bc7cd5c481dcc9c85ebe478a1c0b69fcbb9,USDT,49968500.51,50019019.7
arbitrum,6/26/2025 0:00,0x2f2a2543b76a4166549f7aab2e75bef0aefc5b0f,WBTC,543.2491089,58361999.82
arbitrum,6/26/2025 0:00,0x82af49447d8a07e3bd95bd0d56f35241523fbab1,WETH,86105.89326,210996230.7
arbitrum,6/26/2025 0:00,0xcbb7c0000ab88b473b1f5afd9ef808440eed33bf,cbBTC,0.45993053,49514.72272
base,6/26/2025 0:00,0x833589fcd6edb6e08f4c7c32d4f71b54bda02913,USDC,258516154.6,258648050.6
base,6/26/2025 0:00,0xfde4c96c8593536e31f229ea8f37b2ada2699bb2,USDT,1607928.825,1609714.612
base,6/26/2025 0:00,0x4200000000000000000000000000000000000006,WETH,135586.9715,332219097.9
base,6/26/2025 0:00,0xcbb7c0000ab88b473b1f5afd9ef808440eed33bf,cbBTC,1000.281778,107635832.4
optimism,6/26/2025 0:00,0x0b2c639c533813f4aa9d7837caf62653d097ff85,USDC,20329112.16,20337861.86
optimism,6/26/2025 0:00,0x94b008aa00579c1307b0ef2c499ad98a8ce58e58,USDT,6405048.703,6410935.627
optimism,6/26/2025 0:00,0x68f180fcce6836688e9084f035309e29bf0a2095,WBTC,12.977122,1395155.288
optimism,6/26/2025 0:00,0x4200000000000000000000000000000000000006,WETH,5788.386985,14188427.09
arbitrum,6/27/2025 0:00,0xaf88d065e77c8cc2239327c5edb3a432268e5831,USDC,127554364.9,127629558
arbitrum,6/27/2025 0:00,0xfd086bc7cd5c481dcc9c85ebe478a1c0b69fcbb9,USDT,39380513.16,39425167.19
arbitrum,6/27/2025 0:00,0x2f2a2543b76a4166549f7aab2e75bef0aefc5b0f,WBTC,379.6012032,40606544.21
arbitrum,6/27/2025 0:00,0x82af49447d8a07e3bd95bd0d56f35241523fbab1,WETH,56463.92297,137200259.5
arbitrum,6/27/2025 0:00,0xcbb7c0000ab88b473b1f5afd9ef808440eed33bf,cbBTC,0.78657902,84541.94793
base,6/27/2025 0:00,0x833589fcd6edb6e08f4c7c32d4f71b54bda02913,USDC,193393619.3,193514245
base,6/27/2025 0:00,0xfde4c96c8593536e31f229ea8f37b2ada2699bb2,USDT,1377189.164,1378767.526
base,6/27/2025 0:00,0x4200000000000000000000000000000000000006,WETH,104703.2052,254580214.5
base,6/27/2025 0:00,0xcbb7c0000ab88b473b1f5afd9ef808440eed33bf,cbBTC,799.0421331,85617293.39
optimism,6/27/2025 0:00,0x0b2c639c533813f4aa9d7837caf62653d097ff85,USDC,15514496.17,15522995.68
optimism,6/27/2025 0:00,0x94b008aa00579c1307b0ef2c499ad98a8ce58e58,USDT,6444139.27,6450465.499
optimism,6/27/2025 0:00,0x68f180fcce6836688e9084f035309e29bf0a2095,WBTC,12.73635462,1362580.529
optimism,6/27/2025 0:00,0x4200000000000000000000000000000000000006,WETH,4734.15636,11506285.66
arbitrum,6/28/2025 0:00,0xaf88d065e77c8cc2239327c5edb3a432268e5831,USDC,51532136.22,51552611.63
arbitrum,6/28/2025 0:00,0xfd086bc7cd5c481dcc9c85ebe478a1c0b69fcbb9,USDT,20449510.32,20469010.23
arbitrum,6/28/2025 0:00,0x2f2a2543b76a4166549f7aab2e75bef0aefc5b0f,WBTC,133.6055392,14327977.87
arbitrum,6/28/2025 0:00,0x82af49447d8a07e3bd95bd0d56f35241523fbab1,WETH,22226.35966,54022878.33
arbitrum,6/28/2025 0:00,0xcbb7c0000ab88b473b1f5afd9ef808440eed33bf,cbBTC,0.16860971,18090.69332
base,6/28/2025 0:00,0x833589fcd6edb6e08f4c7c32d4f71b54bda02913,USDC,73746077.12,74233688.63
base,6/28/2025 0:00,0xfde4c96c8593536e31f229ea8f37b2ada2699bb2,USDT,743835.3697,744395.5196
base,6/28/2025 0:00,0x4200000000000000000000000000000000000006,WETH,60664.40946,147419972.4
base,6/28/2025 0:00,0xcbb7c0000ab88b473b1f5afd9ef808440eed33bf,cbBTC,271.8431567,29195052.17
optimism,6/28/2025 0:00,0x0b2c639c533813f4aa9d7837caf62653d097ff85,USDC,6430575.909,6433145.884
optimism,6/28/2025 0:00,0x94b008aa00579c1307b0ef2c499ad98a8ce58e58,USDT,3275935.453,3278684.059
optimism,6/28/2025 0:00,0x68f180fcce6836688e9084f035309e29bf0a2095,WBTC,5.68060825,609418.6951
optimism,6/28/2025 0:00,0x4200000000000000000000000000000000000006,WETH,1845.682418,4485652.627
arbitrum,6/29/2025 0:00,0xaf88d065e77c8cc2239327c5edb3a432268e5831,USDC,79112245.55,79131489.51
arbitrum,6/29/2025 0:00,0xfd086bc7cd5c481dcc9c85ebe478a1c0b69fcbb9,USDT,23487823.91,23501564.87
arbitrum,6/29/2025 0:00,0x2f2a2543b76a4166549f7aab2e75bef0aefc5b0f,WBTC,241.1830496,26007621.47
arbitrum,6/29/2025 0:00,0x82af49447d8a07e3bd95bd0d56f35241523fbab1,WETH,44525.73814,109419597.3
arbitrum,6/29/2025 0:00,0xcbb7c0000ab88b473b1f5afd9ef808440eed33bf,cbBTC,2.33234331,251985.3479
base,6/29/2025 0:00,0x833589fcd6edb6e08f4c7c32d4f71b54bda02913,USDC,120714382.9,120760179.6
base,6/29/2025 0:00,0xfde4c96c8593536e31f229ea8f37b2ada2699bb2,USDT,1308854.072,1309515.42
base,6/29/2025 0:00,0x4200000000000000000000000000000000000006,WETH,83861.76792,205710451.2
base,6/29/2025 0:00,0xcbb7c0000ab88b473b1f5afd9ef808440eed33bf,cbBTC,499.6503957,53920152.41
optimism,6/29/2025 0:00,0x0b2c639c533813f4aa9d7837caf62653d097ff85,USDC,9374116.674,9376867.241
optimism,6/29/2025 0:00,0x94b008aa00579c1307b0ef2c499ad98a8ce58e58,USDT,3970158.026,3972594.347
optimism,6/29/2025 0:00,0x68f180fcce6836688e9084f035309e29bf0a2095,WBTC,7.09216293,765052.1889
optimism,6/29/2025 0:00,0x4200000000000000000000000000000000000006,WETH,3475.724104,8534551.61
arbitrum,6/30/2025 0:00,0xaf88d065e77c8cc2239327c5edb3a432268e5831,USDC,153863022.5,153927703.8
arbitrum,6/30/2025 0:00,0xfd086bc7cd5c481dcc9c85ebe478a1c0b69fcbb9,USDT,44361067.55,44394262.64
arbitrum,6/30/2025 0:00,0x2f2a2543b76a4166549f7aab2e75bef0aefc5b0f,WBTC,416.1205117,44815015.14
arbitrum,6/30/2025 0:00,0x82af49447d8a07e3bd95bd0d56f35241523fbab1,WETH,75773.06374,188087518.6
arbitrum,6/30/2025 0:00,0xcbb7c0000ab88b473b1f5afd9ef808440eed33bf,cbBTC,2.56969328,276620.9804
base,6/30/2025 0:00,0x833589fcd6edb6e08f4c7c32d4f71b54bda02913,USDC,232398536.5,232522839.4
base,6/30/2025 0:00,0xfde4c96c8593536e31f229ea8f37b2ada2699bb2,USDT,1710584.845,1712209.955
base,6/30/2025 0:00,0x4200000000000000000000000000000000000006,WETH,130708.0233,324619335
base,6/30/2025 0:00,0xcbb7c0000ab88b473b1f5afd9ef808440eed33bf,cbBTC,770.9889321,83118871.59
optimism,6/30/2025 0:00,0x0b2c639c533813f4aa9d7837caf62653d097ff85,USDC,16924107.91,16931349.79
optimism,6/30/2025 0:00,0x94b008aa00579c1307b0ef2c499ad98a8ce58e58,USDT,5935381.594,5939779.038
optimism,6/30/2025 0:00,0x68f180fcce6836688e9084f035309e29bf0a2095,WBTC,19.53084373,2105570.543
optimism,6/30/2025 0:00,0x4200000000000000000000000000000000000006,WETH,5681.022699,14114145.78
arbitrum,7/1/2025 0:00,0xaf88d065e77c8cc2239327c5edb3a432268e5831,USDC,136786295.2,136894305.7
arbitrum,7/1/2025 0:00,0xfd086bc7cd5c481dcc9c85ebe478a1c0b69fcbb9,USDT,39111355.81,39154430.37
arbitrum,7/1/2025 0:00,0x2f2a2543b76a4166549f7aab2e75bef0aefc5b0f,WBTC,420.2167784,44736124.89
arbitrum,7/1/2025 0:00,0x82af49447d8a07e3bd95bd0d56f35241523fbab1,WETH,56563.13513,138116016
arbitrum,7/1/2025 0:00,0xcbb7c0000ab88b473b1f5afd9ef808440eed33bf,cbBTC,0.39614643,42455.69934
base,7/1/2025 0:00,0x833589fcd6edb6e08f4c7c32d4f71b54bda02913,USDC,214971454.7,215145703.8
base,7/1/2025 0:00,0xfde4c96c8593536e31f229ea8f37b2ada2699bb2,USDT,1970930.658,1973536.145
base,7/1/2025 0:00,0x4200000000000000000000000000000000000006,WETH,114735.687,280494550.4
base,7/1/2025 0:00,0xcbb7c0000ab88b473b1f5afd9ef808440eed33bf,cbBTC,792.0251101,84383447.23
optimism,7/1/2025 0:00,0x0b2c639c533813f4aa9d7837caf62653d097ff85,USDC,14919208.99,14930423.34
optimism,7/1/2025 0:00,0x94b008aa00579c1307b0ef2c499ad98a8ce58e58,USDT,6539895.393,6546590.608
optimism,7/1/2025 0:00,0x68f180fcce6836688e9084f035309e29bf0a2095,WBTC,12.78843576,1361173.988
optimism,7/1/2025 0:00,0x4200000000000000000000000000000000000006,WETH,4140.810587,10126005.66
arbitrum,7/2/2025 0:00,0xaf88d065e77c8cc2239327c5edb3a432268e5831,USDC,149893698.8,149930431.9
arbitrum,7/2/2025 0:00,0xfd086bc7cd5c481dcc9c85ebe478a1c0b69fcbb9,USDT,46068068.96,46099116.8
arbitrum,7/2/2025 0:00,0x2f2a2543b76a4166549f7aab2e75bef0aefc5b0f,WBTC,501.7090251,54220836.96
arbitrum,7/2/2025 0:00,0x82af49447d8a07e3bd95bd0d56f35241523fbab1,WETH,82866.09075,207519851.3
arbitrum,7/2/2025 0:00,0xcbb7c0000ab88b473b1f5afd9ef808440eed33bf,cbBTC,3.09414442,334035.5744
base,7/2/2025 0:00,0x833589fcd6edb6e08f4c7c32d4f71b54bda02913,USDC,236187524.2,236258745.4
base,7/2/2025 0:00,0xfde4c96c8593536e31f229ea8f37b2ada2699bb2,USDT,3248177.804,3249784.456
base,7/2/2025 0:00,0x4200000000000000000000000000000000000006,WETH,155881.9593,390273143.8
base,7/2/2025 0:00,0xcbb7c0000ab88b473b1f5afd9ef808440eed33bf,cbBTC,1137.945789,123163813.3
optimism,7/2/2025 0:00,0x0b2c639c533813f4aa9d7837caf62653d097ff85,USDC,15289662.55,15294095.1
optimism,7/2/2025 0:00,0x94b008aa00579c1307b0ef2c499ad98a8ce58e58,USDT,5529217.275,5532767.625
optimism,7/2/2025 0:00,0x68f180fcce6836688e9084f035309e29bf0a2095,WBTC,19.10801077,2072100.194
optimism,7/2/2025 0:00,0x4200000000000000000000000000000000000006,WETH,6399.704281,16022477.82
arbitrum,7/3/2025 0:00,0xaf88d065e77c8cc2239327c5edb3a432268e5831,USDC,166599238.9,166589717.9
arbitrum,7/3/2025 0:00,0xfd086bc7cd5c481dcc9c85ebe478a1c0b69fcbb9,USDT,41630457.07,41644827.02
arbitrum,7/3/2025 0:00,0x2f2a2543b76a4166549f7aab2e75bef0aefc5b0f,WBTC,488.4037881,53428321.55
arbitrum,7/3/2025 0:00,0x82af49447d8a07e3bd95bd0d56f35241523fbab1,WETH,75483.16429,195483893.6
arbitrum,7/3/2025 0:00,0xcbb7c0000ab88b473b1f5afd9ef808440eed33bf,cbBTC,2.1978028,241007.2902
base,7/3/2025 0:00,0x833589fcd6edb6e08f4c7c32d4f71b54bda02913,USDC,246273211,246266848.3
base,7/3/2025 0:00,0xfde4c96c8593536e31f229ea8f37b2ada2699bb2,USDT,2577418.894,2578371.075
base,7/3/2025 0:00,0x4200000000000000000000000000000000000006,WETH,143766.9723,372196435.6
base,7/3/2025 0:00,0xcbb7c0000ab88b473b1f5afd9ef808440eed33bf,cbBTC,1065.995624,116768007.7
optimism,7/3/2025 0:00,0x0b2c639c533813f4aa9d7837caf62653d097ff85,USDC,17711948.24,17711171.43
optimism,7/3/2025 0:00,0x94b008aa00579c1307b0ef2c499ad98a8ce58e58,USDT,6625734.298,6627667.612
optimism,7/3/2025 0:00,0x68f180fcce6836688e9084f035309e29bf0a2095,WBTC,11.60597256,1270188.697
optimism,7/3/2025 0:00,0x4200000000000000000000000000000000000006,WETH,5155.409445,13342736.35
arbitrum,7/4/2025 0:00,0xaf88d065e77c8cc2239327c5edb3a432268e5831,USDC,138364280.7,138402521.7
arbitrum,7/4/2025 0:00,0xfd086bc7cd5c481dcc9c85ebe478a1c0b69fcbb9,USDT,34485600.2,34506318.14
arbitrum,7/4/2025 0:00,0x2f2a2543b76a4166549f7aab2e75bef0aefc5b0f,WBTC,327.856972,35522288.68
arbitrum,7/4/2025 0:00,0x82af49447d8a07e3bd95bd0d56f35241523fbab1,WETH,53732.29994,136062583.2
arbitrum,7/4/2025 0:00,0xcbb7c0000ab88b473b1f5afd9ef808440eed33bf,cbBTC,0.25062787,27051.24221
base,7/4/2025 0:00,0x833589fcd6edb6e08f4c7c32d4f71b54bda02913,USDC,215267004.1,215336287.9
base,7/4/2025 0:00,0xfde4c96c8593536e31f229ea8f37b2ada2699bb2,USDT,2758550.667,2760706.942
base,7/4/2025 0:00,0x4200000000000000000000000000000000000006,WETH,115461.1054,292300066.8
base,7/4/2025 0:00,0xcbb7c0000ab88b473b1f5afd9ef808440eed33bf,cbBTC,832.5810379,90338830.57
optimism,7/4/2025 0:00,0x0b2c639c533813f4aa9d7837caf62653d097ff85,USDC,15398261.73,15402458.29
optimism,7/4/2025 0:00,0x94b008aa00579c1307b0ef2c499ad98a8ce58e58,USDT,5735979.122,5739218.268
optimism,7/4/2025 0:00,0x68f180fcce6836688e9084f035309e29bf0a2095,WBTC,9.89543778,1071422.109
optimism,7/4/2025 0:00,0x4200000000000000000000000000000000000006,WETH,3744.611728,9480242.713
arbitrum,7/5/2025 0:00,0xaf88d065e77c8cc2239327c5edb3a432268e5831,USDC,57366739.11,57402624.14
arbitrum,7/5/2025 0:00,0xfd086bc7cd5c481dcc9c85ebe478a1c0b69fcbb9,USDT,18118446.31,18134831.24
arbitrum,7/5/2025 0:00,0x2f2a2543b76a4166549f7aab2e75bef0aefc5b0f,WBTC,175.8798612,19005028.31
arbitrum,7/5/2025 0:00,0x82af49447d8a07e3bd95bd0d56f35241523fbab1,WETH,28125.09563,70678820.77
arbitrum,7/5/2025 0:00,0xcbb7c0000ab88b473b1f5afd9ef808440eed33bf,cbBTC,3.49043559,377468.5357
base,7/5/2025 0:00,0x833589fcd6edb6e08f4c7c32d4f71b54bda02913,USDC,100237589.1,100301558.5
base,7/5/2025 0:00,0xfde4c96c8593536e31f229ea8f37b2ada2699bb2,USDT,2067745.736,2069513.011
base,7/5/2025 0:00,0x4200000000000000000000000000000000000006,WETH,84936.36793,213613309.1
base,7/5/2025 0:00,0xcbb7c0000ab88b473b1f5afd9ef808440eed33bf,cbBTC,395.5882559,42813618.92
optimism,7/5/2025 0:00,0x0b2c639c533813f4aa9d7837caf62653d097ff85,USDC,6524466.794,6528482.497
optimism,7/5/2025 0:00,0x94b008aa00579c1307b0ef2c499ad98a8ce58e58,USDT,2534220.056,2536433.88
optimism,7/5/2025 0:00,0x68f180fcce6836688e9084f035309e29bf0a2095,WBTC,6.43728847,695812.0908
optimism,7/5/2025 0:00,0x4200000000000000000000000000000000000006,WETH,2282.16107,5737132.867
arbitrum,7/6/2025 0:00,0xaf88d065e77c8cc2239327c5edb3a432268e5831,USDC,101833718.1,101858524.9
arbitrum,7/6/2025 0:00,0xfd086bc7cd5c481dcc9c85ebe478a1c0b69fcbb9,USDT,25437236.37,25449111.82
arbitrum,7/6/2025 0:00,0x2f2a2543b76a4166549f7aab2e75bef0aefc5b0f,WBTC,285.6052312,31054644.28
arbitrum,7/6/2025 0:00,0x82af49447d8a07e3bd95bd0d56f35241523fbab1,WETH,47765.88497,121841267.6
arbitrum,7/6/2025 0:00,0xcbb7c0000ab88b473b1f5afd9ef808440eed33bf,cbBTC,3.78142147,411075.9945
base,7/6/2025 0:00,0x833589fcd6edb6e08f4c7c32d4f71b54bda02913,USDC,146581844,146625920.1
base,7/6/2025 0:00,0xfde4c96c8593536e31f229ea8f37b2ada2699bb2,USDT,2818585.571,2820223.348
base,7/6/2025 0:00,0x4200000000000000000000000000000000000006,WETH,102862.1113,261613375.4
base,7/6/2025 0:00,0xcbb7c0000ab88b473b1f5afd9ef808440eed33bf,cbBTC,694.8924236,75619252.33
optimism,7/6/2025 0:00,0x0b2c639c533813f4aa9d7837caf62653d097ff85,USDC,9090666.123,9093371.198
optimism,7/6/2025 0:00,0x94b008aa00579c1307b0ef2c499ad98a8ce58e58,USDT,3054381.952,3056215.97
optimism,7/6/2025 0:00,0x68f180fcce6836688e9084f035309e29bf0a2095,WBTC,10.02654157,1091518.882
optimism,7/6/2025 0:00,0x4200000000000000000000000000000000000006,WETH,3275.195195,8346518.174
arbitrum,7/7/2025 0:00,0xaf88d065e77c8cc2239327c5edb3a432268e5831,USDC,149485077.2,149511680.6
arbitrum,7/7/2025 0:00,0xfd086bc7cd5c481dcc9c85ebe478a1c0b69fcbb9,USDT,40021700.65,40030129.8
arbitrum,7/7/2025 0:00,0x2f2a2543b76a4166549f7aab2e75bef0aefc5b0f,WBTC,413.6453985,44833985.04
arbitrum,7/7/2025 0:00,0x82af49447d8a07e3bd95bd0d56f35241523fbab1,WETH,60719.65074,154856625.1
arbitrum,7/7/2025 0:00,0xcbb7c0000ab88b473b1f5afd9ef808440eed33bf,cbBTC,1.34266884,145994.2413
base,7/7/2025 0:00,0x833589fcd6edb6e08f4c7c32d4f71b54bda02913,USDC,246620383.1,246658812.7
base,7/7/2025 0:00,0xfde4c96c8593536e31f229ea8f37b2ada2699bb2,USDT,3107225.207,3108955.508
base,7/7/2025 0:00,0x4200000000000000000000000000000000000006,WETH,130495.0554,332997321.8
base,7/7/2025 0:00,0xcbb7c0000ab88b473b1f5afd9ef808440eed33bf,cbBTC,931.3268419,101124413.2
optimism,7/7/2025 0:00,0x0b2c639c533813f4aa9d7837caf62653d097ff85,USDC,11788447.45,11790206.77
optimism,7/7/2025 0:00,0x94b008aa00579c1307b0ef2c499ad98a8ce58e58,USDT,2868952.538,2869480.668
optimism,7/7/2025 0:00,0x68f180fcce6836688e9084f035309e29bf0a2095,WBTC,8.52831091,924116.7771
optimism,7/7/2025 0:00,0x4200000000000000000000000000000000000006,WETH,3978.806598,10151570.37
arbitrum,7/8/2025 0:00,0xaf88d065e77c8cc2239327c5edb3a432268e5831,USDC,126575649.5,126626659
arbitrum,7/8/2025 0:00,0xfd086bc7cd5c481dcc9c85ebe478a1c0b69fcbb9,USDT,41401209.4,41459887.14
arbitrum,7/8/2025 0:00,0x2f2a2543b76a4166549f7aab2e75bef0aefc5b0f,WBTC,332.4749566,36067558.88
arbitrum,7/8/2025 0:00,0x82af49447d8a07e3bd95bd0d56f35241523fbab1,WETH,57613.75861,148411367.2
arbitrum,7/8/2025 0:00,0xcbb7c0000ab88b473b1f5afd9ef808440eed33bf,cbBTC,1.43224268,155620.3412
base,7/8/2025 0:00,0x833589fcd6edb6e08f4c7c32d4f71b54bda02913,USDC,206443547.3,206468896.9
base,7/8/2025 0:00,0xfde4c96c8593536e31f229ea8f37b2ada2699bb2,USDT,2853490.128,2854955.018
base,7/8/2025 0:00,0x4200000000000000000000000000000000000006,WETH,134942.3317,347369285.8
base,7/8/2025 0:00,0xcbb7c0000ab88b473b1f5afd9ef808440eed33bf,cbBTC,739.3055601,80283459.29
optimism,7/8/2025 0:00,0x0b2c639c533813f4aa9d7837caf62653d097ff85,USDC,10154205.83,10154903.28
optimism,7/8/2025 0:00,0x94b008aa00579c1307b0ef2c499ad98a8ce58e58,USDT,3345611.949,3345909.084
optimism,7/8/2025 0:00,0x68f180fcce6836688e9084f035309e29bf0a2095,WBTC,10.39345358,1128055.755
optimism,7/8/2025 0:00,0x4200000000000000000000000000000000000006,WETH,3794.58538,9775358.267
arbitrum,7/9/2025 0:00,0xaf88d065e77c8cc2239327c5edb3a432268e5831,USDC,207225733.3,207174012.2
arbitrum,7/9/2025 0:00,0xfd086bc7cd5c481dcc9c85ebe478a1c0b69fcbb9,USDT,63206515.24,63236744.82
arbitrum,7/9/2025 0:00,0x2f2a2543b76a4166549f7aab2e75bef0aefc5b0f,WBTC,699.224502,76547618.38
arbitrum,7/9/2025 0:00,0x82af49447d8a07e3bd95bd0d56f35241523fbab1,WETH,95275.64498,254839433.3
arbitrum,7/9/2025 0:00,0xcbb7c0000ab88b473b1f5afd9ef808440eed33bf,cbBTC,10.67000315,1169416.08
base,7/9/2025 0:00,0x833589fcd6edb6e08f4c7c32d4f71b54bda02913,USDC,261547055.1,261479382
base,7/9/2025 0:00,0xfde4c96c8593536e31f229ea8f37b2ada2699bb2,USDT,4116689.019,4116223.654
base,7/9/2025 0:00,0x4200000000000000000000000000000000000006,WETH,164434.6174,438245350.3
base,7/9/2025 0:00,0xcbb7c0000ab88b473b1f5afd9ef808440eed33bf,cbBTC,1062.060042,116568288.6
optimism,7/9/2025 0:00,0x0b2c639c533813f4aa9d7837caf62653d097ff85,USDC,13594445.79,13590890.53
optimism,7/9/2025 0:00,0x94b008aa00579c1307b0ef2c499ad98a8ce58e58,USDT,4084765.195,4084233.801
optimism,7/9/2025 0:00,0x68f180fcce6836688e9084f035309e29bf0a2095,WBTC,19.34768412,2121605.321
optimism,7/9/2025 0:00,0x4200000000000000000000000000000000000006,WETH,6493.505206,17399260.38
arbitrum,7/10/2025 0:00,0xaf88d065e77c8cc2239327c5edb3a432268e5831,USDC,244015498,243884085.8
arbitrum,7/10/2025 0:00,0xfd086bc7cd5c481dcc9c85ebe478a1c0b69fcbb9,USDT,76218136.12,76206584.82
arbitrum,7/10/2025 0:00,0x2f2a2543b76a4166549f7aab2e75bef0aefc5b0f,WBTC,813.4457676,91935062.84
arbitrum,7/10/2025 0:00,0x82af49447d8a07e3bd95bd0d56f35241523fbab1,WETH,107304.9568,303768993.6
arbitrum,7/10/2025 0:00,0xcbb7c0000ab88b473b1f5afd9ef808440eed33bf,cbBTC,11.81850997,1319378.751
base,7/10/2025 0:00,0x833589fcd6edb6e08f4c7c32d4f71b54bda02913,USDC,369523062,369344560.1
base,7/10/2025 0:00,0xfde4c96c8593536e31f229ea8f37b2ada2699bb2,USDT,3208290.972,3206142.742
base,7/10/2025 0:00,0x4200000000000000000000000000000000000006,WETH,213184.4701,601716998
base,7/10/2025 0:00,0xcbb7c0000ab88b473b1f5afd9ef808440eed33bf,cbBTC,1542.021785,174280136.7
optimism,7/10/2025 0:00,0x0b2c639c533813f4aa9d7837caf62653d097ff85,USDC,21491424.84,21479549.03
optimism,7/10/2025 0:00,0x94b008aa00579c1307b0ef2c499ad98a8ce58e58,USDT,7707230.478,7705649.069
optimism,7/10/2025 0:00,0x68f180fcce6836688e9084f035309e29bf0a2095,WBTC,22.30553464,2525876.788
optimism,7/10/2025 0:00,0x4200000000000000000000000000000000000006,WETH,7649.516677,21625996.09
arbitrum,7/11/2025 0:00,0xaf88d065e77c8cc2239327c5edb3a432268e5831,USDC,250707212.2,250476211.5
arbitrum,7/11/2025 0:00,0xfd086bc7cd5c481dcc9c85ebe478a1c0b69fcbb9,USDT,71913557,71864883.93
arbitrum,7/11/2025 0:00,0x2f2a2543b76a4166549f7aab2e75bef0aefc5b0f,WBTC,735.7892881,86188033.48
arbitrum,7/11/2025 0:00,0x82af49447d8a07e3bd95bd0d56f35241523fbab1,WETH,102085.3379,303873534.3
arbitrum,7/11/2025 0:00,0xcbb7c0000ab88b473b1f5afd9ef808440eed33bf,cbBTC,7.96124923,934927.5367
base,7/11/2025 0:00,0x833589fcd6edb6e08f4c7c32d4f71b54bda02913,USDC,448606247,448192669.8
base,7/11/2025 0:00,0xfde4c96c8593536e31f229ea8f37b2ada2699bb2,USDT,5255923.629,5252528.629
base,7/11/2025 0:00,0x4200000000000000000000000000000000000006,WETH,227632.9322,677707958.1
base,7/11/2025 0:00,0xcbb7c0000ab88b473b1f5afd9ef808440eed33bf,cbBTC,1764.534643,207255451.3
optimism,7/11/2025 0:00,0x0b2c639c533813f4aa9d7837caf62653d097ff85,USDC,24816256.23,24793011.11
optimism,7/11/2025 0:00,0x94b008aa00579c1307b0ef2c499ad98a8ce58e58,USDT,5977792.767,5973548.77
optimism,7/11/2025 0:00,0x68f180fcce6836688e9084f035309e29bf0a2095,WBTC,26.45879099,3096803.415
optimism,7/11/2025 0:00,0x4200000000000000000000000000000000000006,WETH,9320.867989,27751324.47
arbitrum,7/12/2025 0:00,0xaf88d065e77c8cc2239327c5edb3a432268e5831,USDC,137038004,136910902.4
arbitrum,7/12/2025 0:00,0xfd086bc7cd5c481dcc9c85ebe478a1c0b69fcbb9,USDT,42522552.83,42501774.87
arbitrum,7/12/2025 0:00,0x2f2a2543b76a4166549f7aab2e75bef0aefc5b0f,WBTC,290.0248167,34007550.62
arbitrum,7/12/2025 0:00,0x82af49447d8a07e3bd95bd0d56f35241523fbab1,WETH,49087.4375,144372099.8
arbitrum,7/12/2025 0:00,0xcbb7c0000ab88b473b1f5afd9ef808440eed33bf,cbBTC,2.55647452,300401.2488
base,7/12/2025 0:00,0x833589fcd6edb6e08f4c7c32d4f71b54bda02913,USDC,220469962.3,220268184.5
base,7/12/2025 0:00,0xfde4c96c8593536e31f229ea8f37b2ada2699bb2,USDT,1727145.427,1725960.096
base,7/12/2025 0:00,0x4200000000000000000000000000000000000006,WETH,127709,376011596.4
base,7/12/2025 0:00,0xcbb7c0000ab88b473b1f5afd9ef808440eed33bf,cbBTC,886.1898366,104165126.8
optimism,7/12/2025 0:00,0x0b2c639c533813f4aa9d7837caf62653d097ff85,USDC,14256653.22,14243231.59
optimism,7/12/2025 0:00,0x94b008aa00579c1307b0ef2c499ad98a8ce58e58,USDT,3181944.668,3179835.402
optimism,7/12/2025 0:00,0x68f180fcce6836688e9084f035309e29bf0a2095,WBTC,13.45402012,1579208.769
optimism,7/12/2025 0:00,0x4200000000000000000000000000000000000006,WETH,5027.61342,14799949.03
arbitrum,7/13/2025 0:00,0xaf88d065e77c8cc2239327c5edb3a432268e5831,USDC,124114427.4,123976447.2
arbitrum,7/13/2025 0:00,0xfd086bc7cd5c481dcc9c85ebe478a1c0b69fcbb9,USDT,38111203.9,38087205.41
arbitrum,7/13/2025 0:00,0x2f2a2543b76a4166549f7aab2e75bef0aefc5b0f,WBTC,282.7729224,33420264.05
arbitrum,7/13/2025 0:00,0x82af49447d8a07e3bd95bd0d56f35241523fbab1,WETH,46971.42404,139512302.8
arbitrum,7/13/2025 0:00,0xcbb7c0000ab88b473b1f5afd9ef808440eed33bf,cbBTC,4.6421895,550186.7875
base,7/13/2025 0:00,0x833589fcd6edb6e08f4c7c32d4f71b54bda02913,USDC,243698423.1,243493149.3
base,7/13/2025 0:00,0xfde4c96c8593536e31f229ea8f37b2ada2699bb2,USDT,1660373.497,1658972.312
base,7/13/2025 0:00,0x4200000000000000000000000000000000000006,WETH,133871.2832,397699824
base,7/13/2025 0:00,0xcbb7c0000ab88b473b1f5afd9ef808440eed33bf,cbBTC,979.2080205,115988944.9
optimism,7/13/2025 0:00,0x0b2c639c533813f4aa9d7837caf62653d097ff85,USDC,12416414.59,12402760.5
optimism,7/13/2025 0:00,0x94b008aa00579c1307b0ef2c499ad98a8ce58e58,USDT,2786487.497,2784266.412
optimism,7/13/2025 0:00,0x68f180fcce6836688e9084f035309e29bf0a2095,WBTC,8.32214624,983223.7613
optimism,7/13/2025 0:00,0x4200000000000000000000000000000000000006,WETH,4290.858296,12746667.39
arbitrum,7/14/2025 0:00,0xaf88d065e77c8cc2239327c5edb3a432268e5831,USDC,236608142.2,236432192.3
arbitrum,7/14/2025 0:00,0xfd086bc7cd5c481dcc9c85ebe478a1c0b69fcbb9,USDT,64716394.41,64679657.85
arbitrum,7/14/2025 0:00,0x2f2a2543b76a4166549f7aab2e75bef0aefc5b0f,WBTC,636.7399453,76823919.17
arbitrum,7/14/2025 0:00,0x82af49447d8a07e3bd95bd0d56f35241523fbab1,WETH,90207.08541,272737764.2
arbitrum,7/14/2025 0:00,0xcbb7c0000ab88b473b1f5afd9ef808440eed33bf,cbBTC,2.3836806,286360.6445
base,7/14/2025 0:00,0x833589fcd6edb6e08f4c7c32d4f71b54bda02913,USDC,452044636.5,451717028.1
base,7/14/2025 0:00,0xfde4c96c8593536e31f229ea8f37b2ada2699bb2,USDT,4107830.531,4103670.023
base,7/14/2025 0:00,0x4200000000000000000000000000000000000006,WETH,222110.1697,671419837.4
base,7/14/2025 0:00,0xcbb7c0000ab88b473b1f5afd9ef808440eed33bf,cbBTC,1860.490856,224931827.7
optimism,7/14/2025 0:00,0x0b2c639c533813f4aa9d7837caf62653d097ff85,USDC,25836155.43,25820133.01
optimism,7/14/2025 0:00,0x94b008aa00579c1307b0ef2c499ad98a8ce58e58,USDT,5760089.46,5757429.097
optimism,7/14/2025 0:00,0x68f180fcce6836688e9084f035309e29bf0a2095,WBTC,26.79398316,3241024.03
optimism,7/14/2025 0:00,0x4200000000000000000000000000000000000006,WETH,7836.274384,23686661.95
arbitrum,7/15/2025 0:00,0xaf88d065e77c8cc2239327c5edb3a432268e5831,USDC,308666790.2,308545596.5
arbitrum,7/15/2025 0:00,0xfd086bc7cd5c481dcc9c85ebe478a1c0b69fcbb9,USDT,75985717.79,75952610.36
arbitrum,7/15/2025 0:00,0x2f2a2543b76a4166549f7aab2e75bef0aefc5b0f,WBTC,818.6527541,95840950.4
arbitrum,7/15/2025 0:00,0x82af49447d8a07e3bd95bd0d56f35241523fbab1,WETH,119757.0246,361170711.4
arbitrum,7/15/2025 0:00,0xcbb7c0000ab88b473b1f5afd9ef808440eed33bf,cbBTC,11.022293,1285801.184
base,7/15/2025 0:00,0x833589fcd6edb6e08f4c7c32d4f71b54bda02913,USDC,516844935,516637428
base,7/15/2025 0:00,0xfde4c96c8593536e31f229ea8f37b2ada2699bb2,USDT,4381072.753,4376129.254
base,7/15/2025 0:00,0x4200000000000000000000000000000000000006,WETH,235075.6355,708167442.7
base,7/15/2025 0:00,0xcbb7c0000ab88b473b1f5afd9ef808440eed33bf,cbBTC,1862.347058,218491150.9
optimism,7/15/2025 0:00,0x0b2c639c533813f4aa9d7837caf62653d097ff85,USDC,23110911.75,23101110.12
optimism,7/15/2025 0:00,0x94b008aa00579c1307b0ef2c499ad98a8ce58e58,USDT,3803957.277,3802260.303
optimism,7/15/2025 0:00,0x68f180fcce6836688e9084f035309e29bf0a2095,WBTC,26.22458876,3072232.948
optimism,7/15/2025 0:00,0x4200000000000000000000000000000000000006,WETH,9281.252309,28036774.6
arbitrum,7/16/2025 0:00,0xaf88d065e77c8cc2239327c5edb3a432268e5831,USDC,249976994.5,249861982.4
arbitrum,7/16/2025 0:00,0xfd086bc7cd5c481dcc9c85ebe478a1c0b69fcbb9,USDT,65233298.31,65242191.35
arbitrum,7/16/2025 0:00,0x2f2a2543b76a4166549f7aab2e75bef0aefc5b0f,WBTC,570.2213315,67630447.11
arbitrum,7/16/2025 0:00,0x82af49447d8a07e3bd95bd0d56f35241523fbab1,WETH,97452.28907,316241646.6
arbitrum,7/16/2025 0:00,0xcbb7c0000ab88b473b1f5afd9ef808440eed33bf,cbBTC,3.59569557,423485.2025
base,7/16/2025 0:00,0x833589fcd6edb6e08f4c7c32d4f71b54bda02913,USDC,411172980.4,410998998.4
base,7/16/2025 0:00,0xfde4c96c8593536e31f229ea8f37b2ada2699bb2,USDT,5375112.608,5369441.241
base,7/16/2025 0:00,0x4200000000000000000000000000000000000006,WETH,208432.8763,674002063.7
base,7/16/2025 0:00,0xcbb7c0000ab88b473b1f5afd9ef808440eed33bf,cbBTC,1575.88748,187083582.2
optimism,7/16/2025 0:00,0x0b2c639c533813f4aa9d7837caf62653d097ff85,USDC,25640413.69,25629485.58
optimism,7/16/2025 0:00,0x94b008aa00579c1307b0ef2c499ad98a8ce58e58,USDT,7098881.494,7097395.909
optimism,7/16/2025 0:00,0x68f180fcce6836688e9084f035309e29bf0a2095,WBTC,23.95364556,2844728.697
optimism,7/16/2025 0:00,0x4200000000000000000000000000000000000006,WETH,10610.21067,34479586.11
arbitrum,7/17/2025 0:00,0xaf88d065e77c8cc2239327c5edb3a432268e5831,USDC,324633154.7,324445858.3
arbitrum,7/17/2025 0:00,0xfd086bc7cd5c481dcc9c85ebe478a1c0b69fcbb9,USDT,74628630.45,74629980.92
arbitrum,7/17/2025 0:00,0x2f2a2543b76a4166549f7aab2e75bef0aefc5b0f,WBTC,818.2451131,97090397.78
arbitrum,7/17/2025 0:00,0x82af49447d8a07e3bd95bd0d56f35241523fbab1,WETH,112635.8567,384628282
arbitrum,7/17/2025 0:00,0xcbb7c0000ab88b473b1f5afd9ef808440eed33bf,cbBTC,15.91988222,1890299.806
base,7/17/2025 0:00,0x833589fcd6edb6e08f4c7c32d4f71b54bda02913,USDC,509128200.2,508840100
base,7/17/2025 0:00,0xfde4c96c8593536e31f229ea8f37b2ada2699bb2,USDT,3737372.463,3736552.177
base,7/17/2025 0:00,0x4200000000000000000000000000000000000006,WETH,223541.7026,763071083.2
base,7/17/2025 0:00,0xcbb7c0000ab88b473b1f5afd9ef808440eed33bf,cbBTC,1929.471881,229211796.4
optimism,7/17/2025 0:00,0x0b2c639c533813f4aa9d7837caf62653d097ff85,USDC,28602661.46,28586212.88
optimism,7/17/2025 0:00,0x94b008aa00579c1307b0ef2c499ad98a8ce58e58,USDT,4073319.648,4073010.43
optimism,7/17/2025 0:00,0x68f180fcce6836688e9084f035309e29bf0a2095,WBTC,25.26782132,2999985.495
optimism,7/17/2025 0:00,0x4200000000000000000000000000000000000006,WETH,10912.03537,37305370.54
arbitrum,7/18/2025 0:00,0xaf88d065e77c8cc2239327c5edb3a432268e5831,USDC,350625703.2,350413286.4
arbitrum,7/18/2025 0:00,0xfd086bc7cd5c481dcc9c85ebe478a1c0b69fcbb9,USDT,82479831.9,82476696.08
arbitrum,7/18/2025 0:00,0x2f2a2543b76a4166549f7aab2e75bef0aefc5b0f,WBTC,818.1911339,96807748.74
arbitrum,7/18/2025 0:00,0x82af49447d8a07e3bd95bd0d56f35241523fbab1,WETH,114463.7515,409863796.7
arbitrum,7/18/2025 0:00,0xcbb7c0000ab88b473b1f5afd9ef808440eed33bf,cbBTC,2.0399482,243700.6354
base,7/18/2025 0:00,0x833589fcd6edb6e08f4c7c32d4f71b54bda02913,USDC,522161282,521843092.8
base,7/18/2025 0:00,0xfde4c96c8593536e31f229ea8f37b2ada2699bb2,USDT,4297311.703,4296227.126
base,7/18/2025 0:00,0x4200000000000000000000000000000000000006,WETH,212135.2776,760455691.9
base,7/18/2025 0:00,0xcbb7c0000ab88b473b1f5afd9ef808440eed33bf,cbBTC,1851.711334,219791911.3
optimism,7/18/2025 0:00,0x0b2c639c533813f4aa9d7837caf62653d097ff85,USDC,30355301.36,30336818.45
optimism,7/18/2025 0:00,0x94b008aa00579c1307b0ef2c499ad98a8ce58e58,USDT,6400637.624,6400635.278
optimism,7/18/2025 0:00,0x68f180fcce6836688e9084f035309e29bf0a2095,WBTC,26.38331929,3133317.734
optimism,7/18/2025 0:00,0x4200000000000000000000000000000000000006,WETH,10160.88118,36425914.61
arbitrum,7/19/2025 0:00,0xaf88d065e77c8cc2239327c5edb3a432268e5831,USDC,150445981.3,150368669.7
arbitrum,7/19/2025 0:00,0xfd086bc7cd5c481dcc9c85ebe478a1c0b69fcbb9,USDT,34382783.28,34402574.27
arbitrum,7/19/2025 0:00,0x2f2a2543b76a4166549f7aab2e75bef0aefc5b0f,WBTC,342.5919066,40391960.94
arbitrum,7/19/2025 0:00,0x82af49447d8a07e3bd95bd0d56f35241523fbab1,WETH,52647.72945,187414262.9
arbitrum,7/19/2025 0:00,0xcbb7c0000ab88b473b1f5afd9ef808440eed33bf,cbBTC,1.29506016,152849.6102
base,7/19/2025 0:00,0x833589fcd6edb6e08f4c7c32d4f71b54bda02913,USDC,215423611.8,215315214.6
base,7/19/2025 0:00,0xfde4c96c8593536e31f229ea8f37b2ada2699bb2,USDT,1998655.546,1998163.417
base,7/19/2025 0:00,0x4200000000000000000000000000000000000006,WETH,119047.691,424083056.2
base,7/19/2025 0:00,0xcbb7c0000ab88b473b1f5afd9ef808440eed33bf,cbBTC,863.909529,102036176.3
optimism,7/19/2025 0:00,0x0b2c639c533813f4aa9d7837caf62653d097ff85,USDC,16176715.19,16168327.61
optimism,7/19/2025 0:00,0x94b008aa00579c1307b0ef2c499ad98a8ce58e58,USDT,2837834.333,2838206.758
optimism,7/19/2025 0:00,0x68f180fcce6836688e9084f035309e29bf0a2095,WBTC,8.1927896,966042.8
optimism,7/19/2025 0:00,0x4200000000000000000000000000000000000006,WETH,5605.724312,19965174.31
arbitrum,7/20/2025 0:00,0xaf88d065e77c8cc2239327c5edb3a432268e5831,USDC,228852464.3,228659141.4
arbitrum,7/20/2025 0:00,0xfd086bc7cd5c481dcc9c85ebe478a1c0b69fcbb9,USDT,44915665.52,44902044.15
arbitrum,7/20/2025 0:00,0x2f2a2543b76a4166549f7aab2e75bef0aefc5b0f,WBTC,514.1989071,60605207.92
arbitrum,7/20/2025 0:00,0x82af49447d8a07e3bd95bd0d56f35241523fbab1,WETH,83001.5454,308071559.4
arbitrum,7/20/2025 0:00,0xcbb7c0000ab88b473b1f5afd9ef808440eed33bf,cbBTC,0.77446005,91482.23647
base,7/20/2025 0:00,0x833589fcd6edb6e08f4c7c32d4f71b54bda02913,USDC,334233051.4,333975583.1
base,7/20/2025 0:00,0xfde4c96c8593536e31f229ea8f37b2ada2699bb2,USDT,2443223.111,2441499.43
base,7/20/2025 0:00,0x4200000000000000000000000000000000000006,WETH,162255.1203,601501023.9
base,7/20/2025 0:00,0xcbb7c0000ab88b473b1f5afd9ef808440eed33bf,cbBTC,1322.216633,156035471.2
optimism,7/20/2025 0:00,0x0b2c639c533813f4aa9d7837caf62653d097ff85,USDC,23298909.86,23279144.02
optimism,7/20/2025 0:00,0x94b008aa00579c1307b0ef2c499ad98a8ce58e58,USDT,4990475.465,4988395.075
optimism,7/20/2025 0:00,0x68f180fcce6836688e9084f035309e29bf0a2095,WBTC,16.54371068,1950393.829
optimism,7/20/2025 0:00,0x4200000000000000000000000000000000000006,WETH,7825.043414,29032692.34
arbitrum,7/21/2025 0:00,0xaf88d065e77c8cc2239327c5edb3a432268e5831,USDC,280884379.7,280682109.2
arbitrum,7/21/2025 0:00,0xfd086bc7cd5c481dcc9c85ebe478a1c0b69fcbb9,USDT,58222184.29,58206175.28
arbitrum,7/21/2025 0:00,0x2f2a2543b76a4166549f7aab2e75bef0aefc5b0f,WBTC,687.2218941,81005299.43
arbitrum,7/21/2025 0:00,0x82af49447d8a07e3bd95bd0d56f35241523fbab1,WETH,86388.24104,325924877.4
arbitrum,7/21/2025 0:00,0xcbb7c0000ab88b473b1f5afd9ef808440eed33bf,cbBTC,1.05384814,124347.9389
base,7/21/2025 0:00,0x833589fcd6edb6e08f4c7c32d4f71b54bda02913,USDC,410780206.6,410475744.9
base,7/21/2025 0:00,0xfde4c96c8593536e31f229ea8f37b2ada2699bb2,USDT,4861404.545,4858615.048
base,7/21/2025 0:00,0x4200000000000000000000000000000000000006,WETH,172694.3385,651723335.1
base,7/21/2025 0:00,0xcbb7c0000ab88b473b1f5afd9ef808440eed33bf,cbBTC,1618.230212,191014903.9
optimism,7/21/2025 0:00,0x0b2c639c533813f4aa9d7837caf62653d097ff85,USDC,24272573.98,24253923.5
optimism,7/21/2025 0:00,0x94b008aa00579c1307b0ef2c499ad98a8ce58e58,USDT,4944622.906,4943182.484
optimism,7/21/2025 0:00,0x68f180fcce6836688e9084f035309e29bf0a2095,WBTC,17.98493433,2121764.261
optimism,7/21/2025 0:00,0x4200000000000000000000000000000000000006,WETH,7183.712133,27117037.42
arbitrum,7/22/2025 0:00,0xaf88d065e77c8cc2239327c5edb3a432268e5831,USDC,327444820.8,327259107.4
arbitrum,7/22/2025 0:00,0xfd086bc7cd5c481dcc9c85ebe478a1c0b69fcbb9,USDT,66789734.97,66777255.2
arbitrum,7/22/2025 0:00,0x2f2a2543b76a4166549f7aab2e75bef0aefc5b0f,WBTC,837.5147455,98918470.14
arbitrum,7/22/2025 0:00,0x82af49447d8a07e3bd95bd0d56f35241523fbab1,WETH,104902.4323,387891268.5
arbitrum,7/22/2025 0:00,0xcbb7c0000ab88b473b1f5afd9ef808440eed33bf,cbBTC,22.3146518,2645734.745
base,7/22/2025 0:00,0x833589fcd6edb6e08f4c7c32d4f71b54bda02913,USDC,454891739,454638735.2
base,7/22/2025 0:00,0xfde4c96c8593536e31f229ea8f37b2ada2699bb2,USDT,4171489.912,4170776.782
base,7/22/2025 0:00,0x4200000000000000000000000000000000000006,WETH,181704.387,672506175
base,7/22/2025 0:00,0xcbb7c0000ab88b473b1f5afd9ef808440eed33bf,cbBTC,1796.585431,212700764.1
optimism,7/22/2025 0:00,0x0b2c639c533813f4aa9d7837caf62653d097ff85,USDC,26042622.66,26027357.96
optimism,7/22/2025 0:00,0x94b008aa00579c1307b0ef2c499ad98a8ce58e58,USDT,3446966.048,3446337.333
optimism,7/22/2025 0:00,0x68f180fcce6836688e9084f035309e29bf0a2095,WBTC,21.85034757,2579196.961
optimism,7/22/2025 0:00,0x4200000000000000000000000000000000000006,WETH,9034.085324,33419838.87
arbitrum,7/23/2025 0:00,0xaf88d065e77c8cc2239327c5edb3a432268e5831,USDC,296459732.6,296319453.7
arbitrum,7/23/2025 0:00,0xfd086bc7cd5c481dcc9c85ebe478a1c0b69fcbb9,USDT,57018149.07,57023821.47
arbitrum,7/23/2025 0:00,0x2f2a2543b76a4166549f7aab2e75bef0aefc5b0f,WBTC,715.1194705,84417827.23
arbitrum,7/23/2025 0:00,0x82af49447d8a07e3bd95bd0d56f35241523fbab1,WETH,93941.93085,341185563.4
arbitrum,7/23/2025 0:00,0xcbb7c0000ab88b473b1f5afd9ef808440eed33bf,cbBTC,10.51870205,1241733.25
base,7/23/2025 0:00,0x833589fcd6edb6e08f4c7c32d4f71b54bda02913,USDC,473675518.6,473465186.2
base,7/23/2025 0:00,0xfde4c96c8593536e31f229ea8f37b2ada2699bb2,USDT,5609250.131,5608285.585
base,7/23/2025 0:00,0x4200000000000000000000000000000000000006,WETH,168000.8236,612449633.2
base,7/23/2025 0:00,0xcbb7c0000ab88b473b1f5afd9ef808440eed33bf,cbBTC,2017.361034,238739287.1
optimism,7/23/2025 0:00,0x0b2c639c533813f4aa9d7837caf62653d097ff85,USDC,25237844.56,25225335.96
optimism,7/23/2025 0:00,0x94b008aa00579c1307b0ef2c499ad98a8ce58e58,USDT,3437247.849,3437169.848
optimism,7/23/2025 0:00,0x68f180fcce6836688e9084f035309e29bf0a2095,WBTC,16.48102967,1946859.789
optimism,7/23/2025 0:00,0x4200000000000000000000000000000000000006,WETH,7462.35434,27140082.98
arbitrum,7/24/2025 0:00,0xaf88d065e77c8cc2239327c5edb3a432268e5831,USDC,313282531.6,313128752.8
arbitrum,7/24/2025 0:00,0xfd086bc7cd5c481dcc9c85ebe478a1c0b69fcbb9,USDT,67379081.65,67382603.92
arbitrum,7/24/2025 0:00,0x2f2a2543b76a4166549f7aab2e75bef0aefc5b0f,WBTC,714.8575451,84600636.19
arbitrum,7/24/2025 0:00,0x82af49447d8a07e3bd95bd0d56f35241523fbab1,WETH,102275.2402,373887874.2
arbitrum,7/24/2025 0:00,0xcbb7c0000ab88b473b1f5afd9ef808440eed33bf,cbBTC,7.76118017,919389.0568
base,7/24/2025 0:00,0x833589fcd6edb6e08f4c7c32d4f71b54bda02913,USDC,490562657.4,490313260.3
base,7/24/2025 0:00,0xfde4c96c8593536e31f229ea8f37b2ada2699bb2,USDT,5063817.592,5063084.421
base,7/24/2025 0:00,0x4200000000000000000000000000000000000006,WETH,196068.8099,717356284.8
base,7/24/2025 0:00,0xcbb7c0000ab88b473b1f5afd9ef808440eed33bf,cbBTC,2097.375913,248681532.4
optimism,7/24/2025 0:00,0x0b2c639c533813f4aa9d7837caf62653d097ff85,USDC,23414280.92,23402676.26
optimism,7/24/2025 0:00,0x94b008aa00579c1307b0ef2c499ad98a8ce58e58,USDT,3704219.125,3704417.693
optimism,7/24/2025 0:00,0x68f180fcce6836688e9084f035309e29bf0a2095,WBTC,17.73855957,2098927.061
optimism,7/24/2025 0:00,0x4200000000000000000000000000000000000006,WETH,7384.914435,27012149.57
arbitrum,7/25/2025 0:00,0xaf88d065e77c8cc2239327c5edb3a432268e5831,USDC,388213751.2,388172625.9
arbitrum,7/25/2025 0:00,0xfd086bc7cd5c481dcc9c85ebe478a1c0b69fcbb9,USDT,75420343.78,75429221.21
arbitrum,7/25/2025 0:00,0x2f2a2543b76a4166549f7aab2e75bef0aefc5b0f,WBTC,925.6046014,107468163.2
arbitrum,7/25/2025 0:00,0x82af49447d8a07e3bd95bd0d56f35241523fbab1,WETH,117210.3295,428957680.2
arbitrum,7/25/2025 0:00,0xcbb7c0000ab88b473b1f5afd9ef808440eed33bf,cbBTC,24.88446923,2880434.224
base,7/25/2025 0:00,0x833589fcd6edb6e08f4c7c32d4f71b54bda02913,USDC,525372843.1,525331913.1
base,7/25/2025 0:00,0xfde4c96c8593536e31f229ea8f37b2ada2699bb2,USDT,3430072.323,3431350.965
base,7/25/2025 0:00,0x4200000000000000000000000000000000000006,WETH,194400.7364,712090170.1
base,7/25/2025 0:00,0xcbb7c0000ab88b473b1f5afd9ef808440eed33bf,cbBTC,1987.33337,231060113.9
optimism,7/25/2025 0:00,0x0b2c639c533813f4aa9d7837caf62653d097ff85,USDC,24590081.1,24587504.33
optimism,7/25/2025 0:00,0x94b008aa00579c1307b0ef2c499ad98a8ce58e58,USDT,3118118.424,3118679.903
optimism,7/25/2025 0:00,0x68f180fcce6836688e9084f035309e29bf0a2095,WBTC,17.53409027,2037721.795
optimism,7/25/2025 0:00,0x4200000000000000000000000000000000000006,WETH,7312.173691,26764736.88
arbitrum,7/26/2025 0:00,0xaf88d065e77c8cc2239327c5edb3a432268e5831,USDC,128496508.8,128440584.8
arbitrum,7/26/2025 0:00,0xfd086bc7cd5c481dcc9c85ebe478a1c0b69fcbb9,USDT,33327397.99,33323538.24
arbitrum,7/26/2025 0:00,0x2f2a2543b76a4166549f7aab2e75bef0aefc5b0f,WBTC,305.992287,36013478.81
arbitrum,7/26/2025 0:00,0x82af49447d8a07e3bd95bd0d56f35241523fbab1,WETH,41948.94211,156906928.1
arbitrum,7/26/2025 0:00,0xcbb7c0000ab88b473b1f5afd9ef808440eed33bf,cbBTC,1.3093522,154379.4869
base,7/26/2025 0:00,0x833589fcd6edb6e08f4c7c32d4f71b54bda02913,USDC,240915358.3,240818689.1
base,7/26/2025 0:00,0xfde4c96c8593536e31f229ea8f37b2ada2699bb2,USDT,2302646.738,2302306.199
base,7/26/2025 0:00,0x4200000000000000000000000000000000000006,WETH,122624.5442,458617608.6
base,7/26/2025 0:00,0xcbb7c0000ab88b473b1f5afd9ef808440eed33bf,cbBTC,943.4525748,111200857.4
optimism,7/26/2025 0:00,0x0b2c639c533813f4aa9d7837caf62653d097ff85,USDC,11234635.94,11229732.99
optimism,7/26/2025 0:00,0x94b008aa00579c1307b0ef2c499ad98a8ce58e58,USDT,2303218.492,2302856.076
optimism,7/26/2025 0:00,0x68f180fcce6836688e9084f035309e29bf0a2095,WBTC,7.80442366,918633.9037
optimism,7/26/2025 0:00,0x4200000000000000000000000000000000000006,WETH,3257.876452,12186390.76
arbitrum,7/27/2025 0:00,0xaf88d065e77c8cc2239327c5edb3a432268e5831,USDC,160629911.1,160516855.2
arbitrum,7/27/2025 0:00,0xfd086bc7cd5c481dcc9c85ebe478a1c0b69fcbb9,USDT,36342223.55,36330563.33
arbitrum,7/27/2025 0:00,0x2f2a2543b76a4166549f7aab2e75bef0aefc5b0f,WBTC,370.3620338,43883172.54
arbitrum,7/27/2025 0:00,0x82af49447d8a07e3bd95bd0d56f35241523fbab1,WETH,53941.981,205417722.5
arbitrum,7/27/2025 0:00,0xcbb7c0000ab88b473b1f5afd9ef808440eed33bf,cbBTC,0.46035297,54678.55653
base,7/27/2025 0:00,0x833589fcd6edb6e08f4c7c32d4f71b54bda02913,USDC,329521508.9,329352269.4
base,7/27/2025 0:00,0xfde4c96c8593536e31f229ea8f37b2ada2699bb2,USDT,5152204.788,5149262.156
base,7/27/2025 0:00,0x4200000000000000000000000000000000000006,WETH,142515.8722,542333416.1
base,7/27/2025 0:00,0xcbb7c0000ab88b473b1f5afd9ef808440eed33bf,cbBTC,1050.37376,124577863.7
optimism,7/27/2025 0:00,0x0b2c639c533813f4aa9d7837caf62653d097ff85,USDC,14835433.42,14825026.3
optimism,7/27/2025 0:00,0x94b008aa00579c1307b0ef2c499ad98a8ce58e58,USDT,3591283.714,3590076.952
optimism,7/27/2025 0:00,0x68f180fcce6836688e9084f035309e29bf0a2095,WBTC,8.80929577,1043489.449
optimism,7/27/2025 0:00,0x4200000000000000000000000000000000000006,WETH,4226.461507,16095320.85
arbitrum,7/28/2025 0:00,0xaf88d065e77c8cc2239327c5edb3a432268e5831,USDC,270077414.6,269966617.6
arbitrum,7/28/2025 0:00,0xfd086bc7cd5c481dcc9c85ebe478a1c0b69fcbb9,USDT,53020629.14,53001406.05
arbitrum,7/28/2025 0:00,0x2f2a2543b76a4166549f7aab2e75bef0aefc5b0f,WBTC,582.0102587,68843837.22
arbitrum,7/28/2025 0:00,0x82af49447d8a07e3bd95bd0d56f35241523fbab1,WETH,76485.32227,293051537.5
arbitrum,7/28/2025 0:00,0xcbb7c0000ab88b473b1f5afd9ef808440eed33bf,cbBTC,8.47685753,1004497.76
base,7/28/2025 0:00,0x833589fcd6edb6e08f4c7c32d4f71b54bda02913,USDC,452674127.3,452445098.2
base,7/28/2025 0:00,0xfde4c96c8593536e31f229ea8f37b2ada2699bb2,USDT,4000397.867,3999896.181
base,7/28/2025 0:00,0x4200000000000000000000000000000000000006,WETH,169781.1019,651760188
base,7/28/2025 0:00,0xcbb7c0000ab88b473b1f5afd9ef808440eed33bf,cbBTC,1584.617541,187920206.5
optimism,7/28/2025 0:00,0x0b2c639c533813f4aa9d7837caf62653d097ff85,USDC,20818722.06,20807803.64
optimism,7/28/2025 0:00,0x94b008aa00579c1307b0ef2c499ad98a8ce58e58,USDT,3244132.786,3242855.751
optimism,7/28/2025 0:00,0x68f180fcce6836688e9084f035309e29bf0a2095,WBTC,11.45599582,1357543.75
optimism,7/28/2025 0:00,0x4200000000000000000000000000000000000006,WETH,6660.079985,25617487.73
arbitrum,7/29/2025 0:00,0xaf88d065e77c8cc2239327c5edb3a432268e5831,USDC,288290776.8,288242597.5
arbitrum,7/29/2025 0:00,0xfd086bc7cd5c481dcc9c85ebe478a1c0b69fcbb9,USDT,59093003.66,59078942.28
arbitrum,7/29/2025 0:00,0x2f2a2543b76a4166549f7aab2e75bef0aefc5b0f,WBTC,638.0680164,75233557.85
arbitrum,7/29/2025 0:00,0x82af49447d8a07e3bd95bd0d56f35241523fbab1,WETH,84551.03295,320659396.5
arbitrum,7/29/2025 0:00,0xcbb7c0000ab88b473b1f5afd9ef808440eed33bf,cbBTC,9.3329382,1104935.813
base,7/29/2025 0:00,0x833589fcd6edb6e08f4c7c32d4f71b54bda02913,USDC,464211802.3,464064366.1
base,7/29/2025 0:00,0xfde4c96c8593536e31f229ea8f37b2ada2699bb2,USDT,3552982.26,3553591.462
base,7/29/2025 0:00,0x4200000000000000000000000000000000000006,WETH,184966.9338,702043240.5
base,7/29/2025 0:00,0xcbb7c0000ab88b473b1f5afd9ef808440eed33bf,cbBTC,1716.285496,202800774.2
optimism,7/29/2025 0:00,0x0b2c639c533813f4aa9d7837caf62653d097ff85,USDC,18691940.75,18685979.27
optimism,7/29/2025 0:00,0x94b008aa00579c1307b0ef2c499ad98a8ce58e58,USDT,2709730.829,2708944.326
optimism,7/29/2025 0:00,0x68f180fcce6836688e9084f035309e29bf0a2095,WBTC,14.70280233,1734454.673
optimism,7/29/2025 0:00,0x4200000000000000000000000000000000000006,WETH,5834.163572,22147375.06
arbitrum,7/30/2025 0:00,0xaf88d065e77c8cc2239327c5edb3a432268e5831,USDC,289919524.8,289958551
arbitrum,7/30/2025 0:00,0xfd086bc7cd5c481dcc9c85ebe478a1c0b69fcbb9,USDT,67390260.51,67423246.89
arbitrum,7/30/2025 0:00,0x2f2a2543b76a4166549f7aab2e75bef0aefc5b0f,WBTC,605.3962406,71148416.8
arbitrum,7/30/2025 0:00,0x82af49447d8a07e3bd95bd0d56f35241523fbab1,WETH,83770.60273,316626160.6
arbitrum,7/30/2025 0:00,0xcbb7c0000ab88b473b1f5afd9ef808440eed33bf,cbBTC,0.4031384,47445.44892
base,7/30/2025 0:00,0x833589fcd6edb6e08f4c7c32d4f71b54bda02913,USDC,471422159.2,471428028.3
base,7/30/2025 0:00,0xfde4c96c8593536e31f229ea8f37b2ada2699bb2,USDT,3407556.323,3409324.161
base,7/30/2025 0:00,0x4200000000000000000000000000000000000006,WETH,187288.5803,708715578.5
base,7/30/2025 0:00,0xcbb7c0000ab88b473b1f5afd9ef808440eed33bf,cbBTC,1624.967158,191306290.6
optimism,7/30/2025 0:00,0x0b2c639c533813f4aa9d7837caf62653d097ff85,USDC,19404215.07,19404553.33
optimism,7/30/2025 0:00,0x94b008aa00579c1307b0ef2c499ad98a8ce58e58,USDT,2940311.288,2940359.19
optimism,7/30/2025 0:00,0x68f180fcce6836688e9084f035309e29bf0a2095,WBTC,11.79443498,1385899.905
optimism,7/30/2025 0:00,0x4200000000000000000000000000000000000006,WETH,5796.471029,21916209.63
arbitrum,7/31/2025 0:00,0xaf88d065e77c8cc2239327c5edb3a432268e5831,USDC,247230643.7,247231362.2
arbitrum,7/31/2025 0:00,0xfd086bc7cd5c481dcc9c85ebe478a1c0b69fcbb9,USDT,58947017.79,59047697.86
arbitrum,7/31/2025 0:00,0x2f2a2543b76a4166549f7aab2e75bef0aefc5b0f,WBTC,531.1177011,62451192.47
arbitrum,7/31/2025 0:00,0x82af49447d8a07e3bd95bd0d56f35241523fbab1,WETH,64722.6827,245034631
arbitrum,7/31/2025 0:00,0xcbb7c0000ab88b473b1f5afd9ef808440eed33bf,cbBTC,1.70861896,202067.3007
base,7/31/2025 0:00,0x833589fcd6edb6e08f4c7c32d4f71b54bda02913,USDC,426018750,425968890
base,7/31/2025 0:00,0xfde4c96c8593536e31f229ea8f37b2ada2699bb2,USDT,3381049.14,3381448.612
base,7/31/2025 0:00,0x4200000000000000000000000000000000000006,WETH,168561.3762,640416313.1
base,7/31/2025 0:00,0xcbb7c0000ab88b473b1f5afd9ef808440eed33bf,cbBTC,1398.273741,164728205.9
optimism,7/31/2025 0:00,0x0b2c639c533813f4aa9d7837caf62653d097ff85,USDC,16609157.46,16607468.37
optimism,7/31/2025 0:00,0x94b008aa00579c1307b0ef2c499ad98a8ce58e58,USDT,2638368.903,2637945.853
optimism,7/31/2025 0:00,0x68f180fcce6836688e9084f035309e29bf0a2095,WBTC,8.20117332,964881.4078
optimism,7/31/2025 0:00,0x4200000000000000000000000000000000000006,WETH,4416.760219,16740949.67
arbitrum,8/1/2025 0:00,0xaf88d065e77c8cc2239327c5edb3a432268e5831,USDC,420895138.9,420951299.7
arbitrum,8/1/2025 0:00,0xfd086bc7cd5c481dcc9c85ebe478a1c0b69fcbb9,USDT,81161146.17,81160573.6
arbitrum,8/1/2025 0:00,0x2f2a2543b76a4166549f7aab2e75bef0aefc5b0f,WBTC,1090.516044,125008497.3
arbitrum,8/1/2025 0:00,0x82af49447d8a07e3bd95bd0d56f35241523fbab1,WETH,121374.4916,437466898.5
arbitrum,8/1/2025 0:00,0xcbb7c0000ab88b473b1f5afd9ef808440eed33bf,cbBTC,1.94546524,223130.3331
base,8/1/2025 0:00,0x833589fcd6edb6e08f4c7c32d4f71b54bda02913,USDC,573189224.4,573251897.1
base,8/1/2025 0:00,0xfde4c96c8593536e31f229ea8f37b2ada2699bb2,USDT,5090163.007,5093678.569
base,8/1/2025 0:00,0x4200000000000000000000000000000000000006,WETH,209436.2866,757020314.2
base,8/1/2025 0:00,0xcbb7c0000ab88b473b1f5afd9ef808440eed33bf,cbBTC,2225.857211,255613379.6
optimism,8/1/2025 0:00,0x0b2c639c533813f4aa9d7837caf62653d097ff85,USDC,31310402.86,31314089.91
optimism,8/1/2025 0:00,0x94b008aa00579c1307b0ef2c499ad98a8ce58e58,USDT,3940042.905,3939815.926
optimism,8/1/2025 0:00,0x68f180fcce6836688e9084f035309e29bf0a2095,WBTC,20.52947285,2352727.37
optimism,8/1/2025 0:00,0x4200000000000000000000000000000000000006,WETH,8462.088916,30463697.73
arbitrum,8/2/2025 0:00,0xaf88d065e77c8cc2239327c5edb3a432268e5831,USDC,217831277.2,217996437.3
arbitrum,8/2/2025 0:00,0xfd086bc7cd5c481dcc9c85ebe478a1c0b69fcbb9,USDT,49356969.83,49389102.44
arbitrum,8/2/2025 0:00,0x2f2a2543b76a4166549f7aab2e75bef0aefc5b0f,WBTC,624.633253,70665120.8
arbitrum,8/2/2025 0:00,0x82af49447d8a07e3bd95bd0d56f35241523fbab1,WETH,73176.43802,253357350.4
arbitrum,8/2/2025 0:00,0xcbb7c0000ab88b473b1f5afd9ef808440eed33bf,cbBTC,3.7050783,418108.8876
base,8/2/2025 0:00,0x833589fcd6edb6e08f4c7c32d4f71b54bda02913,USDC,337178301.4,337400969
base,8/2/2025 0:00,0xfde4c96c8593536e31f229ea8f37b2ada2699bb2,USDT,3978250.941,3980120.924
base,8/2/2025 0:00,0x4200000000000000000000000000000000000006,WETH,151595.533,526106880.2
base,8/2/2025 0:00,0xcbb7c0000ab88b473b1f5afd9ef808440eed33bf,cbBTC,1576.340084,178706414.5
optimism,8/2/2025 0:00,0x0b2c639c533813f4aa9d7837caf62653d097ff85,USDC,19009792.44,19022618.9
optimism,8/2/2025 0:00,0x94b008aa00579c1307b0ef2c499ad98a8ce58e58,USDT,2717845.328,2718932.772
optimism,8/2/2025 0:00,0x68f180fcce6836688e9084f035309e29bf0a2095,WBTC,15.26916137,1726672.673
optimism,8/2/2025 0:00,0x4200000000000000000000000000000000000006,WETH,5993.217013,20756006.45
arbitrum,8/3/2025 0:00,0xaf88d065e77c8cc2239327c5edb3a432268e5831,USDC,131892320.1,132009651
arbitrum,8/3/2025 0:00,0xfd086bc7cd5c481dcc9c85ebe478a1c0b69fcbb9,USDT,34430668.97,34517109.6
arbitrum,8/3/2025 0:00,0x2f2a2543b76a4166549f7aab2e75bef0aefc5b0f,WBTC,335.5818803,38128778.43
arbitrum,8/3/2025 0:00,0x82af49447d8a07e3bd95bd0d56f35241523fbab1,WETH,47146.39101,163372862.6
arbitrum,8/3/2025 0:00,0xcbb7c0000ab88b473b1f5afd9ef808440eed33bf,cbBTC,2.7711401,313048.6919
base,8/3/2025 0:00,0x833589fcd6edb6e08f4c7c32d4f71b54bda02913,USDC,215796699.1,215960837.2
base,8/3/2025 0:00,0xfde4c96c8593536e31f229ea8f37b2ada2699bb2,USDT,2881227.111,2882942.672
base,8/3/2025 0:00,0x4200000000000000000000000000000000000006,WETH,127587.9946,442487237.1
base,8/3/2025 0:00,0xcbb7c0000ab88b473b1f5afd9ef808440eed33bf,cbBTC,918.1352052,104535305.8
optimism,8/3/2025 0:00,0x0b2c639c533813f4aa9d7837caf62653d097ff85,USDC,10609941.54,10617695.55
optimism,8/3/2025 0:00,0x94b008aa00579c1307b0ef2c499ad98a8ce58e58,USDT,2622937.242,2624815.005
optimism,8/3/2025 0:00,0x68f180fcce6836688e9084f035309e29bf0a2095,WBTC,7.52133015,853986.948
optimism,8/3/2025 0:00,0x4200000000000000000000000000000000000006,WETH,3688.577307,12781426.18
arbitrum,8/4/2025 0:00,0xaf88d065e77c8cc2239327c5edb3a432268e5831,USDC,209176654.7,209314168.8
arbitrum,8/4/2025 0:00,0xfd086bc7cd5c481dcc9c85ebe478a1c0b69fcbb9,USDT,47726421.24,47771329.01
arbitrum,8/4/2025 0:00,0x2f2a2543b76a4166549f7aab2e75bef0aefc5b0f,WBTC,563.3182588,64730791.38
arbitrum,8/4/2025 0:00,0x82af49447d8a07e3bd95bd0d56f35241523fbab1,WETH,76349.42973,276520269.5
arbitrum,8/4/2025 0:00,0xcbb7c0000ab88b473b1f5afd9ef808440eed33bf,cbBTC,27.95534665,3217114.727
base,8/4/2025 0:00,0x833589fcd6edb6e08f4c7c32d4f71b54bda02913,USDC,358890288.1,359070798.5
base,8/4/2025 0:00,0xfde4c96c8593536e31f229ea8f37b2ada2699bb2,USDT,8976930.764,8979966.624
base,8/4/2025 0:00,0x4200000000000000000000000000000000000006,WETH,166427.2822,601679217
base,8/4/2025 0:00,0xcbb7c0000ab88b473b1f5afd9ef808440eed33bf,cbBTC,1249.692624,143583481.9
optimism,8/4/2025 0:00,0x0b2c639c533813f4aa9d7837caf62653d097ff85,USDC,15032672.59,15039598.02
optimism,8/4/2025 0:00,0x94b008aa00579c1307b0ef2c499ad98a8ce58e58,USDT,3042033.378,3043777.142
optimism,8/4/2025 0:00,0x68f180fcce6836688e9084f035309e29bf0a2095,WBTC,10.00474779,1149280.583
optimism,8/4/2025 0:00,0x4200000000000000000000000000000000000006,WETH,5394.066316,19519925.6
arbitrum,8/5/2025 0:00,0xaf88d065e77c8cc2239327c5edb3a432268e5831,USDC,266804720.2,266913107.5
arbitrum,8/5/2025 0:00,0xfd086bc7cd5c481dcc9c85ebe478a1c0b69fcbb9,USDT,54890724.06,54920918
arbitrum,8/5/2025 0:00,0x2f2a2543b76a4166549f7aab2e75bef0aefc5b0f,WBTC,685.1465838,78107648.64
arbitrum,8/5/2025 0:00,0x82af49447d8a07e3bd95bd0d56f35241523fbab1,WETH,81191.57825,294057558.3
arbitrum,8/5/2025 0:00,0xcbb7c0000ab88b473b1f5afd9ef808440eed33bf,cbBTC,1.44397466,165432.8326
base,8/5/2025 0:00,0x833589fcd6edb6e08f4c7c32d4f71b54bda02913,USDC,428356911.4,428527083.4
base,8/5/2025 0:00,0xfde4c96c8593536e31f229ea8f37b2ada2699bb2,USDT,10971490.57,10973102.14
base,8/5/2025 0:00,0x4200000000000000000000000000000000000006,WETH,161347.9148,585163473.7
base,8/5/2025 0:00,0xcbb7c0000ab88b473b1f5afd9ef808440eed33bf,cbBTC,1306.705943,149035215.3
optimism,8/5/2025 0:00,0x0b2c639c533813f4aa9d7837caf62653d097ff85,USDC,18850667.49,18856910.84
optimism,8/5/2025 0:00,0x94b008aa00579c1307b0ef2c499ad98a8ce58e58,USDT,2950715.254,2951577.379
optimism,8/5/2025 0:00,0x68f180fcce6836688e9084f035309e29bf0a2095,WBTC,14.13639001,1612446.708
optimism,8/5/2025 0:00,0x4200000000000000000000000000000000000006,WETH,4852.999111,17580874.5
arbitrum,8/6/2025 0:00,0xaf88d065e77c8cc2239327c5edb3a432268e5831,USDC,216125491.1,216224141.3
arbitrum,8/6/2025 0:00,0xfd086bc7cd5c481dcc9c85ebe478a1c0b69fcbb9,USDT,57000145.84,57036010.27
arbitrum,8/6/2025 0:00,0x2f2a2543b76a4166549f7aab2e75bef0aefc5b0f,WBTC,532.4847371,60939831.77
arbitrum,8/6/2025 0:00,0x82af49447d8a07e3bd95bd0d56f35241523fbab1,WETH,69622.76267,252413259.9
arbitrum,8/6/2025 0:00,0xcbb7c0000ab88b473b1f5afd9ef808440eed33bf,cbBTC,1.21017639,138450.8517
base,8/6/2025 0:00,0x833589fcd6edb6e08f4c7c32d4f71b54bda02913,USDC,366021546.9,366209840.6
base,8/6/2025 0:00,0xfde4c96c8593536e31f229ea8f37b2ada2699bb2,USDT,19344795.79,19348937.67
base,8/6/2025 0:00,0x4200000000000000000000000000000000000006,WETH,157955.5429,573153347.2
base,8/6/2025 0:00,0xcbb7c0000ab88b473b1f5afd9ef808440eed33bf,cbBTC,1233.684438,141326798.3
optimism,8/6/2025 0:00,0x0b2c639c533813f4aa9d7837caf62653d097ff85,USDC,13887643.24,13893863.3
optimism,8/6/2025 0:00,0x94b008aa00579c1307b0ef2c499ad98a8ce58e58,USDT,2509400.385,2510682.219
optimism,8/6/2025 0:00,0x68f180fcce6836688e9084f035309e29bf0a2095,WBTC,14.51768077,1663392.707
optimism,8/6/2025 0:00,0x4200000000000000000000000000000000000006,WETH,4185.527789,15177225.01
arbitrum,8/7/2025 0:00,0xaf88d065e77c8cc2239327c5edb3a432268e5831,USDC,242010576.9,242077881.6
arbitrum,8/7/2025 0:00,0xfd086bc7cd5c481dcc9c85ebe478a1c0b69fcbb9,USDT,72423203.16,72521280.14
arbitrum,8/7/2025 0:00,0x2f2a2543b76a4166549f7aab2e75bef0aefc5b0f,WBTC,509.7514778,59139257.02
arbitrum,8/7/2025 0:00,0x82af49447d8a07e3bd95bd0d56f35241523fbab1,WETH,73900.78908,280006274.7
arbitrum,8/7/2025 0:00,0xcbb7c0000ab88b473b1f5afd9ef808440eed33bf,cbBTC,2.32020516,268104.8808
base,8/7/2025 0:00,0x833589fcd6edb6e08f4c7c32d4f71b54bda02913,USDC,378812457,378913629.2
base,8/7/2025 0:00,0xfde4c96c8593536e31f229ea8f37b2ada2699bb2,USDT,20924577.59,20924083.88
base,8/7/2025 0:00,0x4200000000000000000000000000000000000006,WETH,165635.656,626773022
base,8/7/2025 0:00,0xcbb7c0000ab88b473b1f5afd9ef808440eed33bf,cbBTC,1326.063029,154088093.5
optimism,8/7/2025 0:00,0x0b2c639c533813f4aa9d7837caf62653d097ff85,USDC,15824215.31,15825363.86
optimism,8/7/2025 0:00,0x94b008aa00579c1307b0ef2c499ad98a8ce58e58,USDT,4648400.098,4650054.37
optimism,8/7/2025 0:00,0x68f180fcce6836688e9084f035309e29bf0a2095,WBTC,10.97623913,1274530.591
optimism,8/7/2025 0:00,0x4200000000000000000000000000000000000006,WETH,4975.431806,18874073.66
arbitrum,8/8/2025 0:00,0xaf88d065e77c8cc2239327c5edb3a432268e5831,USDC,279065895.8,278942913.7
arbitrum,8/8/2025 0:00,0xfd086bc7cd5c481dcc9c85ebe478a1c0b69fcbb9,USDT,73703119.85,73693854.9
arbitrum,8/8/2025 0:00,0x2f2a2543b76a4166549f7aab2e75bef0aefc5b0f,WBTC,490.959797,57247723.08
arbitrum,8/8/2025 0:00,0x82af49447d8a07e3bd95bd0d56f35241523fbab1,WETH,77898.77991,307466670.6
arbitrum,8/8/2025 0:00,0xcbb7c0000ab88b473b1f5afd9ef808440eed33bf,cbBTC,2.27005847,264541.1408
base,8/8/2025 0:00,0x833589fcd6edb6e08f4c7c32d4f71b54bda02913,USDC,439687736,439731680.1
base,8/8/2025 0:00,0xfde4c96c8593536e31f229ea8f37b2ada2699bb2,USDT,3851989.823,3849640.745
base,8/8/2025 0:00,0x4200000000000000000000000000000000000006,WETH,163503.5083,645955132.4
base,8/8/2025 0:00,0xcbb7c0000ab88b473b1f5afd9ef808440eed33bf,cbBTC,1389.700891,162155729.3
optimism,8/8/2025 0:00,0x0b2c639c533813f4aa9d7837caf62653d097ff85,USDC,22124467.84,22113378.4
optimism,8/8/2025 0:00,0x94b008aa00579c1307b0ef2c499ad98a8ce58e58,USDT,4900309.847,4899166.722
optimism,8/8/2025 0:00,0x68f180fcce6836688e9084f035309e29bf0a2095,WBTC,13.37826832,1560932.902
optimism,8/8/2025 0:00,0x4200000000000000000000000000000000000006,WETH,6103.043632,24105007.28
arbitrum,8/9/2025 0:00,0xaf88d065e77c8cc2239327c5edb3a432268e5831,USDC,252569216.9,252422084.1
arbitrum,8/9/2025 0:00,0xfd086bc7cd5c481dcc9c85ebe478a1c0b69fcbb9,USDT,64001579.08,64028104.5
arbitrum,8/9/2025 0:00,0x2f2a2543b76a4166549f7aab2e75bef0aefc5b0f,WBTC,795.2785664,92762230.29
arbitrum,8/9/2025 0:00,0x82af49447d8a07e3bd95bd0d56f35241523fbab1,WETH,77842.41791,325576580.5
arbitrum,8/9/2025 0:00,0xcbb7c0000ab88b473b1f5afd9ef808440eed33bf,cbBTC,32.78534876,3836265.922
base,8/9/2025 0:00,0x833589fcd6edb6e08f4c7c32d4f71b54bda02913,USDC,397284368.2,397087199.7
base,8/9/2025 0:00,0xfde4c96c8593536e31f229ea8f37b2ada2699bb2,USDT,3738549.828,3734855.249
base,8/9/2025 0:00,0x4200000000000000000000000000000000000006,WETH,166272.9922,694612176.4
base,8/9/2025 0:00,0xcbb7c0000ab88b473b1f5afd9ef808440eed33bf,cbBTC,1293.151273,150955429.1
optimism,8/9/2025 0:00,0x0b2c639c533813f4aa9d7837caf62653d097ff85,USDC,18917675.19,18903977.7
optimism,8/9/2025 0:00,0x94b008aa00579c1307b0ef2c499ad98a8ce58e58,USDT,4637229.47,4635082.622
optimism,8/9/2025 0:00,0x68f180fcce6836688e9084f035309e29bf0a2095,WBTC,14.90465452,1738055.283
optimism,8/9/2025 0:00,0x4200000000000000000000000000000000000006,WETH,5831.859874,24367037.08
arbitrum,8/10/2025 0:00,0xaf88d065e77c8cc2239327c5edb3a432268e5831,USDC,238846072.9,238729656.8
arbitrum,8/10/2025 0:00,0xfd086bc7cd5c481dcc9c85ebe478a1c0b69fcbb9,USDT,62728819.6,62721636.19
arbitrum,8/10/2025 0:00,0x2f2a2543b76a4166549f7aab2e75bef0aefc5b0f,WBTC,653.2451343,76956981.54
arbitrum,8/10/2025 0:00,0x82af49447d8a07e3bd95bd0d56f35241523fbab1,WETH,61763.9181,260956437.7
arbitrum,8/10/2025 0:00,0xcbb7c0000ab88b473b1f5afd9ef808440eed33bf,cbBTC,21.71626703,2560911.043
base,8/10/2025 0:00,0x833589fcd6edb6e08f4c7c32d4f71b54bda02913,USDC,418158726.6,417896545.2
base,8/10/2025 0:00,0xfde4c96c8593536e31f229ea8f37b2ada2699bb2,USDT,3814226.577,3811088.148
base,8/10/2025 0:00,0x4200000000000000000000000000000000000006,WETH,148900.7004,629305792.1
base,8/10/2025 0:00,0xcbb7c0000ab88b473b1f5afd9ef808440eed33bf,cbBTC,1471.4581,173816207.9
optimism,8/10/2025 0:00,0x0b2c639c533813f4aa9d7837caf62653d097ff85,USDC,18067056.44,18052536.98
optimism,8/10/2025 0:00,0x94b008aa00579c1307b0ef2c499ad98a8ce58e58,USDT,3483010.457,3481016.29
optimism,8/10/2025 0:00,0x68f180fcce6836688e9084f035309e29bf0a2095,WBTC,18.98375978,2236059.87
optimism,8/10/2025 0:00,0x4200000000000000000000000000000000000006,WETH,4441.902662,18765802.38
arbitrum,8/11/2025 0:00,0xaf88d065e77c8cc2239327c5edb3a432268e5831,USDC,360059122.3,359950587
arbitrum,8/11/2025 0:00,0xfd086bc7cd5c481dcc9c85ebe478a1c0b69fcbb9,USDT,97441197.28,97449007.19
arbitrum,8/11/2025 0:00,0x2f2a2543b76a4166549f7aab2e75bef0aefc5b0f,WBTC,916.8215839,110006132.8
arbitrum,8/11/2025 0:00,0x82af49447d8a07e3bd95bd0d56f35241523fbab1,WETH,90602.96743,386471003
arbitrum,8/11/2025 0:00,0xcbb7c0000ab88b473b1f5afd9ef808440eed33bf,cbBTC,16.80401558,2014431.23
base,8/11/2025 0:00,0x833589fcd6edb6e08f4c7c32d4f71b54bda02913,USDC,633359814.4,633115253
base,8/11/2025 0:00,0xfde4c96c8593536e31f229ea8f37b2ada2699bb2,USDT,6175107.136,6171712.2
base,8/11/2025 0:00,0x4200000000000000000000000000000000000006,WETH,194366.9307,829636980.3
base,8/11/2025 0:00,0xcbb7c0000ab88b473b1f5afd9ef808440eed33bf,cbBTC,2105.61808,253405721.9
optimism,8/11/2025 0:00,0x0b2c639c533813f4aa9d7837caf62653d097ff85,USDC,27814948.73,27802671.36
optimism,8/11/2025 0:00,0x94b008aa00579c1307b0ef2c499ad98a8ce58e58,USDT,5164839.133,5162756.923
optimism,8/11/2025 0:00,0x68f180fcce6836688e9084f035309e29bf0a2095,WBTC,29.32274822,3524439.879
optimism,8/11/2025 0:00,0x4200000000000000000000000000000000000006,WETH,6708.523159,28634929.14
arbitrum,8/12/2025 0:00,0xaf88d065e77c8cc2239327c5edb3a432268e5831,USDC,282498651.2,282384917.7
arbitrum,8/12/2025 0:00,0xfd086bc7cd5c481dcc9c85ebe478a1c0b69fcbb9,USDT,78316053.6,78320437.42
arbitrum,8/12/2025 0:00,0x2f2a2543b76a4166549f7aab2e75bef0aefc5b0f,WBTC,686.5808493,81764333.97
arbitrum,8/12/2025 0:00,0x82af49447d8a07e3bd95bd0d56f35241523fbab1,WETH,74885.78459,328774183.1
arbitrum,8/12/2025 0:00,0xcbb7c0000ab88b473b1f5afd9ef808440eed33bf,cbBTC,26.0012,3093997.42
base,8/12/2025 0:00,0x833589fcd6edb6e08f4c7c32d4f71b54bda02913,USDC,496041865.4,495781944.9
base,8/12/2025 0:00,0xfde4c96c8593536e31f229ea8f37b2ada2699bb2,USDT,4730901.3,4726740.158
base,8/12/2025 0:00,0x4200000000000000000000000000000000000006,WETH,174599.8306,767439652.3
base,8/12/2025 0:00,0xcbb7c0000ab88b473b1f5afd9ef808440eed33bf,cbBTC,1672.876617,199485215.4
optimism,8/12/2025 0:00,0x0b2c639c533813f4aa9d7837caf62653d097ff85,USDC,23384636.69,23370196.24
optimism,8/12/2025 0:00,0x94b008aa00579c1307b0ef2c499ad98a8ce58e58,USDT,4266612.678,4264429.228
optimism,8/12/2025 0:00,0x68f180fcce6836688e9084f035309e29bf0a2095,WBTC,26.61728442,3172787.226
optimism,8/12/2025 0:00,0x4200000000000000000000000000000000000006,WETH,6144.381618,27079374.67
arbitrum,8/13/2025 0:00,0xaf88d065e77c8cc2239327c5edb3a432268e5831,USDC,284420170.6,284206306.1
arbitrum,8/13/2025 0:00,0xfd086bc7cd5c481dcc9c85ebe478a1c0b69fcbb9,USDT,84734688.66,84726486.19
arbitrum,8/13/2025 0:00,0x2f2a2543b76a4166549f7aab2e75bef0aefc5b0f,WBTC,829.2974894,100303766
arbitrum,8/13/2025 0:00,0x82af49447d8a07e3bd95bd0d56f35241523fbab1,WETH,76238.88521,356521884
arbitrum,8/13/2025 0:00,0xcbb7c0000ab88b473b1f5afd9ef808440eed33bf,cbBTC,22.38762076,2735417.231
base,8/13/2025 0:00,0x833589fcd6edb6e08f4c7c32d4f71b54bda02913,USDC,551634792.6,551190595.7
base,8/13/2025 0:00,0xfde4c96c8593536e31f229ea8f37b2ada2699bb2,USDT,6045992.174,6040648.969
base,8/13/2025 0:00,0x4200000000000000000000000000000000000006,WETH,169551.8605,792498103.4
base,8/13/2025 0:00,0xcbb7c0000ab88b473b1f5afd9ef808440eed33bf,cbBTC,2072.075388,250951095.3
optimism,8/13/2025 0:00,0x0b2c639c533813f4aa9d7837caf62653d097ff85,USDC,27392078.23,27368286.39
optimism,8/13/2025 0:00,0x94b008aa00579c1307b0ef2c499ad98a8ce58e58,USDT,6108053.546,6104095.388
optimism,8/13/2025 0:00,0x68f180fcce6836688e9084f035309e29bf0a2095,WBTC,24.48422682,2960703
optimism,8/13/2025 0:00,0x4200000000000000000000000000000000000006,WETH,7351.883559,34354237.39
arbitrum,8/14/2025 0:00,0xaf88d065e77c8cc2239327c5edb3a432268e5831,USDC,449358938.6,449280940.8
arbitrum,8/14/2025 0:00,0xfd086bc7cd5c481dcc9c85ebe478a1c0b69fcbb9,USDT,115220561.2,115299203.1
arbitrum,8/14/2025 0:00,0x2f2a2543b76a4166549f7aab2e75bef0aefc5b0f,WBTC,1292.768462,154601386.8
arbitrum,8/14/2025 0:00,0x82af49447d8a07e3bd95bd0d56f35241523fbab1,WETH,111696.0277,516136768.5
arbitrum,8/14/2025 0:00,0xcbb7c0000ab88b473b1f5afd9ef808440eed33bf,cbBTC,20.81274063,2535046.734
base,8/14/2025 0:00,0x833589fcd6edb6e08f4c7c32d4f71b54bda02913,USDC,754083372.6,753906333.2
base,8/14/2025 0:00,0xfde4c96c8593536e31f229ea8f37b2ada2699bb2,USDT,9415478.119,9420964.263
base,8/14/2025 0:00,0x4200000000000000000000000000000000000006,WETH,205359.9172,952364164
base,8/14/2025 0:00,0xcbb7c0000ab88b473b1f5afd9ef808440eed33bf,cbBTC,2602.053166,312081343.6
optimism,8/14/2025 0:00,0x0b2c639c533813f4aa9d7837caf62653d097ff85,USDC,34141204.05,34133181.56
optimism,8/14/2025 0:00,0x94b008aa00579c1307b0ef2c499ad98a8ce58e58,USDT,6226329.13,6229313.282
optimism,8/14/2025 0:00,0x68f180fcce6836688e9084f035309e29bf0a2095,WBTC,36.58421592,4384708.081
optimism,8/14/2025 0:00,0x4200000000000000000000000000000000000006,WETH,7517.248113,34782252.57
arbitrum,8/15/2025 0:00,0xaf88d065e77c8cc2239327c5edb3a432268e5831,USDC,334864961.7,334958346.2
arbitrum,8/15/2025 0:00,0xfd086bc7cd5c481dcc9c85ebe478a1c0b69fcbb9,USDT,81662708.2,81745247.69
arbitrum,8/15/2025 0:00,0x2f2a2543b76a4166549f7aab2e75bef0aefc5b0f,WBTC,863.7825985,101862907.2
arbitrum,8/15/2025 0:00,0x82af49447d8a07e3bd95bd0d56f35241523fbab1,WETH,81114.4443,366553802.4
arbitrum,8/15/2025 0:00,0xcbb7c0000ab88b473b1f5afd9ef808440eed33bf,cbBTC,4.10656956,482020.5374
base,8/15/2025 0:00,0x833589fcd6edb6e08f4c7c32d4f71b54bda02913,USDC,561509292.3,561685586.1
base,8/15/2025 0:00,0xfde4c96c8593536e31f229ea8f37b2ada2699bb2,USDT,7419321.635,7424776.659
base,8/15/2025 0:00,0x4200000000000000000000000000000000000006,WETH,167280.1866,757932983.9
base,8/15/2025 0:00,0xcbb7c0000ab88b473b1f5afd9ef808440eed33bf,cbBTC,1917.793074,226557769.8
optimism,8/15/2025 0:00,0x0b2c639c533813f4aa9d7837caf62653d097ff85,USDC,22285463.45,22291006.35
optimism,8/15/2025 0:00,0x94b008aa00579c1307b0ef2c499ad98a8ce58e58,USDT,4397778.5,4401675.702
optimism,8/15/2025 0:00,0x68f180fcce6836688e9084f035309e29bf0a2095,WBTC,22.26118094,2624382.265
optimism,8/15/2025 0:00,0x4200000000000000000000000000000000000006,WETH,4527.050083,20483199.34
arbitrum,8/16/2025 0:00,0xaf88d065e77c8cc2239327c5edb3a432268e5831,USDC,159996060.1,160028432.2
arbitrum,8/16/2025 0:00,0xfd086bc7cd5c481dcc9c85ebe478a1c0b69fcbb9,USDT,46496032.02,46550105.04
arbitrum,8/16/2025 0:00,0x2f2a2543b76a4166549f7aab2e75bef0aefc5b0f,WBTC,419.1906932,49303759.19
arbitrum,8/16/2025 0:00,0x82af49447d8a07e3bd95bd0d56f35241523fbab1,WETH,39290.52566,174039586.1
arbitrum,8/16/2025 0:00,0xcbb7c0000ab88b473b1f5afd9ef808440eed33bf,cbBTC,28.93321484,3402408.221
base,8/16/2025 0:00,0x833589fcd6edb6e08f4c7c32d4f71b54bda02913,USDC,293576474.7,293654678.5
base,8/16/2025 0:00,0xfde4c96c8593536e31f229ea8f37b2ada2699bb2,USDT,4440332.838,4442449.155
base,8/16/2025 0:00,0x4200000000000000000000000000000000000006,WETH,109745.1728,486206584.1
base,8/16/2025 0:00,0xcbb7c0000ab88b473b1f5afd9ef808440eed33bf,cbBTC,961.0543789,113191341.8
optimism,8/16/2025 0:00,0x0b2c639c533813f4aa9d7837caf62653d097ff85,USDC,18488915.91,18493905.75
optimism,8/16/2025 0:00,0x94b008aa00579c1307b0ef2c499ad98a8ce58e58,USDT,3291758.412,3299478.167
optimism,8/16/2025 0:00,0x68f180fcce6836688e9084f035309e29bf0a2095,WBTC,10.33025064,1214790.037
optimism,8/16/2025 0:00,0x4200000000000000000000000000000000000006,WETH,3439.858188,15229772.25
arbitrum,8/17/2025 0:00,0xaf88d065e77c8cc2239327c5edb3a432268e5831,USDC,168018248,168016394.7
arbitrum,8/17/2025 0:00,0xfd086bc7cd5c481dcc9c85ebe478a1c0b69fcbb9,USDT,45189233.31,45227056.27
arbitrum,8/17/2025 0:00,0x2f2a2543b76a4166549f7aab2e75bef0aefc5b0f,WBTC,427.7299675,50452343.34
arbitrum,8/17/2025 0:00,0x82af49447d8a07e3bd95bd0d56f35241523fbab1,WETH,48179.21216,216767301.6
arbitrum,8/17/2025 0:00,0xcbb7c0000ab88b473b1f5afd9ef808440eed33bf,cbBTC,3.26398337,385029.9895
base,8/17/2025 0:00,0x833589fcd6edb6e08f4c7c32d4f71b54bda02913,USDC,345935608.4,345948454.2
base,8/17/2025 0:00,0xfde4c96c8593536e31f229ea8f37b2ada2699bb2,USDT,4399217.742,4400789.589
base,8/17/2025 0:00,0x4200000000000000000000000000000000000006,WETH,122222.155,549737401.8
base,8/17/2025 0:00,0xcbb7c0000ab88b473b1f5afd9ef808440eed33bf,cbBTC,1124.895898,132797973.7
optimism,8/17/2025 0:00,0x0b2c639c533813f4aa9d7837caf62653d097ff85,USDC,13933461.98,13933160.2
optimism,8/17/2025 0:00,0x94b008aa00579c1307b0ef2c499ad98a8ce58e58,USDT,1888432.482,1889522.611
optimism,8/17/2025 0:00,0x68f180fcce6836688e9084f035309e29bf0a2095,WBTC,10.87295341,1282232.217
optimism,8/17/2025 0:00,0x4200000000000000000000000000000000000006,WETH,3230.230318,14535424.13
arbitrum,8/18/2025 0:00,0xaf88d065e77c8cc2239327c5edb3a432268e5831,USDC,375681583,375875837.8
arbitrum,8/18/2025 0:00,0xfd086bc7cd5c481dcc9c85ebe478a1c0b69fcbb9,USDT,84864378.31,84956665.56
arbitrum,8/18/2025 0:00,0x2f2a2543b76a4166549f7aab2e75bef0aefc5b0f,WBTC,1164.040103,134851257.6
arbitrum,8/18/2025 0:00,0x82af49447d8a07e3bd95bd0d56f35241523fbab1,WETH,100716.673,436309506.7
arbitrum,8/18/2025 0:00,0xcbb7c0000ab88b473b1f5afd9ef808440eed33bf,cbBTC,11.77338435,1358676.332
base,8/18/2025 0:00,0x833589fcd6edb6e08f4c7c32d4f71b54bda02913,USDC,624446180.3,624813866.1
base,8/18/2025 0:00,0xfde4c96c8593536e31f229ea8f37b2ada2699bb2,USDT,6857816.077,6865507.346
base,8/18/2025 0:00,0x4200000000000000000000000000000000000006,WETH,192633.0312,834934128.8
base,8/18/2025 0:00,0xcbb7c0000ab88b473b1f5afd9ef808440eed33bf,cbBTC,2307.766498,267710597.3
optimism,8/18/2025 0:00,0x0b2c639c533813f4aa9d7837caf62653d097ff85,USDC,27214047.06,27227657.72
optimism,8/18/2025 0:00,0x94b008aa00579c1307b0ef2c499ad98a8ce58e58,USDT,2881184.933,2884327.25
optimism,8/18/2025 0:00,0x68f180fcce6836688e9084f035309e29bf0a2095,WBTC,31.29552376,3626442.099
optimism,8/18/2025 0:00,0x4200000000000000000000000000000000000006,WETH,5790.752626,25105197.98
arbitrum,8/19/2025 0:00,0xaf88d065e77c8cc2239327c5edb3a432268e5831,USDC,377361199.1,377744876.5
arbitrum,8/19/2025 0:00,0xfd086bc7cd5c481dcc9c85ebe478a1c0b69fcbb9,USDT,104629098,104792152
arbitrum,8/19/2025 0:00,0x2f2a2543b76a4166549f7aab2e75bef0aefc5b0f,WBTC,891.2321692,102041665.2
arbitrum,8/19/2025 0:00,0x82af49447d8a07e3bd95bd0d56f35241523fbab1,WETH,89123.95835,376344220.8
arbitrum,8/19/2025 0:00,0xcbb7c0000ab88b473b1f5afd9ef808440eed33bf,cbBTC,1.6747456,192525.336
base,8/19/2025 0:00,0x833589fcd6edb6e08f4c7c32d4f71b54bda02913,USDC,559126531.3,559454225.8
base,8/19/2025 0:00,0xfde4c96c8593536e31f229ea8f37b2ada2699bb2,USDT,5850246.618,5856085.843
base,8/19/2025 0:00,0x4200000000000000000000000000000000000006,WETH,166153.7044,702203589.2
base,8/19/2025 0:00,0xcbb7c0000ab88b473b1f5afd9ef808440eed33bf,cbBTC,1888.62852,216499269.9
optimism,8/19/2025 0:00,0x0b2c639c533813f4aa9d7837caf62653d097ff85,USDC,24133854.13,24144132.75
optimism,8/19/2025 0:00,0x94b008aa00579c1307b0ef2c499ad98a8ce58e58,USDT,3162395.131,3164610.735
optimism,8/19/2025 0:00,0x68f180fcce6836688e9084f035309e29bf0a2095,WBTC,27.44604569,3149466.244
optimism,8/19/2025 0:00,0x4200000000000000000000000000000000000006,WETH,4843.807155,20495983.08
arbitrum,8/20/2025 0:00,0xaf88d065e77c8cc2239327c5edb3a432268e5831,USDC,308060188.4,308152287
arbitrum,8/20/2025 0:00,0xfd086bc7cd5c481dcc9c85ebe478a1c0b69fcbb9,USDT,75863204.72,75963092.67
arbitrum,8/20/2025 0:00,0x2f2a2543b76a4166549f7aab2e75bef0aefc5b0f,WBTC,821.0885905,93364933.77
arbitrum,8/20/2025 0:00,0x82af49447d8a07e3bd95bd0d56f35241523fbab1,WETH,92178.00435,389759505.7
arbitrum,8/20/2025 0:00,0xcbb7c0000ab88b473b1f5afd9ef808440eed33bf,cbBTC,10.93912184,1245316.995
base,8/20/2025 0:00,0x833589fcd6edb6e08f4c7c32d4f71b54bda02913,USDC,522474405.3,522727514.6
base,8/20/2025 0:00,0xfde4c96c8593536e31f229ea8f37b2ada2699bb2,USDT,4363612.628,4365385.431
base,8/20/2025 0:00,0x4200000000000000000000000000000000000006,WETH,181145.4055,766084356.2
base,8/20/2025 0:00,0xcbb7c0000ab88b473b1f5afd9ef808440eed33bf,cbBTC,1704.061468,193769229.4
optimism,8/20/2025 0:00,0x0b2c639c533813f4aa9d7837caf62653d097ff85,USDC,19482824.89,19485625.46
optimism,8/20/2025 0:00,0x94b008aa00579c1307b0ef2c499ad98a8ce58e58,USDT,3048777.78,3049405.312
optimism,8/20/2025 0:00,0x68f180fcce6836688e9084f035309e29bf0a2095,WBTC,26.67504245,3030906.559
optimism,8/20/2025 0:00,0x4200000000000000000000000000000000000006,WETH,5227.046657,22112880.4
arbitrum,8/21/2025 0:00,0xaf88d065e77c8cc2239327c5edb3a432268e5831,USDC,264375146.2,264461958.8
arbitrum,8/21/2025 0:00,0xfd086bc7cd5c481dcc9c85ebe478a1c0b69fcbb9,USDT,57895565.24,57922391.52
arbitrum,8/21/2025 0:00,0x2f2a2543b76a4166549f7aab2e75bef0aefc5b0f,WBTC,612.9583201,69435514.07
arbitrum,8/21/2025 0:00,0x82af49447d8a07e3bd95bd0d56f35241523fbab1,WETH,66302.67655,283148945.1
arbitrum,8/21/2025 0:00,0xcbb7c0000ab88b473b1f5afd9ef808440eed33bf,cbBTC,3.65187683,411319.0343
base,8/21/2025 0:00,0x833589fcd6edb6e08f4c7c32d4f71b54bda02913,USDC,492383454.9,492562299.4
base,8/21/2025 0:00,0xfde4c96c8593536e31f229ea8f37b2ada2699bb2,USDT,4384335.716,4386258.469
base,8/21/2025 0:00,0x4200000000000000000000000000000000000006,WETH,159422.3275,681200388.2
base,8/21/2025 0:00,0xcbb7c0000ab88b473b1f5afd9ef808440eed33bf,cbBTC,1342.112961,152097254.6
optimism,8/21/2025 0:00,0x0b2c639c533813f4aa9d7837caf62653d097ff85,USDC,20353583.03,20356130.4
optimism,8/21/2025 0:00,0x94b008aa00579c1307b0ef2c499ad98a8ce58e58,USDT,2391779.958,2391984.898
optimism,8/21/2025 0:00,0x68f180fcce6836688e9084f035309e29bf0a2095,WBTC,16.67776062,1891010.733
optimism,8/21/2025 0:00,0x4200000000000000000000000000000000000006,WETH,4574.811536,19547020.34
arbitrum,8/22/2025 0:00,0xaf88d065e77c8cc2239327c5edb3a432268e5831,USDC,454680785.2,454762474.4
arbitrum,8/22/2025 0:00,0xfd086bc7cd5c481dcc9c85ebe478a1c0b69fcbb9,USDT,133803986.1,133893876.5
arbitrum,8/22/2025 0:00,0x2f2a2543b76a4166549f7aab2e75bef0aefc5b0f,WBTC,1119.186018,128350498.5
arbitrum,8/22/2025 0:00,0x82af49447d8a07e3bd95bd0d56f35241523fbab1,WETH,118730.9755,536635490.2
arbitrum,8/22/2025 0:00,0xcbb7c0000ab88b473b1f5afd9ef808440eed33bf,cbBTC,18.97286632,2180726.815
base,8/22/2025 0:00,0x833589fcd6edb6e08f4c7c32d4f71b54bda02913,USDC,753199735.3,753305095.8
base,8/22/2025 0:00,0xfde4c96c8593536e31f229ea8f37b2ada2699bb2,USDT,6931930.029,6930068.957
base,8/22/2025 0:00,0x4200000000000000000000000000000000000006,WETH,227769.066,1028453519
base,8/22/2025 0:00,0xcbb7c0000ab88b473b1f5afd9ef808440eed33bf,cbBTC,2125.166466,243904752.6
optimism,8/22/2025 0:00,0x0b2c639c533813f4aa9d7837caf62653d097ff85,USDC,32284399.89,32283421.93
optimism,8/22/2025 0:00,0x94b008aa00579c1307b0ef2c499ad98a8ce58e58,USDT,4707352.147,4706731.446
optimism,8/22/2025 0:00,0x68f180fcce6836688e9084f035309e29bf0a2095,WBTC,42.66613098,4904558.243
optimism,8/22/2025 0:00,0x4200000000000000000000000000000000000006,WETH,8623.421032,39111327.67
arbitrum,8/23/2025 0:00,0xaf88d065e77c8cc2239327c5edb3a432268e5831,USDC,216133190.6,216114341.7
arbitrum,8/23/2025 0:00,0xfd086bc7cd5c481dcc9c85ebe478a1c0b69fcbb9,USDT,62232278.93,62242614.17
arbitrum,8/23/2025 0:00,0x2f2a2543b76a4166549f7aab2e75bef0aefc5b0f,WBTC,465.2637424,53792465.61
arbitrum,8/23/2025 0:00,0x82af49447d8a07e3bd95bd0d56f35241523fbab1,WETH,48922.77587,231563269.9
arbitrum,8/23/2025 0:00,0xcbb7c0000ab88b473b1f5afd9ef808440eed33bf,cbBTC,5.77351942,669312.2072
base,8/23/2025 0:00,0x833589fcd6edb6e08f4c7c32d4f71b54bda02913,USDC,404566877,404530179.6
base,8/23/2025 0:00,0xfde4c96c8593536e31f229ea8f37b2ada2699bb2,USDT,7004787.763,7002938.94
base,8/23/2025 0:00,0x4200000000000000000000000000000000000006,WETH,104492.4048,494872417.6
base,8/23/2025 0:00,0xcbb7c0000ab88b473b1f5afd9ef808440eed33bf,cbBTC,1002.251072,115876681.2
optimism,8/23/2025 0:00,0x0b2c639c533813f4aa9d7837caf62653d097ff85,USDC,15614247.51,15609260.33
optimism,8/23/2025 0:00,0x94b008aa00579c1307b0ef2c499ad98a8ce58e58,USDT,3198522.501,3196739.491
optimism,8/23/2025 0:00,0x68f180fcce6836688e9084f035309e29bf0a2095,WBTC,15.05752855,1740542.171
optimism,8/23/2025 0:00,0x4200000000000000000000000000000000000006,WETH,3342.227389,15829155.7
arbitrum,8/24/2025 0:00,0xaf88d065e77c8cc2239327c5edb3a432268e5831,USDC,326725173.6,326895123.6
arbitrum,8/24/2025 0:00,0xfd086bc7cd5c481dcc9c85ebe478a1c0b69fcbb9,USDT,82970337.3,83059006.25
arbitrum,8/24/2025 0:00,0x2f2a2543b76a4166549f7aab2e75bef0aefc5b0f,WBTC,707.9948097,80663143.37
arbitrum,8/24/2025 0:00,0x82af49447d8a07e3bd95bd0d56f35241523fbab1,WETH,75321.7239,362078797.1
arbitrum,8/24/2025 0:00,0xcbb7c0000ab88b473b1f5afd9ef808440eed33bf,cbBTC,0.1474412,16774.58668
base,8/24/2025 0:00,0x833589fcd6edb6e08f4c7c32d4f71b54bda02913,USDC,637223699.2,637491852.3
base,8/24/2025 0:00,0xfde4c96c8593536e31f229ea8f37b2ada2699bb2,USDT,4480837.767,4483800.782
base,8/24/2025 0:00,0x4200000000000000000000000000000000000006,WETH,158334.5756,761355298.8
base,8/24/2025 0:00,0xcbb7c0000ab88b473b1f5afd9ef808440eed33bf,cbBTC,1620.277197,184709362.9
optimism,8/24/2025 0:00,0x0b2c639c533813f4aa9d7837caf62653d097ff85,USDC,21541470.58,21548201.67
optimism,8/24/2025 0:00,0x94b008aa00579c1307b0ef2c499ad98a8ce58e58,USDT,3981771.141,3982106.235
optimism,8/24/2025 0:00,0x68f180fcce6836688e9084f035309e29bf0a2095,WBTC,21.84833265,2492634.341
optimism,8/24/2025 0:00,0x4200000000000000000000000000000000000006,WETH,4664.008225,22443900.31
arbitrum,8/25/2025 0:00,0xaf88d065e77c8cc2239327c5edb3a432268e5831,USDC,459767386.1,460193731.9
arbitrum,8/25/2025 0:00,0xfd086bc7cd5c481dcc9c85ebe478a1c0b69fcbb9,USDT,121054271.3,121302737.7
arbitrum,8/25/2025 0:00,0x2f2a2543b76a4166549f7aab2e75bef0aefc5b0f,WBTC,1130.507443,126325337.4
arbitrum,8/25/2025 0:00,0x82af49447d8a07e3bd95bd0d56f35241523fbab1,WETH,101194.586,463335628.9
arbitrum,8/25/2025 0:00,0xcbb7c0000ab88b473b1f5afd9ef808440eed33bf,cbBTC,4.91160733,549068.4303
base,8/25/2025 0:00,0x833589fcd6edb6e08f4c7c32d4f71b54bda02913,USDC,765051217.8,765695871.6
base,8/25/2025 0:00,0xfde4c96c8593536e31f229ea8f37b2ada2699bb2,USDT,6861338.664,6871235.794
base,8/25/2025 0:00,0x4200000000000000000000000000000000000006,WETH,211758.0947,971837400
base,8/25/2025 0:00,0xcbb7c0000ab88b473b1f5afd9ef808440eed33bf,cbBTC,2159.4881,241531096.3
optimism,8/25/2025 0:00,0x0b2c639c533813f4aa9d7837caf62653d097ff85,USDC,32406273.66,32429873.18
optimism,8/25/2025 0:00,0x94b008aa00579c1307b0ef2c499ad98a8ce58e58,USDT,5490136.934,5494133.822
optimism,8/25/2025 0:00,0x68f180fcce6836688e9084f035309e29bf0a2095,WBTC,33.85117661,3783571.923
optimism,8/25/2025 0:00,0x4200000000000000000000000000000000000006,WETH,6507.193892,29787131.74
arbitrum,8/26/2025 0:00,0xaf88d065e77c8cc2239327c5edb3a432268e5831,USDC,358893751.3,359103384.3
arbitrum,8/26/2025 0:00,0xfd086bc7cd5c481dcc9c85ebe478a1c0b69fcbb9,USDT,90390535.09,90520968.93
arbitrum,8/26/2025 0:00,0x2f2a2543b76a4166549f7aab2e75bef0aefc5b0f,WBTC,860.6154141,94967393.35
arbitrum,8/26/2025 0:00,0x82af49447d8a07e3bd95bd0d56f35241523fbab1,WETH,92729.21758,414779216.2
arbitrum,8/26/2025 0:00,0xcbb7c0000ab88b473b1f5afd9ef808440eed33bf,cbBTC,4.4944778,494267.7572
base,8/26/2025 0:00,0x833589fcd6edb6e08f4c7c32d4f71b54bda02913,USDC,604952293.7,605334593.4
base,8/26/2025 0:00,0xfde4c96c8593536e31f229ea8f37b2ada2699bb2,USDT,4961468.69,4963673.652
base,8/26/2025 0:00,0x4200000000000000000000000000000000000006,WETH,190761.0529,854469292
base,8/26/2025 0:00,0xcbb7c0000ab88b473b1f5afd9ef808440eed33bf,cbBTC,1800.414828,198773069.9
optimism,8/26/2025 0:00,0x0b2c639c533813f4aa9d7837caf62653d097ff85,USDC,21376298.64,21384279.85
optimism,8/26/2025 0:00,0x94b008aa00579c1307b0ef2c499ad98a8ce58e58,USDT,3383709.732,3385680.365
optimism,8/26/2025 0:00,0x68f180fcce6836688e9084f035309e29bf0a2095,WBTC,18.78926778,2076250.205
optimism,8/26/2025 0:00,0x4200000000000000000000000000000000000006,WETH,5195.39408,23243261.83
arbitrum,8/27/2025 0:00,0xaf88d065e77c8cc2239327c5edb3a432268e5831,USDC,325669898.3,325785894.9
arbitrum,8/27/2025 0:00,0xfd086bc7cd5c481dcc9c85ebe478a1c0b69fcbb9,USDT,65039864.3,65110395.61
arbitrum,8/27/2025 0:00,0x2f2a2543b76a4166549f7aab2e75bef0aefc5b0f,WBTC,712.1678376,79575434.02
arbitrum,8/27/2025 0:00,0x82af49447d8a07e3bd95bd0d56f35241523fbab1,WETH,73985.04259,339440554.4
arbitrum,8/27/2025 0:00,0xcbb7c0000ab88b473b1f5afd9ef808440eed33bf,cbBTC,1.26332139,141235.1278
base,8/27/2025 0:00,0x833589fcd6edb6e08f4c7c32d4f71b54bda02913,USDC,631928412,632168425.9
base,8/27/2025 0:00,0xfde4c96c8593536e31f229ea8f37b2ada2699bb2,USDT,4292280.428,4293055.351
base,8/27/2025 0:00,0x4200000000000000000000000000000000000006,WETH,185260.9348,850585219.1
base,8/27/2025 0:00,0xcbb7c0000ab88b473b1f5afd9ef808440eed33bf,cbBTC,1586.550624,177173383.4
optimism,8/27/2025 0:00,0x0b2c639c533813f4aa9d7837caf62653d097ff85,USDC,26441921.96,26446493.32
optimism,8/27/2025 0:00,0x94b008aa00579c1307b0ef2c499ad98a8ce58e58,USDT,4708412.457,4710020.644
optimism,8/27/2025 0:00,0x68f180fcce6836688e9084f035309e29bf0a2095,WBTC,14.79349554,1653233.065
optimism,8/27/2025 0:00,0x4200000000000000000000000000000000000006,WETH,5168.723186,23715792.06
arbitrum,8/28/2025 0:00,0xaf88d065e77c8cc2239327c5edb3a432268e5831,USDC,250713318.1,250881699.2
arbitrum,8/28/2025 0:00,0xfd086bc7cd5c481dcc9c85ebe478a1c0b69fcbb9,USDT,55208641.66,55295996.39
arbitrum,8/28/2025 0:00,0x2f2a2543b76a4166549f7aab2e75bef0aefc5b0f,WBTC,548.9698307,61808629.51
arbitrum,8/28/2025 0:00,0x82af49447d8a07e3bd95bd0d56f35241523fbab1,WETH,56999.41963,258566527.3
arbitrum,8/28/2025 0:00,0xcbb7c0000ab88b473b1f5afd9ef808440eed33bf,cbBTC,15.57649599,1756934.757
base,8/28/2025 0:00,0x833589fcd6edb6e08f4c7c32d4f71b54bda02913,USDC,437574638.2,437967625.9
base,8/28/2025 0:00,0xfde4c96c8593536e31f229ea8f37b2ada2699bb2,USDT,3553502.213,3555052.607
base,8/28/2025 0:00,0x4200000000000000000000000000000000000006,WETH,140529.4703,637872706
base,8/28/2025 0:00,0xcbb7c0000ab88b473b1f5afd9ef808440eed33bf,cbBTC,1223.692993,137867902.9
optimism,8/28/2025 0:00,0x0b2c639c533813f4aa9d7837caf62653d097ff85,USDC,19321944.67,19330905.77
optimism,8/28/2025 0:00,0x94b008aa00579c1307b0ef2c499ad98a8ce58e58,USDT,2667517.907,2669219.626
optimism,8/28/2025 0:00,0x68f180fcce6836688e9084f035309e29bf0a2095,WBTC,15.2491905,1717175.797
optimism,8/28/2025 0:00,0x4200000000000000000000000000000000000006,WETH,4214.412083,19118365.17
arbitrum,8/29/2025 0:00,0xaf88d065e77c8cc2239327c5edb3a432268e5831,USDC,323787112.6,324058140.6
arbitrum,8/29/2025 0:00,0xfd086bc7cd5c481dcc9c85ebe478a1c0b69fcbb9,USDT,71151532.55,71280515.92
arbitrum,8/29/2025 0:00,0x2f2a2543b76a4166549f7aab2e75bef0aefc5b0f,WBTC,740.8816889,81455765.01
arbitrum,8/29/2025 0:00,0x82af49447d8a07e3bd95bd0d56f35241523fbab1,WETH,78056.26277,341462087
arbitrum,8/29/2025 0:00,0xcbb7c0000ab88b473b1f5afd9ef808440eed33bf,cbBTC,0.35336927,38544.81117
base,8/29/2025 0:00,0x833589fcd6edb6e08f4c7c32d4f71b54bda02913,USDC,531604773.9,532038816.9
base,8/29/2025 0:00,0xfde4c96c8593536e31f229ea8f37b2ada2699bb2,USDT,4436225.648,4439239.808
base,8/29/2025 0:00,0x4200000000000000000000000000000000000006,WETH,160154.3111,701285177.1
base,8/29/2025 0:00,0xcbb7c0000ab88b473b1f5afd9ef808440eed33bf,cbBTC,1493.742402,164134691.6
optimism,8/29/2025 0:00,0x0b2c639c533813f4aa9d7837caf62653d097ff85,USDC,24759537.18,24772925.56
optimism,8/29/2025 0:00,0x94b008aa00579c1307b0ef2c499ad98a8ce58e58,USDT,3462723.259,3464874.065
optimism,8/29/2025 0:00,0x68f180fcce6836688e9084f035309e29bf0a2095,WBTC,16.47791101,1810902.881
optimism,8/29/2025 0:00,0x4200000000000000000000000000000000000006,WETH,5704.420816,24945603.84
arbitrum,8/30/2025 0:00,0xaf88d065e77c8cc2239327c5edb3a432268e5831,USDC,142892632.7,143025033.7
arbitrum,8/30/2025 0:00,0xfd086bc7cd5c481dcc9c85ebe478a1c0b69fcbb9,USDT,37945487.29,37971112.69
arbitrum,8/30/2025 0:00,0x2f2a2543b76a4166549f7aab2e75bef0aefc5b0f,WBTC,362.7993751,39416730.37
arbitrum,8/30/2025 0:00,0x82af49447d8a07e3bd95bd0d56f35241523fbab1,WETH,33731.73938,146962564.7
arbitrum,8/30/2025 0:00,0xcbb7c0000ab88b473b1f5afd9ef808440eed33bf,cbBTC,2.46944822,267793.1743
base,8/30/2025 0:00,0x833589fcd6edb6e08f4c7c32d4f71b54bda02913,USDC,255946728.4,256160812
base,8/30/2025 0:00,0xfde4c96c8593536e31f229ea8f37b2ada2699bb2,USDT,2331813.946,2332941.349
base,8/30/2025 0:00,0x4200000000000000000000000000000000000006,WETH,103929.6596,453433575.6
base,8/30/2025 0:00,0xcbb7c0000ab88b473b1f5afd9ef808440eed33bf,cbBTC,756.7685541,82153627.48
optimism,8/30/2025 0:00,0x0b2c639c533813f4aa9d7837caf62653d097ff85,USDC,13261755.03,13268147.06
optimism,8/30/2025 0:00,0x94b008aa00579c1307b0ef2c499ad98a8ce58e58,USDT,3383352.217,3385312.912
optimism,8/30/2025 0:00,0x68f180fcce6836688e9084f035309e29bf0a2095,WBTC,6.73147365,730976.2761
optimism,8/30/2025 0:00,0x4200000000000000000000000000000000000006,WETH,2634.952065,11496455.51
arbitrum,8/31/2025 0:00,0xaf88d065e77c8cc2239327c5edb3a432268e5831,USDC,136921680.6,136966748.6
arbitrum,8/31/2025 0:00,0xfd086bc7cd5c481dcc9c85ebe478a1c0b69fcbb9,USDT,33544327.29,33568760.55
arbitrum,8/31/2025 0:00,0x2f2a2543b76a4166549f7aab2e75bef0aefc5b0f,WBTC,331.7609777,36158410.58
arbitrum,8/31/2025 0:00,0x82af49447d8a07e3bd95bd0d56f35241523fbab1,WETH,34949.89459,155650060.4
arbitrum,8/31/2025 0:00,0xcbb7c0000ab88b473b1f5afd9ef808440eed33bf,cbBTC,12.83708424,1395312.977
base,8/31/2025 0:00,0x833589fcd6edb6e08f4c7c32d4f71b54bda02913,USDC,260472750.6,260650134
base,8/31/2025 0:00,0xfde4c96c8593536e31f229ea8f37b2ada2699bb2,USDT,2681358.738,2681558.084
base,8/31/2025 0:00,0x4200000000000000000000000000000000000006,WETH,101358.7913,451650955.3
base,8/31/2025 0:00,0xcbb7c0000ab88b473b1f5afd9ef808440eed33bf,cbBTC,737.9522498,80333734.4
optimism,8/31/2025 0:00,0x0b2c639c533813f4aa9d7837caf62653d097ff85,USDC,16609782.83,16615493.11
optimism,8/31/2025 0:00,0x94b008aa00579c1307b0ef2c499ad98a8ce58e58,USDT,5397330.166,5400365.74
optimism,8/31/2025 0:00,0x68f180fcce6836688e9084f035309e29bf0a2095,WBTC,8.59291971,937242.9161
optimism,8/31/2025 0:00,0x4200000000000000000000000000000000000006,WETH,3297.203128,14685171.78
arbitrum,9/1/2025 0:00,0xaf88d065e77c8cc2239327c5edb3a432268e5831,USDC,276388759.5,276511987.5
arbitrum,9/1/2025 0:00,0xfd086bc7cd5c481dcc9c85ebe478a1c0b69fcbb9,USDT,70451080.25,70529529.2
arbitrum,9/1/2025 0:00,0x2f2a2543b76a4166549f7aab2e75bef0aefc5b0f,WBTC,621.3490688,67527983.85
arbitrum,9/1/2025 0:00,0x82af49447d8a07e3bd95bd0d56f35241523fbab1,WETH,61070.27963,266805144.5
arbitrum,9/1/2025 0:00,0xcbb7c0000ab88b473b1f5afd9ef808440eed33bf,cbBTC,4.93402203,538019.454
base,9/1/2025 0:00,0x833589fcd6edb6e08f4c7c32d4f71b54bda02913,USDC,468033612.5,468236455.1
base,9/1/2025 0:00,0xfde4c96c8593536e31f229ea8f37b2ada2699bb2,USDT,4734634.263,4735856.046
base,9/1/2025 0:00,0x4200000000000000000000000000000000000006,WETH,146561.0974,640987563
base,9/1/2025 0:00,0xcbb7c0000ab88b473b1f5afd9ef808440eed33bf,cbBTC,1395.706005,151713897.8
optimism,9/1/2025 0:00,0x0b2c639c533813f4aa9d7837caf62653d097ff85,USDC,19550458.4,19554911.08
optimism,9/1/2025 0:00,0x94b008aa00579c1307b0ef2c499ad98a8ce58e58,USDT,2904788.655,2905694.507
optimism,9/1/2025 0:00,0x68f180fcce6836688e9084f035309e29bf0a2095,WBTC,13.92924916,1515689.722
optimism,9/1/2025 0:00,0x4200000000000000000000000000000000000006,WETH,4342.846501,18987441.27
arbitrum,9/2/2025 0:00,0xaf88d065e77c8cc2239327c5edb3a432268e5831,USDC,272364233.7,272407842.9
arbitrum,9/2/2025 0:00,0xfd086bc7cd5c481dcc9c85ebe478a1c0b69fcbb9,USDT,65810350.73,65848533.9
arbitrum,9/2/2025 0:00,0x2f2a2543b76a4166549f7aab2e75bef0aefc5b0f,WBTC,659.9902309,72824062.19
arbitrum,9/2/2025 0:00,0x82af49447d8a07e3bd95bd0d56f35241523fbab1,WETH,64040.93222,277261312.2
arbitrum,9/2/2025 0:00,0xcbb7c0000ab88b473b1f5afd9ef808440eed33bf,cbBTC,18.43439313,2041201.975
base,9/2/2025 0:00,0x833589fcd6edb6e08f4c7c32d4f71b54bda02913,USDC,479802454.2,479933254.5
base,9/2/2025 0:00,0xfde4c96c8593536e31f229ea8f37b2ada2699bb2,USDT,4407952.272,4407354.047
base,9/2/2025 0:00,0x4200000000000000000000000000000000000006,WETH,146353.4871,634636270.6
base,9/2/2025 0:00,0xcbb7c0000ab88b473b1f5afd9ef808440eed33bf,cbBTC,1329.176381,146793078.4
optimism,9/2/2025 0:00,0x0b2c639c533813f4aa9d7837caf62653d097ff85,USDC,22677975.96,22678709.58
optimism,9/2/2025 0:00,0x94b008aa00579c1307b0ef2c499ad98a8ce58e58,USDT,5647723.924,5648606.203
optimism,9/2/2025 0:00,0x68f180fcce6836688e9084f035309e29bf0a2095,WBTC,21.34827013,2357677.968
optimism,9/2/2025 0:00,0x4200000000000000000000000000000000000006,WETH,4844.646543,20986076.75
arbitrum,9/3/2025 0:00,0xaf88d065e77c8cc2239327c5edb3a432268e5831,USDC,202369136,202433759.7
arbitrum,9/3/2025 0:00,0xfd086bc7cd5c481dcc9c85ebe478a1c0b69fcbb9,USDT,75557679.99,75725739.91
arbitrum,9/3/2025 0:00,0x2f2a2543b76a4166549f7aab2e75bef0aefc5b0f,WBTC,426.7482831,47602240.85
arbitrum,9/3/2025 0:00,0x82af49447d8a07e3bd95bd0d56f35241523fbab1,WETH,47728.99611,209495102
arbitrum,9/3/2025 0:00,0xcbb7c0000ab88b473b1f5afd9ef808440eed33bf,cbBTC,1.95335515,217804.9633
base,9/3/2025 0:00,0x833589fcd6edb6e08f4c7c32d4f71b54bda02913,USDC,364504936.2,364594873.8
base,9/3/2025 0:00,0xfde4c96c8593536e31f229ea8f37b2ada2699bb2,USDT,3711857.164,3710240.734
base,9/3/2025 0:00,0x4200000000000000000000000000000000000006,WETH,121465.1025,533118326.6
base,9/3/2025 0:00,0xcbb7c0000ab88b473b1f5afd9ef808440eed33bf,cbBTC,949.1628305,105921057.6
optimism,9/3/2025 0:00,0x0b2c639c533813f4aa9d7837caf62653d097ff85,USDC,13902906.61,13901559.75
optimism,9/3/2025 0:00,0x94b008aa00579c1307b0ef2c499ad98a8ce58e58,USDT,4232291.275,4233024.632
optimism,9/3/2025 0:00,0x68f180fcce6836688e9084f035309e29bf0a2095,WBTC,10.26174134,1143875.214
optimism,9/3/2025 0:00,0x4200000000000000000000000000000000000006,WETH,3150.439777,13820994.22
arbitrum,9/4/2025 0:00,0xaf88d065e77c8cc2239327c5edb3a432268e5831,USDC,257992999.6,258134016.6
arbitrum,9/4/2025 0:00,0xfd086bc7cd5c481dcc9c85ebe478a1c0b69fcbb9,USDT,74662537.4,74730793.66
arbitrum,9/4/2025 0:00,0x2f2a2543b76a4166549f7aab2e75bef0aefc5b0f,WBTC,530.6301643,58694329.23
arbitrum,9/4/2025 0:00,0x82af49447d8a07e3bd95bd0d56f35241523fbab1,WETH,50167.61558,219132002.9
arbitrum,9/4/2025 0:00,0xcbb7c0000ab88b473b1f5afd9ef808440eed33bf,cbBTC,7.33270749,809311.3783
base,9/4/2025 0:00,0x833589fcd6edb6e08f4c7c32d4f71b54bda02913,USDC,405862828.3,406059041.3
base,9/4/2025 0:00,0xfde4c96c8593536e31f229ea8f37b2ada2699bb2,USDT,4757650.6,4757386.953
base,9/4/2025 0:00,0x4200000000000000000000000000000000000006,WETH,131357.6806,573794264
base,9/4/2025 0:00,0xcbb7c0000ab88b473b1f5afd9ef808440eed33bf,cbBTC,1135.125912,125727805.3
optimism,9/4/2025 0:00,0x0b2c639c533813f4aa9d7837caf62653d097ff85,USDC,18082111.38,18085158.45
optimism,9/4/2025 0:00,0x94b008aa00579c1307b0ef2c499ad98a8ce58e58,USDT,4490671.485,4492725.306
optimism,9/4/2025 0:00,0x68f180fcce6836688e9084f035309e29bf0a2095,WBTC,13.72652974,1519397.879
optimism,9/4/2025 0:00,0x4200000000000000000000000000000000000006,WETH,3287.055348,14347387.04
arbitrum,9/5/2025 0:00,0xaf88d065e77c8cc2239327c5edb3a432268e5831,USDC,317721919.8,317926023.8
arbitrum,9/5/2025 0:00,0xfd086bc7cd5c481dcc9c85ebe478a1c0b69fcbb9,USDT,88556684.6,88709483.69
arbitrum,9/5/2025 0:00,0x2f2a2543b76a4166549f7aab2e75bef0aefc5b0f,WBTC,700.9289418,78366501.58
arbitrum,9/5/2025 0:00,0x82af49447d8a07e3bd95bd0d56f35241523fbab1,WETH,72135.92132,314999452.8
arbitrum,9/5/2025 0:00,0xcbb7c0000ab88b473b1f5afd9ef808440eed33bf,cbBTC,2.42486131,270974.8006
base,9/5/2025 0:00,0x833589fcd6edb6e08f4c7c32d4f71b54bda02913,USDC,476943470.1,477167430.9
base,9/5/2025 0:00,0xfde4c96c8593536e31f229ea8f37b2ada2699bb2,USDT,5513520.817,5512911.563
base,9/5/2025 0:00,0x4200000000000000000000000000000000000006,WETH,163331.0165,711874374
base,9/5/2025 0:00,0xcbb7c0000ab88b473b1f5afd9ef808440eed33bf,cbBTC,1524.720542,170436251.4
optimism,9/5/2025 0:00,0x0b2c639c533813f4aa9d7837caf62653d097ff85,USDC,17860153.46,17864339.16
optimism,9/5/2025 0:00,0x94b008aa00579c1307b0ef2c499ad98a8ce58e58,USDT,3095539.446,3096833.432
optimism,9/5/2025 0:00,0x68f180fcce6836688e9084f035309e29bf0a2095,WBTC,15.48656075,1733120.589
optimism,9/5/2025 0:00,0x4200000000000000000000000000000000000006,WETH,4186.766709,18259835.7
arbitrum,9/6/2025 0:00,0xaf88d065e77c8cc2239327c5edb3a432268e5831,USDC,104422309.7,104475071.1
arbitrum,9/6/2025 0:00,0xfd086bc7cd5c481dcc9c85ebe478a1c0b69fcbb9,USDT,42586194.59,42619534.99
arbitrum,9/6/2025 0:00,0x2f2a2543b76a4166549f7aab2e75bef0aefc5b0f,WBTC,208.1838999,23010735.79
arbitrum,9/6/2025 0:00,0x82af49447d8a07e3bd95bd0d56f35241523fbab1,WETH,21599.61022,92612417.32
arbitrum,9/6/2025 0:00,0xcbb7c0000ab88b473b1f5afd9ef808440eed33bf,cbBTC,0.61316318,67770.66056
base,9/6/2025 0:00,0x833589fcd6edb6e08f4c7c32d4f71b54bda02913,USDC,192180691.5,192307869.8
base,9/6/2025 0:00,0xfde4c96c8593536e31f229ea8f37b2ada2699bb2,USDT,3241619.849,3241106.377
base,9/6/2025 0:00,0x4200000000000000000000000000000000000006,WETH,96816.99468,415798937.9
base,9/6/2025 0:00,0xcbb7c0000ab88b473b1f5afd9ef808440eed33bf,cbBTC,610.8222706,67592426.92
optimism,9/6/2025 0:00,0x0b2c639c533813f4aa9d7837caf62653d097ff85,USDC,6263683.36,6265564.036
optimism,9/6/2025 0:00,0x94b008aa00579c1307b0ef2c499ad98a8ce58e58,USDT,1688805.863,1689566.333
optimism,9/6/2025 0:00,0x68f180fcce6836688e9084f035309e29bf0a2095,WBTC,3.89951468,431156.5047
optimism,9/6/2025 0:00,0x4200000000000000000000000000000000000006,WETH,1427.103304,6121652.129
arbitrum,9/7/2025 0:00,0xaf88d065e77c8cc2239327c5edb3a432268e5831,USDC,91427444.49,91492468.58
arbitrum,9/7/2025 0:00,0xfd086bc7cd5c481dcc9c85ebe478a1c0b69fcbb9,USDT,38107267.89,38136723.05
arbitrum,9/7/2025 0:00,0x2f2a2543b76a4166549f7aab2e75bef0aefc5b0f,WBTC,186.8918208,20733183.91
arbitrum,9/7/2025 0:00,0x82af49447d8a07e3bd95bd0d56f35241523fbab1,WETH,19147.80511,82280721.91
arbitrum,9/7/2025 0:00,0xcbb7c0000ab88b473b1f5afd9ef808440eed33bf,cbBTC,2.23690947,247686.2143
base,9/7/2025 0:00,0x833589fcd6edb6e08f4c7c32d4f71b54bda02913,USDC,177192614.2,177301789.4
base,9/7/2025 0:00,0xfde4c96c8593536e31f229ea8f37b2ada2699bb2,USDT,2032131.88,2031983.973
base,9/7/2025 0:00,0x4200000000000000000000000000000000000006,WETH,91091.59085,391529616.3
base,9/7/2025 0:00,0xcbb7c0000ab88b473b1f5afd9ef808440eed33bf,cbBTC,591.1469798,65661256.62
optimism,9/7/2025 0:00,0x0b2c639c533813f4aa9d7837caf62653d097ff85,USDC,6013796.505,6015895.432
optimism,9/7/2025 0:00,0x94b008aa00579c1307b0ef2c499ad98a8ce58e58,USDT,1811845.377,1812674.273
optimism,9/7/2025 0:00,0x68f180fcce6836688e9084f035309e29bf0a2095,WBTC,4.37337187,485649.1919
optimism,9/7/2025 0:00,0x4200000000000000000000000000000000000006,WETH,1384.629692,5952171.971
arbitrum,9/8/2025 0:00,0xaf88d065e77c8cc2239327c5edb3a432268e5831,USDC,184690781.9,184762226.3
arbitrum,9/8/2025 0:00,0xfd086bc7cd5c481dcc9c85ebe478a1c0b69fcbb9,USDT,60149087.74,60211280.52
arbitrum,9/8/2025 0:00,0x2f2a2543b76a4166549f7aab2e75bef0aefc5b0f,WBTC,363.213116,40628501.79
arbitrum,9/8/2025 0:00,0x82af49447d8a07e3bd95bd0d56f35241523fbab1,WETH,40734.02555,175971854.7
arbitrum,9/8/2025 0:00,0xcbb7c0000ab88b473b1f5afd9ef808440eed33bf,cbBTC,4.28722065,480786.4057
base,9/8/2025 0:00,0x833589fcd6edb6e08f4c7c32d4f71b54bda02913,USDC,344006223.1,344190222.6
base,9/8/2025 0:00,0xfde4c96c8593536e31f229ea8f37b2ada2699bb2,USDT,3218889.242,3218129.851
base,9/8/2025 0:00,0x4200000000000000000000000000000000000006,WETH,129067.1009,557278196.4
base,9/8/2025 0:00,0xcbb7c0000ab88b473b1f5afd9ef808440eed33bf,cbBTC,1171.561231,131141227
optimism,9/8/2025 0:00,0x0b2c639c533813f4aa9d7837caf62653d097ff85,USDC,12033113.15,12034514.23
optimism,9/8/2025 0:00,0x94b008aa00579c1307b0ef2c499ad98a8ce58e58,USDT,2664330.832,2664864.266
optimism,9/8/2025 0:00,0x68f180fcce6836688e9084f035309e29bf0a2095,WBTC,7.76726273,869529.8226
optimism,9/8/2025 0:00,0x4200000000000000000000000000000000000006,WETH,3069.850739,13260064.27
arbitrum,9/9/2025 0:00,0xaf88d065e77c8cc2239327c5edb3a432268e5831,USDC,202675540.8,202720457.4
arbitrum,9/9/2025 0:00,0xfd086bc7cd5c481dcc9c85ebe478a1c0b69fcbb9,USDT,76598224.07,76667980.98
arbitrum,9/9/2025 0:00,0x2f2a2543b76a4166549f7aab2e75bef0aefc5b0f,WBTC,351.6958663,39409545.45
arbitrum,9/9/2025 0:00,0x82af49447d8a07e3bd95bd0d56f35241523fbab1,WETH,41764.54508,180433848.8
arbitrum,9/9/2025 0:00,0xcbb7c0000ab88b473b1f5afd9ef808440eed33bf,cbBTC,0.38969235,43666.24466
base,9/9/2025 0:00,0x833589fcd6edb6e08f4c7c32d4f71b54bda02913,USDC,404433810.4,404615921.9
base,9/9/2025 0:00,0xfde4c96c8593536e31f229ea8f37b2ada2699bb2,USDT,4615772.705,4614747.764
base,9/9/2025 0:00,0x4200000000000000000000000000000000000006,WETH,133079.5965,574871124.5
base,9/9/2025 0:00,0xcbb7c0000ab88b473b1f5afd9ef808440eed33bf,cbBTC,1195.278154,133970735.9
optimism,9/9/2025 0:00,0x0b2c639c533813f4aa9d7837caf62653d097ff85,USDC,11628974.04,11629021.88
optimism,9/9/2025 0:00,0x94b008aa00579c1307b0ef2c499ad98a8ce58e58,USDT,2240320.282,2240674.188
optimism,9/9/2025 0:00,0x68f180fcce6836688e9084f035309e29bf0a2095,WBTC,7.79240447,872747.6414
optimism,9/9/2025 0:00,0x4200000000000000000000000000000000000006,WETH,3396.240135,14672609.44
arbitrum,9/10/2025 0:00,0xaf88d065e77c8cc2239327c5edb3a432268e5831,USDC,197023525.7,197072026.2
arbitrum,9/10/2025 0:00,0xfd086bc7cd5c481dcc9c85ebe478a1c0b69fcbb9,USDT,67565802.18,67642537.38
arbitrum,9/10/2025 0:00,0x2f2a2543b76a4166549f7aab2e75bef0aefc5b0f,WBTC,438.3787948,49566249.75
arbitrum,9/10/2025 0:00,0x82af49447d8a07e3bd95bd0d56f35241523fbab1,WETH,46795.21458,203706473.3
arbitrum,9/10/2025 0:00,0xcbb7c0000ab88b473b1f5afd9ef808440eed33bf,cbBTC,6.02126157,683721.143
base,9/10/2025 0:00,0x833589fcd6edb6e08f4c7c32d4f71b54bda02913,USDC,400469592.2,400708329.5
base,9/10/2025 0:00,0xfde4c96c8593536e31f229ea8f37b2ada2699bb2,USDT,3929856.49,3928562.228
base,9/10/2025 0:00,0x4200000000000000000000000000000000000006,WETH,136658.0929,594251904
base,9/10/2025 0:00,0xcbb7c0000ab88b473b1f5afd9ef808440eed33bf,cbBTC,1419.955559,160560372
optimism,9/10/2025 0:00,0x0b2c639c533813f4aa9d7837caf62653d097ff85,USDC,12828585.31,12829920.4
optimism,9/10/2025 0:00,0x94b008aa00579c1307b0ef2c499ad98a8ce58e58,USDT,3253534.483,3254531.087
optimism,9/10/2025 0:00,0x68f180fcce6836688e9084f035309e29bf0a2095,WBTC,11.73630727,1325767.894
optimism,9/10/2025 0:00,0x4200000000000000000000000000000000000006,WETH,3089.717385,13438014.51
arbitrum,9/11/2025 0:00,0xaf88d065e77c8cc2239327c5edb3a432268e5831,USDC,241894779.9,241880363.6
arbitrum,9/11/2025 0:00,0xfd086bc7cd5c481dcc9c85ebe478a1c0b69fcbb9,USDT,68942745.05,68988392.63
arbitrum,9/11/2025 0:00,0x2f2a2543b76a4166549f7aab2e75bef0aefc5b0f,WBTC,451.9096239,51615704.07
arbitrum,9/11/2025 0:00,0x82af49447d8a07e3bd95bd0d56f35241523fbab1,WETH,54960.27994,242934888.6
arbitrum,9/11/2025 0:00,0xcbb7c0000ab88b473b1f5afd9ef808440eed33bf,cbBTC,1.10343453,126274.8298
base,9/11/2025 0:00,0x833589fcd6edb6e08f4c7c32d4f71b54bda02913,USDC,412439949.1,412551185.4
base,9/11/2025 0:00,0xfde4c96c8593536e31f229ea8f37b2ada2699bb2,USDT,7161539.406,7157972
base,9/11/2025 0:00,0x4200000000000000000000000000000000000006,WETH,146706.2864,648252965.7
base,9/11/2025 0:00,0xcbb7c0000ab88b473b1f5afd9ef808440eed33bf,cbBTC,1537.160958,175737898.5
optimism,9/11/2025 0:00,0x0b2c639c533813f4aa9d7837caf62653d097ff85,USDC,12519199.93,12517344.55
optimism,9/11/2025 0:00,0x94b008aa00579c1307b0ef2c499ad98a8ce58e58,USDT,2368344.882,2368879.254
optimism,9/11/2025 0:00,0x68f180fcce6836688e9084f035309e29bf0a2095,WBTC,15.22497689,1740402.588
optimism,9/11/2025 0:00,0x4200000000000000000000000000000000000006,WETH,3408.198997,15065348.41
arbitrum,9/12/2025 0:00,0xaf88d065e77c8cc2239327c5edb3a432268e5831,USDC,249321015,249333325.9
arbitrum,9/12/2025 0:00,0xfd086bc7cd5c481dcc9c85ebe478a1c0b69fcbb9,USDT,105644029.2,105834245.4
arbitrum,9/12/2025 0:00,0x2f2a2543b76a4166549f7aab2e75bef0aefc5b0f,WBTC,576.3143251,66704393.26
arbitrum,9/12/2025 0:00,0x82af49447d8a07e3bd95bd0d56f35241523fbab1,WETH,56892.0687,260094069.5
arbitrum,9/12/2025 0:00,0xcbb7c0000ab88b473b1f5afd9ef808440eed33bf,cbBTC,1.37242545,159108.9863
base,9/12/2025 0:00,0x833589fcd6edb6e08f4c7c32d4f71b54bda02913,USDC,427726040.4,427867407.2
base,9/12/2025 0:00,0xfde4c96c8593536e31f229ea8f37b2ada2699bb2,USDT,7755120.991,7746896.631
base,9/12/2025 0:00,0x4200000000000000000000000000000000000006,WETH,151476.5551,691202216
base,9/12/2025 0:00,0xcbb7c0000ab88b473b1f5afd9ef808440eed33bf,cbBTC,1302.619902,150599860.8
optimism,9/12/2025 0:00,0x0b2c639c533813f4aa9d7837caf62653d097ff85,USDC,13488842.93,13484377.73
optimism,9/12/2025 0:00,0x94b008aa00579c1307b0ef2c499ad98a8ce58e58,USDT,3479366.071,3480231.376
optimism,9/12/2025 0:00,0x68f180fcce6836688e9084f035309e29bf0a2095,WBTC,13.18560228,1526475.042
optimism,9/12/2025 0:00,0x4200000000000000000000000000000000000006,WETH,4080.942362,18632931.07
arbitrum,9/13/2025 0:00,0xaf88d065e77c8cc2239327c5edb3a432268e5831,USDC,170190543.9,170141831.9
arbitrum,9/13/2025 0:00,0xfd086bc7cd5c481dcc9c85ebe478a1c0b69fcbb9,USDT,63246412.78,63299701.48
arbitrum,9/13/2025 0:00,0x2f2a2543b76a4166549f7aab2e75bef0aefc5b0f,WBTC,395.0535703,45741150.37
arbitrum,9/13/2025 0:00,0x82af49447d8a07e3bd95bd0d56f35241523fbab1,WETH,34829.82342,163123571.4
arbitrum,9/13/2025 0:00,0xcbb7c0000ab88b473b1f5afd9ef808440eed33bf,cbBTC,5.9046655,684266.3167
base,9/13/2025 0:00,0x833589fcd6edb6e08f4c7c32d4f71b54bda02913,USDC,337034322.8,336970540.1
base,9/13/2025 0:00,0xfde4c96c8593536e31f229ea8f37b2ada2699bb2,USDT,5990195.577,5983599.296
base,9/13/2025 0:00,0x4200000000000000000000000000000000000006,WETH,121283.9662,568767965.3
base,9/13/2025 0:00,0xcbb7c0000ab88b473b1f5afd9ef808440eed33bf,cbBTC,1061.781325,122988679
optimism,9/13/2025 0:00,0x0b2c639c533813f4aa9d7837caf62653d097ff85,USDC,10533139.71,10525587.41
optimism,9/13/2025 0:00,0x94b008aa00579c1307b0ef2c499ad98a8ce58e58,USDT,1986604.358,1986652.25
optimism,9/13/2025 0:00,0x68f180fcce6836688e9084f035309e29bf0a2095,WBTC,8.44841391,978501.3231
optimism,9/13/2025 0:00,0x4200000000000000000000000000000000000006,WETH,2789.878925,13083752.05
arbitrum,9/14/2025 0:00,0xaf88d065e77c8cc2239327c5edb3a432268e5831,USDC,168186934.3,168115931.6
arbitrum,9/14/2025 0:00,0xfd086bc7cd5c481dcc9c85ebe478a1c0b69fcbb9,USDT,61656748.15,61679423.38
arbitrum,9/14/2025 0:00,0x2f2a2543b76a4166549f7aab2e75bef0aefc5b0f,WBTC,301.8614542,34898057.07
arbitrum,9/14/2025 0:00,0x82af49447d8a07e3bd95bd0d56f35241523fbab1,WETH,32908.40709,152382293.2
arbitrum,9/14/2025 0:00,0xcbb7c0000ab88b473b1f5afd9ef808440eed33bf,cbBTC,1.45357545,168189.9025
base,9/14/2025 0:00,0x833589fcd6edb6e08f4c7c32d4f71b54bda02913,USDC,353202809.8,353184104.6
base,9/14/2025 0:00,0xfde4c96c8593536e31f229ea8f37b2ada2699bb2,USDT,5008399.005,5003990.719
base,9/14/2025 0:00,0x4200000000000000000000000000000000000006,WETH,119198.3307,552588981.6
base,9/14/2025 0:00,0xcbb7c0000ab88b473b1f5afd9ef808440eed33bf,cbBTC,984.9414513,113974250.9
optimism,9/14/2025 0:00,0x0b2c639c533813f4aa9d7837caf62653d097ff85,USDC,9953638.404,9948080.094
optimism,9/14/2025 0:00,0x94b008aa00579c1307b0ef2c499ad98a8ce58e58,USDT,1961180.348,1961457.048
optimism,9/14/2025 0:00,0x68f180fcce6836688e9084f035309e29bf0a2095,WBTC,6.5944481,762572.393
optimism,9/14/2025 0:00,0x4200000000000000000000000000000000000006,WETH,2202.828089,10208376.82
arbitrum,9/15/2025 0:00,0xaf88d065e77c8cc2239327c5edb3a432268e5831,USDC,239594346.5,239760609
arbitrum,9/15/2025 0:00,0xfd086bc7cd5c481dcc9c85ebe478a1c0b69fcbb9,USDT,75234947.78,75347297.99
arbitrum,9/15/2025 0:00,0x2f2a2543b76a4166549f7aab2e75bef0aefc5b0f,WBTC,485.9516769,56009383.34
arbitrum,9/15/2025 0:00,0x82af49447d8a07e3bd95bd0d56f35241523fbab1,WETH,47400.28873,215609718.6
arbitrum,9/15/2025 0:00,0xcbb7c0000ab88b473b1f5afd9ef808440eed33bf,cbBTC,4.53527478,524756.7485
base,9/15/2025 0:00,0x833589fcd6edb6e08f4c7c32d4f71b54bda02913,USDC,541599741.4,541964888
base,9/15/2025 0:00,0xfde4c96c8593536e31f229ea8f37b2ada2699bb2,USDT,6056447.877,6058556.271
base,9/15/2025 0:00,0x4200000000000000000000000000000000000006,WETH,154851.4012,704746432.7
base,9/15/2025 0:00,0xcbb7c0000ab88b473b1f5afd9ef808440eed33bf,cbBTC,1402.395537,161818997.8
optimism,9/15/2025 0:00,0x0b2c639c533813f4aa9d7837caf62653d097ff85,USDC,13771470.58,13774944.72
optimism,9/15/2025 0:00,0x94b008aa00579c1307b0ef2c499ad98a8ce58e58,USDT,2280234.333,2281802.502
optimism,9/15/2025 0:00,0x68f180fcce6836688e9084f035309e29bf0a2095,WBTC,10.92404445,1260446.655
optimism,9/15/2025 0:00,0x4200000000000000000000000000000000000006,WETH,3099.285714,14112843.27
arbitrum,9/16/2025 0:00,0xaf88d065e77c8cc2239327c5edb3a432268e5831,USDC,183987553.9,184133683.8
arbitrum,9/16/2025 0:00,0xfd086bc7cd5c481dcc9c85ebe478a1c0b69fcbb9,USDT,62824957.56,62950299.17
arbitrum,9/16/2025 0:00,0x2f2a2543b76a4166549f7aab2e75bef0aefc5b0f,WBTC,373.5684185,43229606.35
arbitrum,9/16/2025 0:00,0x82af49447d8a07e3bd95bd0d56f35241523fbab1,WETH,39274.06384,176436594.3
arbitrum,9/16/2025 0:00,0xcbb7c0000ab88b473b1f5afd9ef808440eed33bf,cbBTC,6.07201469,705687.3792
base,9/16/2025 0:00,0x833589fcd6edb6e08f4c7c32d4f71b54bda02913,USDC,394947858.2,395234848.4
base,9/16/2025 0:00,0xfde4c96c8593536e31f229ea8f37b2ada2699bb2,USDT,6610992.931,6613017.851
base,9/16/2025 0:00,0x4200000000000000000000000000000000000006,WETH,133985.5995,602793294.7
base,9/16/2025 0:00,0xcbb7c0000ab88b473b1f5afd9ef808440eed33bf,cbBTC,1200.667009,139203379.8
optimism,9/16/2025 0:00,0x0b2c639c533813f4aa9d7837caf62653d097ff85,USDC,13082383.38,13086495.9
optimism,9/16/2025 0:00,0x94b008aa00579c1307b0ef2c499ad98a8ce58e58,USDT,4968820.989,4971784.935
optimism,9/16/2025 0:00,0x68f180fcce6836688e9084f035309e29bf0a2095,WBTC,9.43424775,1093203.225
optimism,9/16/2025 0:00,0x4200000000000000000000000000000000000006,WETH,2750.695075,12363642.68
arbitrum,9/17/2025 0:00,0xaf88d065e77c8cc2239327c5edb3a432268e5831,USDC,318660339.5,318792828.6
arbitrum,9/17/2025 0:00,0xfd086bc7cd5c481dcc9c85ebe478a1c0b69fcbb9,USDT,99199966.01,99325020.44
arbitrum,9/17/2025 0:00,0x2f2a2543b76a4166549f7aab2e75bef0aefc5b0f,WBTC,616.5083347,71598369.76
arbitrum,9/17/2025 0:00,0x82af49447d8a07e3bd95bd0d56f35241523fbab1,WETH,71806.04116,323721713
arbitrum,9/17/2025 0:00,0xcbb7c0000ab88b473b1f5afd9ef808440eed33bf,cbBTC,0.60544217,70180.23558
base,9/17/2025 0:00,0x833589fcd6edb6e08f4c7c32d4f71b54bda02913,USDC,575207174,575556610.9
base,9/17/2025 0:00,0xfde4c96c8593536e31f229ea8f37b2ada2699bb2,USDT,9083743.225,9084959.298
base,9/17/2025 0:00,0x4200000000000000000000000000000000000006,WETH,195180.588,880287460
base,9/17/2025 0:00,0xcbb7c0000ab88b473b1f5afd9ef808440eed33bf,cbBTC,1643.371556,191138183.8
optimism,9/17/2025 0:00,0x0b2c639c533813f4aa9d7837caf62653d097ff85,USDC,17622147.39,17623417.97
optimism,9/17/2025 0:00,0x94b008aa00579c1307b0ef2c499ad98a8ce58e58,USDT,2898130.625,2899795.11
optimism,9/17/2025 0:00,0x68f180fcce6836688e9084f035309e29bf0a2095,WBTC,15.50817615,1801884.011
optimism,9/17/2025 0:00,0x4200000000000000000000000000000000000006,WETH,4595.357482,20726945.74
arbitrum,9/18/2025 0:00,0xaf88d065e77c8cc2239327c5edb3a432268e5831,USDC,241142316.2,241228908.4
arbitrum,9/18/2025 0:00,0xfd086bc7cd5c481dcc9c85ebe478a1c0b69fcbb9,USDT,117805054.6,117988987.4
arbitrum,9/18/2025 0:00,0x2f2a2543b76a4166549f7aab2e75bef0aefc5b0f,WBTC,354.5262923,41563948.24
arbitrum,9/18/2025 0:00,0x82af49447d8a07e3bd95bd0d56f35241523fbab1,WETH,40563.61886,186521638
arbitrum,9/18/2025 0:00,0xcbb7c0000ab88b473b1f5afd9ef808440eed33bf,cbBTC,1.34347531,157928.9902
base,9/18/2025 0:00,0x833589fcd6edb6e08f4c7c32d4f71b54bda02913,USDC,409802478.3,410008555.5
base,9/18/2025 0:00,0xfde4c96c8593536e31f229ea8f37b2ada2699bb2,USDT,8061784.04,8059748.759
base,9/18/2025 0:00,0x4200000000000000000000000000000000000006,WETH,155764.0632,716359447.5
base,9/18/2025 0:00,0xcbb7c0000ab88b473b1f5afd9ef808440eed33bf,cbBTC,1207.959537,141706872.6
optimism,9/18/2025 0:00,0x0b2c639c533813f4aa9d7837caf62653d097ff85,USDC,12261727.5,12259325.51
optimism,9/18/2025 0:00,0x94b008aa00579c1307b0ef2c499ad98a8ce58e58,USDT,3068223.293,3069141.477
optimism,9/18/2025 0:00,0x68f180fcce6836688e9084f035309e29bf0a2095,WBTC,9.79260472,1148214.383
optimism,9/18/2025 0:00,0x4200000000000000000000000000000000000006,WETH,3108.378657,14294923.18
arbitrum,9/19/2025 0:00,0xaf88d065e77c8cc2239327c5edb3a432268e5831,USDC,210059705.1,210189586.1
arbitrum,9/19/2025 0:00,0xfd086bc7cd5c481dcc9c85ebe478a1c0b69fcbb9,USDT,96075141.4,96219460.68
arbitrum,9/19/2025 0:00,0x2f2a2543b76a4166549f7aab2e75bef0aefc5b0f,WBTC,286.2787424,33298650.19
arbitrum,9/19/2025 0:00,0x82af49447d8a07e3bd95bd0d56f35241523fbab1,WETH,35803.4897,161808539.5
arbitrum,9/19/2025 0:00,0xcbb7c0000ab88b473b1f5afd9ef808440eed33bf,cbBTC,0.88551238,103472.3562
base,9/19/2025 0:00,0x833589fcd6edb6e08f4c7c32d4f71b54bda02913,USDC,346331002.1,346539756
base,9/19/2025 0:00,0xfde4c96c8593536e31f229ea8f37b2ada2699bb2,USDT,7109610.757,7109370.56
base,9/19/2025 0:00,0x4200000000000000000000000000000000000006,WETH,131962.3258,596540325.8
base,9/19/2025 0:00,0xcbb7c0000ab88b473b1f5afd9ef808440eed33bf,cbBTC,951.8574126,110881294.5
optimism,9/19/2025 0:00,0x0b2c639c533813f4aa9d7837caf62653d097ff85,USDC,11502603.52,11501287.3
optimism,9/19/2025 0:00,0x94b008aa00579c1307b0ef2c499ad98a8ce58e58,USDT,2385249.733,2386393.681
optimism,9/19/2025 0:00,0x68f180fcce6836688e9084f035309e29bf0a2095,WBTC,6.84866947,796541.7197
optimism,9/19/2025 0:00,0x4200000000000000000000000000000000000006,WETH,2756.1024,12460104.14
arbitrum,9/20/2025 0:00,0xaf88d065e77c8cc2239327c5edb3a432268e5831,USDC,122566603.9,122730513.5
arbitrum,9/20/2025 0:00,0xfd086bc7cd5c481dcc9c85ebe478a1c0b69fcbb9,USDT,86080530.4,86221368.41
arbitrum,9/20/2025 0:00,0x2f2a2543b76a4166549f7aab2e75bef0aefc5b0f,WBTC,122.7228314,14220886.96
arbitrum,9/20/2025 0:00,0x82af49447d8a07e3bd95bd0d56f35241523fbab1,WETH,17747.62122,79519549.06
arbitrum,9/20/2025 0:00,0xcbb7c0000ab88b473b1f5afd9ef808440eed33bf,cbBTC,0.74768908,86592.91121
base,9/20/2025 0:00,0x833589fcd6edb6e08f4c7c32d4f71b54bda02913,USDC,203586938.2,203833370.7
base,9/20/2025 0:00,0xfde4c96c8593536e31f229ea8f37b2ada2699bb2,USDT,7552899.411,7555492.013
base,9/20/2025 0:00,0x4200000000000000000000000000000000000006,WETH,105183.0878,471252665.5
base,9/20/2025 0:00,0xcbb7c0000ab88b473b1f5afd9ef808440eed33bf,cbBTC,474.2256126,54971077.64
optimism,9/20/2025 0:00,0x0b2c639c533813f4aa9d7837caf62653d097ff85,USDC,6673826.676,6675211.536
optimism,9/20/2025 0:00,0x94b008aa00579c1307b0ef2c499ad98a8ce58e58,USDT,1920319.006,1921904.271
optimism,9/20/2025 0:00,0x68f180fcce6836688e9084f035309e29bf0a2095,WBTC,3.08679229,357766.3212
optimism,9/20/2025 0:00,0x4200000000000000000000000000000000000006,WETH,1759.5154,7884286.921
arbitrum,9/21/2025 0:00,0xaf88d065e77c8cc2239327c5edb3a432268e5831,USDC,139856088.3,140008445.8
arbitrum,9/21/2025 0:00,0xfd086bc7cd5c481dcc9c85ebe478a1c0b69fcbb9,USDT,83004975.59,83132270.07
arbitrum,9/21/2025 0:00,0x2f2a2543b76a4166549f7aab2e75bef0aefc5b0f,WBTC,138.1909164,15969725.6
arbitrum,9/21/2025 0:00,0x82af49447d8a07e3bd95bd0d56f35241523fbab1,WETH,19130.37775,85628923.09
arbitrum,9/21/2025 0:00,0xcbb7c0000ab88b473b1f5afd9ef808440eed33bf,cbBTC,1.75165165,202503.2178
base,9/21/2025 0:00,0x833589fcd6edb6e08f4c7c32d4f71b54bda02913,USDC,300332831.7,300565260.1
base,9/21/2025 0:00,0xfde4c96c8593536e31f229ea8f37b2ada2699bb2,USDT,7363564.852,7367333.859
base,9/21/2025 0:00,0x4200000000000000000000000000000000000006,WETH,102083.6985,457070775
base,9/21/2025 0:00,0xcbb7c0000ab88b473b1f5afd9ef808440eed33bf,cbBTC,546.8412555,63244866.04
optimism,9/21/2025 0:00,0x0b2c639c533813f4aa9d7837caf62653d097ff85,USDC,8950605.514,8952642.879
optimism,9/21/2025 0:00,0x94b008aa00579c1307b0ef2c499ad98a8ce58e58,USDT,2562971.376,2565081.497
optimism,9/21/2025 0:00,0x68f180fcce6836688e9084f035309e29bf0a2095,WBTC,4.14854658,479511.8086
optimism,9/21/2025 0:00,0x4200000000000000000000000000000000000006,WETH,2223.362907,9954327.344
arbitrum,9/22/2025 0:00,0xaf88d065e77c8cc2239327c5edb3a432268e5831,USDC,345004538.5,345312670
arbitrum,9/22/2025 0:00,0xfd086bc7cd5c481dcc9c85ebe478a1c0b69fcbb9,USDT,143837885.5,144127877.5
arbitrum,9/22/2025 0:00,0x2f2a2543b76a4166549f7aab2e75bef0aefc5b0f,WBTC,746.5982475,84742824.71
arbitrum,9/22/2025 0:00,0x82af49447d8a07e3bd95bd0d56f35241523fbab1,WETH,69323.02842,293054114.9
arbitrum,9/22/2025 0:00,0xcbb7c0000ab88b473b1f5afd9ef808440eed33bf,cbBTC,1.94855353,220910.8846
base,9/22/2025 0:00,0x833589fcd6edb6e08f4c7c32d4f71b54bda02913,USDC,607797840.1,608355076.3
base,9/22/2025 0:00,0xfde4c96c8593536e31f229ea8f37b2ada2699bb2,USDT,6143776.772,6150011.585
base,9/22/2025 0:00,0x4200000000000000000000000000000000000006,WETH,177013.9059,748445906.4
base,9/22/2025 0:00,0xcbb7c0000ab88b473b1f5afd9ef808440eed33bf,cbBTC,1707.105561,193861230.4
optimism,9/22/2025 0:00,0x0b2c639c533813f4aa9d7837caf62653d097ff85,USDC,26379807.99,26390562.34
optimism,9/22/2025 0:00,0x94b008aa00579c1307b0ef2c499ad98a8ce58e58,USDT,4927564.165,4933392.492
optimism,9/22/2025 0:00,0x68f180fcce6836688e9084f035309e29bf0a2095,WBTC,22.29087705,2533285.127
optimism,9/22/2025 0:00,0x4200000000000000000000000000000000000006,WETH,6180.496328,26151467.86
arbitrum,9/23/2025 0:00,0xaf88d065e77c8cc2239327c5edb3a432268e5831,USDC,237472188.9,237706021.1
arbitrum,9/23/2025 0:00,0xfd086bc7cd5c481dcc9c85ebe478a1c0b69fcbb9,USDT,109994735.5,110173963.2
arbitrum,9/23/2025 0:00,0x2f2a2543b76a4166549f7aab2e75bef0aefc5b0f,WBTC,453.2047091,50996633.28
arbitrum,9/23/2025 0:00,0x82af49447d8a07e3bd95bd0d56f35241523fbab1,WETH,44377.787,185578641.8
arbitrum,9/23/2025 0:00,0xcbb7c0000ab88b473b1f5afd9ef808440eed33bf,cbBTC,3.14991492,355575.9075
base,9/23/2025 0:00,0x833589fcd6edb6e08f4c7c32d4f71b54bda02913,USDC,457127460.3,457452427.5
base,9/23/2025 0:00,0xfde4c96c8593536e31f229ea8f37b2ada2699bb2,USDT,7632139.075,7636155.787
base,9/23/2025 0:00,0x4200000000000000000000000000000000000006,WETH,140100.4523,586149288.4
base,9/23/2025 0:00,0xcbb7c0000ab88b473b1f5afd9ef808440eed33bf,cbBTC,1222.655405,137698821.9
optimism,9/23/2025 0:00,0x0b2c639c533813f4aa9d7837caf62653d097ff85,USDC,17386204.12,17389148.3
optimism,9/23/2025 0:00,0x94b008aa00579c1307b0ef2c499ad98a8ce58e58,USDT,3811286.251,3814324.207
optimism,9/23/2025 0:00,0x68f180fcce6836688e9084f035309e29bf0a2095,WBTC,10.69670045,1203453.671
optimism,9/23/2025 0:00,0x4200000000000000000000000000000000000006,WETH,3960.61738,16569043.43
arbitrum,9/24/2025 0:00,0xaf88d065e77c8cc2239327c5edb3a432268e5831,USDC,226176456.2,226393017.4
arbitrum,9/24/2025 0:00,0xfd086bc7cd5c481dcc9c85ebe478a1c0b69fcbb9,USDT,129877837.7,130043859.1
arbitrum,9/24/2025 0:00,0x2f2a2543b76a4166549f7aab2e75bef0aefc5b0f,WBTC,387.9517194,43743023.83
arbitrum,9/24/2025 0:00,0x82af49447d8a07e3bd95bd0d56f35241523fbab1,WETH,35543.88948,148093000.1
arbitrum,9/24/2025 0:00,0xcbb7c0000ab88b473b1f5afd9ef808440eed33bf,cbBTC,3.75227179,424757.3939
base,9/24/2025 0:00,0x833589fcd6edb6e08f4c7c32d4f71b54bda02913,USDC,417271094.4,417610015.6
base,9/24/2025 0:00,0xfde4c96c8593536e31f229ea8f37b2ada2699bb2,USDT,8373601.182,8379433.725
base,9/24/2025 0:00,0x4200000000000000000000000000000000000006,WETH,130682.5827,545148465.4
base,9/24/2025 0:00,0xcbb7c0000ab88b473b1f5afd9ef808440eed33bf,cbBTC,1107.02387,125026852
optimism,9/24/2025 0:00,0x0b2c639c533813f4aa9d7837caf62653d097ff85,USDC,22904397.61,22911608.2
optimism,9/24/2025 0:00,0x94b008aa00579c1307b0ef2c499ad98a8ce58e58,USDT,11312740.93,11320316.12
optimism,9/24/2025 0:00,0x68f180fcce6836688e9084f035309e29bf0a2095,WBTC,11.77723362,1329461.214
optimism,9/24/2025 0:00,0x4200000000000000000000000000000000000006,WETH,3596.525035,14994800.58
arbitrum,9/25/2025 0:00,0xaf88d065e77c8cc2239327c5edb3a432268e5831,USDC,508869289.2,509489728.8
arbitrum,9/25/2025 0:00,0xfd086bc7cd5c481dcc9c85ebe478a1c0b69fcbb9,USDT,273971839.6,274432357.3
arbitrum,9/25/2025 0:00,0x2f2a2543b76a4166549f7aab2e75bef0aefc5b0f,WBTC,1137.581859,126610799.7
arbitrum,9/25/2025 0:00,0x82af49447d8a07e3bd95bd0d56f35241523fbab1,WETH,94097.06523,374618864.1
arbitrum,9/25/2025 0:00,0xcbb7c0000ab88b473b1f5afd9ef808440eed33bf,cbBTC,1.7609828,194165.4273
base,9/25/2025 0:00,0x833589fcd6edb6e08f4c7c32d4f71b54bda02913,USDC,706517874.7,707468325.8
base,9/25/2025 0:00,0xfde4c96c8593536e31f229ea8f37b2ada2699bb2,USDT,11734063.96,11748618.04
base,9/25/2025 0:00,0x4200000000000000000000000000000000000006,WETH,199196.4211,795603075.5
base,9/25/2025 0:00,0xcbb7c0000ab88b473b1f5afd9ef808440eed33bf,cbBTC,2014.159635,224397128.4
optimism,9/25/2025 0:00,0x0b2c639c533813f4aa9d7837caf62653d097ff85,USDC,36615768.2,36644436.86
optimism,9/25/2025 0:00,0x94b008aa00579c1307b0ef2c499ad98a8ce58e58,USDT,12517959.91,12533315.56
optimism,9/25/2025 0:00,0x68f180fcce6836688e9084f035309e29bf0a2095,WBTC,28.93995776,3220037.873
optimism,9/25/2025 0:00,0x4200000000000000000000000000000000000006,WETH,7023.546021,27985682.62
arbitrum,9/26/2025 0:00,0xaf88d065e77c8cc2239327c5edb3a432268e5831,USDC,338510144.7,338661930.7
arbitrum,9/26/2025 0:00,0xfd086bc7cd5c481dcc9c85ebe478a1c0b69fcbb9,USDT,147609233.8,147864055
arbitrum,9/26/2025 0:00,0x2f2a2543b76a4166549f7aab2e75bef0aefc5b0f,WBTC,645.0006023,70644346.45
arbitrum,9/26/2025 0:00,0x82af49447d8a07e3bd95bd0d56f35241523fbab1,WETH,73582.75974,291027964.3
arbitrum,9/26/2025 0:00,0xcbb7c0000ab88b473b1f5afd9ef808440eed33bf,cbBTC,7.38129314,807467.7764
base,9/26/2025 0:00,0x833589fcd6edb6e08f4c7c32d4f71b54bda02913,USDC,466773271.6,467144153.6
base,9/26/2025 0:00,0xfde4c96c8593536e31f229ea8f37b2ada2699bb2,USDT,10712889.37,10721992.64
base,9/26/2025 0:00,0x4200000000000000000000000000000000000006,WETH,150967.5643,597404966.1
base,9/26/2025 0:00,0xcbb7c0000ab88b473b1f5afd9ef808440eed33bf,cbBTC,1508.694713,165203464.7
optimism,9/26/2025 0:00,0x0b2c639c533813f4aa9d7837caf62653d097ff85,USDC,22528860.11,22534077.25
optimism,9/26/2025 0:00,0x94b008aa00579c1307b0ef2c499ad98a8ce58e58,USDT,4272290.67,4276274.1
optimism,9/26/2025 0:00,0x68f180fcce6836688e9084f035309e29bf0a2095,WBTC,16.75468672,1835202.376
optimism,9/26/2025 0:00,0x4200000000000000000000000000000000000006,WETH,6262.378256,24777186.46
arbitrum,9/27/2025 0:00,0xaf88d065e77c8cc2239327c5edb3a432268e5831,USDC,164005977,164131651.1
arbitrum,9/27/2025 0:00,0xfd086bc7cd5c481dcc9c85ebe478a1c0b69fcbb9,USDT,85736298.08,85853124.87
arbitrum,9/27/2025 0:00,0x2f2a2543b76a4166549f7aab2e75bef0aefc5b0f,WBTC,208.692578,22876762.08
arbitrum,9/27/2025 0:00,0x82af49447d8a07e3bd95bd0d56f35241523fbab1,WETH,31092.50051,124795701.3
arbitrum,9/27/2025 0:00,0xcbb7c0000ab88b473b1f5afd9ef808440eed33bf,cbBTC,0.59907059,65667.41805
base,9/27/2025 0:00,0x833589fcd6edb6e08f4c7c32d4f71b54bda02913,USDC,216279193.5,216521827.1
base,9/27/2025 0:00,0xfde4c96c8593536e31f229ea8f37b2ada2699bb2,USDT,7408425.595,7415067.078
base,9/27/2025 0:00,0x4200000000000000000000000000000000000006,WETH,88719.66821,356037473.5
base,9/27/2025 0:00,0xcbb7c0000ab88b473b1f5afd9ef808440eed33bf,cbBTC,580.6436955,63624158.13
optimism,9/27/2025 0:00,0x0b2c639c533813f4aa9d7837caf62653d097ff85,USDC,11157732.3,11162644.69
optimism,9/27/2025 0:00,0x94b008aa00579c1307b0ef2c499ad98a8ce58e58,USDT,2431395.168,2434022.612
optimism,9/27/2025 0:00,0x68f180fcce6836688e9084f035309e29bf0a2095,WBTC,6.23154791,682816.4777
optimism,9/27/2025 0:00,0x4200000000000000000000000000000000000006,WETH,2772.660322,11126501.62
arbitrum,9/28/2025 0:00,0xaf88d065e77c8cc2239327c5edb3a432268e5831,USDC,183923703,184182153.9
arbitrum,9/28/2025 0:00,0xfd086bc7cd5c481dcc9c85ebe478a1c0b69fcbb9,USDT,105484757.4,105709337.6
arbitrum,9/28/2025 0:00,0x2f2a2543b76a4166549f7aab2e75bef0aefc5b0f,WBTC,304.8117584,33678272.23
arbitrum,9/28/2025 0:00,0x82af49447d8a07e3bd95bd0d56f35241523fbab1,WETH,32979.38223,133272884
arbitrum,9/28/2025 0:00,0xcbb7c0000ab88b473b1f5afd9ef808440eed33bf,cbBTC,5.33554273,598777.1157
base,9/28/2025 0:00,0x833589fcd6edb6e08f4c7c32d4f71b54bda02913,USDC,254036071.9,254437776.1
base,9/28/2025 0:00,0xfde4c96c8593536e31f229ea8f37b2ada2699bb2,USDT,6361394.376,6369109.787
base,9/28/2025 0:00,0x4200000000000000000000000000000000000006,WETH,106927.5232,431355391.3
base,9/28/2025 0:00,0xcbb7c0000ab88b473b1f5afd9ef808440eed33bf,cbBTC,872.5012283,96380144.91
optimism,9/28/2025 0:00,0x0b2c639c533813f4aa9d7837caf62653d097ff85,USDC,15454231.29,15466279.31
optimism,9/28/2025 0:00,0x94b008aa00579c1307b0ef2c499ad98a8ce58e58,USDT,4986586.595,4992651.989
optimism,9/28/2025 0:00,0x68f180fcce6836688e9084f035309e29bf0a2095,WBTC,10.38318344,1147144.454
optimism,9/28/2025 0:00,0x4200000000000000000000000000000000000006,WETH,3969.308386,16016594.03
arbitrum,9/29/2025 0:00,0xaf88d065e77c8cc2239327c5edb3a432268e5831,USDC,204404717.1,204536634.4
arbitrum,9/29/2025 0:00,0xfd086bc7cd5c481dcc9c85ebe478a1c0b69fcbb9,USDT,97707068.94,97870184.8
arbitrum,9/29/2025 0:00,0x2f2a2543b76a4166549f7aab2e75bef0aefc5b0f,WBTC,456.3809886,51601199.96
arbitrum,9/29/2025 0:00,0x82af49447d8a07e3bd95bd0d56f35241523fbab1,WETH,43122.58292,179051979.2
arbitrum,9/29/2025 0:00,0xcbb7c0000ab88b473b1f5afd9ef808440eed33bf,cbBTC,1.61874115,183897.5375
base,9/29/2025 0:00,0x833589fcd6edb6e08f4c7c32d4f71b54bda02913,USDC,367721412.2,368065014.1
base,9/29/2025 0:00,0xfde4c96c8593536e31f229ea8f37b2ada2699bb2,USDT,7187364.495,7191655.303
base,9/29/2025 0:00,0x4200000000000000000000000000000000000006,WETH,121742.2122,505145499.8
base,9/29/2025 0:00,0xcbb7c0000ab88b473b1f5afd9ef808440eed33bf,cbBTC,1147.508212,129793382.5
optimism,9/29/2025 0:00,0x0b2c639c533813f4aa9d7837caf62653d097ff85,USDC,19452570.3,19459168.23
optimism,9/29/2025 0:00,0x94b008aa00579c1307b0ef2c499ad98a8ce58e58,USDT,8989619.004,8997268.004
optimism,9/29/2025 0:00,0x68f180fcce6836688e9084f035309e29bf0a2095,WBTC,11.0896317,1255205.303
optimism,9/29/2025 0:00,0x4200000000000000000000000000000000000006,WETH,3722.010381,15432064.38
arbitrum,9/30/2025 0:00,0xaf88d065e77c8cc2239327c5edb3a432268e5831,USDC,291032802.1,291165044.9
arbitrum,9/30/2025 0:00,0xfd086bc7cd5c481dcc9c85ebe478a1c0b69fcbb9,USDT,126400630.5,126566431.4
arbitrum,9/30/2025 0:00,0x2f2a2543b76a4166549f7aab2e75bef0aefc5b0f,WBTC,492.9697841,56091218.27
arbitrum,9/30/2025 0:00,0x82af49447d8a07e3bd95bd0d56f35241523fbab1,WETH,50635.31936,210532611.2
arbitrum,9/30/2025 0:00,0xcbb7c0000ab88b473b1f5afd9ef808440eed33bf,cbBTC,3.72613189,425010.3168
base,9/30/2025 0:00,0x833589fcd6edb6e08f4c7c32d4f71b54bda02913,USDC,471386338,471667361.1
base,9/30/2025 0:00,0xfde4c96c8593536e31f229ea8f37b2ada2699bb2,USDT,9643697.933,9645996.246
base,9/30/2025 0:00,0x4200000000000000000000000000000000000006,WETH,128450.766,534675897.2
base,9/30/2025 0:00,0xcbb7c0000ab88b473b1f5afd9ef808440eed33bf,cbBTC,1265.090245,144040872.1
optimism,9/30/2025 0:00,0x0b2c639c533813f4aa9d7837caf62653d097ff85,USDC,16469884.84,16471426.93
optimism,9/30/2025 0:00,0x94b008aa00579c1307b0ef2c499ad98a8ce58e58,USDT,5273271.409,5276177.827
optimism,9/30/2025 0:00,0x68f180fcce6836688e9084f035309e29bf0a2095,WBTC,10.4821456,1192799.527
optimism,9/30/2025 0:00,0x4200000000000000000000000000000000000006,WETH,3114.599918,12962823.54
arbitrum,10/1/2025 0:00,0xaf88d065e77c8cc2239327c5edb3a432268e5831,USDC,281839084.5,282234368.8
arbitrum,10/1/2025 0:00,0xfd086bc7cd5c481dcc9c85ebe478a1c0b69fcbb9,USDT,141646874.7,142248165.8
arbitrum,10/1/2025 0:00,0x2f2a2543b76a4166549f7aab2e75bef0aefc5b0f,WBTC,722.1164663,84025071.67
arbitrum,10/1/2025 0:00,0x82af49447d8a07e3bd95bd0d56f35241523fbab1,WETH,61233.06879,260864076
arbitrum,10/1/2025 0:00,0xcbb7c0000ab88b473b1f5afd9ef808440eed33bf,cbBTC,7.91241972,926591.4355
base,10/1/2025 0:00,0x833589fcd6edb6e08f4c7c32d4f71b54bda02913,USDC,460128120.5,460332081.3
base,10/1/2025 0:00,0xfde4c96c8593536e31f229ea8f37b2ada2699bb2,USDT,8476541.872,8476080.044
base,10/1/2025 0:00,0x4200000000000000000000000000000000000006,WETH,147054.2609,626887094.8
base,10/1/2025 0:00,0xcbb7c0000ab88b473b1f5afd9ef808440eed33bf,cbBTC,1745.601554,203289694.2
optimism,10/1/2025 0:00,0x0b2c639c533813f4aa9d7837caf62653d097ff85,USDC,19081809.98,19081495.74
optimism,10/1/2025 0:00,0x94b008aa00579c1307b0ef2c499ad98a8ce58e58,USDT,8470212.743,8473988.929
optimism,10/1/2025 0:00,0x68f180fcce6836688e9084f035309e29bf0a2095,WBTC,20.19624791,2347832.409
optimism,10/1/2025 0:00,0x4200000000000000000000000000000000000006,WETH,3784.002903,16120369.96
arbitrum,10/2/2025 0:00,0xaf88d065e77c8cc2239327c5edb3a432268e5831,USDC,295547246,295591590.5
arbitrum,10/2/2025 0:00,0xfd086bc7cd5c481dcc9c85ebe478a1c0b69fcbb9,USDT,134630783.5,134821951.5
arbitrum,10/2/2025 0:00,0x2f2a2543b76a4166549f7aab2e75bef0aefc5b0f,WBTC,690.5443942,82415839.75
arbitrum,10/2/2025 0:00,0x82af49447d8a07e3bd95bd0d56f35241523fbab1,WETH,61959.15596,273548897.6
arbitrum,10/2/2025 0:00,0xcbb7c0000ab88b473b1f5afd9ef808440eed33bf,cbBTC,13.55774985,1623799.833
base,10/2/2025 0:00,0x833589fcd6edb6e08f4c7c32d4f71b54bda02913,USDC,460062934.5,460290388.3
base,10/2/2025 0:00,0xfde4c96c8593536e31f229ea8f37b2ada2699bb2,USDT,13319094.32,13316310.62
base,10/2/2025 0:00,0x4200000000000000000000000000000000000006,WETH,151392.6645,668868284.9
base,10/2/2025 0:00,0xcbb7c0000ab88b473b1f5afd9ef808440eed33bf,cbBTC,1579.479723,188739656.4
optimism,10/2/2025 0:00,0x0b2c639c533813f4aa9d7837caf62653d097ff85,USDC,16869164.95,16868604.86
optimism,10/2/2025 0:00,0x94b008aa00579c1307b0ef2c499ad98a8ce58e58,USDT,5291575.874,5295144.897
optimism,10/2/2025 0:00,0x68f180fcce6836688e9084f035309e29bf0a2095,WBTC,19.14766355,2283942.307
optimism,10/2/2025 0:00,0x4200000000000000000000000000000000000006,WETH,4189.538053,18497863.98
arbitrum,10/3/2025 0:00,0xaf88d065e77c8cc2239327c5edb3a432268e5831,USDC,330112695.5,330204960
arbitrum,10/3/2025 0:00,0xfd086bc7cd5c481dcc9c85ebe478a1c0b69fcbb9,USDT,119757294.9,119948318.6
arbitrum,10/3/2025 0:00,0x2f2a2543b76a4166549f7aab2e75bef0aefc5b0f,WBTC,649.5450604,78780944.52
arbitrum,10/3/2025 0:00,0x82af49447d8a07e3bd95bd0d56f35241523fbab1,WETH,69501.08399,312677269.2
arbitrum,10/3/2025 0:00,0xcbb7c0000ab88b473b1f5afd9ef808440eed33bf,cbBTC,8.47162286,1028564.291
base,10/3/2025 0:00,0x833589fcd6edb6e08f4c7c32d4f71b54bda02913,USDC,528710064.4,528854661.6
base,10/3/2025 0:00,0xfde4c96c8593536e31f229ea8f37b2ada2699bb2,USDT,16334632.78,16336605.68
base,10/3/2025 0:00,0x4200000000000000000000000000000000000006,WETH,167027.5136,751161668
base,10/3/2025 0:00,0xcbb7c0000ab88b473b1f5afd9ef808440eed33bf,cbBTC,1733.738258,210534868.3
optimism,10/3/2025 0:00,0x0b2c639c533813f4aa9d7837caf62653d097ff85,USDC,18013699,18011983.34
optimism,10/3/2025 0:00,0x94b008aa00579c1307b0ef2c499ad98a8ce58e58,USDT,3283029.113,3285567.478
optimism,10/3/2025 0:00,0x68f180fcce6836688e9084f035309e29bf0a2095,WBTC,17.61509808,2138963.092
optimism,10/3/2025 0:00,0x4200000000000000000000000000000000000006,WETH,4591.712126,20661172.08
arbitrum,10/4/2025 0:00,0xaf88d065e77c8cc2239327c5edb3a432268e5831,USDC,158829990,158851200.9
arbitrum,10/4/2025 0:00,0xfd086bc7cd5c481dcc9c85ebe478a1c0b69fcbb9,USDT,74801682.29,74867169.68
arbitrum,10/4/2025 0:00,0x2f2a2543b76a4166549f7aab2e75bef0aefc5b0f,WBTC,254.931122,31134861.49
arbitrum,10/4/2025 0:00,0x82af49447d8a07e3bd95bd0d56f35241523fbab1,WETH,28259.41293,126752852.3
arbitrum,10/4/2025 0:00,0xcbb7c0000ab88b473b1f5afd9ef808440eed33bf,cbBTC,0.20255999,24779.9356
base,10/4/2025 0:00,0x833589fcd6edb6e08f4c7c32d4f71b54bda02913,USDC,302956814.9,303090485.4
base,10/4/2025 0:00,0xfde4c96c8593536e31f229ea8f37b2ada2699bb2,USDT,13094633.68,13099204.94
base,10/4/2025 0:00,0x4200000000000000000000000000000000000006,WETH,112860.6413,506356859.6
base,10/4/2025 0:00,0xcbb7c0000ab88b473b1f5afd9ef808440eed33bf,cbBTC,1010.219205,123466090.4
optimism,10/4/2025 0:00,0x0b2c639c533813f4aa9d7837caf62653d097ff85,USDC,9640234.761,9639255.955
optimism,10/4/2025 0:00,0x94b008aa00579c1307b0ef2c499ad98a8ce58e58,USDT,2189718.827,2191131.122
optimism,10/4/2025 0:00,0x68f180fcce6836688e9084f035309e29bf0a2095,WBTC,11.08692151,1355419.855
optimism,10/4/2025 0:00,0x4200000000000000000000000000000000000006,WETH,2262.579765,10151488.7
arbitrum,10/5/2025 0:00,0xaf88d065e77c8cc2239327c5edb3a432268e5831,USDC,260846047.3,260970240.5
arbitrum,10/5/2025 0:00,0xfd086bc7cd5c481dcc9c85ebe478a1c0b69fcbb9,USDT,100670890.7,100768375.9
arbitrum,10/5/2025 0:00,0x2f2a2543b76a4166549f7aab2e75bef0aefc5b0f,WBTC,557.7183379,68916366.93
arbitrum,10/5/2025 0:00,0x82af49447d8a07e3bd95bd0d56f35241523fbab1,WETH,53984.73142,245123141.6
arbitrum,10/5/2025 0:00,0xcbb7c0000ab88b473b1f5afd9ef808440eed33bf,cbBTC,3.01517459,374119.3556
base,10/5/2025 0:00,0x833589fcd6edb6e08f4c7c32d4f71b54bda02913,USDC,532103243,532373711.1
base,10/5/2025 0:00,0xfde4c96c8593536e31f229ea8f37b2ada2699bb2,USDT,13055882.19,13059620.35
base,10/5/2025 0:00,0x4200000000000000000000000000000000000006,WETH,159356.2992,723196839.3
base,10/5/2025 0:00,0xcbb7c0000ab88b473b1f5afd9ef808440eed33bf,cbBTC,1996.110675,246831836.6
optimism,10/5/2025 0:00,0x0b2c639c533813f4aa9d7837caf62653d097ff85,USDC,21976334.88,21974823.29
optimism,10/5/2025 0:00,0x94b008aa00579c1307b0ef2c499ad98a8ce58e58,USDT,10425554.75,10428826.53
optimism,10/5/2025 0:00,0x68f180fcce6836688e9084f035309e29bf0a2095,WBTC,11.70068376,1446853.574
optimism,10/5/2025 0:00,0x4200000000000000000000000000000000000006,WETH,3334.969775,15138742.06
arbitrum,10/6/2025 0:00,0xaf88d065e77c8cc2239327c5edb3a432268e5831,USDC,305051689.8,305109900.9
arbitrum,10/6/2025 0:00,0xfd086bc7cd5c481dcc9c85ebe478a1c0b69fcbb9,USDT,128325934.7,128538008.3
arbitrum,10/6/2025 0:00,0x2f2a2543b76a4166549f7aab2e75bef0aefc5b0f,WBTC,505.7632276,63048240.92
arbitrum,10/6/2025 0:00,0x82af49447d8a07e3bd95bd0d56f35241523fbab1,WETH,62729.51262,289323249.3
arbitrum,10/6/2025 0:00,0xcbb7c0000ab88b473b1f5afd9ef808440eed33bf,cbBTC,1.64056124,205431.6444
base,10/6/2025 0:00,0x833589fcd6edb6e08f4c7c32d4f71b54bda02913,USDC,546647795.1,546845525
base,10/6/2025 0:00,0xfde4c96c8593536e31f229ea8f37b2ada2699bb2,USDT,11983103.83,11983491.06
base,10/6/2025 0:00,0x4200000000000000000000000000000000000006,WETH,162546.887,748720814.6
base,10/6/2025 0:00,0xcbb7c0000ab88b473b1f5afd9ef808440eed33bf,cbBTC,1636.387012,203812197.7
optimism,10/6/2025 0:00,0x0b2c639c533813f4aa9d7837caf62653d097ff85,USDC,20850685.43,20847590.38
optimism,10/6/2025 0:00,0x94b008aa00579c1307b0ef2c499ad98a8ce58e58,USDT,8259348.218,8262658.047
optimism,10/6/2025 0:00,0x68f180fcce6836688e9084f035309e29bf0a2095,WBTC,12.2318947,1524073.684
optimism,10/6/2025 0:00,0x4200000000000000000000000000000000000006,WETH,4407.78572,20321679.28
arbitrum,10/7/2025 0:00,0xaf88d065e77c8cc2239327c5edb3a432268e5831,USDC,408349416.7,408426695
arbitrum,10/7/2025 0:00,0xfd086bc7cd5c481dcc9c85ebe478a1c0b69fcbb9,USDT,148478901.6,148670207.3
arbitrum,10/7/2025 0:00,0x2f2a2543b76a4166549f7aab2e75bef0aefc5b0f,WBTC,757.4727403,92967221.71
arbitrum,10/7/2025 0:00,0x82af49447d8a07e3bd95bd0d56f35241523fbab1,WETH,73289.50891,336954488
arbitrum,10/7/2025 0:00,0xcbb7c0000ab88b473b1f5afd9ef808440eed33bf,cbBTC,2.17030792,267833.4875
base,10/7/2025 0:00,0x833589fcd6edb6e08f4c7c32d4f71b54bda02913,USDC,635504832.5,635661780.9
base,10/7/2025 0:00,0xfde4c96c8593536e31f229ea8f37b2ada2699bb2,USDT,15865269.7,15872301.59
base,10/7/2025 0:00,0x4200000000000000000000000000000000000006,WETH,166084.0759,765661209.8
base,10/7/2025 0:00,0xcbb7c0000ab88b473b1f5afd9ef808440eed33bf,cbBTC,1785.367176,219785565.9
optimism,10/7/2025 0:00,0x0b2c639c533813f4aa9d7837caf62653d097ff85,USDC,21854788.44,21852807.07
optimism,10/7/2025 0:00,0x94b008aa00579c1307b0ef2c499ad98a8ce58e58,USDT,4074302.647,4076907.49
optimism,10/7/2025 0:00,0x68f180fcce6836688e9084f035309e29bf0a2095,WBTC,18.11884981,2225812.737
optimism,10/7/2025 0:00,0x4200000000000000000000000000000000000006,WETH,4755.745084,21955936.55
arbitrum,10/8/2025 0:00,0xaf88d065e77c8cc2239327c5edb3a432268e5831,USDC,412609685.1,412795228.7
arbitrum,10/8/2025 0:00,0xfd086bc7cd5c481dcc9c85ebe478a1c0b69fcbb9,USDT,177017006.1,177202219.7
arbitrum,10/8/2025 0:00,0x2f2a2543b76a4166549f7aab2e75bef0aefc5b0f,WBTC,656.8227719,80465651.91
arbitrum,10/8/2025 0:00,0x82af49447d8a07e3bd95bd0d56f35241523fbab1,WETH,71072.22914,318881523.1
arbitrum,10/8/2025 0:00,0xcbb7c0000ab88b473b1f5afd9ef808440eed33bf,cbBTC,5.0935366,627937.2267
base,10/8/2025 0:00,0x833589fcd6edb6e08f4c7c32d4f71b54bda02913,USDC,549008911.1,549210807
base,10/8/2025 0:00,0xfde4c96c8593536e31f229ea8f37b2ada2699bb2,USDT,14198789.09,14202313.06
base,10/8/2025 0:00,0x4200000000000000000000000000000000000006,WETH,160904.6081,721551238.8
base,10/8/2025 0:00,0xcbb7c0000ab88b473b1f5afd9ef808440eed33bf,cbBTC,1551.258046,190297737.7
optimism,10/8/2025 0:00,0x0b2c639c533813f4aa9d7837caf62653d097ff85,USDC,19011480.89,19012835.77
optimism,10/8/2025 0:00,0x94b008aa00579c1307b0ef2c499ad98a8ce58e58,USDT,6404893.311,6408224.469
optimism,10/8/2025 0:00,0x68f180fcce6836688e9084f035309e29bf0a2095,WBTC,12.39976483,1517800.934
optimism,10/8/2025 0:00,0x4200000000000000000000000000000000000006,WETH,3657.141441,16398623.66
arbitrum,10/9/2025 0:00,0xaf88d065e77c8cc2239327c5edb3a432268e5831,USDC,483725918.6,483847883.2
arbitrum,10/9/2025 0:00,0xfd086bc7cd5c481dcc9c85ebe478a1c0b69fcbb9,USDT,232191780.2,232438445.4
arbitrum,10/9/2025 0:00,0x2f2a2543b76a4166549f7aab2e75bef0aefc5b0f,WBTC,877.5539966,106901000.1
arbitrum,10/9/2025 0:00,0x82af49447d8a07e3bd95bd0d56f35241523fbab1,WETH,79044.26899,346583931.6
arbitrum,10/9/2025 0:00,0xcbb7c0000ab88b473b1f5afd9ef808440eed33bf,cbBTC,20.60774767,2521643.468
base,10/9/2025 0:00,0x833589fcd6edb6e08f4c7c32d4f71b54bda02913,USDC,594702281.4,594931860.8
base,10/9/2025 0:00,0xfde4c96c8593536e31f229ea8f37b2ada2699bb2,USDT,19166529.17,19170688.61
base,10/9/2025 0:00,0x4200000000000000000000000000000000000006,WETH,162550.9915,711425769.4
base,10/9/2025 0:00,0xcbb7c0000ab88b473b1f5afd9ef808440eed33bf,cbBTC,1758.079685,214264969.9
optimism,10/9/2025 0:00,0x0b2c639c533813f4aa9d7837caf62653d097ff85,USDC,18819080.26,18821238.41
optimism,10/9/2025 0:00,0x94b008aa00579c1307b0ef2c499ad98a8ce58e58,USDT,4876448.718,4879220.076
optimism,10/9/2025 0:00,0x68f180fcce6836688e9084f035309e29bf0a2095,WBTC,16.67493412,2029473.717
optimism,10/9/2025 0:00,0x4200000000000000000000000000000000000006,WETH,3672.146336,16053361.94
arbitrum,10/10/2025 0:00,0xaf88d065e77c8cc2239327c5edb3a432268e5831,USDC,818153197.2,820539268.8
arbitrum,10/10/2025 0:00,0xfd086bc7cd5c481dcc9c85ebe478a1c0b69fcbb9,USDT,334722495.7,336722321.3
arbitrum,10/10/2025 0:00,0x2f2a2543b76a4166549f7aab2e75bef0aefc5b0f,WBTC,3307.499109,377997331.7
arbitrum,10/10/2025 0:00,0x82af49447d8a07e3bd95bd0d56f35241523fbab1,WETH,222686.6859,881207742.6
arbitrum,10/10/2025 0:00,0xcbb7c0000ab88b473b1f5afd9ef808440eed33bf,cbBTC,5.46463224,636333.5002
base,10/10/2025 0:00,0x833589fcd6edb6e08f4c7c32d4f71b54bda02913,USDC,1114419658,1117321607
base,10/10/2025 0:00,0xfde4c96c8593536e31f229ea8f37b2ada2699bb2,USDT,23399298.49,23422617.58
base,10/10/2025 0:00,0x4200000000000000000000000000000000000006,WETH,295164.9168,1194527304
base,10/10/2025 0:00,0xcbb7c0000ab88b473b1f5afd9ef808440eed33bf,cbBTC,4044.839782,466155194
optimism,10/10/2025 0:00,0x0b2c639c533813f4aa9d7837caf62653d097ff85,USDC,41896752.03,41961405.57
optimism,10/10/2025 0:00,0x94b008aa00579c1307b0ef2c499ad98a8ce58e58,USDT,9636849.365,9668318.855
optimism,10/10/2025 0:00,0x68f180fcce6836688e9084f035309e29bf0a2095,WBTC,44.616056,5139864.24
optimism,10/10/2025 0:00,0x4200000000000000000000000000000000000006,WETH,9763.30203,39321324.28
arbitrum,10/11/2025 0:00,0xaf88d065e77c8cc2239327c5edb3a432268e5831,USDC,382734866.2,383392319.4
arbitrum,10/11/2025 0:00,0xfd086bc7cd5c481dcc9c85ebe478a1c0b69fcbb9,USDT,138887819.5,139504730.3
arbitrum,10/11/2025 0:00,0x2f2a2543b76a4166549f7aab2e75bef0aefc5b0f,WBTC,1139.588302,127528126.3
arbitrum,10/11/2025 0:00,0x82af49447d8a07e3bd95bd0d56f35241523fbab1,WETH,99061.91759,375771812.2
arbitrum,10/11/2025 0:00,0xcbb7c0000ab88b473b1f5afd9ef808440eed33bf,cbBTC,3.23038827,362435.6574
base,10/11/2025 0:00,0x833589fcd6edb6e08f4c7c32d4f71b54bda02913,USDC,653921167,654583451.2
base,10/11/2025 0:00,0xfde4c96c8593536e31f229ea8f37b2ada2699bb2,USDT,21895866.35,21909010.95
base,10/11/2025 0:00,0x4200000000000000000000000000000000000006,WETH,194435.6343,738403301.5
base,10/11/2025 0:00,0xcbb7c0000ab88b473b1f5afd9ef808440eed33bf,cbBTC,2712.300009,303663912.9
optimism,10/11/2025 0:00,0x0b2c639c533813f4aa9d7837caf62653d097ff85,USDC,35255629.68,35274659.72
optimism,10/11/2025 0:00,0x94b008aa00579c1307b0ef2c499ad98a8ce58e58,USDT,13097422.66,13118886.41
optimism,10/11/2025 0:00,0x68f180fcce6836688e9084f035309e29bf0a2095,WBTC,30.12007726,3375693.048
optimism,10/11/2025 0:00,0x4200000000000000000000000000000000000006,WETH,7196.155688,27331118.19
arbitrum,10/12/2025 0:00,0xaf88d065e77c8cc2239327c5edb3a432268e5831,USDC,433414207.9,433942915.5
arbitrum,10/12/2025 0:00,0xfd086bc7cd5c481dcc9c85ebe478a1c0b69fcbb9,USDT,160561051,160934827
arbitrum,10/12/2025 0:00,0x2f2a2543b76a4166549f7aab2e75bef0aefc5b0f,WBTC,1323.927058,149532853.9
arbitrum,10/12/2025 0:00,0x82af49447d8a07e3bd95bd0d56f35241523fbab1,WETH,123743.4137,491500454.2
arbitrum,10/12/2025 0:00,0xcbb7c0000ab88b473b1f5afd9ef808440eed33bf,cbBTC,3.71459873,420455.9154
base,10/12/2025 0:00,0x833589fcd6edb6e08f4c7c32d4f71b54bda02913,USDC,702810971.8,703445344.9
base,10/12/2025 0:00,0xfde4c96c8593536e31f229ea8f37b2ada2699bb2,USDT,18923952.16,18932809.47
base,10/12/2025 0:00,0x4200000000000000000000000000000000000006,WETH,218220.8861,862803102.4
base,10/12/2025 0:00,0xcbb7c0000ab88b473b1f5afd9ef808440eed33bf,cbBTC,2937.597397,331452813.2
optimism,10/12/2025 0:00,0x0b2c639c533813f4aa9d7837caf62653d097ff85,USDC,31080013.56,31097535.21
optimism,10/12/2025 0:00,0x94b008aa00579c1307b0ef2c499ad98a8ce58e58,USDT,9726017.784,9737494.262
optimism,10/12/2025 0:00,0x68f180fcce6836688e9084f035309e29bf0a2095,WBTC,26.77223296,3019842.162
optimism,10/12/2025 0:00,0x4200000000000000000000000000000000000006,WETH,7666.375306,30368472.32
arbitrum,10/13/2025 0:00,0xaf88d065e77c8cc2239327c5edb3a432268e5831,USDC,409929960.4,410042135.3
arbitrum,10/13/2025 0:00,0xfd086bc7cd5c481dcc9c85ebe478a1c0b69fcbb9,USDT,146782370.8,146966360.5
arbitrum,10/13/2025 0:00,0x2f2a2543b76a4166549f7aab2e75bef0aefc5b0f,WBTC,1037.134359,119254805.2
arbitrum,10/13/2025 0:00,0x82af49447d8a07e3bd95bd0d56f35241523fbab1,WETH,104838.8719,435987909.5
arbitrum,10/13/2025 0:00,0xcbb7c0000ab88b473b1f5afd9ef808440eed33bf,cbBTC,2.63626561,302576.455
base,10/13/2025 0:00,0x833589fcd6edb6e08f4c7c32d4f71b54bda02913,USDC,724643168.1,724904513.4
base,10/13/2025 0:00,0xfde4c96c8593536e31f229ea8f37b2ada2699bb2,USDT,35675103.14,35672681.25
base,10/13/2025 0:00,0x4200000000000000000000000000000000000006,WETH,213834.0797,890748580.9
base,10/13/2025 0:00,0xcbb7c0000ab88b473b1f5afd9ef808440eed33bf,cbBTC,2532.800397,291488755.6
optimism,10/13/2025 0:00,0x0b2c639c533813f4aa9d7837caf62653d097ff85,USDC,32836227.2,32841153.8
optimism,10/13/2025 0:00,0x94b008aa00579c1307b0ef2c499ad98a8ce58e58,USDT,10449162.2,10459125.39
optimism,10/13/2025 0:00,0x68f180fcce6836688e9084f035309e29bf0a2095,WBTC,20.24888544,2329649.314
optimism,10/13/2025 0:00,0x4200000000000000000000000000000000000006,WETH,7769.43599,32338741.78
arbitrum,10/14/2025 0:00,0xaf88d065e77c8cc2239327c5edb3a432268e5831,USDC,545653342.2,545954913.9
arbitrum,10/14/2025 0:00,0xfd086bc7cd5c481dcc9c85ebe478a1c0b69fcbb9,USDT,159357805.6,159560590
arbitrum,10/14/2025 0:00,0x2f2a2543b76a4166549f7aab2e75bef0aefc5b0f,WBTC,1339.912331,150577764.1
arbitrum,10/14/2025 0:00,0x82af49447d8a07e3bd95bd0d56f35241523fbab1,WETH,135684.6138,550142274.9
arbitrum,10/14/2025 0:00,0xcbb7c0000ab88b473b1f5afd9ef808440eed33bf,cbBTC,3.84779922,434386.6309
base,10/14/2025 0:00,0x833589fcd6edb6e08f4c7c32d4f71b54bda02913,USDC,879052099.3,879440722.8
base,10/14/2025 0:00,0xfde4c96c8593536e31f229ea8f37b2ada2699bb2,USDT,58914430.51,58910182.73
base,10/14/2025 0:00,0x4200000000000000000000000000000000000006,WETH,242218.069,984311699.3
base,10/14/2025 0:00,0xcbb7c0000ab88b473b1f5afd9ef808440eed33bf,cbBTC,3159.618918,355472900.4
optimism,10/14/2025 0:00,0x0b2c639c533813f4aa9d7837caf62653d097ff85,USDC,39107356.66,39119713.76
optimism,10/14/2025 0:00,0x94b008aa00579c1307b0ef2c499ad98a8ce58e58,USDT,9374440.896,9383540.626
optimism,10/14/2025 0:00,0x68f180fcce6836688e9084f035309e29bf0a2095,WBTC,28.80621498,3238037.827
optimism,10/14/2025 0:00,0x4200000000000000000000000000000000000006,WETH,8982.357864,36389190.67
arbitrum,10/15/2025 0:00,0xaf88d065e77c8cc2239327c5edb3a432268e5831,USDC,431227077.4,431400179.9
arbitrum,10/15/2025 0:00,0xfd086bc7cd5c481dcc9c85ebe478a1c0b69fcbb9,USDT,156248470,156461398.2
arbitrum,10/15/2025 0:00,0x2f2a2543b76a4166549f7aab2e75bef0aefc5b0f,WBTC,914.3819004,102281115.8
arbitrum,10/15/2025 0:00,0x82af49447d8a07e3bd95bd0d56f35241523fbab1,WETH,93860.0151,381264890.3
arbitrum,10/15/2025 0:00,0xcbb7c0000ab88b473b1f5afd9ef808440eed33bf,cbBTC,7.67581099,861024.1159
base,10/15/2025 0:00,0x833589fcd6edb6e08f4c7c32d4f71b54bda02913,USDC,747515676.7,747843515.2
base,10/15/2025 0:00,0xfde4c96c8593536e31f229ea8f37b2ada2699bb2,USDT,91385411.66,91373821.6
base,10/15/2025 0:00,0x4200000000000000000000000000000000000006,WETH,188448.7788,765952927.8
base,10/15/2025 0:00,0xcbb7c0000ab88b473b1f5afd9ef808440eed33bf,cbBTC,2083.966788,233315436.7
optimism,10/15/2025 0:00,0x0b2c639c533813f4aa9d7837caf62653d097ff85,USDC,29780996.18,29789803.52
optimism,10/15/2025 0:00,0x94b008aa00579c1307b0ef2c499ad98a8ce58e58,USDT,7957559.827,7965009.098
optimism,10/15/2025 0:00,0x68f180fcce6836688e9084f035309e29bf0a2095,WBTC,22.03452031,2461371.113
optimism,10/15/2025 0:00,0x4200000000000000000000000000000000000006,WETH,6112.673061,24849411.05
arbitrum,10/16/2025 0:00,0xaf88d065e77c8cc2239327c5edb3a432268e5831,USDC,384154408.9,384393030.7
arbitrum,10/16/2025 0:00,0xfd086bc7cd5c481dcc9c85ebe478a1c0b69fcbb9,USDT,119822515.1,119986718.7
arbitrum,10/16/2025 0:00,0x2f2a2543b76a4166549f7aab2e75bef0aefc5b0f,WBTC,925.784028,101648752
arbitrum,10/16/2025 0:00,0x82af49447d8a07e3bd95bd0d56f35241523fbab1,WETH,93775.22547,371534296.6
arbitrum,10/16/2025 0:00,0xcbb7c0000ab88b473b1f5afd9ef808440eed33bf,cbBTC,1.9709872,215713.5257
base,10/16/2025 0:00,0x833589fcd6edb6e08f4c7c32d4f71b54bda02913,USDC,622126499.4,622361210.5
base,10/16/2025 0:00,0xfde4c96c8593536e31f229ea8f37b2ada2699bb2,USDT,8837792.82,8839502.552
base,10/16/2025 0:00,0x4200000000000000000000000000000000000006,WETH,183589.1848,729191231.1
base,10/16/2025 0:00,0xcbb7c0000ab88b473b1f5afd9ef808440eed33bf,cbBTC,2447.438991,269130279.6
optimism,10/16/2025 0:00,0x0b2c639c533813f4aa9d7837caf62653d097ff85,USDC,22567586.27,22574299.56
optimism,10/16/2025 0:00,0x94b008aa00579c1307b0ef2c499ad98a8ce58e58,USDT,3346672.073,3349032.117
optimism,10/16/2025 0:00,0x68f180fcce6836688e9084f035309e29bf0a2095,WBTC,19.56635609,2147790.07
optimism,10/16/2025 0:00,0x4200000000000000000000000000000000000006,WETH,5627.238843,22290040.72
arbitrum,10/17/2025 0:00,0xaf88d065e77c8cc2239327c5edb3a432268e5831,USDC,382619338.5,383009526.2
arbitrum,10/17/2025 0:00,0xfd086bc7cd5c481dcc9c85ebe478a1c0b69fcbb9,USDT,125890073.2,126170305.7
arbitrum,10/17/2025 0:00,0x2f2a2543b76a4166549f7aab2e75bef0aefc5b0f,WBTC,871.8462244,92666803.67
arbitrum,10/17/2025 0:00,0x82af49447d8a07e3bd95bd0d56f35241523fbab1,WETH,91274.46397,346746768.6
arbitrum,10/17/2025 0:00,0xcbb7c0000ab88b473b1f5afd9ef808440eed33bf,cbBTC,1.10439667,117809.2309
base,10/17/2025 0:00,0x833589fcd6edb6e08f4c7c32d4f71b54bda02913,USDC,514819154.7,515154751.6
base,10/17/2025 0:00,0xfde4c96c8593536e31f229ea8f37b2ada2699bb2,USDT,5810209.742,5814294.243
base,10/17/2025 0:00,0x4200000000000000000000000000000000000006,WETH,168024.8972,640772045.5
base,10/17/2025 0:00,0xcbb7c0000ab88b473b1f5afd9ef808440eed33bf,cbBTC,2152.344819,229074930.7
optimism,10/17/2025 0:00,0x0b2c639c533813f4aa9d7837caf62653d097ff85,USDC,23134600.56,23141106.53
optimism,10/17/2025 0:00,0x94b008aa00579c1307b0ef2c499ad98a8ce58e58,USDT,3758477.915,3760299.741
optimism,10/17/2025 0:00,0x68f180fcce6836688e9084f035309e29bf0a2095,WBTC,18.6085024,1978455.804
optimism,10/17/2025 0:00,0x4200000000000000000000000000000000000006,WETH,6124.765299,23296263.27
arbitrum,10/18/2025 0:00,0xaf88d065e77c8cc2239327c5edb3a432268e5831,USDC,117805883.6,117892022
arbitrum,10/18/2025 0:00,0xfd086bc7cd5c481dcc9c85ebe478a1c0b69fcbb9,USDT,46893067.92,46987810.94
arbitrum,10/18/2025 0:00,0x2f2a2543b76a4166549f7aab2e75bef0aefc5b0f,WBTC,248.2531711,26575143.94
arbitrum,10/18/2025 0:00,0x82af49447d8a07e3bd95bd0d56f35241523fbab1,WETH,28525.19515,110535626.2
arbitrum,10/18/2025 0:00,0xcbb7c0000ab88b473b1f5afd9ef808440eed33bf,cbBTC,2.43368539,260478.4226
base,10/18/2025 0:00,0x833589fcd6edb6e08f4c7c32d4f71b54bda02913,USDC,241169196.8,241298101
base,10/18/2025 0:00,0xfde4c96c8593536e31f229ea8f37b2ada2699bb2,USDT,5208627.818,5212640.154
base,10/18/2025 0:00,0x4200000000000000000000000000000000000006,WETH,96435.5453,373850242.2
base,10/18/2025 0:00,0xcbb7c0000ab88b473b1f5afd9ef808440eed33bf,cbBTC,893.9952967,95692988.81
optimism,10/18/2025 0:00,0x0b2c639c533813f4aa9d7837caf62653d097ff85,USDC,8302133.02,8305801.729
optimism,10/18/2025 0:00,0x94b008aa00579c1307b0ef2c499ad98a8ce58e58,USDT,1701353.761,1702820.971
optimism,10/18/2025 0:00,0x68f180fcce6836688e9084f035309e29bf0a2095,WBTC,5.54640596,593811.8383
optimism,10/18/2025 0:00,0x4200000000000000000000000000000000000006,WETH,2225.103187,8623977.377
arbitrum,10/19/2025 0:00,0xaf88d065e77c8cc2239327c5edb3a432268e5831,USDC,166612790,166780097.6
arbitrum,10/19/2025 0:00,0xfd086bc7cd5c481dcc9c85ebe478a1c0b69fcbb9,USDT,49690786.62,49789095.86
arbitrum,10/19/2025 0:00,0x2f2a2543b76a4166549f7aab2e75bef0aefc5b0f,WBTC,522.7153426,56345228.74
arbitrum,10/19/2025 0:00,0x82af49447d8a07e3bd95bd0d56f35241523fbab1,WETH,48253.51836,189849345.2
arbitrum,10/19/2025 0:00,0xcbb7c0000ab88b473b1f5afd9ef808440eed33bf,cbBTC,0.66726072,71852.39357
base,10/19/2025 0:00,0x833589fcd6edb6e08f4c7c32d4f71b54bda02913,USDC,351940314.3,352164176.7
base,10/19/2025 0:00,0xfde4c96c8593536e31f229ea8f37b2ada2699bb2,USDT,5156041.923,5160573.482
base,10/19/2025 0:00,0x4200000000000000000000000000000000000006,WETH,131968.7462,519781407.4
base,10/19/2025 0:00,0xcbb7c0000ab88b473b1f5afd9ef808440eed33bf,cbBTC,1559.703766,168400999.2
optimism,10/19/2025 0:00,0x0b2c639c533813f4aa9d7837caf62653d097ff85,USDC,11716026.72,11722646.5
optimism,10/19/2025 0:00,0x94b008aa00579c1307b0ef2c499ad98a8ce58e58,USDT,2275017.947,2277051.009
optimism,10/19/2025 0:00,0x68f180fcce6836688e9084f035309e29bf0a2095,WBTC,9.27980372,1001535.759
optimism,10/19/2025 0:00,0x4200000000000000000000000000000000000006,WETH,3278.039485,12913147.68
arbitrum,10/20/2025 0:00,0xaf88d065e77c8cc2239327c5edb3a432268e5831,USDC,221674702.3,221865035.3
arbitrum,10/20/2025 0:00,0xfd086bc7cd5c481dcc9c85ebe478a1c0b69fcbb9,USDT,62711540.64,62810509
arbitrum,10/20/2025 0:00,0x2f2a2543b76a4166549f7aab2e75bef0aefc5b0f,WBTC,793.8546802,87787163.88
arbitrum,10/20/2025 0:00,0x82af49447d8a07e3bd95bd0d56f35241523fbab1,WETH,51546.37755,206265063.5
arbitrum,10/20/2025 0:00,0xcbb7c0000ab88b473b1f5afd9ef808440eed33bf,cbBTC,2.07045049,229406.9395
base,10/20/2025 0:00,0x833589fcd6edb6e08f4c7c32d4f71b54bda02913,USDC,419901451,420137726.2
base,10/20/2025 0:00,0xfde4c96c8593536e31f229ea8f37b2ada2699bb2,USDT,6062231.339,6065896.871
base,10/20/2025 0:00,0x4200000000000000000000000000000000000006,WETH,135523.6407,542936415.4
base,10/20/2025 0:00,0xcbb7c0000ab88b473b1f5afd9ef808440eed33bf,cbBTC,1643.609352,181825430.3
optimism,10/20/2025 0:00,0x0b2c639c533813f4aa9d7837caf62653d097ff85,USDC,14877533.93,14882936.18
optimism,10/20/2025 0:00,0x94b008aa00579c1307b0ef2c499ad98a8ce58e58,USDT,2806175.123,2808420.326
optimism,10/20/2025 0:00,0x68f180fcce6836688e9084f035309e29bf0a2095,WBTC,16.71476572,1848183.501
optimism,10/20/2025 0:00,0x4200000000000000000000000000000000000006,WETH,3687.225022,14774500.8
arbitrum,10/21/2025 0:00,0xaf88d065e77c8cc2239327c5edb3a432268e5831,USDC,319001776.1,319162090.2
arbitrum,10/21/2025 0:00,0xfd086bc7cd5c481dcc9c85ebe478a1c0b69fcbb9,USDT,107416866.6,107577444.5
arbitrum,10/21/2025 0:00,0x2f2a2543b76a4166549f7aab2e75bef0aefc5b0f,WBTC,1172.502094,129722467.1
arbitrum,10/21/2025 0:00,0x82af49447d8a07e3bd95bd0d56f35241523fbab1,WETH,88166.26876,349070272.2
arbitrum,10/21/2025 0:00,0xcbb7c0000ab88b473b1f5afd9ef808440eed33bf,cbBTC,8.86787774,988437.057
base,10/21/2025 0:00,0x833589fcd6edb6e08f4c7c32d4f71b54bda02913,USDC,595880004,596102188.7
base,10/21/2025 0:00,0xfde4c96c8593536e31f229ea8f37b2ada2699bb2,USDT,8948393.675,8948931.12
base,10/21/2025 0:00,0x4200000000000000000000000000000000000006,WETH,187539.5016,740824092.3
base,10/21/2025 0:00,0xcbb7c0000ab88b473b1f5afd9ef808440eed33bf,cbBTC,2411.949363,266265796.2
optimism,10/21/2025 0:00,0x0b2c639c533813f4aa9d7837caf62653d097ff85,USDC,18582680.84,18587387.34
optimism,10/21/2025 0:00,0x94b008aa00579c1307b0ef2c499ad98a8ce58e58,USDT,3380211.05,3382518.311
optimism,10/21/2025 0:00,0x68f180fcce6836688e9084f035309e29bf0a2095,WBTC,20.82595122,2299975.195
optimism,10/21/2025 0:00,0x4200000000000000000000000000000000000006,WETH,4758.331882,18798695.92
arbitrum,10/22/2025 0:00,0xaf88d065e77c8cc2239327c5edb3a432268e5831,USDC,300757901.1,301069829.5
arbitrum,10/22/2025 0:00,0xfd086bc7cd5c481dcc9c85ebe478a1c0b69fcbb9,USDT,102817682.2,102996448
arbitrum,10/22/2025 0:00,0x2f2a2543b76a4166549f7aab2e75bef0aefc5b0f,WBTC,1055.153436,113983344.4
arbitrum,10/22/2025 0:00,0x82af49447d8a07e3bd95bd0d56f35241523fbab1,WETH,80862.11728,309189357.2
arbitrum,10/22/2025 0:00,0xcbb7c0000ab88b473b1f5afd9ef808440eed33bf,cbBTC,4.0368382,436298.3594
base,10/22/2025 0:00,0x833589fcd6edb6e08f4c7c32d4f71b54bda02913,USDC,583183459,583325182.8
base,10/22/2025 0:00,0xfde4c96c8593536e31f229ea8f37b2ada2699bb2,USDT,11839996.45,11837249.63
base,10/22/2025 0:00,0x4200000000000000000000000000000000000006,WETH,189137.1598,723998402.6
base,10/22/2025 0:00,0xcbb7c0000ab88b473b1f5afd9ef808440eed33bf,cbBTC,2164.889504,234044525
optimism,10/22/2025 0:00,0x0b2c639c533813f4aa9d7837caf62653d097ff85,USDC,19580046.06,19581239.96
optimism,10/22/2025 0:00,0x94b008aa00579c1307b0ef2c499ad98a8ce58e58,USDT,3370902.121,3372329.042
optimism,10/22/2025 0:00,0x68f180fcce6836688e9084f035309e29bf0a2095,WBTC,16.6414388,1796999.409
optimism,10/22/2025 0:00,0x4200000000000000000000000000000000000006,WETH,4911.79371,18778546.88
arbitrum,10/23/2025 0:00,0xaf88d065e77c8cc2239327c5edb3a432268e5831,USDC,202550009.5,202616027.4
arbitrum,10/23/2025 0:00,0xfd086bc7cd5c481dcc9c85ebe478a1c0b69fcbb9,USDT,97086032.31,97204625.46
arbitrum,10/23/2025 0:00,0x2f2a2543b76a4166549f7aab2e75bef0aefc5b0f,WBTC,521.543614,57120383.17
arbitrum,10/23/2025 0:00,0x82af49447d8a07e3bd95bd0d56f35241523fbab1,WETH,46914.94126,181078124.2
arbitrum,10/23/2025 0:00,0xcbb7c0000ab88b473b1f5afd9ef808440eed33bf,cbBTC,9.30134457,1023030.453
base,10/23/2025 0:00,0x833589fcd6edb6e08f4c7c32d4f71b54bda02913,USDC,436612932,436695642.1
base,10/23/2025 0:00,0xfde4c96c8593536e31f229ea8f37b2ada2699bb2,USDT,16547027.01,16542447.83
base,10/23/2025 0:00,0x4200000000000000000000000000000000000006,WETH,149114.3936,575839152.3
base,10/23/2025 0:00,0xcbb7c0000ab88b473b1f5afd9ef808440eed33bf,cbBTC,1454.74887,159498818.2
optimism,10/23/2025 0:00,0x0b2c639c533813f4aa9d7837caf62653d097ff85,USDC,13322536.69,13323514.35
optimism,10/23/2025 0:00,0x94b008aa00579c1307b0ef2c499ad98a8ce58e58,USDT,3730943.311,3732472.33
optimism,10/23/2025 0:00,0x68f180fcce6836688e9084f035309e29bf0a2095,WBTC,13.16608374,1440929.735
optimism,10/23/2025 0:00,0x4200000000000000000000000000000000000006,WETH,3629.112481,14007207.92
arbitrum,10/24/2025 0:00,0xaf88d065e77c8cc2239327c5edb3a432268e5831,USDC,224311941.1,224388737.9
arbitrum,10/24/2025 0:00,0xfd086bc7cd5c481dcc9c85ebe478a1c0b69fcbb9,USDT,89966678.58,90009841.11
arbitrum,10/24/2025 0:00,0x2f2a2543b76a4166549f7aab2e75bef0aefc5b0f,WBTC,516.8732562,57261840.29
arbitrum,10/24/2025 0:00,0x82af49447d8a07e3bd95bd0d56f35241523fbab1,WETH,52566.6139,206576648.5
arbitrum,10/24/2025 0:00,0xcbb7c0000ab88b473b1f5afd9ef808440eed33bf,cbBTC,0.49306415,54438.54771
base,10/24/2025 0:00,0x833589fcd6edb6e08f4c7c32d4f71b54bda02913,USDC,445959111,446036552.1
base,10/24/2025 0:00,0xfde4c96c8593536e31f229ea8f37b2ada2699bb2,USDT,6762447.849,6761066.291
base,10/24/2025 0:00,0x4200000000000000000000000000000000000006,WETH,159055.4106,625219549.5
base,10/24/2025 0:00,0xcbb7c0000ab88b473b1f5afd9ef808440eed33bf,cbBTC,1313.711302,145658573.5
optimism,10/24/2025 0:00,0x0b2c639c533813f4aa9d7837caf62653d097ff85,USDC,13115328.88,13116992.64
optimism,10/24/2025 0:00,0x94b008aa00579c1307b0ef2c499ad98a8ce58e58,USDT,2653232.246,2654440.221
optimism,10/24/2025 0:00,0x68f180fcce6836688e9084f035309e29bf0a2095,WBTC,11.45345013,1270005.915
optimism,10/24/2025 0:00,0x4200000000000000000000000000000000000006,WETH,3432.205023,13481050.18
arbitrum,10/25/2025 0:00,0xaf88d065e77c8cc2239327c5edb3a432268e5831,USDC,79084720.26,79125093.27
arbitrum,10/25/2025 0:00,0xfd086bc7cd5c481dcc9c85ebe478a1c0b69fcbb9,USDT,40110697.21,40132225.37
arbitrum,10/25/2025 0:00,0x2f2a2543b76a4166549f7aab2e75bef0aefc5b0f,WBTC,158.5167518,17665866.87
arbitrum,10/25/2025 0:00,0x82af49447d8a07e3bd95bd0d56f35241523fbab1,WETH,16074.43099,63335658.85
arbitrum,10/25/2025 0:00,0xcbb7c0000ab88b473b1f5afd9ef808440eed33bf,cbBTC,0.13492963,15067.19817
base,10/25/2025 0:00,0x833589fcd6edb6e08f4c7c32d4f71b54bda02913,USDC,283082921.8,283170652.6
base,10/25/2025 0:00,0xfde4c96c8593536e31f229ea8f37b2ada2699bb2,USDT,6130033.924,6129489.068
base,10/25/2025 0:00,0x4200000000000000000000000000000000000006,WETH,129835.5678,511520553.6
base,10/25/2025 0:00,0xcbb7c0000ab88b473b1f5afd9ef808440eed33bf,cbBTC,603.5256647,67293555.16
optimism,10/25/2025 0:00,0x0b2c639c533813f4aa9d7837caf62653d097ff85,USDC,5176190.602,5177545.328
optimism,10/25/2025 0:00,0x94b008aa00579c1307b0ef2c499ad98a8ce58e58,USDT,1540261.26,1541002.425
optimism,10/25/2025 0:00,0x68f180fcce6836688e9084f035309e29bf0a2095,WBTC,3.7421293,417136.1952
optimism,10/25/2025 0:00,0x4200000000000000000000000000000000000006,WETH,1237.16324,4874729.507
arbitrum,10/26/2025 0:00,0xaf88d065e77c8cc2239327c5edb3a432268e5831,USDC,153149388.1,153164891.1
arbitrum,10/26/2025 0:00,0xfd086bc7cd5c481dcc9c85ebe478a1c0b69fcbb9,USDT,64660338.24,64700803.44
arbitrum,10/26/2025 0:00,0x2f2a2543b76a4166549f7aab2e75bef0aefc5b0f,WBTC,428.9788749,48566233.66
arbitrum,10/26/2025 0:00,0x82af49447d8a07e3bd95bd0d56f35241523fbab1,WETH,43871.32272,177670087.9
arbitrum,10/26/2025 0:00,0xcbb7c0000ab88b473b1f5afd9ef808440eed33bf,cbBTC,1.78520905,199908.4938
base,10/26/2025 0:00,0x833589fcd6edb6e08f4c7c32d4f71b54bda02913,USDC,386524379.9,386529850.7
base,10/26/2025 0:00,0xfde4c96c8593536e31f229ea8f37b2ada2699bb2,USDT,6560565.325,6557056.645
base,10/26/2025 0:00,0x4200000000000000000000000000000000000006,WETH,157884.9104,637506121.6
base,10/26/2025 0:00,0xcbb7c0000ab88b473b1f5afd9ef808440eed33bf,cbBTC,1144.036153,129544067.7
optimism,10/26/2025 0:00,0x0b2c639c533813f4aa9d7837caf62653d097ff85,USDC,9820997.543,9820145.1
optimism,10/26/2025 0:00,0x94b008aa00579c1307b0ef2c499ad98a8ce58e58,USDT,2943336.397,2943673.064
optimism,10/26/2025 0:00,0x68f180fcce6836688e9084f035309e29bf0a2095,WBTC,10.35203505,1173128.721
optimism,10/26/2025 0:00,0x4200000000000000000000000000000000000006,WETH,2715.428281,10990396.86
arbitrum,10/27/2025 0:00,0xaf88d065e77c8cc2239327c5edb3a432268e5831,USDC,244407433.8,244457862.5
arbitrum,10/27/2025 0:00,0xfd086bc7cd5c481dcc9c85ebe478a1c0b69fcbb9,USDT,85144699.72,85201059
arbitrum,10/27/2025 0:00,0x2f2a2543b76a4166549f7aab2e75bef0aefc5b0f,WBTC,578.7918114,66604561.23
arbitrum,10/27/2025 0:00,0x82af49447d8a07e3bd95bd0d56f35241523fbab1,WETH,58490.35995,244224034.2
arbitrum,10/27/2025 0:00,0xcbb7c0000ab88b473b1f5afd9ef808440eed33bf,cbBTC,1.65325489,190542.9888
base,10/27/2025 0:00,0x833589fcd6edb6e08f4c7c32d4f71b54bda02913,USDC,480619984.2,480711099.2
base,10/27/2025 0:00,0xfde4c96c8593536e31f229ea8f37b2ada2699bb2,USDT,10490307.88,10481363.73
base,10/27/2025 0:00,0x4200000000000000000000000000000000000006,WETH,186933.3981,780942948.8
base,10/27/2025 0:00,0xcbb7c0000ab88b473b1f5afd9ef808440eed33bf,cbBTC,1378.757278,158794023.2
optimism,10/27/2025 0:00,0x0b2c639c533813f4aa9d7837caf62653d097ff85,USDC,15341255.52,15341919.85
optimism,10/27/2025 0:00,0x94b008aa00579c1307b0ef2c499ad98a8ce58e58,USDT,3958111.988,3958848.867
optimism,10/27/2025 0:00,0x68f180fcce6836688e9084f035309e29bf0a2095,WBTC,14.19884181,1634722.47
optimism,10/27/2025 0:00,0x4200000000000000000000000000000000000006,WETH,3362.527076,14049838.83
arbitrum,10/28/2025 0:00,0xaf88d065e77c8cc2239327c5edb3a432268e5831,USDC,261833757.5,261956276.3
arbitrum,10/28/2025 0:00,0xfd086bc7cd5c481dcc9c85ebe478a1c0b69fcbb9,USDT,90838490.98,90940888.34
arbitrum,10/28/2025 0:00,0x2f2a2543b76a4166549f7aab2e75bef0aefc5b0f,WBTC,660.825218,75459558.58
arbitrum,10/28/2025 0:00,0x82af49447d8a07e3bd95bd0d56f35241523fbab1,WETH,60472.57145,246959363.4
arbitrum,10/28/2025 0:00,0xcbb7c0000ab88b473b1f5afd9ef808440eed33bf,cbBTC,2.98191632,343528.5762
base,10/28/2025 0:00,0x833589fcd6edb6e08f4c7c32d4f71b54bda02913,USDC,481028978.7,481231478.2
base,10/28/2025 0:00,0xfde4c96c8593536e31f229ea8f37b2ada2699bb2,USDT,7037411.048,7034775.753
base,10/28/2025 0:00,0x4200000000000000000000000000000000000006,WETH,176844.3114,723823478.5
base,10/28/2025 0:00,0xcbb7c0000ab88b473b1f5afd9ef808440eed33bf,cbBTC,1462.774225,167156753.6
optimism,10/28/2025 0:00,0x0b2c639c533813f4aa9d7837caf62653d097ff85,USDC,15549798.42,15554668.53
optimism,10/28/2025 0:00,0x94b008aa00579c1307b0ef2c499ad98a8ce58e58,USDT,3529454.963,3530991.062
optimism,10/28/2025 0:00,0x68f180fcce6836688e9084f035309e29bf0a2095,WBTC,13.28776794,1516211.273
optimism,10/28/2025 0:00,0x4200000000000000000000000000000000000006,WETH,3403.137951,13899966.34
arbitrum,10/29/2025 0:00,0xaf88d065e77c8cc2239327c5edb3a432268e5831,USDC,281410729,281699185.2
arbitrum,10/29/2025 0:00,0xfd086bc7cd5c481dcc9c85ebe478a1c0b69fcbb9,USDT,97819522.77,98018469.2
arbitrum,10/29/2025 0:00,0x2f2a2543b76a4166549f7aab2e75bef0aefc5b0f,WBTC,737.5964398,82459543.99
arbitrum,10/29/2025 0:00,0x82af49447d8a07e3bd95bd0d56f35241523fbab1,WETH,67663.4439,268506922.9
arbitrum,10/29/2025 0:00,0xcbb7c0000ab88b473b1f5afd9ef808440eed33bf,cbBTC,1.03695947,115364.1453
base,10/29/2025 0:00,0x833589fcd6edb6e08f4c7c32d4f71b54bda02913,USDC,512540522.5,512935942.6
base,10/29/2025 0:00,0xfde4c96c8593536e31f229ea8f37b2ada2699bb2,USDT,8297957.337,8299487.361
base,10/29/2025 0:00,0x4200000000000000000000000000000000000006,WETH,181283.7887,721214945.5
base,10/29/2025 0:00,0xcbb7c0000ab88b473b1f5afd9ef808440eed33bf,cbBTC,1721.178628,192780116.9
optimism,10/29/2025 0:00,0x0b2c639c533813f4aa9d7837caf62653d097ff85,USDC,16645756.99,16656454.32
optimism,10/29/2025 0:00,0x94b008aa00579c1307b0ef2c499ad98a8ce58e58,USDT,3298518.354,3301168.61
optimism,10/29/2025 0:00,0x68f180fcce6836688e9084f035309e29bf0a2095,WBTC,13.22371164,1477942.946
optimism,10/29/2025 0:00,0x4200000000000000000000000000000000000006,WETH,4046.762778,16064390.18
arbitrum,10/30/2025 0:00,0xaf88d065e77c8cc2239327c5edb3a432268e5831,USDC,286916357.8,287299635.9
arbitrum,10/30/2025 0:00,0xfd086bc7cd5c481dcc9c85ebe478a1c0b69fcbb9,USDT,107661237.9,107847179.6
arbitrum,10/30/2025 0:00,0x2f2a2543b76a4166549f7aab2e75bef0aefc5b0f,WBTC,801.1950056,87133016.19
arbitrum,10/30/2025 0:00,0x82af49447d8a07e3bd95bd0d56f35241523fbab1,WETH,71647.25341,274338504.4
arbitrum,10/30/2025 0:00,0xcbb7c0000ab88b473b1f5afd9ef808440eed33bf,cbBTC,2.3066641,254554.9958
base,10/30/2025 0:00,0x833589fcd6edb6e08f4c7c32d4f71b54bda02913,USDC,513835363.3,514262947.6
base,10/30/2025 0:00,0xfde4c96c8593536e31f229ea8f37b2ada2699bb2,USDT,9331413.975,9334469.035
base,10/30/2025 0:00,0x4200000000000000000000000000000000000006,WETH,186914.202,717688102.9
base,10/30/2025 0:00,0xcbb7c0000ab88b473b1f5afd9ef808440eed33bf,cbBTC,1924.563194,209608113.7
optimism,10/30/2025 0:00,0x0b2c639c533813f4aa9d7837caf62653d097ff85,USDC,19417809.93,19430327.51
optimism,10/30/2025 0:00,0x94b008aa00579c1307b0ef2c499ad98a8ce58e58,USDT,4323606.615,4326695.106
optimism,10/30/2025 0:00,0x68f180fcce6836688e9084f035309e29bf0a2095,WBTC,16.69049406,1815423.429
optimism,10/30/2025 0:00,0x4200000000000000000000000000000000000006,WETH,4375.039046,16761364.04
arbitrum,10/31/2025 0:00,0xaf88d065e77c8cc2239327c5edb3a432268e5831,USDC,214063333,214339454
arbitrum,10/31/2025 0:00,0xfd086bc7cd5c481dcc9c85ebe478a1c0b69fcbb9,USDT,80727781.45,80812352.26
arbitrum,10/31/2025 0:00,0x2f2a2543b76a4166549f7aab2e75bef0aefc5b0f,WBTC,601.7173767,65967298.94
arbitrum,10/31/2025 0:00,0x82af49447d8a07e3bd95bd0d56f35241523fbab1,WETH,52914.70937,203504011.4
arbitrum,10/31/2025 0:00,0xcbb7c0000ab88b473b1f5afd9ef808440eed33bf,cbBTC,1.4683354,160719.3255
base,10/31/2025 0:00,0x833589fcd6edb6e08f4c7c32d4f71b54bda02913,USDC,436305611.7,436648063.5
base,10/31/2025 0:00,0xfde4c96c8593536e31f229ea8f37b2ada2699bb2,USDT,4820514.773,4823316.307
base,10/31/2025 0:00,0x4200000000000000000000000000000000000006,WETH,160560.0646,617686072.7
base,10/31/2025 0:00,0xcbb7c0000ab88b473b1f5afd9ef808440eed33bf,cbBTC,1502.642895,164855193.8
optimism,10/31/2025 0:00,0x0b2c639c533813f4aa9d7837caf62653d097ff85,USDC,15994554.37,16000652.28
optimism,10/31/2025 0:00,0x94b008aa00579c1307b0ef2c499ad98a8ce58e58,USDT,3390059.93,3390759.181
optimism,10/31/2025 0:00,0x68f180fcce6836688e9084f035309e29bf0a2095,WBTC,13.57260364,1488373.959
optimism,10/31/2025 0:00,0x4200000000000000000000000000000000000006,WETH,3664.311313,14092585.31
arbitrum,11/1/2025 0:00,0xaf88d065e77c8cc2239327c5edb3a432268e5831,USDC,79666842.93,79786278.63
arbitrum,11/1/2025 0:00,0xfd086bc7cd5c481dcc9c85ebe478a1c0b69fcbb9,USDT,42435422.11,42527135.49
arbitrum,11/1/2025 0:00,0x2f2a2543b76a4166549f7aab2e75bef0aefc5b0f,WBTC,168.7544518,18579905.82
arbitrum,11/1/2025 0:00,0x82af49447d8a07e3bd95bd0d56f35241523fbab1,WETH,17615.68704,68198103.52
arbitrum,11/1/2025 0:00,0xcbb7c0000ab88b473b1f5afd9ef808440eed33bf,cbBTC,0.40641749,44776.60371
base,11/1/2025 0:00,0x833589fcd6edb6e08f4c7c32d4f71b54bda02913,USDC,219240079.4,219434979.5
base,11/1/2025 0:00,0xfde4c96c8593536e31f229ea8f37b2ada2699bb2,USDT,4039358.695,4041807.331
base,11/1/2025 0:00,0x4200000000000000000000000000000000000006,WETH,113244.08,438306599.7
base,11/1/2025 0:00,0xcbb7c0000ab88b473b1f5afd9ef808440eed33bf,cbBTC,610.9650908,67302475.99
optimism,11/1/2025 0:00,0x0b2c639c533813f4aa9d7837caf62653d097ff85,USDC,6256728.676,6261364.256
optimism,11/1/2025 0:00,0x94b008aa00579c1307b0ef2c499ad98a8ce58e58,USDT,2138420.94,2139193.538
optimism,11/1/2025 0:00,0x68f180fcce6836688e9084f035309e29bf0a2095,WBTC,5.62198482,619122.3111
optimism,11/1/2025 0:00,0x4200000000000000000000000000000000000006,WETH,1563.887684,6054083.665
arbitrum,11/2/2025 0:00,0xaf88d065e77c8cc2239327c5edb3a432268e5831,USDC,103406280.2,103501642.7
arbitrum,11/2/2025 0:00,0xfd086bc7cd5c481dcc9c85ebe478a1c0b69fcbb9,USDT,46426701.07,46640910.24
arbitrum,11/2/2025 0:00,0x2f2a2543b76a4166549f7aab2e75bef0aefc5b0f,WBTC,259.108313,28606720.03
arbitrum,11/2/2025 0:00,0x82af49447d8a07e3bd95bd0d56f35241523fbab1,WETH,26992.54882,104531289.2
arbitrum,11/2/2025 0:00,0xcbb7c0000ab88b473b1f5afd9ef808440eed33bf,cbBTC,2.33218328,258182.935
base,11/2/2025 0:00,0x833589fcd6edb6e08f4c7c32d4f71b54bda02913,USDC,259941150.9,260148267.8
base,11/2/2025 0:00,0xfde4c96c8593536e31f229ea8f37b2ada2699bb2,USDT,5074922.127,5077608.467
base,11/2/2025 0:00,0x4200000000000000000000000000000000000006,WETH,108660.7392,421034397.6
base,11/2/2025 0:00,0xcbb7c0000ab88b473b1f5afd9ef808440eed33bf,cbBTC,850.2583188,93923460.32
optimism,11/2/2025 0:00,0x0b2c639c533813f4aa9d7837caf62653d097ff85,USDC,7041115.924,7045296.303
optimism,11/2/2025 0:00,0x94b008aa00579c1307b0ef2c499ad98a8ce58e58,USDT,1905931.321,1906889.362
optimism,11/2/2025 0:00,0x68f180fcce6836688e9084f035309e29bf0a2095,WBTC,7.82251507,863502.5089
optimism,11/2/2025 0:00,0x4200000000000000000000000000000000000006,WETH,2089.807023,8093713.806
arbitrum,11/3/2025 0:00,0xaf88d065e77c8cc2239327c5edb3a432268e5831,USDC,307355703.5,307688541.9
arbitrum,11/3/2025 0:00,0xfd086bc7cd5c481dcc9c85ebe478a1c0b69fcbb9,USDT,102920526.3,103146002.9
arbitrum,11/3/2025 0:00,0x2f2a2543b76a4166549f7aab2e75bef0aefc5b0f,WBTC,948.6548233,101901129.9
arbitrum,11/3/2025 0:00,0x82af49447d8a07e3bd95bd0d56f35241523fbab1,WETH,76551.52587,282264034.6
arbitrum,11/3/2025 0:00,0xcbb7c0000ab88b473b1f5afd9ef808440eed33bf,cbBTC,6.2959328,674382.9704
base,11/3/2025 0:00,0x833589fcd6edb6e08f4c7c32d4f71b54bda02913,USDC,517624970.2,517986183.7
base,11/3/2025 0:00,0xfde4c96c8593536e31f229ea8f37b2ada2699bb2,USDT,6350591.353,6354594.768
base,11/3/2025 0:00,0x4200000000000000000000000000000000000006,WETH,163137.3055,603139562.5
base,11/3/2025 0:00,0xcbb7c0000ab88b473b1f5afd9ef808440eed33bf,cbBTC,1952.464889,210129984.2
optimism,11/3/2025 0:00,0x0b2c639c533813f4aa9d7837caf62653d097ff85,USDC,20853184.35,20864037.04
optimism,11/3/2025 0:00,0x94b008aa00579c1307b0ef2c499ad98a8ce58e58,USDT,3617883.479,3619815.699
optimism,11/3/2025 0:00,0x68f180fcce6836688e9084f035309e29bf0a2095,WBTC,36.27312251,3888817.755
optimism,11/3/2025 0:00,0x4200000000000000000000000000000000000006,WETH,5299.645978,19519275.8
arbitrum,11/4/2025 0:00,0xaf88d065e77c8cc2239327c5edb3a432268e5831,USDC,435485798.9,436011332.6
arbitrum,11/4/2025 0:00,0xfd086bc7cd5c481dcc9c85ebe478a1c0b69fcbb9,USDT,141049161.3,141487066.7
arbitrum,11/4/2025 0:00,0x2f2a2543b76a4166549f7aab2e75bef0aefc5b0f,WBTC,1626.552671,167529004.1
arbitrum,11/4/2025 0:00,0x82af49447d8a07e3bd95bd0d56f35241523fbab1,WETH,129605.3756,439402116.5
arbitrum,11/4/2025 0:00,0xcbb7c0000ab88b473b1f5afd9ef808440eed33bf,cbBTC,13.74266854,1391897.085
base,11/4/2025 0:00,0x833589fcd6edb6e08f4c7c32d4f71b54bda02913,USDC,542937034.8,543292370.6
base,11/4/2025 0:00,0xfde4c96c8593536e31f229ea8f37b2ada2699bb2,USDT,5750495.271,5754416.488
base,11/4/2025 0:00,0x4200000000000000000000000000000000000006,WETH,200722.8794,689669231.7
base,11/4/2025 0:00,0xcbb7c0000ab88b473b1f5afd9ef808440eed33bf,cbBTC,2709.671402,279761272.2
optimism,11/4/2025 0:00,0x0b2c639c533813f4aa9d7837caf62653d097ff85,USDC,26546775.67,26562689.4
optimism,11/4/2025 0:00,0x94b008aa00579c1307b0ef2c499ad98a8ce58e58,USDT,6242115.215,6243829.366
optimism,11/4/2025 0:00,0x68f180fcce6836688e9084f035309e29bf0a2095,WBTC,48.61320664,4997903.952
optimism,11/4/2025 0:00,0x4200000000000000000000000000000000000006,WETH,7674.009301,26312942.67
arbitrum,11/5/2025 0:00,0xaf88d065e77c8cc2239327c5edb3a432268e5831,USDC,230606311.1,230750308.7
arbitrum,11/5/2025 0:00,0xfd086bc7cd5c481dcc9c85ebe478a1c0b69fcbb9,USDT,81942780.3,82074586.41
arbitrum,11/5/2025 0:00,0x2f2a2543b76a4166549f7aab2e75bef0aefc5b0f,WBTC,893.8808549,91420334.42
arbitrum,11/5/2025 0:00,0x82af49447d8a07e3bd95bd0d56f35241523fbab1,WETH,76222.35673,253206269.6
arbitrum,11/5/2025 0:00,0xcbb7c0000ab88b473b1f5afd9ef808440eed33bf,cbBTC,3.75819267,387207.9277
base,11/5/2025 0:00,0x833589fcd6edb6e08f4c7c32d4f71b54bda02913,USDC,374144072.9,374309254.5
base,11/5/2025 0:00,0xfde4c96c8593536e31f229ea8f37b2ada2699bb2,USDT,5307774.732,5308395.362
base,11/5/2025 0:00,0x4200000000000000000000000000000000000006,WETH,143547.3805,480884766.4
base,11/5/2025 0:00,0xcbb7c0000ab88b473b1f5afd9ef808440eed33bf,cbBTC,1656.749321,169714726.9
optimism,11/5/2025 0:00,0x0b2c639c533813f4aa9d7837caf62653d097ff85,USDC,13561393.8,13564916.07
optimism,11/5/2025 0:00,0x94b008aa00579c1307b0ef2c499ad98a8ce58e58,USDT,3384297.278,3385124.98
optimism,11/5/2025 0:00,0x68f180fcce6836688e9084f035309e29bf0a2095,WBTC,23.69030025,2424922.758
optimism,11/5/2025 0:00,0x4200000000000000000000000000000000000006,WETH,4593.565554,15326890
arbitrum,11/6/2025 0:00,0xaf88d065e77c8cc2239327c5edb3a432268e5831,USDC,212829968.6,213066135.8
arbitrum,11/6/2025 0:00,0xfd086bc7cd5c481dcc9c85ebe478a1c0b69fcbb9,USDT,71323398.85,71429429.83
arbitrum,11/6/2025 0:00,0x2f2a2543b76a4166549f7aab2e75bef0aefc5b0f,WBTC,737.3869476,75472891.92
arbitrum,11/6/2025 0:00,0x82af49447d8a07e3bd95bd0d56f35241523fbab1,WETH,58364.83016,195437644.5
arbitrum,11/6/2025 0:00,0xcbb7c0000ab88b473b1f5afd9ef808440eed33bf,cbBTC,1.49196038,151331.1412
base,11/6/2025 0:00,0x833589fcd6edb6e08f4c7c32d4f71b54bda02913,USDC,363316393.8,363495534.2
base,11/6/2025 0:00,0xfde4c96c8593536e31f229ea8f37b2ada2699bb2,USDT,5639280.019,5638599.288
base,11/6/2025 0:00,0x4200000000000000000000000000000000000006,WETH,139818.1379,469748614.3
base,11/6/2025 0:00,0xcbb7c0000ab88b473b1f5afd9ef808440eed33bf,cbBTC,1512.540078,154976420.6
optimism,11/6/2025 0:00,0x0b2c639c533813f4aa9d7837caf62653d097ff85,USDC,15816662.63,15824455.61
optimism,11/6/2025 0:00,0x94b008aa00579c1307b0ef2c499ad98a8ce58e58,USDT,4508886.109,4510096.143
optimism,11/6/2025 0:00,0x68f180fcce6836688e9084f035309e29bf0a2095,WBTC,17.89950125,1832391.299
optimism,11/6/2025 0:00,0x4200000000000000000000000000000000000006,WETH,3931.377074,13187965.77
arbitrum,11/7/2025 0:00,0xaf88d065e77c8cc2239327c5edb3a432268e5831,USDC,254353872.6,254633795.8
arbitrum,11/7/2025 0:00,0xfd086bc7cd5c481dcc9c85ebe478a1c0b69fcbb9,USDT,100098892.5,100339992.6
arbitrum,11/7/2025 0:00,0x2f2a2543b76a4166549f7aab2e75bef0aefc5b0f,WBTC,857.4190043,86968060.07
arbitrum,11/7/2025 0:00,0x82af49447d8a07e3bd95bd0d56f35241523fbab1,WETH,73602.52898,244542388.9
arbitrum,11/7/2025 0:00,0xcbb7c0000ab88b473b1f5afd9ef808440eed33bf,cbBTC,4.17309655,427172.1369
base,11/7/2025 0:00,0x833589fcd6edb6e08f4c7c32d4f71b54bda02913,USDC,388177943.4,388343105.6
base,11/7/2025 0:00,0xfde4c96c8593536e31f229ea8f37b2ada2699bb2,USDT,7668336.384,7661456.845
base,11/7/2025 0:00,0x4200000000000000000000000000000000000006,WETH,171078.7024,570605853.2
base,11/7/2025 0:00,0xcbb7c0000ab88b473b1f5afd9ef808440eed33bf,cbBTC,1873.420597,190536176.3
optimism,11/7/2025 0:00,0x0b2c639c533813f4aa9d7837caf62653d097ff85,USDC,14917286.59,14923625.44
optimism,11/7/2025 0:00,0x94b008aa00579c1307b0ef2c499ad98a8ce58e58,USDT,4037892.021,4037794.741
optimism,11/7/2025 0:00,0x68f180fcce6836688e9084f035309e29bf0a2095,WBTC,21.67171335,2200829.959
optimism,11/7/2025 0:00,0x4200000000000000000000000000000000000006,WETH,4438.610634,14764010.56
arbitrum,11/8/2025 0:00,0xaf88d065e77c8cc2239327c5edb3a432268e5831,USDC,130118081.4,130237327.9
arbitrum,11/8/2025 0:00,0xfd086bc7cd5c481dcc9c85ebe478a1c0b69fcbb9,USDT,49130898.13,49220723.81
arbitrum,11/8/2025 0:00,0x2f2a2543b76a4166549f7aab2e75bef0aefc5b0f,WBTC,460.5266097,47068018.83
arbitrum,11/8/2025 0:00,0x82af49447d8a07e3bd95bd0d56f35241523fbab1,WETH,39088.70004,133668204.4
arbitrum,11/8/2025 0:00,0xcbb7c0000ab88b473b1f5afd9ef808440eed33bf,cbBTC,15.84263321,1626016.697
base,11/8/2025 0:00,0x833589fcd6edb6e08f4c7c32d4f71b54bda02913,USDC,259997670.3,260126696.6
base,11/8/2025 0:00,0xfde4c96c8593536e31f229ea8f37b2ada2699bb2,USDT,5953710.559,5945196.598
base,11/8/2025 0:00,0x4200000000000000000000000000000000000006,WETH,124244.4651,425044634.6
base,11/8/2025 0:00,0xcbb7c0000ab88b473b1f5afd9ef808440eed33bf,cbBTC,1368.516506,140111746.3
optimism,11/8/2025 0:00,0x0b2c639c533813f4aa9d7837caf62653d097ff85,USDC,9093499.646,9097910.009
optimism,11/8/2025 0:00,0x94b008aa00579c1307b0ef2c499ad98a8ce58e58,USDT,2750566.065,2751024.668
optimism,11/8/2025 0:00,0x68f180fcce6836688e9084f035309e29bf0a2095,WBTC,12.18825321,1245405.261
optimism,11/8/2025 0:00,0x4200000000000000000000000000000000000006,WETH,3283.007758,11226461.97
arbitrum,11/9/2025 0:00,0xaf88d065e77c8cc2239327c5edb3a432268e5831,USDC,152205642.3,152306780.3
arbitrum,11/9/2025 0:00,0xfd086bc7cd5c481dcc9c85ebe478a1c0b69fcbb9,USDT,56800459.06,56919577.87
arbitrum,11/9/2025 0:00,0x2f2a2543b76a4166549f7aab2e75bef0aefc5b0f,WBTC,569.9600781,58781948.45
arbitrum,11/9/2025 0:00,0x82af49447d8a07e3bd95bd0d56f35241523fbab1,WETH,50589.77805,176262640.4
arbitrum,11/9/2025 0:00,0xcbb7c0000ab88b473b1f5afd9ef808440eed33bf,cbBTC,3.46114004,359315.3981
base,11/9/2025 0:00,0x833589fcd6edb6e08f4c7c32d4f71b54bda02913,USDC,293191657.8,293290750.1
base,11/9/2025 0:00,0xfde4c96c8593536e31f229ea8f37b2ada2699bb2,USDT,6387456.869,6381428.596
base,11/9/2025 0:00,0x4200000000000000000000000000000000000006,WETH,128125.4754,445944416.9
base,11/9/2025 0:00,0xcbb7c0000ab88b473b1f5afd9ef808440eed33bf,cbBTC,1476.399341,152384043.3
optimism,11/9/2025 0:00,0x0b2c639c533813f4aa9d7837caf62653d097ff85,USDC,9596225.034,9599360.461
optimism,11/9/2025 0:00,0x94b008aa00579c1307b0ef2c499ad98a8ce58e58,USDT,2648976.433,2649800.241
optimism,11/9/2025 0:00,0x68f180fcce6836688e9084f035309e29bf0a2095,WBTC,20.56321764,2120627.606
optimism,11/9/2025 0:00,0x4200000000000000000000000000000000000006,WETH,3650.559697,12682759.64
arbitrum,11/10/2025 0:00,0xaf88d065e77c8cc2239327c5edb3a432268e5831,USDC,187849826.8,187987779.1
arbitrum,11/10/2025 0:00,0xfd086bc7cd5c481dcc9c85ebe478a1c0b69fcbb9,USDT,65650400.51,65757744.8
arbitrum,11/10/2025 0:00,0x2f2a2543b76a4166549f7aab2e75bef0aefc5b0f,WBTC,673.8319866,71202459.91
arbitrum,11/10/2025 0:00,0x82af49447d8a07e3bd95bd0d56f35241523fbab1,WETH,53811.79221,192739836.6
arbitrum,11/10/2025 0:00,0xcbb7c0000ab88b473b1f5afd9ef808440eed33bf,cbBTC,5.42472054,572750.4818
base,11/10/2025 0:00,0x833589fcd6edb6e08f4c7c32d4f71b54bda02913,USDC,369860660,370000569.4
base,11/10/2025 0:00,0xfde4c96c8593536e31f229ea8f37b2ada2699bb2,USDT,11478152.6,11466151.91
base,11/10/2025 0:00,0x4200000000000000000000000000000000000006,WETH,140808.5464,505024236.5
base,11/10/2025 0:00,0xcbb7c0000ab88b473b1f5afd9ef808440eed33bf,cbBTC,1759.765024,186379422.9
optimism,11/10/2025 0:00,0x0b2c639c533813f4aa9d7837caf62653d097ff85,USDC,11899102.87,11903076.17
optimism,11/10/2025 0:00,0x94b008aa00579c1307b0ef2c499ad98a8ce58e58,USDT,2220283.689,2220742.64
optimism,11/10/2025 0:00,0x68f180fcce6836688e9084f035309e29bf0a2095,WBTC,21.33362467,2255422.777
optimism,11/10/2025 0:00,0x4200000000000000000000000000000000000006,WETH,3654.64671,13102931.04
arbitrum,11/11/2025 0:00,0xaf88d065e77c8cc2239327c5edb3a432268e5831,USDC,220626208.6,220805000
arbitrum,11/11/2025 0:00,0xfd086bc7cd5c481dcc9c85ebe478a1c0b69fcbb9,USDT,71547374.92,71657086.86
arbitrum,11/11/2025 0:00,0x2f2a2543b76a4166549f7aab2e75bef0aefc5b0f,WBTC,770.2673757,80447823.74
arbitrum,11/11/2025 0:00,0x82af49447d8a07e3bd95bd0d56f35241523fbab1,WETH,65253.37909,230270057.7
arbitrum,11/11/2025 0:00,0xcbb7c0000ab88b473b1f5afd9ef808440eed33bf,cbBTC,2.26182133,233332.0582
base,11/11/2025 0:00,0x833589fcd6edb6e08f4c7c32d4f71b54bda02913,USDC,491034802,491280653.7
base,11/11/2025 0:00,0xfde4c96c8593536e31f229ea8f37b2ada2699bb2,USDT,40657449.2,40615203.48
base,11/11/2025 0:00,0x4200000000000000000000000000000000000006,WETH,164286.9448,580210343.6
base,11/11/2025 0:00,0xcbb7c0000ab88b473b1f5afd9ef808440eed33bf,cbBTC,2092.380001,219097261.4
optimism,11/11/2025 0:00,0x0b2c639c533813f4aa9d7837caf62653d097ff85,USDC,15805008.28,15811318.27
optimism,11/11/2025 0:00,0x94b008aa00579c1307b0ef2c499ad98a8ce58e58,USDT,3382332.035,3383302.308
optimism,11/11/2025 0:00,0x68f180fcce6836688e9084f035309e29bf0a2095,WBTC,24.36567066,2548123.501
optimism,11/11/2025 0:00,0x4200000000000000000000000000000000000006,WETH,4465.531127,15763022.99
arbitrum,11/12/2025 0:00,0xaf88d065e77c8cc2239327c5edb3a432268e5831,USDC,211126528.4,211334494.3
arbitrum,11/12/2025 0:00,0xfd086bc7cd5c481dcc9c85ebe478a1c0b69fcbb9,USDT,74122973.8,74287987.03
arbitrum,11/12/2025 0:00,0x2f2a2543b76a4166549f7aab2e75bef0aefc5b0f,WBTC,811.012172,83428671.57
arbitrum,11/12/2025 0:00,0x82af49447d8a07e3bd95bd0d56f35241523fbab1,WETH,69911.24323,241610857.2
arbitrum,11/12/2025 0:00,0xcbb7c0000ab88b473b1f5afd9ef808440eed33bf,cbBTC,10.58948484,1091101.205
base,11/12/2025 0:00,0x833589fcd6edb6e08f4c7c32d4f71b54bda02913,USDC,468394480.1,468590582.8
base,11/12/2025 0:00,0xfde4c96c8593536e31f229ea8f37b2ada2699bb2,USDT,16238607.8,16226140.48
base,11/12/2025 0:00,0x4200000000000000000000000000000000000006,WETH,196390.6267,679280634.8
base,11/12/2025 0:00,0xcbb7c0000ab88b473b1f5afd9ef808440eed33bf,cbBTC,2096.525089,215992705.2
optimism,11/12/2025 0:00,0x0b2c639c533813f4aa9d7837caf62653d097ff85,USDC,15951464.52,15957708.85
optimism,11/12/2025 0:00,0x94b008aa00579c1307b0ef2c499ad98a8ce58e58,USDT,3266647.102,3267767.693
optimism,11/12/2025 0:00,0x68f180fcce6836688e9084f035309e29bf0a2095,WBTC,23.56076858,2426255.557
optimism,11/12/2025 0:00,0x4200000000000000000000000000000000000006,WETH,4859.580388,16789483.24
arbitrum,11/13/2025 0:00,0xaf88d065e77c8cc2239327c5edb3a432268e5831,USDC,319332734.6,319565300.5
arbitrum,11/13/2025 0:00,0xfd086bc7cd5c481dcc9c85ebe478a1c0b69fcbb9,USDT,95725190.79,95785619.95
arbitrum,11/13/2025 0:00,0x2f2a2543b76a4166549f7aab2e75bef0aefc5b0f,WBTC,1460.852306,147656801.7
arbitrum,11/13/2025 0:00,0x82af49447d8a07e3bd95bd0d56f35241523fbab1,WETH,99697.88202,336829164.4
arbitrum,11/13/2025 0:00,0xcbb7c0000ab88b473b1f5afd9ef808440eed33bf,cbBTC,72.83488864,7396693.599
base,11/13/2025 0:00,0x833589fcd6edb6e08f4c7c32d4f71b54bda02913,USDC,584352381.4,584600018.6
base,11/13/2025 0:00,0xfde4c96c8593536e31f229ea8f37b2ada2699bb2,USDT,9969261.349,9962556.096
base,11/13/2025 0:00,0x4200000000000000000000000000000000000006,WETH,218833.5552,743757464.7
base,11/13/2025 0:00,0xcbb7c0000ab88b473b1f5afd9ef808440eed33bf,cbBTC,3013.934529,305961733.2
optimism,11/13/2025 0:00,0x0b2c639c533813f4aa9d7837caf62653d097ff85,USDC,21604185.41,21613276.2
optimism,11/13/2025 0:00,0x94b008aa00579c1307b0ef2c499ad98a8ce58e58,USDT,3769167.498,3769965.389
optimism,11/13/2025 0:00,0x68f180fcce6836688e9084f035309e29bf0a2095,WBTC,39.18902542,3970760.773
optimism,11/13/2025 0:00,0x4200000000000000000000000000000000000006,WETH,6444.266004,21829359.71
arbitrum,11/14/2025 0:00,0xaf88d065e77c8cc2239327c5edb3a432268e5831,USDC,350557806.3,350839529.9
arbitrum,11/14/2025 0:00,0xfd086bc7cd5c481dcc9c85ebe478a1c0b69fcbb9,USDT,98424753.82,98519519.23
arbitrum,11/14/2025 0:00,0x2f2a2543b76a4166549f7aab2e75bef0aefc5b0f,WBTC,1665.046524,160586616.8
arbitrum,11/14/2025 0:00,0x82af49447d8a07e3bd95bd0d56f35241523fbab1,WETH,126182.8466,400229618.5
arbitrum,11/14/2025 0:00,0xcbb7c0000ab88b473b1f5afd9ef808440eed33bf,cbBTC,20.90231025,2008905.418
base,11/14/2025 0:00,0x833589fcd6edb6e08f4c7c32d4f71b54bda02913,USDC,575114170.4,575610796.9
base,11/14/2025 0:00,0xfde4c96c8593536e31f229ea8f37b2ada2699bb2,USDT,13325574.48,13314722.97
base,11/14/2025 0:00,0x4200000000000000000000000000000000000006,WETH,233498.5265,741264669.4
base,11/14/2025 0:00,0xcbb7c0000ab88b473b1f5afd9ef808440eed33bf,cbBTC,3587.406388,346491002.1
optimism,11/14/2025 0:00,0x0b2c639c533813f4aa9d7837caf62653d097ff85,USDC,21177045.55,21185292.69
optimism,11/14/2025 0:00,0x94b008aa00579c1307b0ef2c499ad98a8ce58e58,USDT,5090029.69,5089473.101
optimism,11/14/2025 0:00,0x68f180fcce6836688e9084f035309e29bf0a2095,WBTC,54.96581967,5306303.859
optimism,11/14/2025 0:00,0x4200000000000000000000000000000000000006,WETH,7176.032072,22783240.08
arbitrum,11/15/2025 0:00,0xaf88d065e77c8cc2239327c5edb3a432268e5831,USDC,120319282.9,120418695.4
arbitrum,11/15/2025 0:00,0xfd086bc7cd5c481dcc9c85ebe478a1c0b69fcbb9,USDT,58362486.55,58448194.15
arbitrum,11/15/2025 0:00,0x2f2a2543b76a4166549f7aab2e75bef0aefc5b0f,WBTC,424.7147942,40676561.39
arbitrum,11/15/2025 0:00,0x82af49447d8a07e3bd95bd0d56f35241523fbab1,WETH,33598.07025,106459083.9
arbitrum,11/15/2025 0:00,0xcbb7c0000ab88b473b1f5afd9ef808440eed33bf,cbBTC,11.68681143,1123535.414
base,11/15/2025 0:00,0x833589fcd6edb6e08f4c7c32d4f71b54bda02913,USDC,257614984.5,257775726
base,11/15/2025 0:00,0xfde4c96c8593536e31f229ea8f37b2ada2699bb2,USDT,22405959.98,22392865.82
base,11/15/2025 0:00,0x4200000000000000000000000000000000000006,WETH,119872.9874,380217216.6
base,11/15/2025 0:00,0xcbb7c0000ab88b473b1f5afd9ef808440eed33bf,cbBTC,1385.130789,132823089.1
optimism,11/15/2025 0:00,0x0b2c639c533813f4aa9d7837caf62653d097ff85,USDC,9340944.398,9346285.604
optimism,11/15/2025 0:00,0x94b008aa00579c1307b0ef2c499ad98a8ce58e58,USDT,2722199.635,2722179.762
optimism,11/15/2025 0:00,0x68f180fcce6836688e9084f035309e29bf0a2095,WBTC,14.80830552,1418639.706
optimism,11/15/2025 0:00,0x4200000000000000000000000000000000000006,WETH,3174.989986,10071917.59
arbitrum,11/16/2025 0:00,0xaf88d065e77c8cc2239327c5edb3a432268e5831,USDC,187312535.9,187558053.8
arbitrum,11/16/2025 0:00,0xfd086bc7cd5c481dcc9c85ebe478a1c0b69fcbb9,USDT,57267893.16,57332734.91
arbitrum,11/16/2025 0:00,0x2f2a2543b76a4166549f7aab2e75bef0aefc5b0f,WBTC,943.9714243,89392469.39
arbitrum,11/16/2025 0:00,0x82af49447d8a07e3bd95bd0d56f35241523fbab1,WETH,73556.83854,229229689.4
arbitrum,11/16/2025 0:00,0xcbb7c0000ab88b473b1f5afd9ef808440eed33bf,cbBTC,17.78540649,1688544.148
base,11/16/2025 0:00,0x833589fcd6edb6e08f4c7c32d4f71b54bda02913,USDC,354518861.1,354911142.8
base,11/16/2025 0:00,0xfde4c96c8593536e31f229ea8f37b2ada2699bb2,USDT,5180833.23,5182600.342
base,11/16/2025 0:00,0x4200000000000000000000000000000000000006,WETH,162280.471,508386523.9
base,11/16/2025 0:00,0xcbb7c0000ab88b473b1f5afd9ef808440eed33bf,cbBTC,2196.796081,208576016.2
optimism,11/16/2025 0:00,0x0b2c639c533813f4aa9d7837caf62653d097ff85,USDC,11336640.18,11348922.48
optimism,11/16/2025 0:00,0x94b008aa00579c1307b0ef2c499ad98a8ce58e58,USDT,3012873.879,3014413.262
optimism,11/16/2025 0:00,0x68f180fcce6836688e9084f035309e29bf0a2095,WBTC,28.3984877,2689441.556
optimism,11/16/2025 0:00,0x4200000000000000000000000000000000000006,WETH,4111.933254,12882554.89
arbitrum,11/17/2025 0:00,0xaf88d065e77c8cc2239327c5edb3a432268e5831,USDC,254883020.6,255173197.9
arbitrum,11/17/2025 0:00,0xfd086bc7cd5c481dcc9c85ebe478a1c0b69fcbb9,USDT,66092366.31,66118238.58
arbitrum,11/17/2025 0:00,0x2f2a2543b76a4166549f7aab2e75bef0aefc5b0f,WBTC,1141.243697,106736500.1
arbitrum,11/17/2025 0:00,0x82af49447d8a07e3bd95bd0d56f35241523fbab1,WETH,94565.06079,293048794.2
arbitrum,11/17/2025 0:00,0xcbb7c0000ab88b473b1f5afd9ef808440eed33bf,cbBTC,24.34488677,2270717.676
base,11/17/2025 0:00,0x833589fcd6edb6e08f4c7c32d4f71b54bda02913,USDC,442239281.5,442594287.8
base,11/17/2025 0:00,0xfde4c96c8593536e31f229ea8f37b2ada2699bb2,USDT,6042373.991,6041976.054
base,11/17/2025 0:00,0x4200000000000000000000000000000000000006,WETH,195129.1996,607087872.1
base,11/17/2025 0:00,0xcbb7c0000ab88b473b1f5afd9ef808440eed33bf,cbBTC,2722.939846,255587931.4
optimism,11/17/2025 0:00,0x0b2c639c533813f4aa9d7837caf62653d097ff85,USDC,16136198.04,16149271.79
optimism,11/17/2025 0:00,0x94b008aa00579c1307b0ef2c499ad98a8ce58e58,USDT,4441007.277,4441491.447
optimism,11/17/2025 0:00,0x68f180fcce6836688e9084f035309e29bf0a2095,WBTC,40.15219979,3758408.193
optimism,11/17/2025 0:00,0x4200000000000000000000000000000000000006,WETH,5585.668081,17318739
arbitrum,11/18/2025 0:00,0xaf88d065e77c8cc2239327c5edb3a432268e5831,USDC,249514106.1,249724551.6
arbitrum,11/18/2025 0:00,0xfd086bc7cd5c481dcc9c85ebe478a1c0b69fcbb9,USDT,82413342.17,82724149.98
arbitrum,11/18/2025 0:00,0x2f2a2543b76a4166549f7aab2e75bef0aefc5b0f,WBTC,1193.354601,109178709
arbitrum,11/18/2025 0:00,0x82af49447d8a07e3bd95bd0d56f35241523fbab1,WETH,98475.02908,300783878.1
arbitrum,11/18/2025 0:00,0xcbb7c0000ab88b473b1f5afd9ef808440eed33bf,cbBTC,11.25410082,1032654.808
base,11/18/2025 0:00,0x833589fcd6edb6e08f4c7c32d4f71b54bda02913,USDC,424700679.5,424996391.2
base,11/18/2025 0:00,0xfde4c96c8593536e31f229ea8f37b2ada2699bb2,USDT,4801347.895,4799795.27
base,11/18/2025 0:00,0x4200000000000000000000000000000000000006,WETH,188592.092,576712462.2
base,11/18/2025 0:00,0xcbb7c0000ab88b473b1f5afd9ef808440eed33bf,cbBTC,2828.944759,259199869.9
optimism,11/18/2025 0:00,0x0b2c639c533813f4aa9d7837caf62653d097ff85,USDC,11174522.7,11181983.02
optimism,11/18/2025 0:00,0x94b008aa00579c1307b0ef2c499ad98a8ce58e58,USDT,3884256.984,3883854.942
optimism,11/18/2025 0:00,0x68f180fcce6836688e9084f035309e29bf0a2095,WBTC,29.64673842,2710922.384
optimism,11/18/2025 0:00,0x4200000000000000000000000000000000000006,WETH,4497.213474,13754999.85
arbitrum,11/19/2025 0:00,0xaf88d065e77c8cc2239327c5edb3a432268e5831,USDC,259595575,259886685.9
arbitrum,11/19/2025 0:00,0xfd086bc7cd5c481dcc9c85ebe478a1c0b69fcbb9,USDT,77522420.96,77591601.02
arbitrum,11/19/2025 0:00,0x2f2a2543b76a4166549f7aab2e75bef0aefc5b0f,WBTC,1201.280547,108764365.4
arbitrum,11/19/2025 0:00,0x82af49447d8a07e3bd95bd0d56f35241523fbab1,WETH,90464.0259,272507884.5
arbitrum,11/19/2025 0:00,0xcbb7c0000ab88b473b1f5afd9ef808440eed33bf,cbBTC,36.50740381,3277167.235
base,11/19/2025 0:00,0x833589fcd6edb6e08f4c7c32d4f71b54bda02913,USDC,391658529,391895490.4
base,11/19/2025 0:00,0xfde4c96c8593536e31f229ea8f37b2ada2699bb2,USDT,6697357.798,6692099.787
base,11/19/2025 0:00,0x4200000000000000000000000000000000000006,WETH,185719.4135,560921737.6
base,11/19/2025 0:00,0xcbb7c0000ab88b473b1f5afd9ef808440eed33bf,cbBTC,2791.941646,253763399.8
optimism,11/19/2025 0:00,0x0b2c639c533813f4aa9d7837caf62653d097ff85,USDC,12179336.29,12186312.07
optimism,11/19/2025 0:00,0x94b008aa00579c1307b0ef2c499ad98a8ce58e58,USDT,3848365.495,3848237.18
optimism,11/19/2025 0:00,0x68f180fcce6836688e9084f035309e29bf0a2095,WBTC,37.49600993,3396779.164
optimism,11/19/2025 0:00,0x4200000000000000000000000000000000000006,WETH,4070.866338,12266590.25
arbitrum,11/20/2025 0:00,0xaf88d065e77c8cc2239327c5edb3a432268e5831,USDC,303218794.2,303472290.5
arbitrum,11/20/2025 0:00,0xfd086bc7cd5c481dcc9c85ebe478a1c0b69fcbb9,USDT,104182893.1,104321185.1
arbitrum,11/20/2025 0:00,0x2f2a2543b76a4166549f7aab2e75bef0aefc5b0f,WBTC,1217.76253,108936871.1
arbitrum,11/20/2025 0:00,0x82af49447d8a07e3bd95bd0d56f35241523fbab1,WETH,93290.05314,274144519.5
arbitrum,11/20/2025 0:00,0xcbb7c0000ab88b473b1f5afd9ef808440eed33bf,cbBTC,21.35307863,1903852.743
base,11/20/2025 0:00,0x833589fcd6edb6e08f4c7c32d4f71b54bda02913,USDC,430145454.2,430382639
base,11/20/2025 0:00,0xfde4c96c8593536e31f229ea8f37b2ada2699bb2,USDT,7302945.061,7292234.348
base,11/20/2025 0:00,0x4200000000000000000000000000000000000006,WETH,195197.2053,574903926.4
base,11/20/2025 0:00,0xcbb7c0000ab88b473b1f5afd9ef808440eed33bf,cbBTC,3183.603664,286277519
optimism,11/20/2025 0:00,0x0b2c639c533813f4aa9d7837caf62653d097ff85,USDC,14572391.69,14580118.58
optimism,11/20/2025 0:00,0x94b008aa00579c1307b0ef2c499ad98a8ce58e58,USDT,5332160.413,5330495.385
optimism,11/20/2025 0:00,0x68f180fcce6836688e9084f035309e29bf0a2095,WBTC,37.327084,3324502.845
optimism,11/20/2025 0:00,0x4200000000000000000000000000000000000006,WETH,4832.903557,14157057.43
arbitrum,11/21/2025 0:00,0xaf88d065e77c8cc2239327c5edb3a432268e5831,USDC,355555105.6,355783808.3
arbitrum,11/21/2025 0:00,0xfd086bc7cd5c481dcc9c85ebe478a1c0b69fcbb9,USDT,131276489.6,131409464
arbitrum,11/21/2025 0:00,0x2f2a2543b76a4166549f7aab2e75bef0aefc5b0f,WBTC,1787.067481,150226287.9
arbitrum,11/21/2025 0:00,0x82af49447d8a07e3bd95bd0d56f35241523fbab1,WETH,135317.5597,371703527.1
arbitrum,11/21/2025 0:00,0xcbb7c0000ab88b473b1f5afd9ef808440eed33bf,cbBTC,8.8823432,754897.7766
base,11/21/2025 0:00,0x833589fcd6edb6e08f4c7c32d4f71b54bda02913,USDC,481931249.5,482222713.7
base,11/21/2025 0:00,0xfde4c96c8593536e31f229ea8f37b2ada2699bb2,USDT,11824691.96,11794699.85
base,11/21/2025 0:00,0x4200000000000000000000000000000000000006,WETH,247546.3434,680684845.1
base,11/21/2025 0:00,0xcbb7c0000ab88b473b1f5afd9ef808440eed33bf,cbBTC,4817.024868,405223156.8
optimism,11/21/2025 0:00,0x0b2c639c533813f4aa9d7837caf62653d097ff85,USDC,23113728.98,23124270.65
optimism,11/21/2025 0:00,0x94b008aa00579c1307b0ef2c499ad98a8ce58e58,USDT,5726788.421,5724561.03
optimism,11/21/2025 0:00,0x68f180fcce6836688e9084f035309e29bf0a2095,WBTC,64.15000253,5379472.966
optimism,11/21/2025 0:00,0x4200000000000000000000000000000000000006,WETH,9011.630208,24734040.91
arbitrum,11/22/2025 0:00,0xaf88d065e77c8cc2239327c5edb3a432268e5831,USDC,121932869,122002651.8
arbitrum,11/22/2025 0:00,0xfd086bc7cd5c481dcc9c85ebe478a1c0b69fcbb9,USDT,49569063.05,49606226.79
arbitrum,11/22/2025 0:00,0x2f2a2543b76a4166549f7aab2e75bef0aefc5b0f,WBTC,488.3797764,41162685.55
arbitrum,11/22/2025 0:00,0x82af49447d8a07e3bd95bd0d56f35241523fbab1,WETH,35606.13587,97760903.76
arbitrum,11/22/2025 0:00,0xcbb7c0000ab88b473b1f5afd9ef808440eed33bf,cbBTC,3.85532868,326905.8516
base,11/22/2025 0:00,0x833589fcd6edb6e08f4c7c32d4f71b54bda02913,USDC,208453731.2,208533250.8
base,11/22/2025 0:00,0xfde4c96c8593536e31f229ea8f37b2ada2699bb2,USDT,5727446.415,5710902.111
base,11/22/2025 0:00,0x4200000000000000000000000000000000000006,WETH,112774.6207,309675092.1
base,11/22/2025 0:00,0xcbb7c0000ab88b473b1f5afd9ef808440eed33bf,cbBTC,1557.608146,131513688.1
optimism,11/22/2025 0:00,0x0b2c639c533813f4aa9d7837caf62653d097ff85,USDC,7153979.571,7156792.403
optimism,11/22/2025 0:00,0x94b008aa00579c1307b0ef2c499ad98a8ce58e58,USDT,1758614.523,1758545.048
optimism,11/22/2025 0:00,0x68f180fcce6836688e9084f035309e29bf0a2095,WBTC,12.66909075,1068163.919
optimism,11/22/2025 0:00,0x4200000000000000000000000000000000000006,WETH,2827.333243,7761399.52
arbitrum,11/23/2025 0:00,0xaf88d065e77c8cc2239327c5edb3a432268e5831,USDC,107789401.6,107874990.8
arbitrum,11/23/2025 0:00,0xfd086bc7cd5c481dcc9c85ebe478a1c0b69fcbb9,USDT,49174568.66,49281349.25
arbitrum,11/23/2025 0:00,0x2f2a2543b76a4166549f7aab2e75bef0aefc5b0f,WBTC,590.8194164,51082079.21
arbitrum,11/23/2025 0:00,0x82af49447d8a07e3bd95bd0d56f35241523fbab1,WETH,38112.66629,107340437.4
arbitrum,11/23/2025 0:00,0xcbb7c0000ab88b473b1f5afd9ef808440eed33bf,cbBTC,13.10870591,1138741.445
base,11/23/2025 0:00,0x833589fcd6edb6e08f4c7c32d4f71b54bda02913,USDC,207882069.6,207995133.1
base,11/23/2025 0:00,0xfde4c96c8593536e31f229ea8f37b2ada2699bb2,USDT,5746438.243,5735357.345
base,11/23/2025 0:00,0x4200000000000000000000000000000000000006,WETH,114699.5634,323125019.1
base,11/23/2025 0:00,0xcbb7c0000ab88b473b1f5afd9ef808440eed33bf,cbBTC,1752.278443,151742397.1
optimism,11/23/2025 0:00,0x0b2c639c533813f4aa9d7837caf62653d097ff85,USDC,7614526.425,7618680.13
optimism,11/23/2025 0:00,0x94b008aa00579c1307b0ef2c499ad98a8ce58e58,USDT,2038046.429,2038527.828
optimism,11/23/2025 0:00,0x68f180fcce6836688e9084f035309e29bf0a2095,WBTC,14.52854259,1255278.312
optimism,11/23/2025 0:00,0x4200000000000000000000000000000000000006,WETH,2873.413452,8092161.123
arbitrum,11/24/2025 0:00,0xaf88d065e77c8cc2239327c5edb3a432268e5831,USDC,212564641.6,212694187.3
arbitrum,11/24/2025 0:00,0xfd086bc7cd5c481dcc9c85ebe478a1c0b69fcbb9,USDT,77747719.34,77875181.58
arbitrum,11/24/2025 0:00,0x2f2a2543b76a4166549f7aab2e75bef0aefc5b0f,WBTC,971.4417759,84652254.37
arbitrum,11/24/2025 0:00,0x82af49447d8a07e3bd95bd0d56f35241523fbab1,WETH,73937.9708,211338307.2
arbitrum,11/24/2025 0:00,0xcbb7c0000ab88b473b1f5afd9ef808440eed33bf,cbBTC,39.31922492,3444662.466
base,11/24/2025 0:00,0x833589fcd6edb6e08f4c7c32d4f71b54bda02913,USDC,297670779,297797046.3
base,11/24/2025 0:00,0xfde4c96c8593536e31f229ea8f37b2ada2699bb2,USDT,7561706.713,7543181.683
base,11/24/2025 0:00,0x4200000000000000000000000000000000000006,WETH,164429.1938,469947094.3
base,11/24/2025 0:00,0xcbb7c0000ab88b473b1f5afd9ef808440eed33bf,cbBTC,2555.602345,222969798.5
optimism,11/24/2025 0:00,0x0b2c639c533813f4aa9d7837caf62653d097ff85,USDC,11117735.48,11121809.41
optimism,11/24/2025 0:00,0x94b008aa00579c1307b0ef2c499ad98a8ce58e58,USDT,2858891.36,2859271.148
optimism,11/24/2025 0:00,0x68f180fcce6836688e9084f035309e29bf0a2095,WBTC,27.42963168,2389481.11
optimism,11/24/2025 0:00,0x4200000000000000000000000000000000000006,WETH,4188.864269,11949067.67
arbitrum,11/25/2025 0:00,0xaf88d065e77c8cc2239327c5edb3a432268e5831,USDC,162217712.9,162345362.5
arbitrum,11/25/2025 0:00,0xfd086bc7cd5c481dcc9c85ebe478a1c0b69fcbb9,USDT,70135785.88,70199563.35
arbitrum,11/25/2025 0:00,0x2f2a2543b76a4166549f7aab2e75bef0aefc5b0f,WBTC,782.4056616,68244343.63
arbitrum,11/25/2025 0:00,0x82af49447d8a07e3bd95bd0d56f35241523fbab1,WETH,56154.37507,163655715.4
arbitrum,11/25/2025 0:00,0xcbb7c0000ab88b473b1f5afd9ef808440eed33bf,cbBTC,42.4406308,3703198.59
base,11/25/2025 0:00,0x833589fcd6edb6e08f4c7c32d4f71b54bda02913,USDC,257330575.8,257410604.5
base,11/25/2025 0:00,0xfde4c96c8593536e31f229ea8f37b2ada2699bb2,USDT,6222896.188,6212689.77
base,11/25/2025 0:00,0x4200000000000000000000000000000000000006,WETH,139461.362,406785045.5
base,11/25/2025 0:00,0xcbb7c0000ab88b473b1f5afd9ef808440eed33bf,cbBTC,2099.133879,183455378.3
optimism,11/25/2025 0:00,0x0b2c639c533813f4aa9d7837caf62653d097ff85,USDC,9102455.789,9104868.851
optimism,11/25/2025 0:00,0x94b008aa00579c1307b0ef2c499ad98a8ce58e58,USDT,2524621.298,2524934.52
optimism,11/25/2025 0:00,0x68f180fcce6836688e9084f035309e29bf0a2095,WBTC,19.77991525,1726180.494
optimism,11/25/2025 0:00,0x4200000000000000000000000000000000000006,WETH,3026.517842,8831183.134
arbitrum,11/26/2025 0:00,0xaf88d065e77c8cc2239327c5edb3a432268e5831,USDC,159364579.6,159430462.1
arbitrum,11/26/2025 0:00,0xfd086bc7cd5c481dcc9c85ebe478a1c0b69fcbb9,USDT,69268375.23,69372506.69
arbitrum,11/26/2025 0:00,0x2f2a2543b76a4166549f7aab2e75bef0aefc5b0f,WBTC,685.540062,60387616.23
arbitrum,11/26/2025 0:00,0x82af49447d8a07e3bd95bd0d56f35241523fbab1,WETH,55545.99421,164267072.9
arbitrum,11/26/2025 0:00,0xcbb7c0000ab88b473b1f5afd9ef808440eed33bf,cbBTC,19.74763704,1766721.129
base,11/26/2025 0:00,0x833589fcd6edb6e08f4c7c32d4f71b54bda02913,USDC,254870142,254965301.5
base,11/26/2025 0:00,0xfde4c96c8593536e31f229ea8f37b2ada2699bb2,USDT,5518716.06,5513687.678
base,11/26/2025 0:00,0x4200000000000000000000000000000000000006,WETH,128327.3172,379356477.7
base,11/26/2025 0:00,0xcbb7c0000ab88b473b1f5afd9ef808440eed33bf,cbBTC,2062.883261,182064486.8
optimism,11/26/2025 0:00,0x0b2c639c533813f4aa9d7837caf62653d097ff85,USDC,7203937.955,7206381.351
optimism,11/26/2025 0:00,0x94b008aa00579c1307b0ef2c499ad98a8ce58e58,USDT,2333556.474,2334082.32
optimism,11/26/2025 0:00,0x68f180fcce6836688e9084f035309e29bf0a2095,WBTC,19.35886231,1706008.242
optimism,11/26/2025 0:00,0x4200000000000000000000000000000000000006,WETH,2552.707441,7560067.919
arbitrum,11/27/2025 0:00,0xaf88d065e77c8cc2239327c5edb3a432268e5831,USDC,138875955.7,138969706
arbitrum,11/27/2025 0:00,0xfd086bc7cd5c481dcc9c85ebe478a1c0b69fcbb9,USDT,63904954.88,63990339.16
arbitrum,11/27/2025 0:00,0x2f2a2543b76a4166549f7aab2e75bef0aefc5b0f,WBTC,493.0901285,44890707.08
arbitrum,11/27/2025 0:00,0x82af49447d8a07e3bd95bd0d56f35241523fbab1,WETH,38472.83047,116387540.2
arbitrum,11/27/2025 0:00,0xcbb7c0000ab88b473b1f5afd9ef808440eed33bf,cbBTC,34.80447006,3179609.41
base,11/27/2025 0:00,0x833589fcd6edb6e08f4c7c32d4f71b54bda02913,USDC,195874623.7,195932044.8
base,11/27/2025 0:00,0xfde4c96c8593536e31f229ea8f37b2ada2699bb2,USDT,6113881.465,6107939.562
base,11/27/2025 0:00,0x4200000000000000000000000000000000000006,WETH,96121.26593,290904451.1
base,11/27/2025 0:00,0xcbb7c0000ab88b473b1f5afd9ef808440eed33bf,cbBTC,1528.139695,139480755.8
optimism,11/27/2025 0:00,0x0b2c639c533813f4aa9d7837caf62653d097ff85,USDC,6504710.132,6506415.162
optimism,11/27/2025 0:00,0x94b008aa00579c1307b0ef2c499ad98a8ce58e58,USDT,2094769.962,2095442.058
optimism,11/27/2025 0:00,0x68f180fcce6836688e9084f035309e29bf0a2095,WBTC,14.38055649,1309841.516
optimism,11/27/2025 0:00,0x4200000000000000000000000000000000000006,WETH,2324.872173,7036852.547
arbitrum,11/28/2025 0:00,0xaf88d065e77c8cc2239327c5edb3a432268e5831,USDC,162545950.3,162655908.1
arbitrum,11/28/2025 0:00,0xfd086bc7cd5c481dcc9c85ebe478a1c0b69fcbb9,USDT,64806991.55,64919010.03
arbitrum,11/28/2025 0:00,0x2f2a2543b76a4166549f7aab2e75bef0aefc5b0f,WBTC,547.3115555,49990606.84
arbitrum,11/28/2025 0:00,0x82af49447d8a07e3bd95bd0d56f35241523fbab1,WETH,55501.33203,168637359.9
arbitrum,11/28/2025 0:00,0xcbb7c0000ab88b473b1f5afd9ef808440eed33bf,cbBTC,18.71980656,1706068.164
base,11/28/2025 0:00,0x833589fcd6edb6e08f4c7c32d4f71b54bda02913,USDC,257243698,257381389.1
base,11/28/2025 0:00,0xfde4c96c8593536e31f229ea8f37b2ada2699bb2,USDT,11495552.85,11485791.65
base,11/28/2025 0:00,0x4200000000000000000000000000000000000006,WETH,116487.5294,353998216.7
base,11/28/2025 0:00,0xcbb7c0000ab88b473b1f5afd9ef808440eed33bf,cbBTC,1866.963219,170886251.9
optimism,11/28/2025 0:00,0x0b2c639c533813f4aa9d7837caf62653d097ff85,USDC,7215138.231,7218275.136
optimism,11/28/2025 0:00,0x94b008aa00579c1307b0ef2c499ad98a8ce58e58,USDT,2131779.633,2133041.081
optimism,11/28/2025 0:00,0x68f180fcce6836688e9084f035309e29bf0a2095,WBTC,13.76305702,1258687.14
optimism,11/28/2025 0:00,0x4200000000000000000000000000000000000006,WETH,2536.7654,7706201.187
arbitrum,11/29/2025 0:00,0xaf88d065e77c8cc2239327c5edb3a432268e5831,USDC,83467085.57,83547084.79
arbitrum,11/29/2025 0:00,0xfd086bc7cd5c481dcc9c85ebe478a1c0b69fcbb9,USDT,39342653.51,39395089.99
arbitrum,11/29/2025 0:00,0x2f2a2543b76a4166549f7aab2e75bef0aefc5b0f,WBTC,284.465958,25773811.29
arbitrum,11/29/2025 0:00,0x82af49447d8a07e3bd95bd0d56f35241523fbab1,WETH,23013.71395,69234960.68
arbitrum,11/29/2025 0:00,0xcbb7c0000ab88b473b1f5afd9ef808440eed33bf,cbBTC,13.86875227,1259986.072
base,11/29/2025 0:00,0x833589fcd6edb6e08f4c7c32d4f71b54bda02913,USDC,152518492.7,152609644.1
base,11/29/2025 0:00,0xfde4c96c8593536e31f229ea8f37b2ada2699bb2,USDT,12885122.98,12874967.89
base,11/29/2025 0:00,0x4200000000000000000000000000000000000006,WETH,73710.9063,221744583
base,11/29/2025 0:00,0xcbb7c0000ab88b473b1f5afd9ef808440eed33bf,cbBTC,1130.984375,102721877
optimism,11/29/2025 0:00,0x0b2c639c533813f4aa9d7837caf62653d097ff85,USDC,5086639.574,5089331.63
optimism,11/29/2025 0:00,0x94b008aa00579c1307b0ef2c499ad98a8ce58e58,USDT,1430697.396,1431878.725
optimism,11/29/2025 0:00,0x68f180fcce6836688e9084f035309e29bf0a2095,WBTC,7.92671239,718175.0222
optimism,11/29/2025 0:00,0x4200000000000000000000000000000000000006,WETH,1458.240425,4386341.103
arbitrum,11/30/2025 0:00,0xaf88d065e77c8cc2239327c5edb3a432268e5831,USDC,92326022.4,92455472.51
arbitrum,11/30/2025 0:00,0xfd086bc7cd5c481dcc9c85ebe478a1c0b69fcbb9,USDT,34839575,34877840.82
arbitrum,11/30/2025 0:00,0x2f2a2543b76a4166549f7aab2e75bef0aefc5b0f,WBTC,273.9169483,24954056.12
arbitrum,11/30/2025 0:00,0x82af49447d8a07e3bd95bd0d56f35241523fbab1,WETH,27201.95945,82151083.49
arbitrum,11/30/2025 0:00,0xcbb7c0000ab88b473b1f5afd9ef808440eed33bf,cbBTC,0.28253704,25804.26858
base,11/30/2025 0:00,0x833589fcd6edb6e08f4c7c32d4f71b54bda02913,USDC,166488165.5,166620174
base,11/30/2025 0:00,0xfde4c96c8593536e31f229ea8f37b2ada2699bb2,USDT,18925424.71,18913023.06
base,11/30/2025 0:00,0x4200000000000000000000000000000000000006,WETH,73970.57385,223335741.8
base,11/30/2025 0:00,0xcbb7c0000ab88b473b1f5afd9ef808440eed33bf,cbBTC,1056.507842,96463528.51
optimism,11/30/2025 0:00,0x0b2c639c533813f4aa9d7837caf62653d097ff85,USDC,4627990.866,4630885.059
optimism,11/30/2025 0:00,0x94b008aa00579c1307b0ef2c499ad98a8ce58e58,USDT,1423869.582,1425055.226
optimism,11/30/2025 0:00,0x68f180fcce6836688e9084f035309e29bf0a2095,WBTC,5.77127666,526075.0931
optimism,11/30/2025 0:00,0x4200000000000000000000000000000000000006,WETH,1384.68402,4178277.104
arbitrum,12/1/2025 0:00,0xaf88d065e77c8cc2239327c5edb3a432268e5831,USDC,215194709.8,215331884.9
arbitrum,12/1/2025 0:00,0xfd086bc7cd5c481dcc9c85ebe478a1c0b69fcbb9,USDT,101218365.2,101304311.6
arbitrum,12/1/2025 0:00,0x2f2a2543b76a4166549f7aab2e75bef0aefc5b0f,WBTC,1379.898788,119000537.5
arbitrum,12/1/2025 0:00,0x82af49447d8a07e3bd95bd0d56f35241523fbab1,WETH,84145.18143,237114583.7
arbitrum,12/1/2025 0:00,0xcbb7c0000ab88b473b1f5afd9ef808440eed33bf,cbBTC,43.25201191,3692234.638
base,12/1/2025 0:00,0x833589fcd6edb6e08f4c7c32d4f71b54bda02913,USDC,386254274.8,386452827.5
base,12/1/2025 0:00,0xfde4c96c8593536e31f229ea8f37b2ada2699bb2,USDT,26435659.23,26414875.92
base,12/1/2025 0:00,0x4200000000000000000000000000000000000006,WETH,170204.9453,480063280.5
base,12/1/2025 0:00,0xcbb7c0000ab88b473b1f5afd9ef808440eed33bf,cbBTC,3075.314813,265880536
optimism,12/1/2025 0:00,0x0b2c639c533813f4aa9d7837caf62653d097ff85,USDC,10575423.3,10580409.56
optimism,12/1/2025 0:00,0x94b008aa00579c1307b0ef2c499ad98a8ce58e58,USDT,3124074.693,3125845.204
optimism,12/1/2025 0:00,0x68f180fcce6836688e9084f035309e29bf0a2095,WBTC,27.69158774,2390585.605
optimism,12/1/2025 0:00,0x4200000000000000000000000000000000000006,WETH,3618.499572,10189367.28
arbitrum,12/2/2025 0:00,0xaf88d065e77c8cc2239327c5edb3a432268e5831,USDC,166306501.8,166376565.5
arbitrum,12/2/2025 0:00,0xfd086bc7cd5c481dcc9c85ebe478a1c0b69fcbb9,USDT,85719766.37,85807581.41
arbitrum,12/2/2025 0:00,0x2f2a2543b76a4166549f7aab2e75bef0aefc5b0f,WBTC,1056.184455,94288113.11
arbitrum,12/2/2025 0:00,0x82af49447d8a07e3bd95bd0d56f35241523fbab1,WETH,70241.01494,204970096.8
arbitrum,12/2/2025 0:00,0xcbb7c0000ab88b473b1f5afd9ef808440eed33bf,cbBTC,46.09209036,4152915.265
base,12/2/2025 0:00,0x833589fcd6edb6e08f4c7c32d4f71b54bda02913,USDC,330138428.9,330247801.9
base,12/2/2025 0:00,0xfde4c96c8593536e31f229ea8f37b2ada2699bb2,USDT,26368827.83,26340406.93
base,12/2/2025 0:00,0x4200000000000000000000000000000000000006,WETH,150385.9802,437194019.5
base,12/2/2025 0:00,0xcbb7c0000ab88b473b1f5afd9ef808440eed33bf,cbBTC,2461.755638,220020634.1
optimism,12/2/2025 0:00,0x0b2c639c533813f4aa9d7837caf62653d097ff85,USDC,8014066.963,8015959.798
optimism,12/2/2025 0:00,0x94b008aa00579c1307b0ef2c499ad98a8ce58e58,USDT,2822223.199,2823408.521
optimism,12/2/2025 0:00,0x68f180fcce6836688e9084f035309e29bf0a2095,WBTC,23.38603089,2090281.927
optimism,12/2/2025 0:00,0x4200000000000000000000000000000000000006,WETH,3257.377856,9464868.345
arbitrum,12/3/2025 0:00,0xaf88d065e77c8cc2239327c5edb3a432268e5831,USDC,211883391.3,212003868.6
arbitrum,12/3/2025 0:00,0xfd086bc7cd5c481dcc9c85ebe478a1c0b69fcbb9,USDT,91203278.33,91355013.53
arbitrum,12/3/2025 0:00,0x2f2a2543b76a4166549f7aab2e75bef0aefc5b0f,WBTC,1117.600388,103672345.3
arbitrum,12/3/2025 0:00,0x82af49447d8a07e3bd95bd0d56f35241523fbab1,WETH,87742.34098,271022405.4
arbitrum,12/3/2025 0:00,0xcbb7c0000ab88b473b1f5afd9ef808440eed33bf,cbBTC,67.86859418,6298051.596
base,12/3/2025 0:00,0x833589fcd6edb6e08f4c7c32d4f71b54bda02913,USDC,389825114.6,389867430.8
base,12/3/2025 0:00,0xfde4c96c8593536e31f229ea8f37b2ada2699bb2,USDT,5771621.993,5765036.722
base,12/3/2025 0:00,0x4200000000000000000000000000000000000006,WETH,178095.3658,549948114.4
base,12/3/2025 0:00,0xcbb7c0000ab88b473b1f5afd9ef808440eed33bf,cbBTC,2502.479326,232585610.2
optimism,12/3/2025 0:00,0x0b2c639c533813f4aa9d7837caf62653d097ff85,USDC,9450405.555,9450948.038
optimism,12/3/2025 0:00,0x94b008aa00579c1307b0ef2c499ad98a8ce58e58,USDT,2274451.748,2275372.704
optimism,12/3/2025 0:00,0x68f180fcce6836688e9084f035309e29bf0a2095,WBTC,21.59893793,2005420.84
optimism,12/3/2025 0:00,0x4200000000000000000000000000000000000006,WETH,3773.187685,11664698.28
arbitrum,12/4/2025 0:00,0xaf88d065e77c8cc2239327c5edb3a432268e5831,USDC,175894585.3,175949073.9
arbitrum,12/4/2025 0:00,0xfd086bc7cd5c481dcc9c85ebe478a1c0b69fcbb9,USDT,67569759.93,67635234.24
arbitrum,12/4/2025 0:00,0x2f2a2543b76a4166549f7aab2e75bef0aefc5b0f,WBTC,944.3132244,87424118.21
arbitrum,12/4/2025 0:00,0x82af49447d8a07e3bd95bd0d56f35241523fbab1,WETH,68947.86209,218505041.9
arbitrum,12/4/2025 0:00,0xcbb7c0000ab88b473b1f5afd9ef808440eed33bf,cbBTC,41.22152188,3829782.802
base,12/4/2025 0:00,0x833589fcd6edb6e08f4c7c32d4f71b54bda02913,USDC,347186742.1,347258962.4
base,12/4/2025 0:00,0xfde4c96c8593536e31f229ea8f37b2ada2699bb2,USDT,5392747.587,5387619.822
base,12/4/2025 0:00,0x4200000000000000000000000000000000000006,WETH,140012.9796,444301815.3
base,12/4/2025 0:00,0xcbb7c0000ab88b473b1f5afd9ef808440eed33bf,cbBTC,2067.610502,191921822.4
optimism,12/4/2025 0:00,0x0b2c639c533813f4aa9d7837caf62653d097ff85,USDC,11326882.82,11328672.79
optimism,12/4/2025 0:00,0x94b008aa00579c1307b0ef2c499ad98a8ce58e58,USDT,2744055.192,2745221.597
optimism,12/4/2025 0:00,0x68f180fcce6836688e9084f035309e29bf0a2095,WBTC,21.67769275,2009735.559
optimism,12/4/2025 0:00,0x4200000000000000000000000000000000000006,WETH,3406.090239,10814509.33
arbitrum,12/5/2025 0:00,0xaf88d065e77c8cc2239327c5edb3a432268e5831,USDC,191172807,191278574.3
arbitrum,12/5/2025 0:00,0xfd086bc7cd5c481dcc9c85ebe478a1c0b69fcbb9,USDT,71505176.85,71574772.56
arbitrum,12/5/2025 0:00,0x2f2a2543b76a4166549f7aab2e75bef0aefc5b0f,WBTC,1073.698065,96966908.33
arbitrum,12/5/2025 0:00,0x82af49447d8a07e3bd95bd0d56f35241523fbab1,WETH,73598.6457,227547624.9
arbitrum,12/5/2025 0:00,0xcbb7c0000ab88b473b1f5afd9ef808440eed33bf,cbBTC,48.32226299,4360574.444
base,12/5/2025 0:00,0x833589fcd6edb6e08f4c7c32d4f71b54bda02913,USDC,353352320.8,353469378
base,12/5/2025 0:00,0xfde4c96c8593536e31f229ea8f37b2ada2699bb2,USDT,5383181.213,5378601.691
base,12/5/2025 0:00,0x4200000000000000000000000000000000000006,WETH,149261.6802,462932631.2
base,12/5/2025 0:00,0xcbb7c0000ab88b473b1f5afd9ef808440eed33bf,cbBTC,2333.683235,211355948.6
optimism,12/5/2025 0:00,0x0b2c639c533813f4aa9d7837caf62653d097ff85,USDC,10658273.79,10661574.46
optimism,12/5/2025 0:00,0x94b008aa00579c1307b0ef2c499ad98a8ce58e58,USDT,2459896.573,2461515.876
optimism,12/5/2025 0:00,0x68f180fcce6836688e9084f035309e29bf0a2095,WBTC,21.14532654,1909407.243
optimism,12/5/2025 0:00,0x4200000000000000000000000000000000000006,WETH,3130.122874,9705073.834
arbitrum,12/6/2025 0:00,0xaf88d065e77c8cc2239327c5edb3a432268e5831,USDC,70720732.62,70761699.99
arbitrum,12/6/2025 0:00,0xfd086bc7cd5c481dcc9c85ebe478a1c0b69fcbb9,USDT,32885540.22,32917614.7
arbitrum,12/6/2025 0:00,0x2f2a2543b76a4166549f7aab2e75bef0aefc5b0f,WBTC,326.7582084,29244514.66
arbitrum,12/6/2025 0:00,0x82af49447d8a07e3bd95bd0d56f35241523fbab1,WETH,26031.70723,79097153.53
arbitrum,12/6/2025 0:00,0xcbb7c0000ab88b473b1f5afd9ef808440eed33bf,cbBTC,4.66601626,417774.4786
base,12/6/2025 0:00,0x833589fcd6edb6e08f4c7c32d4f71b54bda02913,USDC,142828776.1,142907376.5
base,12/6/2025 0:00,0xfde4c96c8593536e31f229ea8f37b2ada2699bb2,USDT,3530829.671,3527694.525
base,12/6/2025 0:00,0x4200000000000000000000000000000000000006,WETH,69387.38701,210795693.2
base,12/6/2025 0:00,0xcbb7c0000ab88b473b1f5afd9ef808440eed33bf,cbBTC,833.7543881,74750787.22
optimism,12/6/2025 0:00,0x0b2c639c533813f4aa9d7837caf62653d097ff85,USDC,3633166.919,3634310.602
optimism,12/6/2025 0:00,0x94b008aa00579c1307b0ef2c499ad98a8ce58e58,USDT,1130377.953,1131027.347
optimism,12/6/2025 0:00,0x68f180fcce6836688e9084f035309e29bf0a2095,WBTC,6.69265867,598983.4402
optimism,12/6/2025 0:00,0x4200000000000000000000000000000000000006,WETH,1260.085719,3828514.806
arbitrum,12/7/2025 0:00,0xaf88d065e77c8cc2239327c5edb3a432268e5831,USDC,153388438,153488556.7
arbitrum,12/7/2025 0:00,0xfd086bc7cd5c481dcc9c85ebe478a1c0b69fcbb9,USDT,53737095.47,53776941.46
arbitrum,12/7/2025 0:00,0x2f2a2543b76a4166549f7aab2e75bef0aefc5b0f,WBTC,1089.87169,97668114.91
arbitrum,12/7/2025 0:00,0x82af49447d8a07e3bd95bd0d56f35241523fbab1,WETH,68543.13855,208603965.2
arbitrum,12/7/2025 0:00,0xcbb7c0000ab88b473b1f5afd9ef808440eed33bf,cbBTC,70.56628555,6335019.294
base,12/7/2025 0:00,0x833589fcd6edb6e08f4c7c32d4f71b54bda02913,USDC,283187739.2,283358544.6
base,12/7/2025 0:00,0xfde4c96c8593536e31f229ea8f37b2ada2699bb2,USDT,5584458.497,5582178.832
base,12/7/2025 0:00,0x4200000000000000000000000000000000000006,WETH,131229.8767,399424570.8
base,12/7/2025 0:00,0xcbb7c0000ab88b473b1f5afd9ef808440eed33bf,cbBTC,2087.70576,187465699.4
optimism,12/7/2025 0:00,0x0b2c639c533813f4aa9d7837caf62653d097ff85,USDC,8458231.171,8462604.108
optimism,12/7/2025 0:00,0x94b008aa00579c1307b0ef2c499ad98a8ce58e58,USDT,2285710.449,2287400.846
optimism,12/7/2025 0:00,0x68f180fcce6836688e9084f035309e29bf0a2095,WBTC,23.19983547,2078415.651
optimism,12/7/2025 0:00,0x4200000000000000000000000000000000000006,WETH,2574.055583,7848260.067
arbitrum,12/8/2025 0:00,0xaf88d065e77c8cc2239327c5edb3a432268e5831,USDC,194349663.8,194445430.8
arbitrum,12/8/2025 0:00,0xfd086bc7cd5c481dcc9c85ebe478a1c0b69fcbb9,USDT,68308331.06,68366115
arbitrum,12/8/2025 0:00,0x2f2a2543b76a4166549f7aab2e75bef0aefc5b0f,WBTC,1008.133868,91643677.44
arbitrum,12/8/2025 0:00,0x82af49447d8a07e3bd95bd0d56f35241523fbab1,WETH,76244.81645,238092073.6
arbitrum,12/8/2025 0:00,0xcbb7c0000ab88b473b1f5afd9ef808440eed33bf,cbBTC,49.03191342,4466327.639
base,12/8/2025 0:00,0x833589fcd6edb6e08f4c7c32d4f71b54bda02913,USDC,342266181.5,342389100.3
base,12/8/2025 0:00,0xfde4c96c8593536e31f229ea8f37b2ada2699bb2,USDT,6845132.573,6840362.724
base,12/8/2025 0:00,0x4200000000000000000000000000000000000006,WETH,145245.2363,453688222.2
base,12/8/2025 0:00,0xcbb7c0000ab88b473b1f5afd9ef808440eed33bf,cbBTC,2108.985826,191953985.3
optimism,12/8/2025 0:00,0x0b2c639c533813f4aa9d7837caf62653d097ff85,USDC,11064092.52,11067193.96
optimism,12/8/2025 0:00,0x94b008aa00579c1307b0ef2c499ad98a8ce58e58,USDT,2559756.798,2560762.886
optimism,12/8/2025 0:00,0x68f180fcce6836688e9084f035309e29bf0a2095,WBTC,25.92561407,2359515.816
optimism,12/8/2025 0:00,0x4200000000000000000000000000000000000006,WETH,3506.691335,10957857.6
arbitrum,12/9/2025 0:00,0xaf88d065e77c8cc2239327c5edb3a432268e5831,USDC,213000272.2,213080935.9
arbitrum,12/9/2025 0:00,0xfd086bc7cd5c481dcc9c85ebe478a1c0b69fcbb9,USDT,82635472.66,82699851.08
arbitrum,12/9/2025 0:00,0x2f2a2543b76a4166549f7aab2e75bef0aefc5b0f,WBTC,993.7322615,91257365.58
arbitrum,12/9/2025 0:00,0x82af49447d8a07e3bd95bd0d56f35241523fbab1,WETH,79483.28392,256279646.8
arbitrum,12/9/2025 0:00,0xcbb7c0000ab88b473b1f5afd9ef808440eed33bf,cbBTC,62.52635479,5807218.234
base,12/9/2025 0:00,0x833589fcd6edb6e08f4c7c32d4f71b54bda02913,USDC,337640078.2,337831669.6
base,12/9/2025 0:00,0xfde4c96c8593536e31f229ea8f37b2ada2699bb2,USDT,7528259.545,7522328.334
base,12/9/2025 0:00,0x4200000000000000000000000000000000000006,WETH,145511.7732,466794999.3
base,12/9/2025 0:00,0xcbb7c0000ab88b473b1f5afd9ef808440eed33bf,cbBTC,2216.065512,203425851.9
optimism,12/9/2025 0:00,0x0b2c639c533813f4aa9d7837caf62653d097ff85,USDC,10752318.43,10754021.19
optimism,12/9/2025 0:00,0x94b008aa00579c1307b0ef2c499ad98a8ce58e58,USDT,2596413.135,2597191.178
optimism,12/9/2025 0:00,0x68f180fcce6836688e9084f035309e29bf0a2095,WBTC,24.11630101,2221174.385
optimism,12/9/2025 0:00,0x4200000000000000000000000000000000000006,WETH,3591.731645,11564884.53
arbitrum,12/10/2025 0:00,0xaf88d065e77c8cc2239327c5edb3a432268e5831,USDC,228279264.5,228314290.4
arbitrum,12/10/2025 0:00,0xfd086bc7cd5c481dcc9c85ebe478a1c0b69fcbb9,USDT,95189916.29,95264778.26
arbitrum,12/10/2025 0:00,0x2f2a2543b76a4166549f7aab2e75bef0aefc5b0f,WBTC,946.8628938,87573664.82
arbitrum,12/10/2025 0:00,0x82af49447d8a07e3bd95bd0d56f35241523fbab1,WETH,80849.14276,271398305.6
arbitrum,12/10/2025 0:00,0xcbb7c0000ab88b473b1f5afd9ef808440eed33bf,cbBTC,24.5743009,2272610.845
base,12/10/2025 0:00,0x833589fcd6edb6e08f4c7c32d4f71b54bda02913,USDC,427953509.1,428062927.6
base,12/10/2025 0:00,0xfde4c96c8593536e31f229ea8f37b2ada2699bb2,USDT,4520325.088,4517406.307
base,12/10/2025 0:00,0x4200000000000000000000000000000000000006,WETH,154428.0445,517294328
base,12/10/2025 0:00,0xcbb7c0000ab88b473b1f5afd9ef808440eed33bf,cbBTC,2221.98007,205804072.5
optimism,12/10/2025 0:00,0x0b2c639c533813f4aa9d7837caf62653d097ff85,USDC,10919663,10920965.43
optimism,12/10/2025 0:00,0x94b008aa00579c1307b0ef2c499ad98a8ce58e58,USDT,3013913.028,3014896.882
optimism,12/10/2025 0:00,0x68f180fcce6836688e9084f035309e29bf0a2095,WBTC,30.40966876,2811891.206
optimism,12/10/2025 0:00,0x4200000000000000000000000000000000000006,WETH,3504.876405,11744474.66
arbitrum,12/11/2025 0:00,0xaf88d065e77c8cc2239327c5edb3a432268e5831,USDC,229147514.8,229373652.4
arbitrum,12/11/2025 0:00,0xfd086bc7cd5c481dcc9c85ebe478a1c0b69fcbb9,USDT,98721199.37,98927739.68
arbitrum,12/11/2025 0:00,0x2f2a2543b76a4166549f7aab2e75bef0aefc5b0f,WBTC,1270.401864,115146626.7
arbitrum,12/11/2025 0:00,0x82af49447d8a07e3bd95bd0d56f35241523fbab1,WETH,73721.66137,236682250.9
arbitrum,12/11/2025 0:00,0xcbb7c0000ab88b473b1f5afd9ef808440eed33bf,cbBTC,130.5407018,11865120.67
base,12/11/2025 0:00,0x833589fcd6edb6e08f4c7c32d4f71b54bda02913,USDC,371059959.3,371160841.1
base,12/11/2025 0:00,0xfde4c96c8593536e31f229ea8f37b2ada2699bb2,USDT,7637109.68,7632875.888
base,12/11/2025 0:00,0x4200000000000000000000000000000000000006,WETH,142201.5569,456636417.4
base,12/11/2025 0:00,0xcbb7c0000ab88b473b1f5afd9ef808440eed33bf,cbBTC,2411.876737,219118703.9
optimism,12/11/2025 0:00,0x0b2c639c533813f4aa9d7837caf62653d097ff85,USDC,10260908.27,10263101.6
optimism,12/11/2025 0:00,0x94b008aa00579c1307b0ef2c499ad98a8ce58e58,USDT,2627725.811,2628865.127
optimism,12/11/2025 0:00,0x68f180fcce6836688e9084f035309e29bf0a2095,WBTC,28.20036375,2557200.984
optimism,12/11/2025 0:00,0x4200000000000000000000000000000000000006,WETH,2845.389368,9137772.087
arbitrum,12/12/2025 0:00,0xaf88d065e77c8cc2239327c5edb3a432268e5831,USDC,183616280.2,183694050.7
arbitrum,12/12/2025 0:00,0xfd086bc7cd5c481dcc9c85ebe478a1c0b69fcbb9,USDT,82131168.74,82196222
arbitrum,12/12/2025 0:00,0x2f2a2543b76a4166549f7aab2e75bef0aefc5b0f,WBTC,911.3889819,83153377.18
arbitrum,12/12/2025 0:00,0x82af49447d8a07e3bd95bd0d56f35241523fbab1,WETH,58944.63247,186326577.1
arbitrum,12/12/2025 0:00,0xcbb7c0000ab88b473b1f5afd9ef808440eed33bf,cbBTC,48.03660081,4385317.654
base,12/12/2025 0:00,0x833589fcd6edb6e08f4c7c32d4f71b54bda02913,USDC,300704987.3,300769771.6
base,12/12/2025 0:00,0xfde4c96c8593536e31f229ea8f37b2ada2699bb2,USDT,5248417.718,5246512.921
base,12/12/2025 0:00,0x4200000000000000000000000000000000000006,WETH,112410.3225,356555471.8
base,12/12/2025 0:00,0xcbb7c0000ab88b473b1f5afd9ef808440eed33bf,cbBTC,1808.588041,165299657.6
optimism,12/12/2025 0:00,0x0b2c639c533813f4aa9d7837caf62653d097ff85,USDC,9126842.164,9128536.655
optimism,12/12/2025 0:00,0x94b008aa00579c1307b0ef2c499ad98a8ce58e58,USDT,2265760.521,2266659.569
optimism,12/12/2025 0:00,0x68f180fcce6836688e9084f035309e29bf0a2095,WBTC,18.50088134,1681584.02
optimism,12/12/2025 0:00,0x4200000000000000000000000000000000000006,WETH,2493.929113,7877142.867
arbitrum,12/13/2025 0:00,0xaf88d065e77c8cc2239327c5edb3a432268e5831,USDC,61638612.81,61736889.69
arbitrum,12/13/2025 0:00,0xfd086bc7cd5c481dcc9c85ebe478a1c0b69fcbb9,USDT,31440314.07,31484593.83
arbitrum,12/13/2025 0:00,0x2f2a2543b76a4166549f7aab2e75bef0aefc5b0f,WBTC,243.4777465,21943535
arbitrum,12/13/2025 0:00,0x82af49447d8a07e3bd95bd0d56f35241523fbab1,WETH,19624.11352,60987642.54
arbitrum,12/13/2025 0:00,0xcbb7c0000ab88b473b1f5afd9ef808440eed33bf,cbBTC,1.31477009,118608.7068
base,12/13/2025 0:00,0x833589fcd6edb6e08f4c7c32d4f71b54bda02913,USDC,113760781.3,113819586.3
base,12/13/2025 0:00,0xfde4c96c8593536e31f229ea8f37b2ada2699bb2,USDT,4748259.607,4745493.25
base,12/13/2025 0:00,0x4200000000000000000000000000000000000006,WETH,57317.12203,178045256.3
base,12/13/2025 0:00,0xcbb7c0000ab88b473b1f5afd9ef808440eed33bf,cbBTC,646.9533822,58447983.83
optimism,12/13/2025 0:00,0x0b2c639c533813f4aa9d7837caf62653d097ff85,USDC,4201479.117,4202700.146
optimism,12/13/2025 0:00,0x94b008aa00579c1307b0ef2c499ad98a8ce58e58,USDT,1478920.896,1479677.397
optimism,12/13/2025 0:00,0x68f180fcce6836688e9084f035309e29bf0a2095,WBTC,7.23122715,651897.3227
optimism,12/13/2025 0:00,0x4200000000000000000000000000000000000006,WETH,1445.694478,4491432.314
arbitrum,12/14/2025 0:00,0xaf88d065e77c8cc2239327c5edb3a432268e5831,USDC,123414390.7,123461066.7
arbitrum,12/14/2025 0:00,0xfd086bc7cd5c481dcc9c85ebe478a1c0b69fcbb9,USDT,46749842.51,46783709.57
arbitrum,12/14/2025 0:00,0x2f2a2543b76a4166549f7aab2e75bef0aefc5b0f,WBTC,650.3072834,57866892.77
arbitrum,12/14/2025 0:00,0x82af49447d8a07e3bd95bd0d56f35241523fbab1,WETH,44933.54076,138820637.3
arbitrum,12/14/2025 0:00,0xcbb7c0000ab88b473b1f5afd9ef808440eed33bf,cbBTC,38.68302296,3447429.144
base,12/14/2025 0:00,0x833589fcd6edb6e08f4c7c32d4f71b54bda02913,USDC,229674626.7,229769541.3
base,12/14/2025 0:00,0xfde4c96c8593536e31f229ea8f37b2ada2699bb2,USDT,12449216.76,12442810.28
base,12/14/2025 0:00,0x4200000000000000000000000000000000000006,WETH,86313.97599,266964456.8
base,12/14/2025 0:00,0xcbb7c0000ab88b473b1f5afd9ef808440eed33bf,cbBTC,1197.41495,106853676.8
optimism,12/14/2025 0:00,0x0b2c639c533813f4aa9d7837caf62653d097ff85,USDC,8017704.253,8020468.568
optimism,12/14/2025 0:00,0x94b008aa00579c1307b0ef2c499ad98a8ce58e58,USDT,2333710.593,2335072.897
optimism,12/14/2025 0:00,0x68f180fcce6836688e9084f035309e29bf0a2095,WBTC,11.08930663,986860.0906
optimism,12/14/2025 0:00,0x4200000000000000000000000000000000000006,WETH,2305.474511,7129235.942
arbitrum,12/15/2025 0:00,0xaf88d065e77c8cc2239327c5edb3a432268e5831,USDC,251671716.7,251838455.3
arbitrum,12/15/2025 0:00,0xfd086bc7cd5c481dcc9c85ebe478a1c0b69fcbb9,USDT,92709564.21,92801759.22
arbitrum,12/15/2025 0:00,0x2f2a2543b76a4166549f7aab2e75bef0aefc5b0f,WBTC,1119.47555,98372838.12
arbitrum,12/15/2025 0:00,0x82af49447d8a07e3bd95bd0d56f35241523fbab1,WETH,83293.94437,253632915.5
arbitrum,12/15/2025 0:00,0xcbb7c0000ab88b473b1f5afd9ef808440eed33bf,cbBTC,53.64423049,4752071.631
base,12/15/2025 0:00,0x833589fcd6edb6e08f4c7c32d4f71b54bda02913,USDC,372408404.3,372528515.8
base,12/15/2025 0:00,0xfde4c96c8593536e31f229ea8f37b2ada2699bb2,USDT,19644894.38,19633268
base,12/15/2025 0:00,0x4200000000000000000000000000000000000006,WETH,140992.8941,430109175.9
base,12/15/2025 0:00,0xcbb7c0000ab88b473b1f5afd9ef808440eed33bf,cbBTC,2044.278247,179599487.4
optimism,12/15/2025 0:00,0x0b2c639c533813f4aa9d7837caf62653d097ff85,USDC,11515778.27,11518721.11
optimism,12/15/2025 0:00,0x94b008aa00579c1307b0ef2c499ad98a8ce58e58,USDT,3546284.462,3547491.605
optimism,12/15/2025 0:00,0x68f180fcce6836688e9084f035309e29bf0a2095,WBTC,24.10164112,2104205.012
optimism,12/15/2025 0:00,0x4200000000000000000000000000000000000006,WETH,3534.897495,10762062.89
arbitrum,12/16/2025 0:00,0xaf88d065e77c8cc2239327c5edb3a432268e5831,USDC,182828361.5,182933666.2
arbitrum,12/16/2025 0:00,0xfd086bc7cd5c481dcc9c85ebe478a1c0b69fcbb9,USDT,73166716.32,73180716.19
arbitrum,12/16/2025 0:00,0x2f2a2543b76a4166549f7aab2e75bef0aefc5b0f,WBTC,834.6558774,72380875.22
arbitrum,12/16/2025 0:00,0x82af49447d8a07e3bd95bd0d56f35241523fbab1,WETH,69726.31323,204952307.4
arbitrum,12/16/2025 0:00,0xcbb7c0000ab88b473b1f5afd9ef808440eed33bf,cbBTC,73.00106661,6338543.938
base,12/16/2025 0:00,0x833589fcd6edb6e08f4c7c32d4f71b54bda02913,USDC,333256056.6,333429061.4
base,12/16/2025 0:00,0xfde4c96c8593536e31f229ea8f37b2ada2699bb2,USDT,4433152.419,4432043.324
base,12/16/2025 0:00,0x4200000000000000000000000000000000000006,WETH,131316.2858,386165409.6
base,12/16/2025 0:00,0xcbb7c0000ab88b473b1f5afd9ef808440eed33bf,cbBTC,2192.145972,190648354.7
optimism,12/16/2025 0:00,0x0b2c639c533813f4aa9d7837caf62653d097ff85,USDC,8712643.724,8715096.511
optimism,12/16/2025 0:00,0x94b008aa00579c1307b0ef2c499ad98a8ce58e58,USDT,2894236.527,2894726.657
optimism,12/16/2025 0:00,0x68f180fcce6836688e9084f035309e29bf0a2095,WBTC,26.07710932,2256998.149
optimism,12/16/2025 0:00,0x4200000000000000000000000000000000000006,WETH,2831.121487,8325321.133
arbitrum,12/17/2025 0:00,0xaf88d065e77c8cc2239327c5edb3a432268e5831,USDC,213796434,213955446.1
arbitrum,12/17/2025 0:00,0xfd086bc7cd5c481dcc9c85ebe478a1c0b69fcbb9,USDT,99002335.18,99074901.52
arbitrum,12/17/2025 0:00,0x2f2a2543b76a4166549f7aab2e75bef0aefc5b0f,WBTC,899.7703298,78350760.22
arbitrum,12/17/2025 0:00,0x82af49447d8a07e3bd95bd0d56f35241523fbab1,WETH,72116.65365,209776778.8
arbitrum,12/17/2025 0:00,0xcbb7c0000ab88b473b1f5afd9ef808440eed33bf,cbBTC,47.98547339,4181538.619
base,12/17/2025 0:00,0x833589fcd6edb6e08f4c7c32d4f71b54bda02913,USDC,372929668.1,373105789.9
base,12/17/2025 0:00,0xfde4c96c8593536e31f229ea8f37b2ada2699bb2,USDT,4432111.238,4432035.957
base,12/17/2025 0:00,0x4200000000000000000000000000000000000006,WETH,134444.7109,391192361.3
base,12/17/2025 0:00,0xcbb7c0000ab88b473b1f5afd9ef808440eed33bf,cbBTC,2210.04182,193102073.7
optimism,12/17/2025 0:00,0x0b2c639c533813f4aa9d7837caf62653d097ff85,USDC,9971126.247,9974580.163
optimism,12/17/2025 0:00,0x94b008aa00579c1307b0ef2c499ad98a8ce58e58,USDT,2915562.436,2916041.02
optimism,12/17/2025 0:00,0x68f180fcce6836688e9084f035309e29bf0a2095,WBTC,29.36057019,2557263.664
optimism,12/17/2025 0:00,0x4200000000000000000000000000000000000006,WETH,3228.485954,9380737.186
arbitrum,12/18/2025 0:00,0xaf88d065e77c8cc2239327c5edb3a432268e5831,USDC,233481508.6,233642463.1
arbitrum,12/18/2025 0:00,0xfd086bc7cd5c481dcc9c85ebe478a1c0b69fcbb9,USDT,98872489.42,98889064.88
arbitrum,12/18/2025 0:00,0x2f2a2543b76a4166549f7aab2e75bef0aefc5b0f,WBTC,1018.338503,88395162.62
arbitrum,12/18/2025 0:00,0x82af49447d8a07e3bd95bd0d56f35241523fbab1,WETH,87896.73354,253046603.6
arbitrum,12/18/2025 0:00,0xcbb7c0000ab88b473b1f5afd9ef808440eed33bf,cbBTC,37.78759776,3286974.711
base,12/18/2025 0:00,0x833589fcd6edb6e08f4c7c32d4f71b54bda02913,USDC,365795474,365965465
base,12/18/2025 0:00,0xfde4c96c8593536e31f229ea8f37b2ada2699bb2,USDT,5879947.235,5878245.221
base,12/18/2025 0:00,0x4200000000000000000000000000000000000006,WETH,146595.8418,420782485.1
base,12/18/2025 0:00,0xcbb7c0000ab88b473b1f5afd9ef808440eed33bf,cbBTC,2348.714461,204360861.6
optimism,12/18/2025 0:00,0x0b2c639c533813f4aa9d7837caf62653d097ff85,USDC,9212808.816,9215880.973
optimism,12/18/2025 0:00,0x94b008aa00579c1307b0ef2c499ad98a8ce58e58,USDT,2702922.008,2702843.063
optimism,12/18/2025 0:00,0x68f180fcce6836688e9084f035309e29bf0a2095,WBTC,21.0066855,1830269.319
optimism,12/18/2025 0:00,0x4200000000000000000000000000000000000006,WETH,3189.342446,9146883.131
arbitrum,12/19/2025 0:00,0xaf88d065e77c8cc2239327c5edb3a432268e5831,USDC,201762234.1,201867077.8
arbitrum,12/19/2025 0:00,0xfd086bc7cd5c481dcc9c85ebe478a1c0b69fcbb9,USDT,90397291.37,90477855.67
arbitrum,12/19/2025 0:00,0x2f2a2543b76a4166549f7aab2e75bef0aefc5b0f,WBTC,928.5010552,81028505.51
arbitrum,12/19/2025 0:00,0x82af49447d8a07e3bd95bd0d56f35241523fbab1,WETH,78459.61573,230510659.6
arbitrum,12/19/2025 0:00,0xcbb7c0000ab88b473b1f5afd9ef808440eed33bf,cbBTC,36.20613433,3164566.881
base,12/19/2025 0:00,0x833589fcd6edb6e08f4c7c32d4f71b54bda02913,USDC,340296028.4,340444898.6
base,12/19/2025 0:00,0xfde4c96c8593536e31f229ea8f37b2ada2699bb2,USDT,5284156.247,5281328.2
base,12/19/2025 0:00,0x4200000000000000000000000000000000000006,WETH,147466.2611,433247535.5
base,12/19/2025 0:00,0xcbb7c0000ab88b473b1f5afd9ef808440eed33bf,cbBTC,2323.233661,203406206.5
optimism,12/19/2025 0:00,0x0b2c639c533813f4aa9d7837caf62653d097ff85,USDC,8134607.952,8136849.383
optimism,12/19/2025 0:00,0x94b008aa00579c1307b0ef2c499ad98a8ce58e58,USDT,2566450.597,2565998.933
optimism,12/19/2025 0:00,0x68f180fcce6836688e9084f035309e29bf0a2095,WBTC,21.32701154,1864641.37
optimism,12/19/2025 0:00,0x4200000000000000000000000000000000000006,WETH,3010.531018,8834166.74
arbitrum,12/20/2025 0:00,0xaf88d065e77c8cc2239327c5edb3a432268e5831,USDC,54326814.68,54359193.77
arbitrum,12/20/2025 0:00,0xfd086bc7cd5c481dcc9c85ebe478a1c0b69fcbb9,USDT,42344709.05,42389102.45
arbitrum,12/20/2025 0:00,0x2f2a2543b76a4166549f7aab2e75bef0aefc5b0f,WBTC,134.0173571,11794706.9
arbitrum,12/20/2025 0:00,0x82af49447d8a07e3bd95bd0d56f35241523fbab1,WETH,11545.08971,34408264.04
arbitrum,12/20/2025 0:00,0xcbb7c0000ab88b473b1f5afd9ef808440eed33bf,cbBTC,8.04000792,709901.6625
base,12/20/2025 0:00,0x833589fcd6edb6e08f4c7c32d4f71b54bda02913,USDC,88426354.86,88519121.41
base,12/20/2025 0:00,0xfde4c96c8593536e31f229ea8f37b2ada2699bb2,USDT,2834500.876,2833287.727
base,12/20/2025 0:00,0x4200000000000000000000000000000000000006,WETH,48205.76091,143676651.9
base,12/20/2025 0:00,0xcbb7c0000ab88b473b1f5afd9ef808440eed33bf,cbBTC,694.3293473,61282176.56
optimism,12/20/2025 0:00,0x0b2c639c533813f4aa9d7837caf62653d097ff85,USDC,4221518.723,4223285.299
optimism,12/20/2025 0:00,0x94b008aa00579c1307b0ef2c499ad98a8ce58e58,USDT,1583894.45,1584051.599
optimism,12/20/2025 0:00,0x68f180fcce6836688e9084f035309e29bf0a2095,WBTC,4.778415,420618.1203
optimism,12/20/2025 0:00,0x4200000000000000000000000000000000000006,WETH,1079.301406,3217400.188
arbitrum,12/21/2025 0:00,0xaf88d065e77c8cc2239327c5edb3a432268e5831,USDC,94093741,94159577.02
arbitrum,12/21/2025 0:00,0xfd086bc7cd5c481dcc9c85ebe478a1c0b69fcbb9,USDT,50098231.34,50194957.46
arbitrum,12/21/2025 0:00,0x2f2a2543b76a4166549f7aab2e75bef0aefc5b0f,WBTC,260.2792066,22947186.39
arbitrum,12/21/2025 0:00,0x82af49447d8a07e3bd95bd0d56f35241523fbab1,WETH,26709.19803,79629636.45
arbitrum,12/21/2025 0:00,0xcbb7c0000ab88b473b1f5afd9ef808440eed33bf,cbBTC,11.59329023,1027719.793
base,12/21/2025 0:00,0x833589fcd6edb6e08f4c7c32d4f71b54bda02913,USDC,148562105.6,148660065
base,12/21/2025 0:00,0xfde4c96c8593536e31f229ea8f37b2ada2699bb2,USDT,3377198.276,3376812.17
base,12/21/2025 0:00,0x4200000000000000000000000000000000000006,WETH,77874.13346,232178804.9
base,12/21/2025 0:00,0xcbb7c0000ab88b473b1f5afd9ef808440eed33bf,cbBTC,1205.730485,106539062.3
optimism,12/21/2025 0:00,0x0b2c639c533813f4aa9d7837caf62653d097ff85,USDC,4728449.313,4731236.524
optimism,12/21/2025 0:00,0x94b008aa00579c1307b0ef2c499ad98a8ce58e58,USDT,1591938.524,1592517.065
optimism,12/21/2025 0:00,0x68f180fcce6836688e9084f035309e29bf0a2095,WBTC,7.84266669,691475.3554
optimism,12/21/2025 0:00,0x4200000000000000000000000000000000000006,WETH,1492.487508,4449740.108
arbitrum,12/22/2025 0:00,0xaf88d065e77c8cc2239327c5edb3a432268e5831,USDC,222657069.3,222750409.8
arbitrum,12/22/2025 0:00,0xfd086bc7cd5c481dcc9c85ebe478a1c0b69fcbb9,USDT,102938063.6,102970461.8
arbitrum,12/22/2025 0:00,0x2f2a2543b76a4166549f7aab2e75bef0aefc5b0f,WBTC,667.7346544,59414925.52
arbitrum,12/22/2025 0:00,0x82af49447d8a07e3bd95bd0d56f35241523fbab1,WETH,65478.07592,198144269.1
arbitrum,12/22/2025 0:00,0xcbb7c0000ab88b473b1f5afd9ef808440eed33bf,cbBTC,29.9238704,2665538.185
base,12/22/2025 0:00,0x833589fcd6edb6e08f4c7c32d4f71b54bda02913,USDC,313445418.5,313519693.9
base,12/22/2025 0:00,0xfde4c96c8593536e31f229ea8f37b2ada2699bb2,USDT,5383607.81,5380782.845
base,12/22/2025 0:00,0x4200000000000000000000000000000000000006,WETH,141401.228,427934754.7
base,12/22/2025 0:00,0xcbb7c0000ab88b473b1f5afd9ef808440eed33bf,cbBTC,2360.253375,210584182.1
optimism,12/22/2025 0:00,0x0b2c639c533813f4aa9d7837caf62653d097ff85,USDC,8144321.169,8145826.643
optimism,12/22/2025 0:00,0x94b008aa00579c1307b0ef2c499ad98a8ce58e58,USDT,2059192.847,2059095.421
optimism,12/22/2025 0:00,0x68f180fcce6836688e9084f035309e29bf0a2095,WBTC,18.65091539,1660089.441
optimism,12/22/2025 0:00,0x4200000000000000000000000000000000000006,WETH,2710.310027,8204365.195
arbitrum,12/23/2025 0:00,0xaf88d065e77c8cc2239327c5edb3a432268e5831,USDC,224207767.7,224297354.3
arbitrum,12/23/2025 0:00,0xfd086bc7cd5c481dcc9c85ebe478a1c0b69fcbb9,USDT,112821948.6,112844612.1
arbitrum,12/23/2025 0:00,0x2f2a2543b76a4166549f7aab2e75bef0aefc5b0f,WBTC,546.4059271,47838038.02
arbitrum,12/23/2025 0:00,0x82af49447d8a07e3bd95bd0d56f35241523fbab1,WETH,53255.99444,157591042.1
arbitrum,12/23/2025 0:00,0xcbb7c0000ab88b473b1f5afd9ef808440eed33bf,cbBTC,14.04650088,1231634.565
base,12/23/2025 0:00,0x833589fcd6edb6e08f4c7c32d4f71b54bda02913,USDC,279355275.5,279438744.7
base,12/23/2025 0:00,0xfde4c96c8593536e31f229ea8f37b2ada2699bb2,USDT,9115687.956,9109784.515
base,12/23/2025 0:00,0x4200000000000000000000000000000000000006,WETH,116591.7938,345210436.8
base,12/23/2025 0:00,0xcbb7c0000ab88b473b1f5afd9ef808440eed33bf,cbBTC,1594.509506,139991586.3
optimism,12/23/2025 0:00,0x0b2c639c533813f4aa9d7837caf62653d097ff85,USDC,7392814.483,7394141.161
optimism,12/23/2025 0:00,0x94b008aa00579c1307b0ef2c499ad98a8ce58e58,USDT,2379079.277,2378519.506
optimism,12/23/2025 0:00,0x68f180fcce6836688e9084f035309e29bf0a2095,WBTC,13.52260181,1184436.765
optimism,12/23/2025 0:00,0x4200000000000000000000000000000000000006,WETH,2358.661172,6981620.755
arbitrum,12/24/2025 0:00,0xaf88d065e77c8cc2239327c5edb3a432268e5831,USDC,396581124.7,396731944.9
arbitrum,12/24/2025 0:00,0xfd086bc7cd5c481dcc9c85ebe478a1c0b69fcbb9,USDT,169693102.8,169705648.8
arbitrum,12/24/2025 0:00,0x2f2a2543b76a4166549f7aab2e75bef0aefc5b0f,WBTC,308.3909107,26840704.51
arbitrum,12/24/2025 0:00,0x82af49447d8a07e3bd95bd0d56f35241523fbab1,WETH,36346.33184,106627764.9
arbitrum,12/24/2025 0:00,0xcbb7c0000ab88b473b1f5afd9ef808440eed33bf,cbBTC,6.05359697,528444.108
base,12/24/2025 0:00,0x833589fcd6edb6e08f4c7c32d4f71b54bda02913,USDC,197748213.3,197797114.6
base,12/24/2025 0:00,0xfde4c96c8593536e31f229ea8f37b2ada2699bb2,USDT,7043048.668,7037877.887
base,12/24/2025 0:00,0x4200000000000000000000000000000000000006,WETH,85294.63449,250371680.1
base,12/24/2025 0:00,0xcbb7c0000ab88b473b1f5afd9ef808440eed33bf,cbBTC,1071.199722,93463018.66
optimism,12/24/2025 0:00,0x0b2c639c533813f4aa9d7837caf62653d097ff85,USDC,6301690.786,6302907.82
optimism,12/24/2025 0:00,0x94b008aa00579c1307b0ef2c499ad98a8ce58e58,USDT,2053974.556,2053394.583
optimism,12/24/2025 0:00,0x68f180fcce6836688e9084f035309e29bf0a2095,WBTC,8.84244031,769862.0632
optimism,12/24/2025 0:00,0x4200000000000000000000000000000000000006,WETH,2048.925771,6019053.561
arbitrum,12/25/2025 0:00,0xaf88d065e77c8cc2239327c5edb3a432268e5831,USDC,428780420.3,428941126
arbitrum,12/25/2025 0:00,0xfd086bc7cd5c481dcc9c85ebe478a1c0b69fcbb9,USDT,248008366.2,248056083.7
arbitrum,12/25/2025 0:00,0x2f2a2543b76a4166549f7aab2e75bef0aefc5b0f,WBTC,230.889888,20225272.86
arbitrum,12/25/2025 0:00,0x82af49447d8a07e3bd95bd0d56f35241523fbab1,WETH,27320.08532,80238709.5
arbitrum,12/25/2025 0:00,0xcbb7c0000ab88b473b1f5afd9ef808440eed33bf,cbBTC,2.23214924,195859.9918
base,12/25/2025 0:00,0x833589fcd6edb6e08f4c7c32d4f71b54bda02913,USDC,144530922.1,144590989.8
base,12/25/2025 0:00,0xfde4c96c8593536e31f229ea8f37b2ada2699bb2,USDT,4474547.252,4472382.361
base,12/25/2025 0:00,0x4200000000000000000000000000000000000006,WETH,65542.77009,192583442.5
base,12/25/2025 0:00,0xcbb7c0000ab88b473b1f5afd9ef808440eed33bf,cbBTC,786.2551444,69052469.79
optimism,12/25/2025 0:00,0x0b2c639c533813f4aa9d7837caf62653d097ff85,USDC,5712904.324,5714918.227
optimism,12/25/2025 0:00,0x94b008aa00579c1307b0ef2c499ad98a8ce58e58,USDT,2434374.198,2434014.266
optimism,12/25/2025 0:00,0x68f180fcce6836688e9084f035309e29bf0a2095,WBTC,5.96633927,522576.9701
optimism,12/25/2025 0:00,0x4200000000000000000000000000000000000006,WETH,1861.062211,5467514.401
arbitrum,12/26/2025 0:00,0xaf88d065e77c8cc2239327c5edb3a432268e5831,USDC,136624336.9,136734005.6
arbitrum,12/26/2025 0:00,0xfd086bc7cd5c481dcc9c85ebe478a1c0b69fcbb9,USDT,75995671.05,76030447.06
arbitrum,12/26/2025 0:00,0x2f2a2543b76a4166549f7aab2e75bef0aefc5b0f,WBTC,468.6671568,41113059.88
arbitrum,12/26/2025 0:00,0x82af49447d8a07e3bd95bd0d56f35241523fbab1,WETH,41669.1176,122537704.1
arbitrum,12/26/2025 0:00,0xcbb7c0000ab88b473b1f5afd9ef808440eed33bf,cbBTC,13.08769385,1157498.523
base,12/26/2025 0:00,0x833589fcd6edb6e08f4c7c32d4f71b54bda02913,USDC,214642778,214728104.9
base,12/26/2025 0:00,0xfde4c96c8593536e31f229ea8f37b2ada2699bb2,USDT,5100262.155,5098363.47
base,12/26/2025 0:00,0x4200000000000000000000000000000000000006,WETH,91925.89675,270653597
base,12/26/2025 0:00,0xcbb7c0000ab88b473b1f5afd9ef808440eed33bf,cbBTC,1156.574275,101921022.6
optimism,12/26/2025 0:00,0x0b2c639c533813f4aa9d7837caf62653d097ff85,USDC,5869410.259,5871425.677
optimism,12/26/2025 0:00,0x94b008aa00579c1307b0ef2c499ad98a8ce58e58,USDT,1939167.474,1938660.703
optimism,12/26/2025 0:00,0x68f180fcce6836688e9084f035309e29bf0a2095,WBTC,10.74670995,944776.0408
optimism,12/26/2025 0:00,0x4200000000000000000000000000000000000006,WETH,2151.714657,6335071.933
arbitrum,12/27/2025 0:00,0xaf88d065e77c8cc2239327c5edb3a432268e5831,USDC,52542893.4,52573403.18
arbitrum,12/27/2025 0:00,0xfd086bc7cd5c481dcc9c85ebe478a1c0b69fcbb9,USDT,38590462.5,38636425.21
arbitrum,12/27/2025 0:00,0x2f2a2543b76a4166549f7aab2e75bef0aefc5b0f,WBTC,103.2825728,9026595.875
arbitrum,12/27/2025 0:00,0x82af49447d8a07e3bd95bd0d56f35241523fbab1,WETH,13063.73944,38299869.88
arbitrum,12/27/2025 0:00,0xcbb7c0000ab88b473b1f5afd9ef808440eed33bf,cbBTC,0.08619364,7552.083002
base,12/27/2025 0:00,0x833589fcd6edb6e08f4c7c32d4f71b54bda02913,USDC,75032336.47,75066223.88
base,12/27/2025 0:00,0xfde4c96c8593536e31f229ea8f37b2ada2699bb2,USDT,4900525.832,4897905.329
base,12/27/2025 0:00,0x4200000000000000000000000000000000000006,WETH,41207.89132,120771173.1
base,12/27/2025 0:00,0xcbb7c0000ab88b473b1f5afd9ef808440eed33bf,cbBTC,408.4374711,35767330.89
optimism,12/27/2025 0:00,0x0b2c639c533813f4aa9d7837caf62653d097ff85,USDC,2374613.774,2375691.763
optimism,12/27/2025 0:00,0x94b008aa00579c1307b0ef2c499ad98a8ce58e58,USDT,1485510.417,1485360.943
optimism,12/27/2025 0:00,0x68f180fcce6836688e9084f035309e29bf0a2095,WBTC,3.09740897,270751.4169
optimism,12/27/2025 0:00,0x4200000000000000000000000000000000000006,WETH,760.3149113,2229141.489
arbitrum,12/28/2025 0:00,0xaf88d065e77c8cc2239327c5edb3a432268e5831,USDC,65892430.22,65968575.13
arbitrum,12/28/2025 0:00,0xfd086bc7cd5c481dcc9c85ebe478a1c0b69fcbb9,USDT,40599992.96,40628337.19
arbitrum,12/28/2025 0:00,0x2f2a2543b76a4166549f7aab2e75bef0aefc5b0f,WBTC,124.7417324,10928042.61
arbitrum,12/28/2025 0:00,0x82af49447d8a07e3bd95bd0d56f35241523fbab1,WETH,15716.11913,46229977.09
arbitrum,12/28/2025 0:00,0xcbb7c0000ab88b473b1f5afd9ef808440eed33bf,cbBTC,2.02983727,178335.8016
base,12/28/2025 0:00,0x833589fcd6edb6e08f4c7c32d4f71b54bda02913,USDC,109219291.2,109282679.1
base,12/28/2025 0:00,0xfde4c96c8593536e31f229ea8f37b2ada2699bb2,USDT,3781800.583,3780533.676
base,12/28/2025 0:00,0x4200000000000000000000000000000000000006,WETH,50932.00285,149814603
base,12/28/2025 0:00,0xcbb7c0000ab88b473b1f5afd9ef808440eed33bf,cbBTC,480.2259913,42160863.82
optimism,12/28/2025 0:00,0x0b2c639c533813f4aa9d7837caf62653d097ff85,USDC,3642201.618,3644353.558
optimism,12/28/2025 0:00,0x94b008aa00579c1307b0ef2c499ad98a8ce58e58,USDT,1622334.023,1622321.51
optimism,12/28/2025 0:00,0x68f180fcce6836688e9084f035309e29bf0a2095,WBTC,4.1484784,363520.906
optimism,12/28/2025 0:00,0x4200000000000000000000000000000000000006,WETH,1082.923508,3185333.82
arbitrum,12/29/2025 0:00,0xaf88d065e77c8cc2239327c5edb3a432268e5831,USDC,187572758.1,187690920.1
arbitrum,12/29/2025 0:00,0xfd086bc7cd5c481dcc9c85ebe478a1c0b69fcbb9,USDT,82967919.17,82934833.86
arbitrum,12/29/2025 0:00,0x2f2a2543b76a4166549f7aab2e75bef0aefc5b0f,WBTC,566.4217307,49878894.59
arbitrum,12/29/2025 0:00,0x82af49447d8a07e3bd95bd0d56f35241523fbab1,WETH,55149.44926,163647518.8
arbitrum,12/29/2025 0:00,0xcbb7c0000ab88b473b1f5afd9ef808440eed33bf,cbBTC,28.78651497,2531961.634
base,12/29/2025 0:00,0x833589fcd6edb6e08f4c7c32d4f71b54bda02913,USDC,290214588.1,290294790.6
base,12/29/2025 0:00,0xfde4c96c8593536e31f229ea8f37b2ada2699bb2,USDT,5482382.949,5479597.998
base,12/29/2025 0:00,0x4200000000000000000000000000000000000006,WETH,125922.0816,373849557.4
base,12/29/2025 0:00,0xcbb7c0000ab88b473b1f5afd9ef808440eed33bf,cbBTC,1646.597758,145481097
optimism,12/29/2025 0:00,0x0b2c639c533813f4aa9d7837caf62653d097ff85,USDC,8251729.207,8253885.576
optimism,12/29/2025 0:00,0x94b008aa00579c1307b0ef2c499ad98a8ce58e58,USDT,2779354.421,2777536.209
optimism,12/29/2025 0:00,0x68f180fcce6836688e9084f035309e29bf0a2095,WBTC,14.10091137,1242910.877
optimism,12/29/2025 0:00,0x4200000000000000000000000000000000000006,WETH,2468.564474,7326938.843
arbitrum,12/30/2025 0:00,0xaf88d065e77c8cc2239327c5edb3a432268e5831,USDC,139965147.1,140039500.1
arbitrum,12/30/2025 0:00,0xfd086bc7cd5c481dcc9c85ebe478a1c0b69fcbb9,USDT,71953320.25,71956387.33
arbitrum,12/30/2025 0:00,0x2f2a2543b76a4166549f7aab2e75bef0aefc5b0f,WBTC,493.493634,43273075.74
arbitrum,12/30/2025 0:00,0x82af49447d8a07e3bd95bd0d56f35241523fbab1,WETH,39960.3091,118503536.8
arbitrum,12/30/2025 0:00,0xcbb7c0000ab88b473b1f5afd9ef808440eed33bf,cbBTC,46.31662378,4055069.255
base,12/30/2025 0:00,0x833589fcd6edb6e08f4c7c32d4f71b54bda02913,USDC,224100879.9,224159798.5
base,12/30/2025 0:00,0xfde4c96c8593536e31f229ea8f37b2ada2699bb2,USDT,4908256.616,4905255.909
base,12/30/2025 0:00,0x4200000000000000000000000000000000000006,WETH,95209.06824,282375683.8
base,12/30/2025 0:00,0xcbb7c0000ab88b473b1f5afd9ef808440eed33bf,cbBTC,1218.068959,107247317
optimism,12/30/2025 0:00,0x0b2c639c533813f4aa9d7837caf62653d097ff85,USDC,6221933.458,6223571.256
optimism,12/30/2025 0:00,0x94b008aa00579c1307b0ef2c499ad98a8ce58e58,USDT,2120654.286,2119283.153
optimism,12/30/2025 0:00,0x68f180fcce6836688e9084f035309e29bf0a2095,WBTC,12.3106876,1081780.343
optimism,12/30/2025 0:00,0x4200000000000000000000000000000000000006,WETH,1840.396309,5456450.037
arbitrum,12/31/2025 0:00,0xaf88d065e77c8cc2239327c5edb3a432268e5831,USDC,120079979,120160629.6
arbitrum,12/31/2025 0:00,0xfd086bc7cd5c481dcc9c85ebe478a1c0b69fcbb9,USDT,62780035.89,62748158.65
arbitrum,12/31/2025 0:00,0x2f2a2543b76a4166549f7aab2e75bef0aefc5b0f,WBTC,287.7543314,25328960.05
arbitrum,12/31/2025 0:00,0x82af49447d8a07e3bd95bd0d56f35241523fbab1,WETH,28295.1842,84308504.06
arbitrum,12/31/2025 0:00,0xcbb7c0000ab88b473b1f5afd9ef808440eed33bf,cbBTC,23.57296096,2077725.332
base,12/31/2025 0:00,0x833589fcd6edb6e08f4c7c32d4f71b54bda02913,USDC,186818812,186860419.9
base,12/31/2025 0:00,0xfde4c96c8593536e31f229ea8f37b2ada2699bb2,USDT,4012247.861,4009433.332
base,12/31/2025 0:00,0x4200000000000000000000000000000000000006,WETH,78406.46087,233541508.1
base,12/31/2025 0:00,0xcbb7c0000ab88b473b1f5afd9ef808440eed33bf,cbBTC,800.4668916,70608317.85
optimism,12/31/2025 0:00,0x0b2c639c533813f4aa9d7837caf62653d097ff85,USDC,5792822.232,5794069.884
optimism,12/31/2025 0:00,0x94b008aa00579c1307b0ef2c499ad98a8ce58e58,USDT,1978701.769,1976967.44
optimism,12/31/2025 0:00,0x68f180fcce6836688e9084f035309e29bf0a2095,WBTC,5.74077417,505316.1142
optimism,12/31/2025 0:00,0x4200000000000000000000000000000000000006,WETH,1538.204613,4580258.618
