chain,block_date,token_address,token_symbol,token_amount_borrowed,amount_usd
arbitrum,1/1/2025,0x2f2a2543b76a4166549f7aab2e75bef0aefc5b0f,WBTC,3.85254021,359793.4556
arbitrum,1/1/2025,0xaf88d065e77c8cc2239327c5edb3a432268e5831,USDC,5198821.552,5202838.284
arbitrum,1/1/2025,0xfd086bc7cd5c481dcc9c85ebe478a1c0b69fcbb9,USDT,450511.6514,449924.6815
arbitrum,1/1/2025,0x82af49447d8a07e3bd95bd0d56f35241523fbab1,WETH,1645.845328,5484859.361
base,1/1/2025,0xcbb7c0000ab88b473b1f5afd9ef808440eed33bf,cbBTC,233.9453647,21883343.23
base,1/1/2025,0x4200000000000000000000000000000000000006,WETH,82161.22782,274920102.9
base,1/1/2025,0x833589fcd6edb6e08f4c7c32d4f71b54bda02913,USDC,210721249.9,210877590.8
optimism,1/1/2025,0x94b008aa00579c1307b0ef2c499ad98a8ce58e58,USDT,82382.99578,82270.82366
optimism,1/1/2025,0x4200000000000000000000000000000000000006,WETH,231.9417996,774313.0415
optimism,1/1/2025,0x0b2c639c533813f4aa9d7837caf62653d097ff85,USDC,9505952.465,9512894.864
optimism,1/1/2025,0x68f180fcce6836688e9084f035309e29bf0a2095,WBTC,0.0117,1092.283796
arbitrum,1/2/2025,0xfd086bc7cd5c481dcc9c85ebe478a1c0b69fcbb9,USDT,1242528.942,1241304.411
arbitrum,1/2/2025,0x82af49447d8a07e3bd95bd0d56f35241523fbab1,WETH,2067.216949,7140879.944
arbitrum,1/2/2025,0x2f2a2543b76a4166549f7aab2e75bef0aefc5b0f,WBTC,3.40730906,328722.7125
arbitrum,1/2/2025,0xaf88d065e77c8cc2239327c5edb3a432268e5831,USDC,6016253.173,6018109.498
base,1/2/2025,0x4200000000000000000000000000000000000006,WETH,91709.61901,313917053.1
base,1/2/2025,0xcbb7c0000ab88b473b1f5afd9ef808440eed33bf,cbBTC,1306.677664,126391402.1
base,1/2/2025,0x833589fcd6edb6e08f4c7c32d4f71b54bda02913,USDC,172091690.5,172154415.2
optimism,1/2/2025,0x0b2c639c533813f4aa9d7837caf62653d097ff85,USDC,9196293.307,9198628.7
optimism,1/2/2025,0x94b008aa00579c1307b0ef2c499ad98a8ce58e58,USDT,159554.4554,159398.2887
optimism,1/2/2025,0x4200000000000000000000000000000000000006,WETH,907.2597723,3109392.719
optimism,1/2/2025,0x68f180fcce6836688e9084f035309e29bf0a2095,WBTC,0.26748,25622.14446
arbitrum,1/3/2025,0xfd086bc7cd5c481dcc9c85ebe478a1c0b69fcbb9,USDT,2817659.917,2815980.754
arbitrum,1/3/2025,0x82af49447d8a07e3bd95bd0d56f35241523fbab1,WETH,1415.936104,5032349.555
arbitrum,1/3/2025,0xaf88d065e77c8cc2239327c5edb3a432268e5831,USDC,8531150.931,8531281.438
arbitrum,1/3/2025,0x2f2a2543b76a4166549f7aab2e75bef0aefc5b0f,WBTC,4.40381326,427528.2233
base,1/3/2025,0xcbb7c0000ab88b473b1f5afd9ef808440eed33bf,cbBTC,1538.984401,150397077
base,1/3/2025,0x833589fcd6edb6e08f4c7c32d4f71b54bda02913,USDC,54098258.58,54117104.4
base,1/3/2025,0x4200000000000000000000000000000000000006,WETH,60632.59592,214312160.7
optimism,1/3/2025,0x68f180fcce6836688e9084f035309e29bf0a2095,WBTC,0.4146712,40327.10285
optimism,1/3/2025,0x4200000000000000000000000000000000000006,WETH,615.170916,2171463.299
optimism,1/3/2025,0x94b008aa00579c1307b0ef2c499ad98a8ce58e58,USDT,63317.63466,63284.57071
optimism,1/3/2025,0x0b2c639c533813f4aa9d7837caf62653d097ff85,USDC,8129542.43,8131730.277
arbitrum,1/4/2025,0x2f2a2543b76a4166549f7aab2e75bef0aefc5b0f,WBTC,1.21417627,118702.5159
arbitrum,1/4/2025,0x82af49447d8a07e3bd95bd0d56f35241523fbab1,WETH,1342.118158,4859750.965
arbitrum,1/4/2025,0xfd086bc7cd5c481dcc9c85ebe478a1c0b69fcbb9,USDT,994509.6061,994339.6827
arbitrum,1/4/2025,0xaf88d065e77c8cc2239327c5edb3a432268e5831,USDC,6344999.149,6345982.83
base,1/4/2025,0x4200000000000000000000000000000000000006,WETH,58097.6789,210161756.1
base,1/4/2025,0xcbb7c0000ab88b473b1f5afd9ef808440eed33bf,cbBTC,950.0092811,93226926.5
base,1/4/2025,0x833589fcd6edb6e08f4c7c32d4f71b54bda02913,USDC,9193466.341,9194779.095
optimism,1/4/2025,0x4200000000000000000000000000000000000006,WETH,1014.026084,3680726.875
optimism,1/4/2025,0x94b008aa00579c1307b0ef2c499ad98a8ce58e58,USDT,77355.41546,77341.99192
optimism,1/4/2025,0x0b2c639c533813f4aa9d7837caf62653d097ff85,USDC,2676112.223,2676653.683
optimism,1/4/2025,0x68f180fcce6836688e9084f035309e29bf0a2095,WBTC,4.4045,430733.2169
arbitrum,1/5/2025,0x2f2a2543b76a4166549f7aab2e75bef0aefc5b0f,WBTC,10.51786068,1026903.562
arbitrum,1/5/2025,0xfd086bc7cd5c481dcc9c85ebe478a1c0b69fcbb9,USDT,1048258.537,1048349.792
arbitrum,1/5/2025,0xaf88d065e77c8cc2239327c5edb3a432268e5831,USDC,2066255.349,2066945.854
arbitrum,1/5/2025,0x82af49447d8a07e3bd95bd0d56f35241523fbab1,WETH,193.4988507,703232.1867
base,1/5/2025,0x4200000000000000000000000000000000000006,WETH,74045.3989,268597851.3
base,1/5/2025,0x833589fcd6edb6e08f4c7c32d4f71b54bda02913,USDC,5405671.449,5406857.114
base,1/5/2025,0xcbb7c0000ab88b473b1f5afd9ef808440eed33bf,cbBTC,702.4614705,68963899.33
optimism,1/5/2025,0x0b2c639c533813f4aa9d7837caf62653d097ff85,USDC,4193679.361,4194989.319
optimism,1/5/2025,0x4200000000000000000000000000000000000006,WETH,1156.221069,4191899.527
optimism,1/5/2025,0x68f180fcce6836688e9084f035309e29bf0a2095,WBTC,0.002501,243.9324345
optimism,1/5/2025,0x94b008aa00579c1307b0ef2c499ad98a8ce58e58,USDT,111246.9357,111255.2687
arbitrum,1/6/2025,0x82af49447d8a07e3bd95bd0d56f35241523fbab1,WETH,1829.05581,6720072.809
arbitrum,1/6/2025,0xaf88d065e77c8cc2239327c5edb3a432268e5831,USDC,12179270.27,12181211.73
arbitrum,1/6/2025,0x2f2a2543b76a4166549f7aab2e75bef0aefc5b0f,WBTC,12.73332569,1274614.743
arbitrum,1/6/2025,0xfd086bc7cd5c481dcc9c85ebe478a1c0b69fcbb9,USDT,3037164.796,3037401.607
base,1/6/2025,0xcbb7c0000ab88b473b1f5afd9ef808440eed33bf,cbBTC,2012.317679,202468290.7
base,1/6/2025,0x833589fcd6edb6e08f4c7c32d4f71b54bda02913,USDC,12686224.03,12688409.76
base,1/6/2025,0x4200000000000000000000000000000000000006,WETH,125069.7774,458066644.3
optimism,1/6/2025,0x0b2c639c533813f4aa9d7837caf62653d097ff85,USDC,5128836.128,5129342.701
optimism,1/6/2025,0x4200000000000000000000000000000000000006,WETH,2553.410328,9376942.476
optimism,1/6/2025,0x94b008aa00579c1307b0ef2c499ad98a8ce58e58,USDT,204978.3001,205043.1779
optimism,1/6/2025,0x68f180fcce6836688e9084f035309e29bf0a2095,WBTC,0.66933113,67172.35988
arbitrum,1/7/2025,0x2f2a2543b76a4166549f7aab2e75bef0aefc5b0f,WBTC,13.25360305,1340357.588
arbitrum,1/7/2025,0xaf88d065e77c8cc2239327c5edb3a432268e5831,USDC,5724452.007,5727217.098
arbitrum,1/7/2025,0xfd086bc7cd5c481dcc9c85ebe478a1c0b69fcbb9,USDT,1484176.959,1484405.569
arbitrum,1/7/2025,0x82af49447d8a07e3bd95bd0d56f35241523fbab1,WETH,662.4177188,2338577.577
base,1/7/2025,0xcbb7c0000ab88b473b1f5afd9ef808440eed33bf,cbBTC,2472.531102,245047782.4
base,1/7/2025,0x4200000000000000000000000000000000000006,WETH,38590.42409,137746817.8
base,1/7/2025,0x833589fcd6edb6e08f4c7c32d4f71b54bda02913,USDC,97284619.13,97334964.34
optimism,1/7/2025,0x94b008aa00579c1307b0ef2c499ad98a8ce58e58,USDT,253384.068,253374.0673
optimism,1/7/2025,0x68f180fcce6836688e9084f035309e29bf0a2095,WBTC,2.03686035,203294.3405
optimism,1/7/2025,0x0b2c639c533813f4aa9d7837caf62653d097ff85,USDC,16811285.43,16818822.65
optimism,1/7/2025,0x4200000000000000000000000000000000000006,WETH,690.7655571,2468489.479
arbitrum,1/8/2025,0xfd086bc7cd5c481dcc9c85ebe478a1c0b69fcbb9,USDT,2591258.968,2592417.036
arbitrum,1/8/2025,0x2f2a2543b76a4166549f7aab2e75bef0aefc5b0f,WBTC,14.40914501,1361026.593
arbitrum,1/8/2025,0xaf88d065e77c8cc2239327c5edb3a432268e5831,USDC,13881641.68,13888601.83
arbitrum,1/8/2025,0x82af49447d8a07e3bd95bd0d56f35241523fbab1,WETH,2095.134184,6972346.28
base,1/8/2025,0x833589fcd6edb6e08f4c7c32d4f71b54bda02913,USDC,338318044.4,338495133.6
base,1/8/2025,0x4200000000000000000000000000000000000006,WETH,63726.98149,213014406.2
base,1/8/2025,0xcbb7c0000ab88b473b1f5afd9ef808440eed33bf,cbBTC,1216.33698,116365330.4
optimism,1/8/2025,0x0b2c639c533813f4aa9d7837caf62653d097ff85,USDC,31645564.58,31661891.24
optimism,1/8/2025,0x4200000000000000000000000000000000000006,WETH,1300.29157,4337398.608
optimism,1/8/2025,0x68f180fcce6836688e9084f035309e29bf0a2095,WBTC,0.04926,4715.204476
optimism,1/8/2025,0x94b008aa00579c1307b0ef2c499ad98a8ce58e58,USDT,160902.208,160961.1438
arbitrum,1/9/2025,0xaf88d065e77c8cc2239327c5edb3a432268e5831,USDC,11827631.86,11835642.27
arbitrum,1/9/2025,0x82af49447d8a07e3bd95bd0d56f35241523fbab1,WETH,632.9376842,2078690.27
arbitrum,1/9/2025,0xfd086bc7cd5c481dcc9c85ebe478a1c0b69fcbb9,USDT,1679629.308,1679917.937
arbitrum,1/9/2025,0x2f2a2543b76a4166549f7aab2e75bef0aefc5b0f,WBTC,5.31510621,494069.4222
base,1/9/2025,0x833589fcd6edb6e08f4c7c32d4f71b54bda02913,USDC,565156086.8,565487340
base,1/9/2025,0x4200000000000000000000000000000000000006,WETH,42937.42392,140965529.7
base,1/9/2025,0xcbb7c0000ab88b473b1f5afd9ef808440eed33bf,cbBTC,852.6843931,79593975.15
optimism,1/9/2025,0x68f180fcce6836688e9084f035309e29bf0a2095,WBTC,1.07235977,99074.34331
optimism,1/9/2025,0x94b008aa00579c1307b0ef2c499ad98a8ce58e58,USDT,67126.91759,67124.34336
optimism,1/9/2025,0x0b2c639c533813f4aa9d7837caf62653d097ff85,USDC,32301530.64,32320079.31
optimism,1/9/2025,0x4200000000000000000000000000000000000006,WETH,1297.071779,4257842.115
arbitrum,1/10/2025,0x82af49447d8a07e3bd95bd0d56f35241523fbab1,WETH,638.8411888,2097218.087
arbitrum,1/10/2025,0x2f2a2543b76a4166549f7aab2e75bef0aefc5b0f,WBTC,3.75674215,353389.7744
arbitrum,1/10/2025,0xfd086bc7cd5c481dcc9c85ebe478a1c0b69fcbb9,USDT,1388844.367,1389504.606
arbitrum,1/10/2025,0xaf88d065e77c8cc2239327c5edb3a432268e5831,USDC,11958599.29,11965088.18
base,1/10/2025,0x833589fcd6edb6e08f4c7c32d4f71b54bda02913,USDC,278785881.2,278938148.2
base,1/10/2025,0xcbb7c0000ab88b473b1f5afd9ef808440eed33bf,cbBTC,644.3221287,60864698.24
base,1/10/2025,0x4200000000000000000000000000000000000006,WETH,33643.08922,110136767
optimism,1/10/2025,0x68f180fcce6836688e9084f035309e29bf0a2095,WBTC,0.02851986,2683.4722
optimism,1/10/2025,0x94b008aa00579c1307b0ef2c499ad98a8ce58e58,USDT,99515.99944,99597.74195
optimism,1/10/2025,0x0b2c639c533813f4aa9d7837caf62653d097ff85,USDC,25425702.96,25439451.89
optimism,1/10/2025,0x4200000000000000000000000000000000000006,WETH,688.5435099,2249026.604
arbitrum,1/11/2025,0xaf88d065e77c8cc2239327c5edb3a432268e5831,USDC,3850983.229,3854158.631
arbitrum,1/11/2025,0x2f2a2543b76a4166549f7aab2e75bef0aefc5b0f,WBTC,4.58710153,432860.8148
arbitrum,1/11/2025,0xfd086bc7cd5c481dcc9c85ebe478a1c0b69fcbb9,USDT,304033.0559,304135.7796
arbitrum,1/11/2025,0x82af49447d8a07e3bd95bd0d56f35241523fbab1,WETH,149.3352596,488768.7915
base,1/11/2025,0xcbb7c0000ab88b473b1f5afd9ef808440eed33bf,cbBTC,337.2069885,31854792.67
base,1/11/2025,0x4200000000000000000000000000000000000006,WETH,33063.83817,107995228.8
base,1/11/2025,0x833589fcd6edb6e08f4c7c32d4f71b54bda02913,USDC,203661769.5,203785787
optimism,1/11/2025,0x94b008aa00579c1307b0ef2c499ad98a8ce58e58,USDT,66133.09145,66142.13591
optimism,1/11/2025,0x68f180fcce6836688e9084f035309e29bf0a2095,WBTC,0.35221439,33198.16896
optimism,1/11/2025,0x4200000000000000000000000000000000000006,WETH,249.0799584,813956.9323
optimism,1/11/2025,0x0b2c639c533813f4aa9d7837caf62653d097ff85,USDC,15065891.19,15075238.17
arbitrum,1/12/2025,0x82af49447d8a07e3bd95bd0d56f35241523fbab1,WETH,165.3047271,541351.6156
arbitrum,1/12/2025,0xaf88d065e77c8cc2239327c5edb3a432268e5831,USDC,3228297.188,3231662.247
arbitrum,1/12/2025,0x2f2a2543b76a4166549f7aab2e75bef0aefc5b0f,WBTC,0.59389889,56106.36652
arbitrum,1/12/2025,0xfd086bc7cd5c481dcc9c85ebe478a1c0b69fcbb9,USDT,366233.204,366412.1546
base,1/12/2025,0xcbb7c0000ab88b473b1f5afd9ef808440eed33bf,cbBTC,252.5375314,23888721.84
base,1/12/2025,0x833589fcd6edb6e08f4c7c32d4f71b54bda02913,USDC,122559325.5,122690486.6
base,1/12/2025,0x4200000000000000000000000000000000000006,WETH,33428.43227,109501680.9
optimism,1/12/2025,0x94b008aa00579c1307b0ef2c499ad98a8ce58e58,USDT,10329.89377,10336.10242
optimism,1/12/2025,0x68f180fcce6836688e9084f035309e29bf0a2095,WBTC,0.00600007,563.5549887
optimism,1/12/2025,0x4200000000000000000000000000000000000006,WETH,129.9773986,424125.9538
optimism,1/12/2025,0x0b2c639c533813f4aa9d7837caf62653d097ff85,USDC,10492985.45,10503812.84
arbitrum,1/13/2025,0x82af49447d8a07e3bd95bd0d56f35241523fbab1,WETH,3669.243129,11341704.66
arbitrum,1/13/2025,0xaf88d065e77c8cc2239327c5edb3a432268e5831,USDC,13455575.74,13465582.02
arbitrum,1/13/2025,0x2f2a2543b76a4166549f7aab2e75bef0aefc5b0f,WBTC,12.0838477,1104196.522
arbitrum,1/13/2025,0xfd086bc7cd5c481dcc9c85ebe478a1c0b69fcbb9,USDT,2559654.101,2559540.758
base,1/13/2025,0x833589fcd6edb6e08f4c7c32d4f71b54bda02913,USDC,315377355,315661386
base,1/13/2025,0x4200000000000000000000000000000000000006,WETH,32595.23333,104606980.5
base,1/13/2025,0xcbb7c0000ab88b473b1f5afd9ef808440eed33bf,cbBTC,932.4546463,86642617.18
optimism,1/13/2025,0x68f180fcce6836688e9084f035309e29bf0a2095,WBTC,0.09293233,8524.023447
optimism,1/13/2025,0x4200000000000000000000000000000000000006,WETH,1710.03084,5343395.302
optimism,1/13/2025,0x94b008aa00579c1307b0ef2c499ad98a8ce58e58,USDT,170484.5633,170497.7946
optimism,1/13/2025,0x0b2c639c533813f4aa9d7837caf62653d097ff85,USDC,26357386.37,26378910.77
arbitrum,1/14/2025,0x2f2a2543b76a4166549f7aab2e75bef0aefc5b0f,WBTC,4.9157139,470030.3164
arbitrum,1/14/2025,0xfd086bc7cd5c481dcc9c85ebe478a1c0b69fcbb9,USDT,1263470.384,1263405.65
arbitrum,1/14/2025,0x82af49447d8a07e3bd95bd0d56f35241523fbab1,WETH,642.3189206,2051904.941
arbitrum,1/14/2025,0xaf88d065e77c8cc2239327c5edb3a432268e5831,USDC,10284900.5,10288799.7
base,1/14/2025,0x4200000000000000000000000000000000000006,WETH,23817.35746,76063372.92
base,1/14/2025,0x833589fcd6edb6e08f4c7c32d4f71b54bda02913,USDC,26656126.11,26667860.87
base,1/14/2025,0xcbb7c0000ab88b473b1f5afd9ef808440eed33bf,cbBTC,188.5441638,18181851.22
optimism,1/14/2025,0x4200000000000000000000000000000000000006,WETH,980.360929,3130971.932
optimism,1/14/2025,0x94b008aa00579c1307b0ef2c499ad98a8ce58e58,USDT,217792.8459,217781.8436
optimism,1/14/2025,0x0b2c639c533813f4aa9d7837caf62653d097ff85,USDC,36912528.22,36927979.41
optimism,1/14/2025,0x68f180fcce6836688e9084f035309e29bf0a2095,WBTC,1.31206,126234.6953
arbitrum,1/15/2025,0xfd086bc7cd5c481dcc9c85ebe478a1c0b69fcbb9,USDT,3301582.322,3301621.162
arbitrum,1/15/2025,0x82af49447d8a07e3bd95bd0d56f35241523fbab1,WETH,683.3225398,2233895.146
arbitrum,1/15/2025,0x2f2a2543b76a4166549f7aab2e75bef0aefc5b0f,WBTC,7.48765292,740799.0356
arbitrum,1/15/2025,0xaf88d065e77c8cc2239327c5edb3a432268e5831,USDC,15413255.37,15416211.41
base,1/15/2025,0x833589fcd6edb6e08f4c7c32d4f71b54bda02913,USDC,438637094.1,438745510.9
base,1/15/2025,0x4200000000000000000000000000000000000006,WETH,19051.5816,61720388.53
base,1/15/2025,0xcbb7c0000ab88b473b1f5afd9ef808440eed33bf,cbBTC,2122.930476,209653995.3
optimism,1/15/2025,0x68f180fcce6836688e9084f035309e29bf0a2095,WBTC,0.25471,24765.8569
optimism,1/15/2025,0x94b008aa00579c1307b0ef2c499ad98a8ce58e58,USDT,364039.5211,364024.8407
optimism,1/15/2025,0x0b2c639c533813f4aa9d7837caf62653d097ff85,USDC,46839385.57,46853532.88
optimism,1/15/2025,0x4200000000000000000000000000000000000006,WETH,631.9607609,2081150.828
arbitrum,1/16/2025,0xfd086bc7cd5c481dcc9c85ebe478a1c0b69fcbb9,USDT,1652579.463,1652637.726
arbitrum,1/16/2025,0xaf88d065e77c8cc2239327c5edb3a432268e5831,USDC,8910253.147,8911897.086
arbitrum,1/16/2025,0x82af49447d8a07e3bd95bd0d56f35241523fbab1,WETH,884.3024787,2932224.438
arbitrum,1/16/2025,0x2f2a2543b76a4166549f7aab2e75bef0aefc5b0f,WBTC,3.6259941,361078.8451
base,1/16/2025,0x4200000000000000000000000000000000000006,WETH,23508.68943,78981494.92
base,1/16/2025,0x833589fcd6edb6e08f4c7c32d4f71b54bda02913,USDC,622426849,622551209
base,1/16/2025,0xcbb7c0000ab88b473b1f5afd9ef808440eed33bf,cbBTC,3489.443267,347577362.4
optimism,1/16/2025,0x0b2c639c533813f4aa9d7837caf62653d097ff85,USDC,46168965.21,46178803.46
optimism,1/16/2025,0x94b008aa00579c1307b0ef2c499ad98a8ce58e58,USDT,281462.8206,281464.9558
optimism,1/16/2025,0x68f180fcce6836688e9084f035309e29bf0a2095,WBTC,0.041,4076.978075
optimism,1/16/2025,0x4200000000000000000000000000000000000006,WETH,778.6841418,2599230.764
arbitrum,1/17/2025,0x2f2a2543b76a4166549f7aab2e75bef0aefc5b0f,WBTC,22.56363482,2285542.268
arbitrum,1/17/2025,0x82af49447d8a07e3bd95bd0d56f35241523fbab1,WETH,465.9823904,1597212.298
arbitrum,1/17/2025,0xaf88d065e77c8cc2239327c5edb3a432268e5831,USDC,17102105.42,17104465.49
arbitrum,1/17/2025,0xfd086bc7cd5c481dcc9c85ebe478a1c0b69fcbb9,USDT,4085227.048,4086174.824
base,1/17/2025,0xcbb7c0000ab88b473b1f5afd9ef808440eed33bf,cbBTC,2873.581334,295282573.1
base,1/17/2025,0x4200000000000000000000000000000000000006,WETH,50959.93804,173368446
base,1/17/2025,0x833589fcd6edb6e08f4c7c32d4f71b54bda02913,USDC,223626953.5,223652734.8
optimism,1/17/2025,0x68f180fcce6836688e9084f035309e29bf0a2095,WBTC,1.26079338,128702.4576
optimism,1/17/2025,0x94b008aa00579c1307b0ef2c499ad98a8ce58e58,USDT,384412.4996,384369.3416
optimism,1/17/2025,0x0b2c639c533813f4aa9d7837caf62653d097ff85,USDC,36621232.18,36624865.64
optimism,1/17/2025,0x4200000000000000000000000000000000000006,WETH,846.6698775,2925502.961
arbitrum,1/18/2025,0xaf88d065e77c8cc2239327c5edb3a432268e5831,USDC,15541101.64,15547836.16
arbitrum,1/18/2025,0xfd086bc7cd5c481dcc9c85ebe478a1c0b69fcbb9,USDT,3136698.368,3136232.978
arbitrum,1/18/2025,0x82af49447d8a07e3bd95bd0d56f35241523fbab1,WETH,1350.589687,4480265.094
arbitrum,1/18/2025,0x2f2a2543b76a4166549f7aab2e75bef0aefc5b0f,WBTC,2.49638448,258701.9146
base,1/18/2025,0x833589fcd6edb6e08f4c7c32d4f71b54bda02913,USDC,359553988.6,359701973.4
base,1/18/2025,0xcbb7c0000ab88b473b1f5afd9ef808440eed33bf,cbBTC,3210.527773,332359089.1
base,1/18/2025,0x4200000000000000000000000000000000000006,WETH,59381.79038,196703561.5
optimism,1/18/2025,0x4200000000000000000000000000000000000006,WETH,1568.434692,5284468.814
optimism,1/18/2025,0x94b008aa00579c1307b0ef2c499ad98a8ce58e58,USDT,1012692.808,1012482.74
optimism,1/18/2025,0x0b2c639c533813f4aa9d7837caf62653d097ff85,USDC,38009733.16,38025070.82
optimism,1/18/2025,0x68f180fcce6836688e9084f035309e29bf0a2095,WBTC,0.3306,34088.29419
arbitrum,1/19/2025,0x82af49447d8a07e3bd95bd0d56f35241523fbab1,WETH,3186.459337,10361068.62
arbitrum,1/19/2025,0xfd086bc7cd5c481dcc9c85ebe478a1c0b69fcbb9,USDT,5087844.167,5084768.944
arbitrum,1/19/2025,0xaf88d065e77c8cc2239327c5edb3a432268e5831,USDC,48012546.76,48052855.04
arbitrum,1/19/2025,0x2f2a2543b76a4166549f7aab2e75bef0aefc5b0f,WBTC,27.65482197,2888771.822
base,1/19/2025,0xcbb7c0000ab88b473b1f5afd9ef808440eed33bf,cbBTC,1557.041331,163276078.7
base,1/19/2025,0x833589fcd6edb6e08f4c7c32d4f71b54bda02913,USDC,335126224.1,335358079.4
base,1/19/2025,0x4200000000000000000000000000000000000006,WETH,55347.53699,182121781.9
optimism,1/19/2025,0x94b008aa00579c1307b0ef2c499ad98a8ce58e58,USDT,469480.7568,469230.3834
optimism,1/19/2025,0x4200000000000000000000000000000000000006,WETH,2892.205801,9474738.471
optimism,1/19/2025,0x68f180fcce6836688e9084f035309e29bf0a2095,WBTC,0.14761556,15385.71196
optimism,1/19/2025,0x0b2c639c533813f4aa9d7837caf62653d097ff85,USDC,32811465.23,32832441.12
arbitrum,1/20/2025,0x82af49447d8a07e3bd95bd0d56f35241523fbab1,WETH,2488.257949,8156338.785
arbitrum,1/20/2025,0xaf88d065e77c8cc2239327c5edb3a432268e5831,USDC,34275945.9,34296832.27
arbitrum,1/20/2025,0x2f2a2543b76a4166549f7aab2e75bef0aefc5b0f,WBTC,41.84719828,4417439.273
arbitrum,1/20/2025,0xfd086bc7cd5c481dcc9c85ebe478a1c0b69fcbb9,USDT,4608733.605,4606389.124
base,1/20/2025,0x4200000000000000000000000000000000000006,WETH,27334.61874,90355767.58
base,1/20/2025,0x833589fcd6edb6e08f4c7c32d4f71b54bda02913,USDC,287223043.5,287411642.4
base,1/20/2025,0xcbb7c0000ab88b473b1f5afd9ef808440eed33bf,cbBTC,1141.746278,119178703.5
optimism,1/20/2025,0x4200000000000000000000000000000000000006,WETH,2011.337553,6665107.364
optimism,1/20/2025,0x68f180fcce6836688e9084f035309e29bf0a2095,WBTC,2.43025829,251719.7075
optimism,1/20/2025,0x94b008aa00579c1307b0ef2c499ad98a8ce58e58,USDT,1108789.057,1107334.296
optimism,1/20/2025,0x0b2c639c533813f4aa9d7837caf62653d097ff85,USDC,14959509.92,14968577.57
arbitrum,1/21/2025,0xaf88d065e77c8cc2239327c5edb3a432268e5831,USDC,18607808.89,18616543.93
arbitrum,1/21/2025,0xfd086bc7cd5c481dcc9c85ebe478a1c0b69fcbb9,USDT,2365003.574,2364285.516
arbitrum,1/21/2025,0x82af49447d8a07e3bd95bd0d56f35241523fbab1,WETH,1342.281403,4392816.633
arbitrum,1/21/2025,0x2f2a2543b76a4166549f7aab2e75bef0aefc5b0f,WBTC,12.71157991,1327345.531
base,1/21/2025,0x4200000000000000000000000000000000000006,WETH,37471.59934,123377668.9
base,1/21/2025,0x833589fcd6edb6e08f4c7c32d4f71b54bda02913,USDC,143223282.5,143304663.4
base,1/21/2025,0xcbb7c0000ab88b473b1f5afd9ef808440eed33bf,cbBTC,1608.824428,166012600.9
optimism,1/21/2025,0x0b2c639c533813f4aa9d7837caf62653d097ff85,USDC,18793237.05,18801848.33
optimism,1/21/2025,0x68f180fcce6836688e9084f035309e29bf0a2095,WBTC,0.05863779,6124.568121
optimism,1/21/2025,0x4200000000000000000000000000000000000006,WETH,1284.609656,4231113.262
optimism,1/21/2025,0x94b008aa00579c1307b0ef2c499ad98a8ce58e58,USDT,220719.8669,220587.9538
arbitrum,1/22/2025,0xaf88d065e77c8cc2239327c5edb3a432268e5831,USDC,8188688.714,8191926.429
arbitrum,1/22/2025,0xfd086bc7cd5c481dcc9c85ebe478a1c0b69fcbb9,USDT,1082504.363,1082788.362
arbitrum,1/22/2025,0x2f2a2543b76a4166549f7aab2e75bef0aefc5b0f,WBTC,4.11032786,429267.2354
arbitrum,1/22/2025,0x82af49447d8a07e3bd95bd0d56f35241523fbab1,WETH,905.4223562,2983800.965
base,1/22/2025,0x4200000000000000000000000000000000000006,WETH,31855.72748,105243365.2
base,1/22/2025,0xcbb7c0000ab88b473b1f5afd9ef808440eed33bf,cbBTC,885.2741089,92632351.75
base,1/22/2025,0x833589fcd6edb6e08f4c7c32d4f71b54bda02913,USDC,111226899.3,111263066.5
optimism,1/22/2025,0x4200000000000000000000000000000000000006,WETH,536.1115783,1758877.666
optimism,1/22/2025,0x0b2c639c533813f4aa9d7837caf62653d097ff85,USDC,24581013.01,24590771.38
optimism,1/22/2025,0x68f180fcce6836688e9084f035309e29bf0a2095,WBTC,0.07418073,7766.658458
optimism,1/22/2025,0x94b008aa00579c1307b0ef2c499ad98a8ce58e58,USDT,106152.6126,106170.1796
arbitrum,1/23/2025,0x2f2a2543b76a4166549f7aab2e75bef0aefc5b0f,WBTC,27.49202354,2864678.318
arbitrum,1/23/2025,0xaf88d065e77c8cc2239327c5edb3a432268e5831,USDC,12138695.7,12149516.91
arbitrum,1/23/2025,0xfd086bc7cd5c481dcc9c85ebe478a1c0b69fcbb9,USDT,3102678.031,3103692.845
arbitrum,1/23/2025,0x82af49447d8a07e3bd95bd0d56f35241523fbab1,WETH,1409.62834,4601332.046
base,1/23/2025,0xcbb7c0000ab88b473b1f5afd9ef808440eed33bf,cbBTC,2140.698925,220320384.5
base,1/23/2025,0x833589fcd6edb6e08f4c7c32d4f71b54bda02913,USDC,99253518.74,99310591.41
base,1/23/2025,0x4200000000000000000000000000000000000006,WETH,23263.46502,75105295.76
optimism,1/23/2025,0x0b2c639c533813f4aa9d7837caf62653d097ff85,USDC,12571872.19,12578241.46
optimism,1/23/2025,0x4200000000000000000000000000000000000006,WETH,889.423232,2880141.018
optimism,1/23/2025,0x68f180fcce6836688e9084f035309e29bf0a2095,WBTC,0.10228632,10440.83231
optimism,1/23/2025,0x94b008aa00579c1307b0ef2c499ad98a8ce58e58,USDT,263580.1583,263630.1506
arbitrum,1/24/2025,0xfd086bc7cd5c481dcc9c85ebe478a1c0b69fcbb9,USDT,1470966.46,1471414.729
arbitrum,1/24/2025,0x2f2a2543b76a4166549f7aab2e75bef0aefc5b0f,WBTC,29.83737972,3140603.382
arbitrum,1/24/2025,0xaf88d065e77c8cc2239327c5edb3a432268e5831,USDC,11819068.29,11824114.75
arbitrum,1/24/2025,0x82af49447d8a07e3bd95bd0d56f35241523fbab1,WETH,1269.11134,4267196.979
base,1/24/2025,0xcbb7c0000ab88b473b1f5afd9ef808440eed33bf,cbBTC,2176.783482,228524873.2
base,1/24/2025,0x4200000000000000000000000000000000000006,WETH,36531.70129,123115432.4
base,1/24/2025,0x833589fcd6edb6e08f4c7c32d4f71b54bda02913,USDC,106174157,106214111.8
optimism,1/24/2025,0x68f180fcce6836688e9084f035309e29bf0a2095,WBTC,1.51685289,159349.0536
optimism,1/24/2025,0x4200000000000000000000000000000000000006,WETH,662.4293555,2231019.274
optimism,1/24/2025,0x0b2c639c533813f4aa9d7837caf62653d097ff85,USDC,36717531.09,36731953.11
optimism,1/24/2025,0x94b008aa00579c1307b0ef2c499ad98a8ce58e58,USDT,95998.47,96032.38266
arbitrum,1/25/2025,0x82af49447d8a07e3bd95bd0d56f35241523fbab1,WETH,499.8369287,1660311.899
arbitrum,1/25/2025,0xaf88d065e77c8cc2239327c5edb3a432268e5831,USDC,8613341.725,8617501.033
arbitrum,1/25/2025,0xfd086bc7cd5c481dcc9c85ebe478a1c0b69fcbb9,USDT,1010848.104,1011146.235
arbitrum,1/25/2025,0x2f2a2543b76a4166549f7aab2e75bef0aefc5b0f,WBTC,5.31373742,555534.1989
base,1/25/2025,0x833589fcd6edb6e08f4c7c32d4f71b54bda02913,USDC,94162577.1,94205184.1
base,1/25/2025,0xcbb7c0000ab88b473b1f5afd9ef808440eed33bf,cbBTC,1360.648995,142374541.4
base,1/25/2025,0x4200000000000000000000000000000000000006,WETH,31510.4036,104477254
optimism,1/25/2025,0x0b2c639c533813f4aa9d7837caf62653d097ff85,USDC,22634498.84,22646224.89
optimism,1/25/2025,0x68f180fcce6836688e9084f035309e29bf0a2095,WBTC,0.2987693,31280.02512
optimism,1/25/2025,0x94b008aa00579c1307b0ef2c499ad98a8ce58e58,USDT,146245.5247,146289.133
optimism,1/25/2025,0x4200000000000000000000000000000000000006,WETH,185.2318085,612671.893
arbitrum,1/26/2025,0x82af49447d8a07e3bd95bd0d56f35241523fbab1,WETH,300.4718963,996519.7812
arbitrum,1/26/2025,0xaf88d065e77c8cc2239327c5edb3a432268e5831,USDC,5056223.264,5059673.247
arbitrum,1/26/2025,0xfd086bc7cd5c481dcc9c85ebe478a1c0b69fcbb9,USDT,840536.7769,841014.2738
arbitrum,1/26/2025,0x2f2a2543b76a4166549f7aab2e75bef0aefc5b0f,WBTC,0.63570025,66516.18624
base,1/26/2025,0xcbb7c0000ab88b473b1f5afd9ef808440eed33bf,cbBTC,687.5342449,71952741.76
base,1/26/2025,0x833589fcd6edb6e08f4c7c32d4f71b54bda02913,USDC,115739997.5,115823406.2
base,1/26/2025,0x4200000000000000000000000000000000000006,WETH,29135.91874,96742473.76
optimism,1/26/2025,0x94b008aa00579c1307b0ef2c499ad98a8ce58e58,USDT,29910.83012,29928.37386
optimism,1/26/2025,0x68f180fcce6836688e9084f035309e29bf0a2095,WBTC,0.08651672,9071.573853
optimism,1/26/2025,0x0b2c639c533813f4aa9d7837caf62653d097ff85,USDC,14904779.77,14916009.64
optimism,1/26/2025,0x4200000000000000000000000000000000000006,WETH,854.9517875,2826606.295
arbitrum,1/27/2025,0xfd086bc7cd5c481dcc9c85ebe478a1c0b69fcbb9,USDT,3933388.048,3935020.135
arbitrum,1/27/2025,0x82af49447d8a07e3bd95bd0d56f35241523fbab1,WETH,1861.19466,5758810.642
arbitrum,1/27/2025,0xaf88d065e77c8cc2239327c5edb3a432268e5831,USDC,27578857.05,27600041.01
arbitrum,1/27/2025,0x2f2a2543b76a4166549f7aab2e75bef0aefc5b0f,WBTC,11.58541475,1166047.278
base,1/27/2025,0xcbb7c0000ab88b473b1f5afd9ef808440eed33bf,cbBTC,1127.908729,114087721.9
base,1/27/2025,0x4200000000000000000000000000000000000006,WETH,28466.41777,89032564.57
base,1/27/2025,0x833589fcd6edb6e08f4c7c32d4f71b54bda02913,USDC,108752003.2,108842565.1
optimism,1/27/2025,0x4200000000000000000000000000000000000006,WETH,383.8002963,1193430.709
optimism,1/27/2025,0x94b008aa00579c1307b0ef2c499ad98a8ce58e58,USDT,955185.8422,955480.9578
optimism,1/27/2025,0x0b2c639c533813f4aa9d7837caf62653d097ff85,USDC,7319511.15,7324723.265
optimism,1/27/2025,0x68f180fcce6836688e9084f035309e29bf0a2095,WBTC,0.11477588,11522.19049
arbitrum,1/28/2025,0x2f2a2543b76a4166549f7aab2e75bef0aefc5b0f,WBTC,9.52157389,975990.5223
arbitrum,1/28/2025,0xaf88d065e77c8cc2239327c5edb3a432268e5831,USDC,11467776.69,11473996.33
arbitrum,1/28/2025,0x82af49447d8a07e3bd95bd0d56f35241523fbab1,WETH,488.7758759,1545634.588
arbitrum,1/28/2025,0xfd086bc7cd5c481dcc9c85ebe478a1c0b69fcbb9,USDT,1585417.003,1586116.331
base,1/28/2025,0xcbb7c0000ab88b473b1f5afd9ef808440eed33bf,cbBTC,412.1440933,42044735.23
base,1/28/2025,0x4200000000000000000000000000000000000006,WETH,41591.32984,132004456.9
base,1/28/2025,0x833589fcd6edb6e08f4c7c32d4f71b54bda02913,USDC,61579736.36,61611017.16
optimism,1/28/2025,0x68f180fcce6836688e9084f035309e29bf0a2095,WBTC,1.34307541,137686.0577
optimism,1/28/2025,0x94b008aa00579c1307b0ef2c499ad98a8ce58e58,USDT,65764.05659,65775.56245
optimism,1/28/2025,0x0b2c639c533813f4aa9d7837caf62653d097ff85,USDC,7895966.213,7899680.005
optimism,1/28/2025,0x4200000000000000000000000000000000000006,WETH,133.3422193,419391.1079
arbitrum,1/29/2025,0xfd086bc7cd5c481dcc9c85ebe478a1c0b69fcbb9,USDT,917705.6736,917877.2681
arbitrum,1/29/2025,0x2f2a2543b76a4166549f7aab2e75bef0aefc5b0f,WBTC,16.96601709,1736410.78
arbitrum,1/29/2025,0x82af49447d8a07e3bd95bd0d56f35241523fbab1,WETH,1606.729304,5030350.984
arbitrum,1/29/2025,0xaf88d065e77c8cc2239327c5edb3a432268e5831,USDC,12917621.35,12923521.26
base,1/29/2025,0xcbb7c0000ab88b473b1f5afd9ef808440eed33bf,cbBTC,271.8157708,27915986.57
base,1/29/2025,0x833589fcd6edb6e08f4c7c32d4f71b54bda02913,USDC,37654072.13,37674224.28
base,1/29/2025,0x4200000000000000000000000000000000000006,WETH,29774.3684,92977221.3
optimism,1/29/2025,0x4200000000000000000000000000000000000006,WETH,261.5206684,818673.3604
optimism,1/29/2025,0x94b008aa00579c1307b0ef2c499ad98a8ce58e58,USDT,128673.4195,128698.6377
optimism,1/29/2025,0x68f180fcce6836688e9084f035309e29bf0a2095,WBTC,0.35397979,36064.49146
optimism,1/29/2025,0x0b2c639c533813f4aa9d7837caf62653d097ff85,USDC,3555000.126,3556874.115
arbitrum,1/30/2025,0xfd086bc7cd5c481dcc9c85ebe478a1c0b69fcbb9,USDT,1223828.198,1224139.018
arbitrum,1/30/2025,0x2f2a2543b76a4166549f7aab2e75bef0aefc5b0f,WBTC,7.69871349,806937.4049
arbitrum,1/30/2025,0x82af49447d8a07e3bd95bd0d56f35241523fbab1,WETH,783.8220898,2552512.254
arbitrum,1/30/2025,0xaf88d065e77c8cc2239327c5edb3a432268e5831,USDC,13412468.49,13417282.35
base,1/30/2025,0x4200000000000000000000000000000000000006,WETH,29060.30275,93149561.6
base,1/30/2025,0xcbb7c0000ab88b473b1f5afd9ef808440eed33bf,cbBTC,274.2487253,28828894.85
base,1/30/2025,0x833589fcd6edb6e08f4c7c32d4f71b54bda02913,USDC,62297771.33,62319934.1
optimism,1/30/2025,0x0b2c639c533813f4aa9d7837caf62653d097ff85,USDC,12809978.71,12814265.27
optimism,1/30/2025,0x68f180fcce6836688e9084f035309e29bf0a2095,WBTC,0.0807232,8468.588123
optimism,1/30/2025,0x4200000000000000000000000000000000000006,WETH,251.7313555,812472.7992
optimism,1/30/2025,0x94b008aa00579c1307b0ef2c499ad98a8ce58e58,USDT,92679.30261,92706.56485
arbitrum,1/31/2025,0xfd086bc7cd5c481dcc9c85ebe478a1c0b69fcbb9,USDT,1887898.701,1888384.204
arbitrum,1/31/2025,0x2f2a2543b76a4166549f7aab2e75bef0aefc5b0f,WBTC,4.29180121,447461.2735
arbitrum,1/31/2025,0x82af49447d8a07e3bd95bd0d56f35241523fbab1,WETH,1434.126568,4803047.943
arbitrum,1/31/2025,0xaf88d065e77c8cc2239327c5edb3a432268e5831,USDC,10856829.28,10861859.36
base,1/31/2025,0xcbb7c0000ab88b473b1f5afd9ef808440eed33bf,cbBTC,591.6981733,61306334.75
base,1/31/2025,0x833589fcd6edb6e08f4c7c32d4f71b54bda02913,USDC,100918508.9,100955934.5
base,1/31/2025,0x4200000000000000000000000000000000000006,WETH,24743.16822,81640828.03
optimism,1/31/2025,0x94b008aa00579c1307b0ef2c499ad98a8ce58e58,USDT,76255.02537,76276.08243
optimism,1/31/2025,0x0b2c639c533813f4aa9d7837caf62653d097ff85,USDC,14716160.41,14722040.24
optimism,1/31/2025,0x4200000000000000000000000000000000000006,WETH,222.5061657,734998.3555
optimism,1/31/2025,0x68f180fcce6836688e9084f035309e29bf0a2095,WBTC,0.17424737,18066.05018
arbitrum,2/1/2025,0xfd086bc7cd5c481dcc9c85ebe478a1c0b69fcbb9,USDT,1230599.874,1231044.964
arbitrum,2/1/2025,0x2f2a2543b76a4166549f7aab2e75bef0aefc5b0f,WBTC,2.87434443,293042.9747
arbitrum,2/1/2025,0x82af49447d8a07e3bd95bd0d56f35241523fbab1,WETH,413.9225505,1331055.86
arbitrum,2/1/2025,0xaf88d065e77c8cc2239327c5edb3a432268e5831,USDC,4817251.561,4820732.679
base,2/1/2025,0xcbb7c0000ab88b473b1f5afd9ef808440eed33bf,cbBTC,444.3850183,45206796.04
base,2/1/2025,0x4200000000000000000000000000000000000006,WETH,25265.40558,82330777.56
base,2/1/2025,0x833589fcd6edb6e08f4c7c32d4f71b54bda02913,USDC,71309688.93,71355725.06
optimism,2/1/2025,0x0b2c639c533813f4aa9d7837caf62653d097ff85,USDC,11933401.35,11940364.58
optimism,2/1/2025,0x68f180fcce6836688e9084f035309e29bf0a2095,WBTC,0.04146665,4238.21016
optimism,2/1/2025,0x94b008aa00579c1307b0ef2c499ad98a8ce58e58,USDT,346291.2594,346371.0959
optimism,2/1/2025,0x4200000000000000000000000000000000000006,WETH,311.6102312,1013523.877
arbitrum,2/2/2025,0x82af49447d8a07e3bd95bd0d56f35241523fbab1,WETH,1926.573082,5874298.312
arbitrum,2/2/2025,0x2f2a2543b76a4166549f7aab2e75bef0aefc5b0f,WBTC,3.59184387,354076.3465
arbitrum,2/2/2025,0xaf88d065e77c8cc2239327c5edb3a432268e5831,USDC,11003202.31,11013983.52
arbitrum,2/2/2025,0xfd086bc7cd5c481dcc9c85ebe478a1c0b69fcbb9,USDT,2099369.082,2100192.379
base,2/2/2025,0xcbb7c0000ab88b473b1f5afd9ef808440eed33bf,cbBTC,490.3372018,48720769.04
base,2/2/2025,0x833589fcd6edb6e08f4c7c32d4f71b54bda02913,USDC,117668027.5,117777190.8
base,2/2/2025,0x4200000000000000000000000000000000000006,WETH,13797.38077,42438361.34
optimism,2/2/2025,0x68f180fcce6836688e9084f035309e29bf0a2095,WBTC,0.02944082,2927.647898
optimism,2/2/2025,0x4200000000000000000000000000000000000006,WETH,329.8423627,1006941.979
optimism,2/2/2025,0x0b2c639c533813f4aa9d7837caf62653d097ff85,USDC,6396781.565,6402973.688
optimism,2/2/2025,0x94b008aa00579c1307b0ef2c499ad98a8ce58e58,USDT,279357.6896,279474.3277
arbitrum,2/3/2025,0x82af49447d8a07e3bd95bd0d56f35241523fbab1,WETH,4550.629853,11995889.67
arbitrum,2/3/2025,0xfd086bc7cd5c481dcc9c85ebe478a1c0b69fcbb9,USDT,5769827.468,5779147.822
arbitrum,2/3/2025,0x2f2a2543b76a4166549f7aab2e75bef0aefc5b0f,WBTC,5.57667778,542242.3535
arbitrum,2/3/2025,0xaf88d065e77c8cc2239327c5edb3a432268e5831,USDC,37160960.07,37192736.01
base,2/3/2025,0xcbb7c0000ab88b473b1f5afd9ef808440eed33bf,cbBTC,222.5772227,21539470.95
base,2/3/2025,0x4200000000000000000000000000000000000006,WETH,11054.79563,28863732.98
base,2/3/2025,0x833589fcd6edb6e08f4c7c32d4f71b54bda02913,USDC,75839780.39,75904023.28
optimism,2/3/2025,0x0b2c639c533813f4aa9d7837caf62653d097ff85,USDC,4396625.681,4401036.213
optimism,2/3/2025,0x4200000000000000000000000000000000000006,WETH,1951.080347,5124578.36
optimism,2/3/2025,0x68f180fcce6836688e9084f035309e29bf0a2095,WBTC,1.60687075,154931.7935
optimism,2/3/2025,0x94b008aa00579c1307b0ef2c499ad98a8ce58e58,USDT,1258508.967,1260555.245
arbitrum,2/4/2025,0xfd086bc7cd5c481dcc9c85ebe478a1c0b69fcbb9,USDT,1914790.765,1916231.119
arbitrum,2/4/2025,0x82af49447d8a07e3bd95bd0d56f35241523fbab1,WETH,1901.692669,5262224.626
arbitrum,2/4/2025,0xaf88d065e77c8cc2239327c5edb3a432268e5831,USDC,13721317.82,13722538.42
arbitrum,2/4/2025,0x2f2a2543b76a4166549f7aab2e75bef0aefc5b0f,WBTC,9.81427766,967775.1996
base,2/4/2025,0x4200000000000000000000000000000000000006,WETH,19012.17213,52802883.08
base,2/4/2025,0x833589fcd6edb6e08f4c7c32d4f71b54bda02913,USDC,38551109.46,38561046.12
base,2/4/2025,0xcbb7c0000ab88b473b1f5afd9ef808440eed33bf,cbBTC,220.8020117,21952926.64
optimism,2/4/2025,0x68f180fcce6836688e9084f035309e29bf0a2095,WBTC,0.69867882,69276.59914
optimism,2/4/2025,0x4200000000000000000000000000000000000006,WETH,937.3426066,2583458.054
optimism,2/4/2025,0x0b2c639c533813f4aa9d7837caf62653d097ff85,USDC,1946475.881,1947500.595
optimism,2/4/2025,0x94b008aa00579c1307b0ef2c499ad98a8ce58e58,USDT,707511.2245,708187.5833
arbitrum,2/5/2025,0x2f2a2543b76a4166549f7aab2e75bef0aefc5b0f,WBTC,1.00876323,98496.76731
arbitrum,2/5/2025,0xfd086bc7cd5c481dcc9c85ebe478a1c0b69fcbb9,USDT,792259.5549,792641.3151
arbitrum,2/5/2025,0xaf88d065e77c8cc2239327c5edb3a432268e5831,USDC,7221823.916,7223812.65
arbitrum,2/5/2025,0x82af49447d8a07e3bd95bd0d56f35241523fbab1,WETH,1427.25081,3935176.401
base,2/5/2025,0x833589fcd6edb6e08f4c7c32d4f71b54bda02913,USDC,63735100.31,63756400.84
base,2/5/2025,0xcbb7c0000ab88b473b1f5afd9ef808440eed33bf,cbBTC,171.2121775,16756323.08
base,2/5/2025,0x4200000000000000000000000000000000000006,WETH,19280.66689,53158821.3
optimism,2/5/2025,0x68f180fcce6836688e9084f035309e29bf0a2095,WBTC,0.2285064,22284.18626
optimism,2/5/2025,0x4200000000000000000000000000000000000006,WETH,983.7070682,2718908.717
optimism,2/5/2025,0x0b2c639c533813f4aa9d7837caf62653d097ff85,USDC,354532.0703,354720.5531
optimism,2/5/2025,0x94b008aa00579c1307b0ef2c499ad98a8ce58e58,USDT,109102.3392,109172.1255
arbitrum,2/6/2025,0xfd086bc7cd5c481dcc9c85ebe478a1c0b69fcbb9,USDT,1027316.483,1028070.123
arbitrum,2/6/2025,0x2f2a2543b76a4166549f7aab2e75bef0aefc5b0f,WBTC,10.25424411,1006384.033
arbitrum,2/6/2025,0xaf88d065e77c8cc2239327c5edb3a432268e5831,USDC,7604414.19,7608190.982
arbitrum,2/6/2025,0x82af49447d8a07e3bd95bd0d56f35241523fbab1,WETH,1940.368239,5352729.672
base,2/6/2025,0xcbb7c0000ab88b473b1f5afd9ef808440eed33bf,cbBTC,642.6257835,62511844.54
base,2/6/2025,0x833589fcd6edb6e08f4c7c32d4f71b54bda02913,USDC,136324677.9,136399667.2
base,2/6/2025,0x4200000000000000000000000000000000000006,WETH,27408.64706,76014284.61
optimism,2/6/2025,0x68f180fcce6836688e9084f035309e29bf0a2095,WBTC,1.89637647,186912.377
optimism,2/6/2025,0x94b008aa00579c1307b0ef2c499ad98a8ce58e58,USDT,214133.9074,214272.0189
optimism,2/6/2025,0x0b2c639c533813f4aa9d7837caf62653d097ff85,USDC,998489.5991,999046.7078
optimism,2/6/2025,0x4200000000000000000000000000000000000006,WETH,455.8902324,1263931.464
arbitrum,2/7/2025,0x2f2a2543b76a4166549f7aab2e75bef0aefc5b0f,WBTC,7.58196291,737252.147
arbitrum,2/7/2025,0xfd086bc7cd5c481dcc9c85ebe478a1c0b69fcbb9,USDT,2201817.696,2203221.397
arbitrum,2/7/2025,0xaf88d065e77c8cc2239327c5edb3a432268e5831,USDC,8557597.318,8562226.141
arbitrum,2/7/2025,0x82af49447d8a07e3bd95bd0d56f35241523fbab1,WETH,1359.610121,3624933.949
base,2/7/2025,0x833589fcd6edb6e08f4c7c32d4f71b54bda02913,USDC,161154586.1,161241148.4
base,2/7/2025,0x4200000000000000000000000000000000000006,WETH,32873.13634,88672948.35
base,2/7/2025,0xcbb7c0000ab88b473b1f5afd9ef808440eed33bf,cbBTC,710.7436987,69280407.65
optimism,2/7/2025,0x68f180fcce6836688e9084f035309e29bf0a2095,WBTC,0.12952438,12693.51323
optimism,2/7/2025,0x94b008aa00579c1307b0ef2c499ad98a8ce58e58,USDT,207605.4013,207735.5301
optimism,2/7/2025,0x0b2c639c533813f4aa9d7837caf62653d097ff85,USDC,942691.0302,943226.7848
optimism,2/7/2025,0x4200000000000000000000000000000000000006,WETH,1691.389098,4524986.4
arbitrum,2/8/2025,0xfd086bc7cd5c481dcc9c85ebe478a1c0b69fcbb9,USDT,744602.4087,744936.6881
arbitrum,2/8/2025,0x82af49447d8a07e3bd95bd0d56f35241523fbab1,WETH,1333.340341,3497738.928
arbitrum,2/8/2025,0x2f2a2543b76a4166549f7aab2e75bef0aefc5b0f,WBTC,1.97824884,190699.1165
arbitrum,2/8/2025,0xaf88d065e77c8cc2239327c5edb3a432268e5831,USDC,3775992.574,3777790.974
base,2/8/2025,0x4200000000000000000000000000000000000006,WETH,44259.38895,116310257.1
base,2/8/2025,0x833589fcd6edb6e08f4c7c32d4f71b54bda02913,USDC,96545086.17,96605174.47
base,2/8/2025,0xcbb7c0000ab88b473b1f5afd9ef808440eed33bf,cbBTC,443.3419044,42737072.54
optimism,2/8/2025,0x94b008aa00579c1307b0ef2c499ad98a8ce58e58,USDT,61751.49177,61790.59617
optimism,2/8/2025,0x0b2c639c533813f4aa9d7837caf62653d097ff85,USDC,939823.3502,940478.4776
optimism,2/8/2025,0x68f180fcce6836688e9084f035309e29bf0a2095,WBTC,0.45812277,44068.39737
optimism,2/8/2025,0x4200000000000000000000000000000000000006,WETH,327.7380683,861050.1373
arbitrum,2/9/2025,0xfd086bc7cd5c481dcc9c85ebe478a1c0b69fcbb9,USDT,950978.2748,952170.0903
arbitrum,2/9/2025,0x2f2a2543b76a4166549f7aab2e75bef0aefc5b0f,WBTC,1.08134077,104158.6761
arbitrum,2/9/2025,0xaf88d065e77c8cc2239327c5edb3a432268e5831,USDC,4697666.105,4701338.265
arbitrum,2/9/2025,0x82af49447d8a07e3bd95bd0d56f35241523fbab1,WETH,1283.960937,3393625.023
base,2/9/2025,0x833589fcd6edb6e08f4c7c32d4f71b54bda02913,USDC,327807184,328034296
base,2/9/2025,0x4200000000000000000000000000000000000006,WETH,44214.19656,116928175.2
base,2/9/2025,0xcbb7c0000ab88b473b1f5afd9ef808440eed33bf,cbBTC,594.7675974,57357827.49
optimism,2/9/2025,0x0b2c639c533813f4aa9d7837caf62653d097ff85,USDC,1980727.467,1982329.694
optimism,2/9/2025,0x94b008aa00579c1307b0ef2c499ad98a8ce58e58,USDT,1636977.454,1638637.955
optimism,2/9/2025,0x68f180fcce6836688e9084f035309e29bf0a2095,WBTC,0.07706885,7327.305833
optimism,2/9/2025,0x4200000000000000000000000000000000000006,WETH,481.1896096,1276645.488
arbitrum,2/10/2025,0x82af49447d8a07e3bd95bd0d56f35241523fbab1,WETH,1685.252191,4466976.382
arbitrum,2/10/2025,0xaf88d065e77c8cc2239327c5edb3a432268e5831,USDC,4947123.428,4949973.915
arbitrum,2/10/2025,0x2f2a2543b76a4166549f7aab2e75bef0aefc5b0f,WBTC,3.66136917,354936.2196
arbitrum,2/10/2025,0xfd086bc7cd5c481dcc9c85ebe478a1c0b69fcbb9,USDT,2851594.548,2853321.104
base,2/10/2025,0xcbb7c0000ab88b473b1f5afd9ef808440eed33bf,cbBTC,569.1485222,55135092.72
base,2/10/2025,0x833589fcd6edb6e08f4c7c32d4f71b54bda02913,USDC,492124759.4,492395220.2
base,2/10/2025,0x4200000000000000000000000000000000000006,WETH,25948.10186,68701591.46
optimism,2/10/2025,0x0b2c639c533813f4aa9d7837caf62653d097ff85,USDC,986753.285,987318.3983
optimism,2/10/2025,0x4200000000000000000000000000000000000006,WETH,751.703065,1998637.088
optimism,2/10/2025,0x68f180fcce6836688e9084f035309e29bf0a2095,WBTC,0.01320732,1283.370424
optimism,2/10/2025,0x94b008aa00579c1307b0ef2c499ad98a8ce58e58,USDT,160455.7113,160597.3394
arbitrum,2/11/2025,0x82af49447d8a07e3bd95bd0d56f35241523fbab1,WETH,858.2754347,2307462.663
arbitrum,2/11/2025,0x2f2a2543b76a4166549f7aab2e75bef0aefc5b0f,WBTC,0.78756348,76583.11726
arbitrum,2/11/2025,0xaf88d065e77c8cc2239327c5edb3a432268e5831,USDC,3988527.523,3990940.722
arbitrum,2/11/2025,0xfd086bc7cd5c481dcc9c85ebe478a1c0b69fcbb9,USDT,931430.9377,931890.7504
base,2/11/2025,0x833589fcd6edb6e08f4c7c32d4f71b54bda02913,USDC,432586357.9,432840806.2
base,2/11/2025,0xcbb7c0000ab88b473b1f5afd9ef808440eed33bf,cbBTC,495.7781072,47897493.21
base,2/11/2025,0x4200000000000000000000000000000000000006,WETH,42026.00423,112196750.4
optimism,2/11/2025,0x68f180fcce6836688e9084f035309e29bf0a2095,WBTC,0.0363962,3564.059211
optimism,2/11/2025,0x0b2c639c533813f4aa9d7837caf62653d097ff85,USDC,943832.4789,944378.123
optimism,2/11/2025,0x94b008aa00579c1307b0ef2c499ad98a8ce58e58,USDT,85988.29441,86034.56599
optimism,2/11/2025,0x4200000000000000000000000000000000000006,WETH,271.2257308,726642.9876
arbitrum,2/12/2025,0x2f2a2543b76a4166549f7aab2e75bef0aefc5b0f,WBTC,5.15472789,497962.1577
arbitrum,2/12/2025,0xfd086bc7cd5c481dcc9c85ebe478a1c0b69fcbb9,USDT,1093188.481,1093691.265
arbitrum,2/12/2025,0x82af49447d8a07e3bd95bd0d56f35241523fbab1,WETH,1700.387152,4494941.287
arbitrum,2/12/2025,0xaf88d065e77c8cc2239327c5edb3a432268e5831,USDC,9057551.819,9061866.213
base,2/12/2025,0x833589fcd6edb6e08f4c7c32d4f71b54bda02913,USDC,456098036.8,456354270
base,2/12/2025,0x4200000000000000000000000000000000000006,WETH,84471.46368,224593865.3
base,2/12/2025,0xcbb7c0000ab88b473b1f5afd9ef808440eed33bf,cbBTC,656.2028259,63048534.01
optimism,2/12/2025,0x0b2c639c533813f4aa9d7837caf62653d097ff85,USDC,350325.4023,350453.1168
optimism,2/12/2025,0x68f180fcce6836688e9084f035309e29bf0a2095,WBTC,0.12764542,12359.4288
optimism,2/12/2025,0x4200000000000000000000000000000000000006,WETH,67.99800903,177864.9681
optimism,2/12/2025,0x94b008aa00579c1307b0ef2c499ad98a8ce58e58,USDT,118291.6325,118347.165
arbitrum,2/13/2025,0xfd086bc7cd5c481dcc9c85ebe478a1c0b69fcbb9,USDT,749787.0143,750134.3813
arbitrum,2/13/2025,0x82af49447d8a07e3bd95bd0d56f35241523fbab1,WETH,700.2584592,1865748.013
arbitrum,2/13/2025,0x2f2a2543b76a4166549f7aab2e75bef0aefc5b0f,WBTC,0.86355041,83058.9954
arbitrum,2/13/2025,0xaf88d065e77c8cc2239327c5edb3a432268e5831,USDC,4397989.472,4399293.544
base,2/13/2025,0xcbb7c0000ab88b473b1f5afd9ef808440eed33bf,cbBTC,490.9718856,47304481.23
base,2/13/2025,0x4200000000000000000000000000000000000006,WETH,44389.81603,119070087.4
base,2/13/2025,0x833589fcd6edb6e08f4c7c32d4f71b54bda02913,USDC,470348829.9,470525380.7
optimism,2/13/2025,0x94b008aa00579c1307b0ef2c499ad98a8ce58e58,USDT,81248.57549,81280.01425
optimism,2/13/2025,0x68f180fcce6836688e9084f035309e29bf0a2095,WBTC,0.02961348,2846.302011
optimism,2/13/2025,0x4200000000000000000000000000000000000006,WETH,34.2796731,92204.01819
optimism,2/13/2025,0x0b2c639c533813f4aa9d7837caf62653d097ff85,USDC,261216.0992,261328.4439
arbitrum,2/14/2025,0x2f2a2543b76a4166549f7aab2e75bef0aefc5b0f,WBTC,1.2145332,117738.9802
arbitrum,2/14/2025,0x82af49447d8a07e3bd95bd0d56f35241523fbab1,WETH,700.9304125,1910103.938
arbitrum,2/14/2025,0xfd086bc7cd5c481dcc9c85ebe478a1c0b69fcbb9,USDT,758964.5582,759342.3438
arbitrum,2/14/2025,0xaf88d065e77c8cc2239327c5edb3a432268e5831,USDC,5789359.355,5791266.523
base,2/14/2025,0x833589fcd6edb6e08f4c7c32d4f71b54bda02913,USDC,514229729.5,514423302.9
base,2/14/2025,0x4200000000000000000000000000000000000006,WETH,43362.95886,117510494.3
base,2/14/2025,0xcbb7c0000ab88b473b1f5afd9ef808440eed33bf,cbBTC,414.1214532,40279002.92
optimism,2/14/2025,0x68f180fcce6836688e9084f035309e29bf0a2095,WBTC,0.13173168,12855.682
optimism,2/14/2025,0x0b2c639c533813f4aa9d7837caf62653d097ff85,USDC,164323.5925,164393.1115
optimism,2/14/2025,0x94b008aa00579c1307b0ef2c499ad98a8ce58e58,USDT,83828.35732,83873.19235
optimism,2/14/2025,0x4200000000000000000000000000000000000006,WETH,322.3544463,871691.9056
arbitrum,2/15/2025,0x82af49447d8a07e3bd95bd0d56f35241523fbab1,WETH,560.9743428,1517982.956
arbitrum,2/15/2025,0x2f2a2543b76a4166549f7aab2e75bef0aefc5b0f,WBTC,0.26907119,26193.42311
arbitrum,2/15/2025,0xfd086bc7cd5c481dcc9c85ebe478a1c0b69fcbb9,USDT,258729.4598,258889.9463
arbitrum,2/15/2025,0xaf88d065e77c8cc2239327c5edb3a432268e5831,USDC,2993338.419,2994923.816
base,2/15/2025,0xcbb7c0000ab88b473b1f5afd9ef808440eed33bf,cbBTC,115.3897704,11265919.99
base,2/15/2025,0x4200000000000000000000000000000000000006,WETH,18382.09437,49999512.78
base,2/15/2025,0x833589fcd6edb6e08f4c7c32d4f71b54bda02913,USDC,425793169.8,426040445.3
optimism,2/15/2025,0x4200000000000000000000000000000000000006,WETH,217.6336299,589468.9373
optimism,2/15/2025,0x68f180fcce6836688e9084f035309e29bf0a2095,WBTC,0.0163992,1599.150815
optimism,2/15/2025,0x0b2c639c533813f4aa9d7837caf62653d097ff85,USDC,77251.8788,77303.11628
optimism,2/15/2025,0x94b008aa00579c1307b0ef2c499ad98a8ce58e58,USDT,44734.64478,44763.38944
arbitrum,2/16/2025,0x2f2a2543b76a4166549f7aab2e75bef0aefc5b0f,WBTC,0.76899348,74562.68112
arbitrum,2/16/2025,0xfd086bc7cd5c481dcc9c85ebe478a1c0b69fcbb9,USDT,327844.8529,328131.1934
arbitrum,2/16/2025,0x82af49447d8a07e3bd95bd0d56f35241523fbab1,WETH,294.6328636,793469.7178
arbitrum,2/16/2025,0xaf88d065e77c8cc2239327c5edb3a432268e5831,USDC,1363620.898,1364597.445
base,2/16/2025,0x833589fcd6edb6e08f4c7c32d4f71b54bda02913,USDC,334074832.7,334311129.6
base,2/16/2025,0xcbb7c0000ab88b473b1f5afd9ef808440eed33bf,cbBTC,121.7814471,11823384.21
base,2/16/2025,0x4200000000000000000000000000000000000006,WETH,20679.22172,55733595.51
optimism,2/16/2025,0x4200000000000000000000000000000000000006,WETH,240.4839898,647555.5513
optimism,2/16/2025,0x94b008aa00579c1307b0ef2c499ad98a8ce58e58,USDT,30060.1773,30082.32859
optimism,2/16/2025,0x0b2c639c533813f4aa9d7837caf62653d097ff85,USDC,61933.29897,61970.16238
optimism,2/16/2025,0x68f180fcce6836688e9084f035309e29bf0a2095,WBTC,0.00371748,361.219029
arbitrum,2/17/2025,0x2f2a2543b76a4166549f7aab2e75bef0aefc5b0f,WBTC,6.5918824,634014.043
arbitrum,2/17/2025,0x82af49447d8a07e3bd95bd0d56f35241523fbab1,WETH,724.002199,1967264.584
arbitrum,2/17/2025,0xfd086bc7cd5c481dcc9c85ebe478a1c0b69fcbb9,USDT,41009081.12,41039205.29
arbitrum,2/17/2025,0xaf88d065e77c8cc2239327c5edb3a432268e5831,USDC,3177037.149,3179323.258
base,2/17/2025,0xcbb7c0000ab88b473b1f5afd9ef808440eed33bf,cbBTC,492.6431305,47392423.3
base,2/17/2025,0x833589fcd6edb6e08f4c7c32d4f71b54bda02913,USDC,295658480,295886806.9
base,2/17/2025,0x4200000000000000000000000000000000000006,WETH,43765.32491,118835676.9
optimism,2/17/2025,0x0b2c639c533813f4aa9d7837caf62653d097ff85,USDC,352037.0639,352296.1575
arbitrum,2/20/2025,0x82af49447d8a07e3bd95bd0d56f35241523fbab1,WETH,1159.64227,3174412.47
arbitrum,2/20/2025,0x2f2a2543b76a4166549f7aab2e75bef0aefc5b0f,WBTC,3.77669652,368996.8974
arbitrum,2/20/2025,0xaf88d065e77c8cc2239327c5edb3a432268e5831,USDC,6026551.692,6028277.171
arbitrum,2/20/2025,0xfd086bc7cd5c481dcc9c85ebe478a1c0b69fcbb9,USDT,50159030.4,50182307.91
base,2/20/2025,0x833589fcd6edb6e08f4c7c32d4f71b54bda02913,USDC,449055301,449196027.8
base,2/20/2025,0xcbb7c0000ab88b473b1f5afd9ef808440eed33bf,cbBTC,369.6868973,36097202.95
base,2/20/2025,0x4200000000000000000000000000000000000006,WETH,18420.60375,50388275.15
optimism,2/20/2025,0x94b008aa00579c1307b0ef2c499ad98a8ce58e58,USDT,43963.70167,43981.16967
optimism,2/20/2025,0x68f180fcce6836688e9084f035309e29bf0a2095,WBTC,0.15300941,14927.55629
optimism,2/20/2025,0x4200000000000000000000000000000000000006,WETH,216.0062732,591593.8286
optimism,2/20/2025,0x0b2c639c533813f4aa9d7837caf62653d097ff85,USDC,123009.8163,123038.1959
arbitrum,2/21/2025,0x2f2a2543b76a4166549f7aab2e75bef0aefc5b0f,WBTC,2.70154471,264730.8438
arbitrum,2/21/2025,0xaf88d065e77c8cc2239327c5edb3a432268e5831,USDC,7618602.822,7623185.559
arbitrum,2/21/2025,0xfd086bc7cd5c481dcc9c85ebe478a1c0b69fcbb9,USDT,6640598.23,6643860.971
arbitrum,2/21/2025,0x82af49447d8a07e3bd95bd0d56f35241523fbab1,WETH,3896.272868,10793501.37
base,2/21/2025,0x4200000000000000000000000000000000000006,WETH,17047.27829,46657516.42
base,2/21/2025,0xcbb7c0000ab88b473b1f5afd9ef808440eed33bf,cbBTC,570.5168859,55516214.3
base,2/21/2025,0x833589fcd6edb6e08f4c7c32d4f71b54bda02913,USDC,389264785.7,389401133.2
optimism,2/21/2025,0x94b008aa00579c1307b0ef2c499ad98a8ce58e58,USDT,111314.9273,111368.4337
optimism,2/21/2025,0x4200000000000000000000000000000000000006,WETH,151.7682769,421793.5672
optimism,2/21/2025,0x68f180fcce6836688e9084f035309e29bf0a2095,WBTC,0.02298612,2259.523462
optimism,2/21/2025,0x0b2c639c533813f4aa9d7837caf62653d097ff85,USDC,336012.1065,336143.8517
arbitrum,2/22/2025,0x2f2a2543b76a4166549f7aab2e75bef0aefc5b0f,WBTC,7.50965891,723706.0513
arbitrum,2/22/2025,0x82af49447d8a07e3bd95bd0d56f35241523fbab1,WETH,2509.026546,6865683.504
arbitrum,2/22/2025,0xaf88d065e77c8cc2239327c5edb3a432268e5831,USDC,3868022.276,3870135.117
arbitrum,2/22/2025,0xfd086bc7cd5c481dcc9c85ebe478a1c0b69fcbb9,USDT,1459845.038,1460388.917
base,2/22/2025,0x833589fcd6edb6e08f4c7c32d4f71b54bda02913,USDC,326097769.1,326285337.1
base,2/22/2025,0x4200000000000000000000000000000000000006,WETH,24495.63567,66798169.63
base,2/22/2025,0xcbb7c0000ab88b473b1f5afd9ef808440eed33bf,cbBTC,255.0613675,24601141.2
optimism,2/22/2025,0x94b008aa00579c1307b0ef2c499ad98a8ce58e58,USDT,226473.7505,226544.3442
optimism,2/22/2025,0x4200000000000000000000000000000000000006,WETH,324.4760566,889992.4065
optimism,2/22/2025,0x0b2c639c533813f4aa9d7837caf62653d097ff85,USDC,371240.6967,371427.078
optimism,2/22/2025,0x68f180fcce6836688e9084f035309e29bf0a2095,WBTC,0.0347229,3349.136239
arbitrum,2/23/2025,0xfd086bc7cd5c481dcc9c85ebe478a1c0b69fcbb9,USDT,695059.8452,695479.93
arbitrum,2/23/2025,0x82af49447d8a07e3bd95bd0d56f35241523fbab1,WETH,1057.155224,2951826.506
arbitrum,2/23/2025,0x2f2a2543b76a4166549f7aab2e75bef0aefc5b0f,WBTC,14.76437364,1421416.536
arbitrum,2/23/2025,0xaf88d065e77c8cc2239327c5edb3a432268e5831,USDC,2477034.266,2478635.267
base,2/23/2025,0x833589fcd6edb6e08f4c7c32d4f71b54bda02913,USDC,349100883.9,349314214.9
base,2/23/2025,0x4200000000000000000000000000000000000006,WETH,24918.77595,69647848.93
base,2/23/2025,0xcbb7c0000ab88b473b1f5afd9ef808440eed33bf,cbBTC,271.5539594,26094367.31
optimism,2/23/2025,0x68f180fcce6836688e9084f035309e29bf0a2095,WBTC,0.01525023,1463.122125
optimism,2/23/2025,0x0b2c639c533813f4aa9d7837caf62653d097ff85,USDC,1110083.446,1110734.327
optimism,2/23/2025,0x4200000000000000000000000000000000000006,WETH,528.7904273,1479547.408
optimism,2/23/2025,0x94b008aa00579c1307b0ef2c499ad98a8ce58e58,USDT,49679.50159,49716.33693
arbitrum,2/24/2025,0xfd086bc7cd5c481dcc9c85ebe478a1c0b69fcbb9,USDT,2231101.611,2232981.779
arbitrum,2/24/2025,0x2f2a2543b76a4166549f7aab2e75bef0aefc5b0f,WBTC,8.19017153,779011.7623
arbitrum,2/24/2025,0x82af49447d8a07e3bd95bd0d56f35241523fbab1,WETH,2846.098311,7665949.18
arbitrum,2/24/2025,0xaf88d065e77c8cc2239327c5edb3a432268e5831,USDC,8091990.52,8098702.81
base,2/24/2025,0x833589fcd6edb6e08f4c7c32d4f71b54bda02913,USDC,423113758.5,423432526.5
base,2/24/2025,0xcbb7c0000ab88b473b1f5afd9ef808440eed33bf,cbBTC,752.9593646,71508933.29
base,2/24/2025,0x4200000000000000000000000000000000000006,WETH,15077.94581,40361475.35
optimism,2/24/2025,0x0b2c639c533813f4aa9d7837caf62653d097ff85,USDC,1235749.401,1236767.007
optimism,2/24/2025,0x4200000000000000000000000000000000000006,WETH,549.4362309,1486146.099
optimism,2/24/2025,0x68f180fcce6836688e9084f035309e29bf0a2095,WBTC,0.3710355,35218.84753
optimism,2/24/2025,0x94b008aa00579c1307b0ef2c499ad98a8ce58e58,USDT,192686.5331,192836.0805
arbitrum,2/25/2025,0xfd086bc7cd5c481dcc9c85ebe478a1c0b69fcbb9,USDT,3555640.202,3557728.936
arbitrum,2/25/2025,0x82af49447d8a07e3bd95bd0d56f35241523fbab1,WETH,1665.086013,4091794.211
arbitrum,2/25/2025,0x2f2a2543b76a4166549f7aab2e75bef0aefc5b0f,WBTC,15.06892719,1346899.765
arbitrum,2/25/2025,0xaf88d065e77c8cc2239327c5edb3a432268e5831,USDC,11423816.08,11437292.47
base,2/25/2025,0x4200000000000000000000000000000000000006,WETH,8805.540531,21658876.88
base,2/25/2025,0x833589fcd6edb6e08f4c7c32d4f71b54bda02913,USDC,130091585,130220046.6
base,2/25/2025,0xcbb7c0000ab88b473b1f5afd9ef808440eed33bf,cbBTC,803.1651318,71951243.06
optimism,2/25/2025,0x68f180fcce6836688e9084f035309e29bf0a2095,WBTC,1.31985286,115662.556
optimism,2/25/2025,0x4200000000000000000000000000000000000006,WETH,1106.566985,2704404.063
optimism,2/25/2025,0x94b008aa00579c1307b0ef2c499ad98a8ce58e58,USDT,262508.8161,262670.8745
optimism,2/25/2025,0x0b2c639c533813f4aa9d7837caf62653d097ff85,USDC,1308941.899,1310338.352
arbitrum,2/26/2025,0x82af49447d8a07e3bd95bd0d56f35241523fbab1,WETH,1383.18378,3350515.236
arbitrum,2/26/2025,0xfd086bc7cd5c481dcc9c85ebe478a1c0b69fcbb9,USDT,2132464.98,2132045.267
arbitrum,2/26/2025,0x2f2a2543b76a4166549f7aab2e75bef0aefc5b0f,WBTC,32.89251758,2856226.87
arbitrum,2/26/2025,0xaf88d065e77c8cc2239327c5edb3a432268e5831,USDC,21489877.46,21508146.76
base,2/26/2025,0x833589fcd6edb6e08f4c7c32d4f71b54bda02913,USDC,345929597.5,346160449
base,2/26/2025,0xcbb7c0000ab88b473b1f5afd9ef808440eed33bf,cbBTC,408.903374,35432696.41
base,2/26/2025,0x4200000000000000000000000000000000000006,WETH,10838.54096,26477391.11
optimism,2/26/2025,0x94b008aa00579c1307b0ef2c499ad98a8ce58e58,USDT,170683.1479,170692.1607
optimism,2/26/2025,0x4200000000000000000000000000000000000006,WETH,1291.863275,3135498.897
optimism,2/26/2025,0x68f180fcce6836688e9084f035309e29bf0a2095,WBTC,0.63567609,54593.07791
optimism,2/26/2025,0x0b2c639c533813f4aa9d7837caf62653d097ff85,USDC,2667735.033,2669884.04
arbitrum,2/27/2025,0xaf88d065e77c8cc2239327c5edb3a432268e5831,USDC,16184846.26,16197579.13
arbitrum,2/27/2025,0x2f2a2543b76a4166549f7aab2e75bef0aefc5b0f,WBTC,7.22139191,613549.9494
arbitrum,2/27/2025,0x82af49447d8a07e3bd95bd0d56f35241523fbab1,WETH,920.4369898,2125839.063
arbitrum,2/27/2025,0xfd086bc7cd5c481dcc9c85ebe478a1c0b69fcbb9,USDT,2376565.362,2375991.63
base,2/27/2025,0xcbb7c0000ab88b473b1f5afd9ef808440eed33bf,cbBTC,375.7877428,31951837.79
base,2/27/2025,0x4200000000000000000000000000000000000006,WETH,9598.926932,22418989.44
base,2/27/2025,0x833589fcd6edb6e08f4c7c32d4f71b54bda02913,USDC,54358967.54,54401375.7
optimism,2/27/2025,0x4200000000000000000000000000000000000006,WETH,2137.544182,4971203.435
optimism,2/27/2025,0x68f180fcce6836688e9084f035309e29bf0a2095,WBTC,0.08675341,7339.504956
optimism,2/27/2025,0x94b008aa00579c1307b0ef2c499ad98a8ce58e58,USDT,180287.1078,180268.2849
optimism,2/27/2025,0x0b2c639c533813f4aa9d7837caf62653d097ff85,USDC,1296013.645,1297015.69
arbitrum,2/28/2025,0xfd086bc7cd5c481dcc9c85ebe478a1c0b69fcbb9,USDT,3519987.134,3520149.068
arbitrum,2/28/2025,0x2f2a2543b76a4166549f7aab2e75bef0aefc5b0f,WBTC,12.21594949,992789.1367
arbitrum,2/28/2025,0x82af49447d8a07e3bd95bd0d56f35241523fbab1,WETH,1742.755079,3775496.226
arbitrum,2/28/2025,0xaf88d065e77c8cc2239327c5edb3a432268e5831,USDC,11052580.52,11060109.45
base,2/28/2025,0xcbb7c0000ab88b473b1f5afd9ef808440eed33bf,cbBTC,546.2561265,44741770.57
base,2/28/2025,0x833589fcd6edb6e08f4c7c32d4f71b54bda02913,USDC,10494758.3,10501761.1
base,2/28/2025,0x4200000000000000000000000000000000000006,WETH,3874.884348,8359137.979
optimism,2/28/2025,0x4200000000000000000000000000000000000006,WETH,1569.945972,3450762.815
optimism,2/28/2025,0x94b008aa00579c1307b0ef2c499ad98a8ce58e58,USDT,679359.4305,679743.4871
optimism,2/28/2025,0x0b2c639c533813f4aa9d7837caf62653d097ff85,USDC,2043069.614,2044536.885
optimism,2/28/2025,0x68f180fcce6836688e9084f035309e29bf0a2095,WBTC,0.82562103,68196.6494
arbitrum,3/1/2025,0x2f2a2543b76a4166549f7aab2e75bef0aefc5b0f,WBTC,3.35425021,285882.9032
arbitrum,3/1/2025,0xaf88d065e77c8cc2239327c5edb3a432268e5831,USDC,3251315.097,3253496.12
arbitrum,3/1/2025,0x82af49447d8a07e3bd95bd0d56f35241523fbab1,WETH,537.9875219,1185637.201
arbitrum,3/1/2025,0xfd086bc7cd5c481dcc9c85ebe478a1c0b69fcbb9,USDT,766776.9206,767017.2784
base,3/1/2025,0x833589fcd6edb6e08f4c7c32d4f71b54bda02913,USDC,13152878.05,13162096.63
base,3/1/2025,0x4200000000000000000000000000000000000006,WETH,9437.115225,20879623.49
base,3/1/2025,0xcbb7c0000ab88b473b1f5afd9ef808440eed33bf,cbBTC,229.6952499,19545815.19
optimism,3/1/2025,0x0b2c639c533813f4aa9d7837caf62653d097ff85,USDC,670048.1268,670533.4516
optimism,3/1/2025,0x68f180fcce6836688e9084f035309e29bf0a2095,WBTC,0.19750795,16806.69572
optimism,3/1/2025,0x4200000000000000000000000000000000000006,WETH,193.8729392,434093.7647
optimism,3/1/2025,0x94b008aa00579c1307b0ef2c499ad98a8ce58e58,USDT,242118.8282,242192.5722
arbitrum,3/2/2025,0x2f2a2543b76a4166549f7aab2e75bef0aefc5b0f,WBTC,4.98348116,453126.2429
arbitrum,3/2/2025,0xaf88d065e77c8cc2239327c5edb3a432268e5831,USDC,21867384.02,21871897.15
arbitrum,3/2/2025,0x82af49447d8a07e3bd95bd0d56f35241523fbab1,WETH,1342.910227,3272719.351
arbitrum,3/2/2025,0xfd086bc7cd5c481dcc9c85ebe478a1c0b69fcbb9,USDT,2457745.981,2458739.634
base,3/2/2025,0x833589fcd6edb6e08f4c7c32d4f71b54bda02913,USDC,16087064,16090259.12
base,3/2/2025,0xcbb7c0000ab88b473b1f5afd9ef808440eed33bf,cbBTC,256.6868851,23182174.33
base,3/2/2025,0x4200000000000000000000000000000000000006,WETH,6217.607312,14217412.97
optimism,3/2/2025,0x0b2c639c533813f4aa9d7837caf62653d097ff85,USDC,986085.1998,986340.9133
optimism,3/2/2025,0x4200000000000000000000000000000000000006,WETH,424.4828144,1014596.886
optimism,3/2/2025,0x68f180fcce6836688e9084f035309e29bf0a2095,WBTC,0.42836614,38987.41296
optimism,3/2/2025,0x94b008aa00579c1307b0ef2c499ad98a8ce58e58,USDT,422915.5685,423040.0902
arbitrum,3/3/2025,0x82af49447d8a07e3bd95bd0d56f35241523fbab1,WETH,1510.087073,3433922.287
arbitrum,3/3/2025,0x2f2a2543b76a4166549f7aab2e75bef0aefc5b0f,WBTC,9.6190004,885491.1968
arbitrum,3/3/2025,0xfd086bc7cd5c481dcc9c85ebe478a1c0b69fcbb9,USDT,2345511.28,2345582.699
arbitrum,3/3/2025,0xaf88d065e77c8cc2239327c5edb3a432268e5831,USDC,7852155.284,7855036.714
base,3/3/2025,0xcbb7c0000ab88b473b1f5afd9ef808440eed33bf,cbBTC,859.5650923,78278938.19
base,3/3/2025,0x833589fcd6edb6e08f4c7c32d4f71b54bda02913,USDC,55065234.64,55085884.61
base,3/3/2025,0x4200000000000000000000000000000000000006,WETH,12710.79148,29901342.73
optimism,3/3/2025,0x68f180fcce6836688e9084f035309e29bf0a2095,WBTC,1.56987953,136639.2941
optimism,3/3/2025,0x94b008aa00579c1307b0ef2c499ad98a8ce58e58,USDT,104859.781,104857.6121
optimism,3/3/2025,0x4200000000000000000000000000000000000006,WETH,66.97001807,152546.6514
optimism,3/3/2025,0x0b2c639c533813f4aa9d7837caf62653d097ff85,USDC,1158002.274,1158484.721
arbitrum,3/4/2025,0xaf88d065e77c8cc2239327c5edb3a432268e5831,USDC,8030365.06,8033833.88
arbitrum,3/4/2025,0xfd086bc7cd5c481dcc9c85ebe478a1c0b69fcbb9,USDT,1437436.784,1437360.305
arbitrum,3/4/2025,0x82af49447d8a07e3bd95bd0d56f35241523fbab1,WETH,2761.208271,5847389.294
arbitrum,3/4/2025,0x2f2a2543b76a4166549f7aab2e75bef0aefc5b0f,WBTC,9.04278908,749391.2347
base,3/4/2025,0x4200000000000000000000000000000000000006,WETH,4324.669499,9067951.828
base,3/4/2025,0xcbb7c0000ab88b473b1f5afd9ef808440eed33bf,cbBTC,912.9725054,77524325.45
base,3/4/2025,0x833589fcd6edb6e08f4c7c32d4f71b54bda02913,USDC,53883311.5,53906481.14
optimism,3/4/2025,0x68f180fcce6836688e9084f035309e29bf0a2095,WBTC,0.08872396,7408.62087
optimism,3/4/2025,0x0b2c639c533813f4aa9d7837caf62653d097ff85,USDC,898365.9236,898713.1037
optimism,3/4/2025,0x94b008aa00579c1307b0ef2c499ad98a8ce58e58,USDT,94179.53209,94186.21786
optimism,3/4/2025,0x4200000000000000000000000000000000000006,WETH,117.5170318,243666.3535
arbitrum,3/5/2025,0x2f2a2543b76a4166549f7aab2e75bef0aefc5b0f,WBTC,9.68141955,855450.5556
arbitrum,3/5/2025,0xaf88d065e77c8cc2239327c5edb3a432268e5831,USDC,5933851.035,5936104.654
arbitrum,3/5/2025,0x82af49447d8a07e3bd95bd0d56f35241523fbab1,WETH,777.5245256,1712358.399
arbitrum,3/5/2025,0xfd086bc7cd5c481dcc9c85ebe478a1c0b69fcbb9,USDT,1451227.593,1451805.767
base,3/5/2025,0x4200000000000000000000000000000000000006,WETH,12303.01052,27109295.26
base,3/5/2025,0x833589fcd6edb6e08f4c7c32d4f71b54bda02913,USDC,112658365.5,112707174.3
base,3/5/2025,0xcbb7c0000ab88b473b1f5afd9ef808440eed33bf,cbBTC,1302.552494,115681706
optimism,3/5/2025,0x68f180fcce6836688e9084f035309e29bf0a2095,WBTC,0.0763191,6820.52083
optimism,3/5/2025,0x0b2c639c533813f4aa9d7837caf62653d097ff85,USDC,1172933.392,1173385.146
optimism,3/5/2025,0x4200000000000000000000000000000000000006,WETH,303.2610909,671531.8517
optimism,3/5/2025,0x94b008aa00579c1307b0ef2c499ad98a8ce58e58,USDT,182880.9895,182942.3896
arbitrum,3/6/2025,0x82af49447d8a07e3bd95bd0d56f35241523fbab1,WETH,876.531236,1962254.274
arbitrum,3/6/2025,0x2f2a2543b76a4166549f7aab2e75bef0aefc5b0f,WBTC,4.32603744,389449.3463
arbitrum,3/6/2025,0xaf88d065e77c8cc2239327c5edb3a432268e5831,USDC,4378008.103,4378723.977
arbitrum,3/6/2025,0xfd086bc7cd5c481dcc9c85ebe478a1c0b69fcbb9,USDT,1415140.86,1415566.277
base,3/6/2025,0x833589fcd6edb6e08f4c7c32d4f71b54bda02913,USDC,149843250.3,149886930.9
base,3/6/2025,0xcbb7c0000ab88b473b1f5afd9ef808440eed33bf,cbBTC,1787.926125,162304920.2
base,3/6/2025,0x4200000000000000000000000000000000000006,WETH,2041.81284,4589854.269
optimism,3/6/2025,0x4200000000000000000000000000000000000006,WETH,62.47818172,140040.5669
optimism,3/6/2025,0x94b008aa00579c1307b0ef2c499ad98a8ce58e58,USDT,230278.4746,230364.7487
optimism,3/6/2025,0x68f180fcce6836688e9084f035309e29bf0a2095,WBTC,0.41259459,37509.49779
optimism,3/6/2025,0x0b2c639c533813f4aa9d7837caf62653d097ff85,USDC,1163906.461,1164319.857
arbitrum,3/7/2025,0xaf88d065e77c8cc2239327c5edb3a432268e5831,USDC,3800391.111,3802113.777
arbitrum,3/7/2025,0x2f2a2543b76a4166549f7aab2e75bef0aefc5b0f,WBTC,3.75853374,329181.3755
arbitrum,3/7/2025,0xfd086bc7cd5c481dcc9c85ebe478a1c0b69fcbb9,USDT,1247877.545,1248562.252
arbitrum,3/7/2025,0x82af49447d8a07e3bd95bd0d56f35241523fbab1,WETH,1492.197045,3235095.79
base,3/7/2025,0x833589fcd6edb6e08f4c7c32d4f71b54bda02913,USDC,57294232.93,57316684.98
base,3/7/2025,0xcbb7c0000ab88b473b1f5afd9ef808440eed33bf,cbBTC,1103.489577,97457261.71
base,3/7/2025,0x4200000000000000000000000000000000000006,WETH,3966.25395,8593015.264
optimism,3/7/2025,0x4200000000000000000000000000000000000006,WETH,361.8401998,774851.4967
optimism,3/7/2025,0x68f180fcce6836688e9084f035309e29bf0a2095,WBTC,0.11667345,10244.15534
optimism,3/7/2025,0x0b2c639c533813f4aa9d7837caf62653d097ff85,USDC,984456.8668,984833.1608
optimism,3/7/2025,0x94b008aa00579c1307b0ef2c499ad98a8ce58e58,USDT,518588.879,519061.4506
arbitrum,3/8/2025,0x2f2a2543b76a4166549f7aab2e75bef0aefc5b0f,WBTC,2.71061447,233032.191
arbitrum,3/8/2025,0xaf88d065e77c8cc2239327c5edb3a432268e5831,USDC,1765749.057,1767056.807
arbitrum,3/8/2025,0xfd086bc7cd5c481dcc9c85ebe478a1c0b69fcbb9,USDT,933291.4936,933753.9271
arbitrum,3/8/2025,0x82af49447d8a07e3bd95bd0d56f35241523fbab1,WETH,491.1552873,1066006.702
base,3/8/2025,0x833589fcd6edb6e08f4c7c32d4f71b54bda02913,USDC,34725629.02,34748637.81
base,3/8/2025,0xcbb7c0000ab88b473b1f5afd9ef808440eed33bf,cbBTC,646.4184501,55806427.87
base,3/8/2025,0x4200000000000000000000000000000000000006,WETH,16890.06147,36617116.58
optimism,3/8/2025,0x68f180fcce6836688e9084f035309e29bf0a2095,WBTC,0.94266105,81053.6985
optimism,3/8/2025,0x0b2c639c533813f4aa9d7837caf62653d097ff85,USDC,943453.5354,944111.5502
optimism,3/8/2025,0x94b008aa00579c1307b0ef2c499ad98a8ce58e58,USDT,29370.93451,29388.74277
optimism,3/8/2025,0x4200000000000000000000000000000000000006,WETH,123.3877005,266227.1172
arbitrum,3/9/2025,0x2f2a2543b76a4166549f7aab2e75bef0aefc5b0f,WBTC,7.58277902,633716.3229
arbitrum,3/9/2025,0xaf88d065e77c8cc2239327c5edb3a432268e5831,USDC,5490830.611,5498211.821
arbitrum,3/9/2025,0xfd086bc7cd5c481dcc9c85ebe478a1c0b69fcbb9,USDT,986148.8249,987934.6013
arbitrum,3/9/2025,0x82af49447d8a07e3bd95bd0d56f35241523fbab1,WETH,1415.384127,2994577.759
base,3/9/2025,0x4200000000000000000000000000000000000006,WETH,10206.30683,22023039.4
base,3/9/2025,0x833589fcd6edb6e08f4c7c32d4f71b54bda02913,USDC,10129428.4,10146214.24
base,3/9/2025,0xcbb7c0000ab88b473b1f5afd9ef808440eed33bf,cbBTC,268.9083146,22549162.91
optimism,3/9/2025,0x4200000000000000000000000000000000000006,WETH,33.19656662,69318.84336
optimism,3/9/2025,0x68f180fcce6836688e9084f035309e29bf0a2095,WBTC,0.56167269,46194.82743
optimism,3/9/2025,0x0b2c639c533813f4aa9d7837caf62653d097ff85,USDC,551216.2483,552120.0851
optimism,3/9/2025,0x94b008aa00579c1307b0ef2c499ad98a8ce58e58,USDT,213022.8012,213281.7594
arbitrum,3/10/2025,0xfd086bc7cd5c481dcc9c85ebe478a1c0b69fcbb9,USDT,2281302.07,2283214.326
arbitrum,3/10/2025,0xaf88d065e77c8cc2239327c5edb3a432268e5831,USDC,6816374.825,6824079.714
base,3/12/2025,0x4200000000000000000000000000000000000006,WETH,8555.375164,16260532.87
base,3/12/2025,0xcbb7c0000ab88b473b1f5afd9ef808440eed33bf,cbBTC,215.3486099,17797145.89
optimism,3/12/2025,0x94b008aa00579c1307b0ef2c499ad98a8ce58e58,USDT,112667.8637,112747.4875
optimism,3/12/2025,0x4200000000000000000000000000000000000006,WETH,457.6621854,867388.8736
optimism,3/12/2025,0x0b2c639c533813f4aa9d7837caf62653d097ff85,USDC,714136.963,714722.2342
optimism,3/12/2025,0x68f180fcce6836688e9084f035309e29bf0a2095,WBTC,0.52444864,43071.68119
arbitrum,3/13/2025,0x82af49447d8a07e3bd95bd0d56f35241523fbab1,WETH,5554.756773,10344469.26
arbitrum,3/13/2025,0xfd086bc7cd5c481dcc9c85ebe478a1c0b69fcbb9,USDT,645581.1792,646025.1001
arbitrum,3/13/2025,0x2f2a2543b76a4166549f7aab2e75bef0aefc5b0f,WBTC,6.79571119,556706.6996
arbitrum,3/13/2025,0xaf88d065e77c8cc2239327c5edb3a432268e5831,USDC,2213393.929,2215231.859
base,3/13/2025,0xcbb7c0000ab88b473b1f5afd9ef808440eed33bf,cbBTC,185.6435156,15353064.16
base,3/13/2025,0x4200000000000000000000000000000000000006,WETH,11303.18946,21304107.14
base,3/13/2025,0x833589fcd6edb6e08f4c7c32d4f71b54bda02913,USDC,14600166.85,14611327.56
optimism,3/13/2025,0x4200000000000000000000000000000000000006,WETH,179.1263926,335593.5113
optimism,3/13/2025,0x68f180fcce6836688e9084f035309e29bf0a2095,WBTC,1.11195768,92059.73096
optimism,3/13/2025,0x0b2c639c533813f4aa9d7837caf62653d097ff85,USDC,747396.305,747973.1647
optimism,3/13/2025,0x94b008aa00579c1307b0ef2c499ad98a8ce58e58,USDT,24618.75383,24634.84155
arbitrum,3/14/2025,0xaf88d065e77c8cc2239327c5edb3a432268e5831,USDC,4963713.365,4967223.338
arbitrum,3/14/2025,0x82af49447d8a07e3bd95bd0d56f35241523fbab1,WETH,409.7963639,781551.3749
arbitrum,3/14/2025,0x2f2a2543b76a4166549f7aab2e75bef0aefc5b0f,WBTC,5.42146352,454290.5495
arbitrum,3/14/2025,0xfd086bc7cd5c481dcc9c85ebe478a1c0b69fcbb9,USDT,857272.0068,857910.3398
base,3/14/2025,0x4200000000000000000000000000000000000006,WETH,12213.93725,23224991.3
base,3/14/2025,0xcbb7c0000ab88b473b1f5afd9ef808440eed33bf,cbBTC,107.8924063,9061205.347
base,3/14/2025,0x833589fcd6edb6e08f4c7c32d4f71b54bda02913,USDC,13758519.06,13767440.62
optimism,3/14/2025,0x94b008aa00579c1307b0ef2c499ad98a8ce58e58,USDT,32187.89624,32215.32202
optimism,3/14/2025,0x4200000000000000000000000000000000000006,WETH,128.8726743,242697.9379
optimism,3/14/2025,0x68f180fcce6836688e9084f035309e29bf0a2095,WBTC,0.19833983,16512.90194
optimism,3/14/2025,0x0b2c639c533813f4aa9d7837caf62653d097ff85,USDC,2492660.055,2494707.007
arbitrum,3/15/2025,0x2f2a2543b76a4166549f7aab2e75bef0aefc5b0f,WBTC,5.30980039,445572.5973
arbitrum,3/15/2025,0xfd086bc7cd5c481dcc9c85ebe478a1c0b69fcbb9,USDT,483805.3838,484336.8168
arbitrum,3/15/2025,0xaf88d065e77c8cc2239327c5edb3a432268e5831,USDC,2429928.68,2432195.479
arbitrum,3/15/2025,0x82af49447d8a07e3bd95bd0d56f35241523fbab1,WETH,4008.708608,7799605.857
base,3/15/2025,0x833589fcd6edb6e08f4c7c32d4f71b54bda02913,USDC,4924239.34,4928735.445
base,3/15/2025,0xcbb7c0000ab88b473b1f5afd9ef808440eed33bf,cbBTC,35.35706147,2985566.383
base,3/15/2025,0x4200000000000000000000000000000000000006,WETH,9373.571114,18088576.66
optimism,3/15/2025,0x68f180fcce6836688e9084f035309e29bf0a2095,WBTC,0.64349437,54112.95771
optimism,3/15/2025,0x94b008aa00579c1307b0ef2c499ad98a8ce58e58,USDT,37394.94866,37436.65427
optimism,3/15/2025,0x0b2c639c533813f4aa9d7837caf62653d097ff85,USDC,906753.3392,907603.1326
optimism,3/15/2025,0x4200000000000000000000000000000000000006,WETH,641.4910315,1233691.816
arbitrum,3/16/2025,0x82af49447d8a07e3bd95bd0d56f35241523fbab1,WETH,2911.414594,5492663.617
arbitrum,3/16/2025,0xfd086bc7cd5c481dcc9c85ebe478a1c0b69fcbb9,USDT,336529.5359,337049.5602
arbitrum,3/16/2025,0xaf88d065e77c8cc2239327c5edb3a432268e5831,USDC,1292594.277,1294169.198
arbitrum,3/16/2025,0x2f2a2543b76a4166549f7aab2e75bef0aefc5b0f,WBTC,1.49979661,124574.1502
base,3/16/2025,0xcbb7c0000ab88b473b1f5afd9ef808440eed33bf,cbBTC,99.11785042,8277071.279
base,3/16/2025,0x4200000000000000000000000000000000000006,WETH,11317.29996,21504977.48
base,3/16/2025,0x833589fcd6edb6e08f4c7c32d4f71b54bda02913,USDC,6897357.348,6905929.847
optimism,3/16/2025,0x0b2c639c533813f4aa9d7837caf62653d097ff85,USDC,553087.2699,553788.7573
optimism,3/16/2025,0x94b008aa00579c1307b0ef2c499ad98a8ce58e58,USDT,32811.26462,32862.06182
optimism,3/16/2025,0x68f180fcce6836688e9084f035309e29bf0a2095,WBTC,0.02043239,1698.214373
optimism,3/16/2025,0x4200000000000000000000000000000000000006,WETH,849.0041519,1612423.89
arbitrum,3/17/2025,0x82af49447d8a07e3bd95bd0d56f35241523fbab1,WETH,2955.483144,5657160.538
arbitrum,3/17/2025,0xfd086bc7cd5c481dcc9c85ebe478a1c0b69fcbb9,USDT,946430.9071,947390.4673
arbitrum,3/17/2025,0x2f2a2543b76a4166549f7aab2e75bef0aefc5b0f,WBTC,13.07934339,1090788.831
arbitrum,3/17/2025,0xaf88d065e77c8cc2239327c5edb3a432268e5831,USDC,3017427.06,3019974.233
base,3/17/2025,0x833589fcd6edb6e08f4c7c32d4f71b54bda02913,USDC,11231829.4,11241085.84
base,3/17/2025,0x4200000000000000000000000000000000000006,WETH,6848.700981,13089830.08
base,3/17/2025,0xcbb7c0000ab88b473b1f5afd9ef808440eed33bf,cbBTC,137.6024145,11509385.63
optimism,3/17/2025,0x4200000000000000000000000000000000000006,WETH,372.5186503,710918.0713
optimism,3/17/2025,0x94b008aa00579c1307b0ef2c499ad98a8ce58e58,USDT,60382.12692,60433.31751
optimism,3/17/2025,0x0b2c639c533813f4aa9d7837caf62653d097ff85,USDC,344763.9283,345050.449
optimism,3/17/2025,0x68f180fcce6836688e9084f035309e29bf0a2095,WBTC,0.04924519,4130.725119
arbitrum,3/18/2025,0xfd086bc7cd5c481dcc9c85ebe478a1c0b69fcbb9,USDT,462974.4598,463410.3622
arbitrum,3/18/2025,0x82af49447d8a07e3bd95bd0d56f35241523fbab1,WETH,615.0678835,1166968.586
arbitrum,3/18/2025,0x2f2a2543b76a4166549f7aab2e75bef0aefc5b0f,WBTC,13.3344776,1104451.538
arbitrum,3/18/2025,0xaf88d065e77c8cc2239327c5edb3a432268e5831,USDC,4047070.822,4050895.553
base,3/18/2025,0x4200000000000000000000000000000000000006,WETH,12175.76782,23175290.99
base,3/18/2025,0xcbb7c0000ab88b473b1f5afd9ef808440eed33bf,cbBTC,78.32344734,6453466.585
base,3/18/2025,0x833589fcd6edb6e08f4c7c32d4f71b54bda02913,USDC,12000236,12012692.02
optimism,3/18/2025,0x68f180fcce6836688e9084f035309e29bf0a2095,WBTC,0.02213375,1822.31133
optimism,3/18/2025,0x4200000000000000000000000000000000000006,WETH,1146.570676,2187616.619
optimism,3/18/2025,0x94b008aa00579c1307b0ef2c499ad98a8ce58e58,USDT,71982.16309,72046.22499
optimism,3/18/2025,0x0b2c639c533813f4aa9d7837caf62653d097ff85,USDC,353220.6391,353546.7846
arbitrum,3/19/2025,0xfd086bc7cd5c481dcc9c85ebe478a1c0b69fcbb9,USDT,1109356.546,1110233.89
arbitrum,3/19/2025,0x2f2a2543b76a4166549f7aab2e75bef0aefc5b0f,WBTC,6.32909036,541573.9474
arbitrum,3/19/2025,0xaf88d065e77c8cc2239327c5edb3a432268e5831,USDC,5179503.189,5183168.543
arbitrum,3/19/2025,0x82af49447d8a07e3bd95bd0d56f35241523fbab1,WETH,3452.747704,6884811.15
base,3/19/2025,0x833589fcd6edb6e08f4c7c32d4f71b54bda02913,USDC,15039765.12,15049744.93
base,3/19/2025,0xcbb7c0000ab88b473b1f5afd9ef808440eed33bf,cbBTC,154.0260427,12980673
base,3/19/2025,0x4200000000000000000000000000000000000006,WETH,5742.511018,11372943.04
optimism,3/19/2025,0x0b2c639c533813f4aa9d7837caf62653d097ff85,USDC,581415.5493,581700.8776
optimism,3/19/2025,0x68f180fcce6836688e9084f035309e29bf0a2095,WBTC,0.23187596,19682.80825
optimism,3/19/2025,0x4200000000000000000000000000000000000006,WETH,1551.536005,3063807.399
optimism,3/19/2025,0x94b008aa00579c1307b0ef2c499ad98a8ce58e58,USDT,59249.96369,59296.69451
arbitrum,3/20/2025,0xfd086bc7cd5c481dcc9c85ebe478a1c0b69fcbb9,USDT,467070.8367,467254.4764
arbitrum,3/20/2025,0xaf88d065e77c8cc2239327c5edb3a432268e5831,USDC,3666919.722,3668889.43
arbitrum,3/20/2025,0x82af49447d8a07e3bd95bd0d56f35241523fbab1,WETH,809.0759066,1610371.196
arbitrum,3/20/2025,0x2f2a2543b76a4166549f7aab2e75bef0aefc5b0f,WBTC,9.19818826,790006.5896
base,3/20/2025,0x4200000000000000000000000000000000000006,WETH,14894.74262,29706139.62
base,3/20/2025,0xcbb7c0000ab88b473b1f5afd9ef808440eed33bf,cbBTC,108.9742171,9318509.699
base,3/20/2025,0x833589fcd6edb6e08f4c7c32d4f71b54bda02913,USDC,14559915.46,14567408.57
optimism,3/20/2025,0x68f180fcce6836688e9084f035309e29bf0a2095,WBTC,0.36481993,31238.32517
optimism,3/20/2025,0x94b008aa00579c1307b0ef2c499ad98a8ce58e58,USDT,110891.2481,110936.9798
optimism,3/20/2025,0x0b2c639c533813f4aa9d7837caf62653d097ff85,USDC,2351658.897,2353102.036
optimism,3/20/2025,0x4200000000000000000000000000000000000006,WETH,604.9656598,1212806.489
arbitrum,3/21/2025,0x82af49447d8a07e3bd95bd0d56f35241523fbab1,WETH,134.0453434,263377.3666
arbitrum,3/21/2025,0xaf88d065e77c8cc2239327c5edb3a432268e5831,USDC,3391166.417,3393435.469
arbitrum,3/21/2025,0xfd086bc7cd5c481dcc9c85ebe478a1c0b69fcbb9,USDT,948766.0384,949143.151
arbitrum,3/21/2025,0x2f2a2543b76a4166549f7aab2e75bef0aefc5b0f,WBTC,1.1699182,97973.33346
base,3/21/2025,0xcbb7c0000ab88b473b1f5afd9ef808440eed33bf,cbBTC,83.7026655,7027894.879
base,3/21/2025,0x833589fcd6edb6e08f4c7c32d4f71b54bda02913,USDC,10345912.27,10353898.22
base,3/21/2025,0x4200000000000000000000000000000000000006,WETH,9887.994231,19503514.59
optimism,3/21/2025,0x4200000000000000000000000000000000000006,WETH,1432.397704,2822708.344
optimism,3/21/2025,0x94b008aa00579c1307b0ef2c499ad98a8ce58e58,USDT,23098.44813,23106.12924
optimism,3/21/2025,0x68f180fcce6836688e9084f035309e29bf0a2095,WBTC,0.0950769,7981.236183
optimism,3/21/2025,0x0b2c639c533813f4aa9d7837caf62653d097ff85,USDC,252038.5335,252231.991
arbitrum,3/22/2025,0xaf88d065e77c8cc2239327c5edb3a432268e5831,USDC,2665237.221,2668362.511
arbitrum,3/22/2025,0x2f2a2543b76a4166549f7aab2e75bef0aefc5b0f,WBTC,1.01370841,85348.24211
arbitrum,3/22/2025,0x82af49447d8a07e3bd95bd0d56f35241523fbab1,WETH,282.6855321,563804.1215
arbitrum,3/22/2025,0xfd086bc7cd5c481dcc9c85ebe478a1c0b69fcbb9,USDT,236310.1369,236556.2618
base,3/22/2025,0x833589fcd6edb6e08f4c7c32d4f71b54bda02913,USDC,3540514.204,3544666.009
base,3/22/2025,0xcbb7c0000ab88b473b1f5afd9ef808440eed33bf,cbBTC,6.86665313,578459.6995
base,3/22/2025,0x4200000000000000000000000000000000000006,WETH,6649.303913,13209449.11
optimism,3/22/2025,0x68f180fcce6836688e9084f035309e29bf0a2095,WBTC,0.06035737,5084.016814
optimism,3/22/2025,0x4200000000000000000000000000000000000006,WETH,721.9518052,1436726.41
optimism,3/22/2025,0x0b2c639c533813f4aa9d7837caf62653d097ff85,USDC,121965.3962,122111.2045
optimism,3/22/2025,0x94b008aa00579c1307b0ef2c499ad98a8ce58e58,USDT,17575.83793,17588.7362
arbitrum,3/23/2025,0xaf88d065e77c8cc2239327c5edb3a432268e5831,USDC,1095584.084,1096995.382
arbitrum,3/23/2025,0x2f2a2543b76a4166549f7aab2e75bef0aefc5b0f,WBTC,4.90822132,417186.8581
arbitrum,3/23/2025,0xfd086bc7cd5c481dcc9c85ebe478a1c0b69fcbb9,USDT,374102.7163,374693.9426
arbitrum,3/23/2025,0x82af49447d8a07e3bd95bd0d56f35241523fbab1,WETH,2484.293223,5009302.126
base,3/23/2025,0x833589fcd6edb6e08f4c7c32d4f71b54bda02913,USDC,3360591.583,3364982.336
base,3/23/2025,0xcbb7c0000ab88b473b1f5afd9ef808440eed33bf,cbBTC,15.35308932,1306891.031
base,3/23/2025,0x4200000000000000000000000000000000000006,WETH,11482.9661,23033896.06
optimism,3/23/2025,0x94b008aa00579c1307b0ef2c499ad98a8ce58e58,USDT,25996.46904,26036.83872
optimism,3/23/2025,0x0b2c639c533813f4aa9d7837caf62653d097ff85,USDC,127900.8761,128067.584
optimism,3/23/2025,0x68f180fcce6836688e9084f035309e29bf0a2095,WBTC,0.08321099,7069.411045
optimism,3/23/2025,0x4200000000000000000000000000000000000006,WETH,1350.976854,2706801.535
arbitrum,3/24/2025,0xaf88d065e77c8cc2239327c5edb3a432268e5831,USDC,4181051.751,4183041.635
arbitrum,3/24/2025,0x2f2a2543b76a4166549f7aab2e75bef0aefc5b0f,WBTC,15.5025405,1353167.909
arbitrum,3/24/2025,0x82af49447d8a07e3bd95bd0d56f35241523fbab1,WETH,276.750932,570862.5991
arbitrum,3/24/2025,0xfd086bc7cd5c481dcc9c85ebe478a1c0b69fcbb9,USDT,1312172.214,1313100.478
base,3/24/2025,0x4200000000000000000000000000000000000006,WETH,13716.85298,28431506.03
base,3/24/2025,0x833589fcd6edb6e08f4c7c32d4f71b54bda02913,USDC,14209017.44,14215521.03
base,3/24/2025,0xcbb7c0000ab88b473b1f5afd9ef808440eed33bf,cbBTC,98.26463903,8610499.572
optimism,3/24/2025,0x4200000000000000000000000000000000000006,WETH,872.600707,1801685.1
optimism,3/24/2025,0x0b2c639c533813f4aa9d7837caf62653d097ff85,USDC,462988.2035,463236.4524
optimism,3/24/2025,0x94b008aa00579c1307b0ef2c499ad98a8ce58e58,USDT,194237.0983,194341.6986
optimism,3/24/2025,0x68f180fcce6836688e9084f035309e29bf0a2095,WBTC,0.1606308,13989.56664
arbitrum,3/25/2025,0xaf88d065e77c8cc2239327c5edb3a432268e5831,USDC,3481135.474,3482222.126
arbitrum,3/25/2025,0xfd086bc7cd5c481dcc9c85ebe478a1c0b69fcbb9,USDT,554519.8735,554808.5498
arbitrum,3/25/2025,0x82af49447d8a07e3bd95bd0d56f35241523fbab1,WETH,564.2108087,1162791.608
arbitrum,3/25/2025,0x2f2a2543b76a4166549f7aab2e75bef0aefc5b0f,WBTC,2.39280228,208828.5191
base,3/25/2025,0x4200000000000000000000000000000000000006,WETH,11816.96312,24433298.72
base,3/25/2025,0x833589fcd6edb6e08f4c7c32d4f71b54bda02913,USDC,12203126.98,12207091.87
base,3/25/2025,0xcbb7c0000ab88b473b1f5afd9ef808440eed33bf,cbBTC,95.92190527,8403770.215
optimism,3/25/2025,0x94b008aa00579c1307b0ef2c499ad98a8ce58e58,USDT,40695.07898,40719.35078
optimism,3/25/2025,0x0b2c639c533813f4aa9d7837caf62653d097ff85,USDC,314002.5779,314108.4712
optimism,3/25/2025,0x4200000000000000000000000000000000000006,WETH,710.0244797,1468402.784
optimism,3/25/2025,0x68f180fcce6836688e9084f035309e29bf0a2095,WBTC,0.29570242,25869.3005
arbitrum,3/26/2025,0xfd086bc7cd5c481dcc9c85ebe478a1c0b69fcbb9,USDT,866510.9768,867133.4619
arbitrum,3/26/2025,0x2f2a2543b76a4166549f7aab2e75bef0aefc5b0f,WBTC,1.7737372,154568.9238
arbitrum,3/26/2025,0x82af49447d8a07e3bd95bd0d56f35241523fbab1,WETH,1309.025791,2647628.84
arbitrum,3/26/2025,0xaf88d065e77c8cc2239327c5edb3a432268e5831,USDC,2461518.998,2463144.185
base,3/26/2025,0x833589fcd6edb6e08f4c7c32d4f71b54bda02913,USDC,11537765.61,11545128.82
base,3/26/2025,0xcbb7c0000ab88b473b1f5afd9ef808440eed33bf,cbBTC,106.0916005,9242620.488
base,3/26/2025,0x4200000000000000000000000000000000000006,WETH,15583.91833,31948922.29
optimism,3/26/2025,0x0b2c639c533813f4aa9d7837caf62653d097ff85,USDC,408983.8229,409197.2647
optimism,3/26/2025,0x68f180fcce6836688e9084f035309e29bf0a2095,WBTC,0.02739191,2390.548267
optimism,3/26/2025,0x94b008aa00579c1307b0ef2c499ad98a8ce58e58,USDT,127851.7589,127947.7165
optimism,3/26/2025,0x4200000000000000000000000000000000000006,WETH,772.1433428,1571061.096
arbitrum,3/27/2025,0xfd086bc7cd5c481dcc9c85ebe478a1c0b69fcbb9,USDT,435722.6799,436000.8705
arbitrum,3/27/2025,0xaf88d065e77c8cc2239327c5edb3a432268e5831,USDC,924672.3429,925197.5992
arbitrum,3/27/2025,0x82af49447d8a07e3bd95bd0d56f35241523fbab1,WETH,734.3289709,1481160.375
arbitrum,3/27/2025,0x2f2a2543b76a4166549f7aab2e75bef0aefc5b0f,WBTC,20.24530049,1766709.666
base,3/27/2025,0x833589fcd6edb6e08f4c7c32d4f71b54bda02913,USDC,16078774.8,16087263.06
base,3/27/2025,0xcbb7c0000ab88b473b1f5afd9ef808440eed33bf,cbBTC,94.579854,8227529.678
base,3/27/2025,0x4200000000000000000000000000000000000006,WETH,8742.073598,17635086.14
optimism,3/27/2025,0x94b008aa00579c1307b0ef2c499ad98a8ce58e58,USDT,39400.51362,39426.71295
optimism,3/27/2025,0x0b2c639c533813f4aa9d7837caf62653d097ff85,USDC,2722391.668,2723480.087
optimism,3/27/2025,0x68f180fcce6836688e9084f035309e29bf0a2095,WBTC,0.07765157,6764.806293
optimism,3/27/2025,0x4200000000000000000000000000000000000006,WETH,238.0247151,479725.4448
arbitrum,3/28/2025,0x2f2a2543b76a4166549f7aab2e75bef0aefc5b0f,WBTC,7.32248658,619764.9375
arbitrum,3/28/2025,0xfd086bc7cd5c481dcc9c85ebe478a1c0b69fcbb9,USDT,387543.0558,387741.8123
arbitrum,3/28/2025,0x82af49447d8a07e3bd95bd0d56f35241523fbab1,WETH,1549.00343,2988197.031
arbitrum,3/28/2025,0xaf88d065e77c8cc2239327c5edb3a432268e5831,USDC,3994526.571,3998136.627
base,3/28/2025,0xcbb7c0000ab88b473b1f5afd9ef808440eed33bf,cbBTC,166.3610447,14137661.84
base,3/28/2025,0x4200000000000000000000000000000000000006,WETH,9008.857614,17298876.36
base,3/28/2025,0x833589fcd6edb6e08f4c7c32d4f71b54bda02913,USDC,17777271.91,17793407.56
optimism,3/28/2025,0x94b008aa00579c1307b0ef2c499ad98a8ce58e58,USDT,152785.2786,152884.3535
optimism,3/28/2025,0x0b2c639c533813f4aa9d7837caf62653d097ff85,USDC,513867.7956,514320.9381
optimism,3/28/2025,0x68f180fcce6836688e9084f035309e29bf0a2095,WBTC,0.0723878,6147.638641
optimism,3/28/2025,0x4200000000000000000000000000000000000006,WETH,1290.162311,2450686.563
arbitrum,3/29/2025,0x2f2a2543b76a4166549f7aab2e75bef0aefc5b0f,WBTC,2.09815366,173838.7406
arbitrum,3/29/2025,0xaf88d065e77c8cc2239327c5edb3a432268e5831,USDC,3358475.856,3362157.265
arbitrum,3/29/2025,0xfd086bc7cd5c481dcc9c85ebe478a1c0b69fcbb9,USDT,480509.237,480922.6489
arbitrum,3/29/2025,0x82af49447d8a07e3bd95bd0d56f35241523fbab1,WETH,580.4268743,1075008.403
base,3/29/2025,0xcbb7c0000ab88b473b1f5afd9ef808440eed33bf,cbBTC,146.9906427,12183392.36
base,3/29/2025,0x4200000000000000000000000000000000000006,WETH,11621.33348,21664575.87
base,3/29/2025,0x833589fcd6edb6e08f4c7c32d4f71b54bda02913,USDC,10700109.73,10712339.91
optimism,3/29/2025,0x0b2c639c533813f4aa9d7837caf62653d097ff85,USDC,324100.5126,324470.5421
optimism,3/29/2025,0x4200000000000000000000000000000000000006,WETH,2590.531094,4808532.418
optimism,3/29/2025,0x68f180fcce6836688e9084f035309e29bf0a2095,WBTC,0.13516232,11311.51222
optimism,3/29/2025,0x94b008aa00579c1307b0ef2c499ad98a8ce58e58,USDT,60643.42193,60690.39342
arbitrum,3/30/2025,0xfd086bc7cd5c481dcc9c85ebe478a1c0b69fcbb9,USDT,548669.0394,549313.7947
arbitrum,3/30/2025,0x82af49447d8a07e3bd95bd0d56f35241523fbab1,WETH,569.7996097,1036871.885
arbitrum,3/30/2025,0xaf88d065e77c8cc2239327c5edb3a432268e5831,USDC,2164326.457,2167159.262
arbitrum,3/30/2025,0x2f2a2543b76a4166549f7aab2e75bef0aefc5b0f,WBTC,0.89928428,74449.65566
base,3/30/2025,0x833589fcd6edb6e08f4c7c32d4f71b54bda02913,USDC,6104600.936,6112559.072
base,3/30/2025,0x4200000000000000000000000000000000000006,WETH,8645.868407,15813198.15
base,3/30/2025,0xcbb7c0000ab88b473b1f5afd9ef808440eed33bf,cbBTC,113.5566878,9394711.668
optimism,3/30/2025,0x4200000000000000000000000000000000000006,WETH,1546.980084,2831146.287
optimism,3/30/2025,0x0b2c639c533813f4aa9d7837caf62653d097ff85,USDC,242370.4407,242683.6034
optimism,3/30/2025,0x68f180fcce6836688e9084f035309e29bf0a2095,WBTC,0.10929478,9098.942201
optimism,3/30/2025,0x94b008aa00579c1307b0ef2c499ad98a8ce58e58,USDT,39400.24086,39440.00349
arbitrum,3/31/2025,0xaf88d065e77c8cc2239327c5edb3a432268e5831,USDC,2510104.926,2512389.825
arbitrum,3/31/2025,0x82af49447d8a07e3bd95bd0d56f35241523fbab1,WETH,965.2673746,1754358.442
arbitrum,3/31/2025,0x2f2a2543b76a4166549f7aab2e75bef0aefc5b0f,WBTC,5.37006285,440727.2135
arbitrum,3/31/2025,0xfd086bc7cd5c481dcc9c85ebe478a1c0b69fcbb9,USDT,850360.6815,850888.2357
base,3/31/2025,0x833589fcd6edb6e08f4c7c32d4f71b54bda02913,USDC,27142290.18,27156961.03
base,3/31/2025,0xcbb7c0000ab88b473b1f5afd9ef808440eed33bf,cbBTC,130.9592473,10793980.35
base,3/31/2025,0x4200000000000000000000000000000000000006,WETH,12473.77823,22648802.07
optimism,3/31/2025,0x94b008aa00579c1307b0ef2c499ad98a8ce58e58,USDT,65220.6588,65264.81146
optimism,3/31/2025,0x68f180fcce6836688e9084f035309e29bf0a2095,WBTC,0.10424476,8587.693898
optimism,3/31/2025,0x0b2c639c533813f4aa9d7837caf62653d097ff85,USDC,628320.9327,628850.4505
optimism,3/31/2025,0x4200000000000000000000000000000000000006,WETH,2002.338925,3620958.896
arbitrum,4/1/2025,0x82af49447d8a07e3bd95bd0d56f35241523fbab1,WETH,731.478214,1373881.479
arbitrum,4/1/2025,0xaf88d065e77c8cc2239327c5edb3a432268e5831,USDC,3384388.796,3386370.557
arbitrum,4/1/2025,0xfd086bc7cd5c481dcc9c85ebe478a1c0b69fcbb9,USDT,711122.4868,711496.569
arbitrum,4/1/2025,0x2f2a2543b76a4166549f7aab2e75bef0aefc5b0f,WBTC,3.61750217,305097.3896
base,4/1/2025,0x833589fcd6edb6e08f4c7c32d4f71b54bda02913,USDC,12792256.53,12798445.65
base,4/1/2025,0x4200000000000000000000000000000000000006,WETH,15065.73098,28445201.26
base,4/1/2025,0xcbb7c0000ab88b473b1f5afd9ef808440eed33bf,cbBTC,156.3060764,13160187.47
optimism,4/1/2025,0x0b2c639c533813f4aa9d7837caf62653d097ff85,USDC,370426.2036,370632.0425
optimism,4/1/2025,0x94b008aa00579c1307b0ef2c499ad98a8ce58e58,USDT,64924.60393,64957.70088
optimism,4/1/2025,0x4200000000000000000000000000000000000006,WETH,1297.246746,2432742.881
optimism,4/1/2025,0x68f180fcce6836688e9084f035309e29bf0a2095,WBTC,0.0527738,4454.245541
arbitrum,4/2/2025,0xfd086bc7cd5c481dcc9c85ebe478a1c0b69fcbb9,USDT,644091.1683,644484.9857
arbitrum,4/2/2025,0xaf88d065e77c8cc2239327c5edb3a432268e5831,USDC,4744342.93,4747297.4
arbitrum,4/2/2025,0x2f2a2543b76a4166549f7aab2e75bef0aefc5b0f,WBTC,16.00507754,1366644.553
arbitrum,4/2/2025,0x82af49447d8a07e3bd95bd0d56f35241523fbab1,WETH,1094.660411,2037629.205
base,4/2/2025,0xcbb7c0000ab88b473b1f5afd9ef808440eed33bf,cbBTC,276.8281216,23552030.52
base,4/2/2025,0x833589fcd6edb6e08f4c7c32d4f71b54bda02913,USDC,16074854.41,16082298.75
base,4/2/2025,0x4200000000000000000000000000000000000006,WETH,7729.453795,14508938.81
optimism,4/2/2025,0x0b2c639c533813f4aa9d7837caf62653d097ff85,USDC,449651.0915,449908.3066
optimism,4/2/2025,0x68f180fcce6836688e9084f035309e29bf0a2095,WBTC,2.23651675,190030.7629
optimism,4/2/2025,0x4200000000000000000000000000000000000006,WETH,760.6079455,1425456.33
optimism,4/2/2025,0x94b008aa00579c1307b0ef2c499ad98a8ce58e58,USDT,50817.37817,50845.92448
arbitrum,4/3/2025,0x2f2a2543b76a4166549f7aab2e75bef0aefc5b0f,WBTC,10.86704457,897506.475
arbitrum,4/3/2025,0xaf88d065e77c8cc2239327c5edb3a432268e5831,USDC,4905638.796,4909064.203
arbitrum,4/3/2025,0xfd086bc7cd5c481dcc9c85ebe478a1c0b69fcbb9,USDT,707849.1947,708068.463
arbitrum,4/3/2025,0x82af49447d8a07e3bd95bd0d56f35241523fbab1,WETH,1208.24311,2175211.33
base,4/3/2025,0x833589fcd6edb6e08f4c7c32d4f71b54bda02913,USDC,20406430.36,20417541.34
base,4/3/2025,0x4200000000000000000000000000000000000006,WETH,7867.296727,14258674.1
base,4/3/2025,0xcbb7c0000ab88b473b1f5afd9ef808440eed33bf,cbBTC,288.7577607,23865499.99
optimism,4/3/2025,0x0b2c639c533813f4aa9d7837caf62653d097ff85,USDC,486085.6383,486337.9464
optimism,4/3/2025,0x94b008aa00579c1307b0ef2c499ad98a8ce58e58,USDT,173347.3537,173413.0186
optimism,4/3/2025,0x4200000000000000000000000000000000000006,WETH,487.7918876,882641.5576
optimism,4/3/2025,0x68f180fcce6836688e9084f035309e29bf0a2095,WBTC,0.16714624,13750.61524
arbitrum,4/4/2025,0xaf88d065e77c8cc2239327c5edb3a432268e5831,USDC,2219138.036,2220387.24
arbitrum,4/4/2025,0xfd086bc7cd5c481dcc9c85ebe478a1c0b69fcbb9,USDT,868076.6272,868223.0367
arbitrum,4/4/2025,0x2f2a2543b76a4166549f7aab2e75bef0aefc5b0f,WBTC,14.41416151,1206289.786
arbitrum,4/4/2025,0x82af49447d8a07e3bd95bd0d56f35241523fbab1,WETH,1116.845145,2017190.922
base,4/4/2025,0x4200000000000000000000000000000000000006,WETH,5088.745772,9240007.274
base,4/4/2025,0x833589fcd6edb6e08f4c7c32d4f71b54bda02913,USDC,18699899.04,18710305.12
base,4/4/2025,0xcbb7c0000ab88b473b1f5afd9ef808440eed33bf,cbBTC,278.6523852,23197573.99
optimism,4/4/2025,0x68f180fcce6836688e9084f035309e29bf0a2095,WBTC,0.72414194,60134.80623
optimism,4/4/2025,0x0b2c639c533813f4aa9d7837caf62653d097ff85,USDC,433554.0722,433809.092
optimism,4/4/2025,0x4200000000000000000000000000000000000006,WETH,1198.494358,2164819.478
optimism,4/4/2025,0x94b008aa00579c1307b0ef2c499ad98a8ce58e58,USDT,99970.07367,99999.63199
arbitrum,4/5/2025,0xfd086bc7cd5c481dcc9c85ebe478a1c0b69fcbb9,USDT,316156.2705,316301.847
arbitrum,4/5/2025,0x82af49447d8a07e3bd95bd0d56f35241523fbab1,WETH,673.9924137,1208914.605
arbitrum,4/5/2025,0x2f2a2543b76a4166549f7aab2e75bef0aefc5b0f,WBTC,0.9644326,80249.26604
arbitrum,4/5/2025,0xaf88d065e77c8cc2239327c5edb3a432268e5831,USDC,1466050.707,1466893.314
base,4/5/2025,0x833589fcd6edb6e08f4c7c32d4f71b54bda02913,USDC,6577107.398,6580358.947
base,4/5/2025,0x4200000000000000000000000000000000000006,WETH,8995.421803,16338838.14
base,4/5/2025,0xcbb7c0000ab88b473b1f5afd9ef808440eed33bf,cbBTC,60.00727848,4998996.862
optimism,4/5/2025,0x4200000000000000000000000000000000000006,WETH,341.7801244,617466.1054
optimism,4/5/2025,0x0b2c639c533813f4aa9d7837caf62653d097ff85,USDC,141194.6562,141281.9632
optimism,4/5/2025,0x68f180fcce6836688e9084f035309e29bf0a2095,WBTC,0.05021426,4176.102342
optimism,4/5/2025,0x94b008aa00579c1307b0ef2c499ad98a8ce58e58,USDT,15746.39489,15749.62646
arbitrum,4/6/2025,0x2f2a2543b76a4166549f7aab2e75bef0aefc5b0f,WBTC,7.51714703,595761.3137
arbitrum,4/6/2025,0xaf88d065e77c8cc2239327c5edb3a432268e5831,USDC,6046249.781,6051217.69
arbitrum,4/6/2025,0xfd086bc7cd5c481dcc9c85ebe478a1c0b69fcbb9,USDT,830411.6438,830731.1648
arbitrum,4/6/2025,0x82af49447d8a07e3bd95bd0d56f35241523fbab1,WETH,2182.736262,3636163.166
base,4/6/2025,0xcbb7c0000ab88b473b1f5afd9ef808440eed33bf,cbBTC,212.3395408,17053198.18
base,4/6/2025,0x833589fcd6edb6e08f4c7c32d4f71b54bda02913,USDC,11821216.25,11831433.67
base,4/6/2025,0x4200000000000000000000000000000000000006,WETH,8395.197625,14680596.82
optimism,4/6/2025,0x94b008aa00579c1307b0ef2c499ad98a8ce58e58,USDT,107090.5883,107121.9139
optimism,4/6/2025,0x4200000000000000000000000000000000000006,WETH,457.4078767,769426.2187
optimism,4/6/2025,0x68f180fcce6836688e9084f035309e29bf0a2095,WBTC,0.39133677,31237.43258
optimism,4/6/2025,0x0b2c639c533813f4aa9d7837caf62653d097ff85,USDC,316133.3441,316408.163
arbitrum,4/7/2025,0x82af49447d8a07e3bd95bd0d56f35241523fbab1,WETH,2910.040969,4457736.04
arbitrum,4/7/2025,0x2f2a2543b76a4166549f7aab2e75bef0aefc5b0f,WBTC,18.7478468,1445605.809
arbitrum,4/7/2025,0xfd086bc7cd5c481dcc9c85ebe478a1c0b69fcbb9,USDT,1977287.97,1977469.344
arbitrum,4/7/2025,0xaf88d065e77c8cc2239327c5edb3a432268e5831,USDC,10165697.47,10172826.23
base,4/7/2025,0xcbb7c0000ab88b473b1f5afd9ef808440eed33bf,cbBTC,301.2705453,23502483.72
base,4/7/2025,0x4200000000000000000000000000000000000006,WETH,8711.910134,13096333.74
base,4/7/2025,0x833589fcd6edb6e08f4c7c32d4f71b54bda02913,USDC,16330650.83,16341415.39
optimism,4/7/2025,0x68f180fcce6836688e9084f035309e29bf0a2095,WBTC,0.32789164,24875.3962
optimism,4/7/2025,0x4200000000000000000000000000000000000006,WETH,2346.405106,3591917.696
optimism,4/7/2025,0x94b008aa00579c1307b0ef2c499ad98a8ce58e58,USDT,84446.87625,84453.53577
optimism,4/7/2025,0x0b2c639c533813f4aa9d7837caf62653d097ff85,USDC,423870.7539,424149.1067
arbitrum,4/8/2025,0xaf88d065e77c8cc2239327c5edb3a432268e5831,USDC,6210902.992,6214086.542
arbitrum,4/8/2025,0x2f2a2543b76a4166549f7aab2e75bef0aefc5b0f,WBTC,10.67183375,832511.6054
arbitrum,4/8/2025,0xfd086bc7cd5c481dcc9c85ebe478a1c0b69fcbb9,USDT,1420554.823,1420727.338
arbitrum,4/8/2025,0x82af49447d8a07e3bd95bd0d56f35241523fbab1,WETH,2449.253853,3760545.013
base,4/8/2025,0x833589fcd6edb6e08f4c7c32d4f71b54bda02913,USDC,15803280.8,15811813.09
base,4/8/2025,0xcbb7c0000ab88b473b1f5afd9ef808440eed33bf,cbBTC,372.8127418,29128982.77
base,4/8/2025,0x4200000000000000000000000000000000000006,WETH,8329.97354,13073785
optimism,4/8/2025,0x4200000000000000000000000000000000000006,WETH,1884.192739,2892361.681
optimism,4/8/2025,0x0b2c639c533813f4aa9d7837caf62653d097ff85,USDC,252889.643,253062.3163
optimism,4/8/2025,0x68f180fcce6836688e9084f035309e29bf0a2095,WBTC,0.17193726,13329.43652
optimism,4/8/2025,0x94b008aa00579c1307b0ef2c499ad98a8ce58e58,USDT,45291.14421,45279.55078
arbitrum,4/9/2025,0x82af49447d8a07e3bd95bd0d56f35241523fbab1,WETH,10786.66973,16079230.75
arbitrum,4/9/2025,0xfd086bc7cd5c481dcc9c85ebe478a1c0b69fcbb9,USDT,2264902.341,2264843.661
arbitrum,4/9/2025,0xaf88d065e77c8cc2239327c5edb3a432268e5831,USDC,10991700.13,10998345.47
arbitrum,4/9/2025,0x2f2a2543b76a4166549f7aab2e75bef0aefc5b0f,WBTC,25.37371352,2015287.836
base,4/9/2025,0xcbb7c0000ab88b473b1f5afd9ef808440eed33bf,cbBTC,478.4304489,37425859.3
base,4/9/2025,0x833589fcd6edb6e08f4c7c32d4f71b54bda02913,USDC,21687096.39,21699431.61
base,4/9/2025,0x4200000000000000000000000000000000000006,WETH,3241.744183,4891934.198
optimism,4/9/2025,0x94b008aa00579c1307b0ef2c499ad98a8ce58e58,USDT,1167863.108,1167805.948
optimism,4/9/2025,0x4200000000000000000000000000000000000006,WETH,2925.226621,4401095.896
optimism,4/9/2025,0x0b2c639c533813f4aa9d7837caf62653d097ff85,USDC,1048955.306,1050386.312
optimism,4/9/2025,0x68f180fcce6836688e9084f035309e29bf0a2095,WBTC,1.24859214,101990.0496
arbitrum,4/10/2025,0xfd086bc7cd5c481dcc9c85ebe478a1c0b69fcbb9,USDT,2681950.464,2682013.364
arbitrum,4/10/2025,0x2f2a2543b76a4166549f7aab2e75bef0aefc5b0f,WBTC,14.49033958,1166295.253
arbitrum,4/10/2025,0x82af49447d8a07e3bd95bd0d56f35241523fbab1,WETH,2451.046205,3831992.855
arbitrum,4/10/2025,0xaf88d065e77c8cc2239327c5edb3a432268e5831,USDC,5152619.368,5155304.707
base,4/10/2025,0xcbb7c0000ab88b473b1f5afd9ef808440eed33bf,cbBTC,314.783447,25432563.64
base,4/10/2025,0x4200000000000000000000000000000000000006,WETH,5924.097424,9405196.897
base,4/10/2025,0x833589fcd6edb6e08f4c7c32d4f71b54bda02913,USDC,21023733.96,21033474.21
optimism,4/10/2025,0x4200000000000000000000000000000000000006,WETH,1919.960246,3026049.874
optimism,4/10/2025,0x94b008aa00579c1307b0ef2c499ad98a8ce58e58,USDT,116780.0633,116789.9141
optimism,4/10/2025,0x0b2c639c533813f4aa9d7837caf62653d097ff85,USDC,106451.1315,106505.5467
optimism,4/10/2025,0x68f180fcce6836688e9084f035309e29bf0a2095,WBTC,0.16035145,13069.53946
arbitrum,4/11/2025,0x82af49447d8a07e3bd95bd0d56f35241523fbab1,WETH,1197.537409,1869673.735
arbitrum,4/11/2025,0xfd086bc7cd5c481dcc9c85ebe478a1c0b69fcbb9,USDT,1026649.672,1026724.04
arbitrum,4/11/2025,0x2f2a2543b76a4166549f7aab2e75bef0aefc5b0f,WBTC,4.00275245,328919.7394
arbitrum,4/11/2025,0xaf88d065e77c8cc2239327c5edb3a432268e5831,USDC,8343879.092,8348694.741
base,4/11/2025,0x4200000000000000000000000000000000000006,WETH,3860.644322,5997715.589
base,4/11/2025,0x833589fcd6edb6e08f4c7c32d4f71b54bda02913,USDC,17365951.32,17376108.39
base,4/11/2025,0xcbb7c0000ab88b473b1f5afd9ef808440eed33bf,cbBTC,373.3426499,30716592.59
optimism,4/11/2025,0x94b008aa00579c1307b0ef2c499ad98a8ce58e58,USDT,53401.46074,53402.9662
optimism,4/11/2025,0x4200000000000000000000000000000000000006,WETH,1965.801174,3059328.478
optimism,4/11/2025,0x0b2c639c533813f4aa9d7837caf62653d097ff85,USDC,202180.2637,202299.7206
optimism,4/11/2025,0x68f180fcce6836688e9084f035309e29bf0a2095,WBTC,0.20618425,17053.88911
arbitrum,4/12/2025,0x82af49447d8a07e3bd95bd0d56f35241523fbab1,WETH,1308.588718,2103201.993
arbitrum,4/12/2025,0xfd086bc7cd5c481dcc9c85ebe478a1c0b69fcbb9,USDT,1028290.534,1028602.241
arbitrum,4/12/2025,0xaf88d065e77c8cc2239327c5edb3a432268e5831,USDC,6016320.522,6019875.779
arbitrum,4/12/2025,0x2f2a2543b76a4166549f7aab2e75bef0aefc5b0f,WBTC,6.88786351,582622.1733
base,4/12/2025,0x4200000000000000000000000000000000000006,WETH,7650.591764,12446112.57
base,4/12/2025,0xcbb7c0000ab88b473b1f5afd9ef808440eed33bf,cbBTC,165.7250639,13949788.3
base,4/12/2025,0x833589fcd6edb6e08f4c7c32d4f71b54bda02913,USDC,14573552.73,14582319.48
optimism,4/12/2025,0x0b2c639c533813f4aa9d7837caf62653d097ff85,USDC,173160.4062,173249.9968
optimism,4/12/2025,0x4200000000000000000000000000000000000006,WETH,1711.236157,2765712.536
optimism,4/12/2025,0x68f180fcce6836688e9084f035309e29bf0a2095,WBTC,0.30732554,26065.65834
optimism,4/12/2025,0x94b008aa00579c1307b0ef2c499ad98a8ce58e58,USDT,176881.9288,176939.9828
arbitrum,4/13/2025,0x82af49447d8a07e3bd95bd0d56f35241523fbab1,WETH,3907.471302,6305720.18
arbitrum,4/13/2025,0xfd086bc7cd5c481dcc9c85ebe478a1c0b69fcbb9,USDT,963937.6524,964426.5194
arbitrum,4/13/2025,0xaf88d065e77c8cc2239327c5edb3a432268e5831,USDC,4963588.453,4967432.687
arbitrum,4/13/2025,0x2f2a2543b76a4166549f7aab2e75bef0aefc5b0f,WBTC,4.92987945,418565.9748
base,4/13/2025,0xcbb7c0000ab88b473b1f5afd9ef808440eed33bf,cbBTC,197.9205446,16717117.22
base,4/13/2025,0x4200000000000000000000000000000000000006,WETH,8627.244582,13984527.29
base,4/13/2025,0x833589fcd6edb6e08f4c7c32d4f71b54bda02913,USDC,14327571.71,14338004.61
optimism,4/13/2025,0x0b2c639c533813f4aa9d7837caf62653d097ff85,USDC,171117.7805,171243.5659
optimism,4/13/2025,0x68f180fcce6836688e9084f035309e29bf0a2095,WBTC,0.10203818,8616.163979
optimism,4/13/2025,0x4200000000000000000000000000000000000006,WETH,1461.844203,2349855.483
optimism,4/13/2025,0x94b008aa00579c1307b0ef2c499ad98a8ce58e58,USDT,56536.93477,56568.57647
arbitrum,4/14/2025,0x2f2a2543b76a4166549f7aab2e75bef0aefc5b0f,WBTC,2.74172812,231133.2997
arbitrum,4/14/2025,0xaf88d065e77c8cc2239327c5edb3a432268e5831,USDC,1948078.932,1949324.526
arbitrum,4/14/2025,0x82af49447d8a07e3bd95bd0d56f35241523fbab1,WETH,2520.937287,4141034.836
arbitrum,4/14/2025,0xfd086bc7cd5c481dcc9c85ebe478a1c0b69fcbb9,USDT,1274682.104,1275239.092
base,4/14/2025,0xcbb7c0000ab88b473b1f5afd9ef808440eed33bf,cbBTC,258.3516409,21873015
base,4/14/2025,0x4200000000000000000000000000000000000006,WETH,2497.14603,4099408.133
base,4/14/2025,0x833589fcd6edb6e08f4c7c32d4f71b54bda02913,USDC,17913715.12,17924668.57
optimism,4/14/2025,0x94b008aa00579c1307b0ef2c499ad98a8ce58e58,USDT,161859.3196,161923.5043
optimism,4/14/2025,0x0b2c639c533813f4aa9d7837caf62653d097ff85,USDC,132961.0419,133055.9244
optimism,4/14/2025,0x4200000000000000000000000000000000000006,WETH,844.6159544,1378564.626
optimism,4/14/2025,0x68f180fcce6836688e9084f035309e29bf0a2095,WBTC,0.19136695,16207.51234
arbitrum,4/15/2025,0xfd086bc7cd5c481dcc9c85ebe478a1c0b69fcbb9,USDT,1776570.906,1777705.394
arbitrum,4/15/2025,0x2f2a2543b76a4166549f7aab2e75bef0aefc5b0f,WBTC,2.7553141,231988.5629
arbitrum,4/15/2025,0xaf88d065e77c8cc2239327c5edb3a432268e5831,USDC,3592144.754,3594450.067
arbitrum,4/15/2025,0x82af49447d8a07e3bd95bd0d56f35241523fbab1,WETH,1638.241498,2654810.2
base,4/15/2025,0x4200000000000000000000000000000000000006,WETH,2415.114292,3932431.064
base,4/15/2025,0xcbb7c0000ab88b473b1f5afd9ef808440eed33bf,cbBTC,155.5107748,13223236.15
base,4/15/2025,0x833589fcd6edb6e08f4c7c32d4f71b54bda02913,USDC,10621752.9,10628123.8
optimism,4/15/2025,0x0b2c639c533813f4aa9d7837caf62653d097ff85,USDC,105154.9239,105225.6345
optimism,4/15/2025,0x94b008aa00579c1307b0ef2c499ad98a8ce58e58,USDT,51380.92922,51410.92274
optimism,4/15/2025,0x4200000000000000000000000000000000000006,WETH,1254.352626,2039602.017
optimism,4/15/2025,0x68f180fcce6836688e9084f035309e29bf0a2095,WBTC,0.18494341,15793.48415
arbitrum,4/16/2025,0x2f2a2543b76a4166549f7aab2e75bef0aefc5b0f,WBTC,6.71711677,563652.8447
arbitrum,4/16/2025,0xaf88d065e77c8cc2239327c5edb3a432268e5831,USDC,5618061.111,5621529.593
arbitrum,4/16/2025,0x82af49447d8a07e3bd95bd0d56f35241523fbab1,WETH,4238.897604,6708014.198
arbitrum,4/16/2025,0xfd086bc7cd5c481dcc9c85ebe478a1c0b69fcbb9,USDT,3185886.946,3188172.229
base,4/16/2025,0xcbb7c0000ab88b473b1f5afd9ef808440eed33bf,cbBTC,266.6423532,22434320.93
base,4/16/2025,0x4200000000000000000000000000000000000006,WETH,1850.860707,2929945.958
base,4/16/2025,0x833589fcd6edb6e08f4c7c32d4f71b54bda02913,USDC,11638861.09,11645399.42
optimism,4/16/2025,0x94b008aa00579c1307b0ef2c499ad98a8ce58e58,USDT,93767.94845,93826.36263
optimism,4/16/2025,0x0b2c639c533813f4aa9d7837caf62653d097ff85,USDC,145026.5692,145132.8355
optimism,4/16/2025,0x4200000000000000000000000000000000000006,WETH,1215.611368,1922869.877
optimism,4/16/2025,0x68f180fcce6836688e9084f035309e29bf0a2095,WBTC,1.13013989,94894.16439
arbitrum,4/17/2025,0x82af49447d8a07e3bd95bd0d56f35241523fbab1,WETH,1653.677927,2642386.517
arbitrum,4/17/2025,0xaf88d065e77c8cc2239327c5edb3a432268e5831,USDC,2577772.192,2579071.99
arbitrum,4/17/2025,0x2f2a2543b76a4166549f7aab2e75bef0aefc5b0f,WBTC,5.90166127,500104.773
arbitrum,4/17/2025,0xfd086bc7cd5c481dcc9c85ebe478a1c0b69fcbb9,USDT,1656772.686,1657918.668
base,4/17/2025,0x833589fcd6edb6e08f4c7c32d4f71b54bda02913,USDC,9303151.451,9308114.821
base,4/17/2025,0x4200000000000000000000000000000000000006,WETH,3694.079455,5877544.374
base,4/17/2025,0xcbb7c0000ab88b473b1f5afd9ef808440eed33bf,cbBTC,123.3867777,10443195.44
optimism,4/17/2025,0x68f180fcce6836688e9084f035309e29bf0a2095,WBTC,0.3875863,32768.94474
optimism,4/17/2025,0x94b008aa00579c1307b0ef2c499ad98a8ce58e58,USDT,171594.5877,171687.9349
optimism,4/17/2025,0x0b2c639c533813f4aa9d7837caf62653d097ff85,USDC,80656.79162,80700.01217
optimism,4/17/2025,0x4200000000000000000000000000000000000006,WETH,990.8365208,1578002.289
arbitrum,4/18/2025,0xfd086bc7cd5c481dcc9c85ebe478a1c0b69fcbb9,USDT,392020.2717,392244.1159
arbitrum,4/18/2025,0xaf88d065e77c8cc2239327c5edb3a432268e5831,USDC,2434997.865,2436327.416
arbitrum,4/18/2025,0x82af49447d8a07e3bd95bd0d56f35241523fbab1,WETH,664.0978527,1052712.898
arbitrum,4/18/2025,0x2f2a2543b76a4166549f7aab2e75bef0aefc5b0f,WBTC,2.69026202,227576.3218
base,4/18/2025,0x4200000000000000000000000000000000000006,WETH,2199.587059,3501761.664
base,4/18/2025,0x833589fcd6edb6e08f4c7c32d4f71b54bda02913,USDC,6444691.292,6448493.166
base,4/18/2025,0xcbb7c0000ab88b473b1f5afd9ef808440eed33bf,cbBTC,45.95778315,3893955.456
optimism,4/18/2025,0x68f180fcce6836688e9084f035309e29bf0a2095,WBTC,1.15936388,98413.456
optimism,4/18/2025,0x4200000000000000000000000000000000000006,WETH,1223.949517,1943618.445
optimism,4/18/2025,0x94b008aa00579c1307b0ef2c499ad98a8ce58e58,USDT,21913.75425,21925.70763
optimism,4/18/2025,0x0b2c639c533813f4aa9d7837caf62653d097ff85,USDC,55327.16089,55355.88943
arbitrum,4/19/2025,0xaf88d065e77c8cc2239327c5edb3a432268e5831,USDC,2015021.648,2016312.203
arbitrum,4/19/2025,0x2f2a2543b76a4166549f7aab2e75bef0aefc5b0f,WBTC,0.46262423,39272.8748
arbitrum,4/19/2025,0x82af49447d8a07e3bd95bd0d56f35241523fbab1,WETH,891.2958184,1435254.8
arbitrum,4/19/2025,0xfd086bc7cd5c481dcc9c85ebe478a1c0b69fcbb9,USDT,755563.2881,756054.7614
base,4/19/2025,0x4200000000000000000000000000000000000006,WETH,444.8718054,712713.3937
base,4/19/2025,0xcbb7c0000ab88b473b1f5afd9ef808440eed33bf,cbBTC,51.9432231,4422125.684
base,4/19/2025,0x833589fcd6edb6e08f4c7c32d4f71b54bda02913,USDC,4044842.663,4046769.692
optimism,4/19/2025,0x0b2c639c533813f4aa9d7837caf62653d097ff85,USDC,181127.3917,181260.4072
optimism,4/19/2025,0x4200000000000000000000000000000000000006,WETH,939.9525836,1511452.04
optimism,4/19/2025,0x68f180fcce6836688e9084f035309e29bf0a2095,WBTC,0.0377544,3212.27784
optimism,4/19/2025,0x94b008aa00579c1307b0ef2c499ad98a8ce58e58,USDT,61623.68615,61665.30981
arbitrum,4/20/2025,0x2f2a2543b76a4166549f7aab2e75bef0aefc5b0f,WBTC,0.81671241,69225.44549
arbitrum,4/20/2025,0xfd086bc7cd5c481dcc9c85ebe478a1c0b69fcbb9,USDT,527513.667,527920.2846
arbitrum,4/20/2025,0xaf88d065e77c8cc2239327c5edb3a432268e5831,USDC,1688013.177,1688998.681
arbitrum,4/20/2025,0x82af49447d8a07e3bd95bd0d56f35241523fbab1,WETH,584.3771169,933416.3376
base,4/20/2025,0x833589fcd6edb6e08f4c7c32d4f71b54bda02913,USDC,4843928.542,4846571.917
base,4/20/2025,0x4200000000000000000000000000000000000006,WETH,1819.933749,2878873.237
base,4/20/2025,0xcbb7c0000ab88b473b1f5afd9ef808440eed33bf,cbBTC,60.06138439,5087991.346
optimism,4/20/2025,0x4200000000000000000000000000000000000006,WETH,779.9013356,1243040.979
optimism,4/20/2025,0x68f180fcce6836688e9084f035309e29bf0a2095,WBTC,0.23605736,20138.23115
optimism,4/20/2025,0x0b2c639c533813f4aa9d7837caf62653d097ff85,USDC,97318.99336,97374.83972
optimism,4/20/2025,0x94b008aa00579c1307b0ef2c499ad98a8ce58e58,USDT,21898.3023,21912.17211
arbitrum,4/21/2025,0x2f2a2543b76a4166549f7aab2e75bef0aefc5b0f,WBTC,9.66326837,836993.9647
arbitrum,4/21/2025,0x82af49447d8a07e3bd95bd0d56f35241523fbab1,WETH,1415.438919,2301557.657
arbitrum,4/21/2025,0xfd086bc7cd5c481dcc9c85ebe478a1c0b69fcbb9,USDT,811415.6403,811788.5117
arbitrum,4/21/2025,0xaf88d065e77c8cc2239327c5edb3a432268e5831,USDC,5404389.046,5406030.843
base,4/21/2025,0x833589fcd6edb6e08f4c7c32d4f71b54bda02913,USDC,11611016.72,11614414.45
base,4/21/2025,0x4200000000000000000000000000000000000006,WETH,1202.826247,1945541.115
base,4/21/2025,0xcbb7c0000ab88b473b1f5afd9ef808440eed33bf,cbBTC,219.4267197,19165134.75
optimism,4/21/2025,0x0b2c639c533813f4aa9d7837caf62653d097ff85,USDC,53283.72366,53296.31162
optimism,4/21/2025,0x68f180fcce6836688e9084f035309e29bf0a2095,WBTC,0.16175622,14089.00392
optimism,4/21/2025,0x4200000000000000000000000000000000000006,WETH,301.6324327,489252.0366
optimism,4/21/2025,0x94b008aa00579c1307b0ef2c499ad98a8ce58e58,USDT,81462.87261,81490.005
arbitrum,4/22/2025,0xaf88d065e77c8cc2239327c5edb3a432268e5831,USDC,7216342.649,7218074.898
arbitrum,4/22/2025,0x82af49447d8a07e3bd95bd0d56f35241523fbab1,WETH,2153.910445,3584866.543
arbitrum,4/22/2025,0xfd086bc7cd5c481dcc9c85ebe478a1c0b69fcbb9,USDT,2259569.585,2260625.864
arbitrum,4/22/2025,0x2f2a2543b76a4166549f7aab2e75bef0aefc5b0f,WBTC,6.09135659,549115.6588
base,4/22/2025,0x833589fcd6edb6e08f4c7c32d4f71b54bda02913,USDC,16432184.34,16436011.04
base,4/22/2025,0xcbb7c0000ab88b473b1f5afd9ef808440eed33bf,cbBTC,2599427.16,2.37E+11
base,4/22/2025,0x4200000000000000000000000000000000000006,WETH,3436.610219,5764171.022
optimism,4/22/2025,0x68f180fcce6836688e9084f035309e29bf0a2095,WBTC,0.72208163,66495.21294
optimism,4/22/2025,0x94b008aa00579c1307b0ef2c499ad98a8ce58e58,USDT,565403.9812,565842.2586
optimism,4/22/2025,0x0b2c639c533813f4aa9d7837caf62653d097ff85,USDC,307172.5928,307202.863
optimism,4/22/2025,0x4200000000000000000000000000000000000006,WETH,1764.752459,2900194.507
arbitrum,4/23/2025,0x82af49447d8a07e3bd95bd0d56f35241523fbab1,WETH,1132.522263,2029096.515
arbitrum,4/23/2025,0xfd086bc7cd5c481dcc9c85ebe478a1c0b69fcbb9,USDT,1420160.014,1420613.491
arbitrum,4/23/2025,0x2f2a2543b76a4166549f7aab2e75bef0aefc5b0f,WBTC,13.68853569,1276559.402
arbitrum,4/23/2025,0xaf88d065e77c8cc2239327c5edb3a432268e5831,USDC,4802396.038,4802075.594
base,4/23/2025,0x833589fcd6edb6e08f4c7c32d4f71b54bda02913,USDC,19000594.95,18999470.75
base,4/23/2025,0x4200000000000000000000000000000000000006,WETH,2269.743639,4064822.916
base,4/23/2025,0xcbb7c0000ab88b473b1f5afd9ef808440eed33bf,cbBTC,218.1647632,20398290.32
optimism,4/23/2025,0x94b008aa00579c1307b0ef2c499ad98a8ce58e58,USDT,83320.24704,83343.3425
optimism,4/23/2025,0x4200000000000000000000000000000000000006,WETH,1538.49799,2753141.349
optimism,4/23/2025,0x0b2c639c533813f4aa9d7837caf62653d097ff85,USDC,174926.8552,174925.1419
optimism,4/23/2025,0x68f180fcce6836688e9084f035309e29bf0a2095,WBTC,0.1849408,17270.36735
arbitrum,4/24/2025,0x2f2a2543b76a4166549f7aab2e75bef0aefc5b0f,WBTC,16.52858176,1530833.268
arbitrum,4/24/2025,0xfd086bc7cd5c481dcc9c85ebe478a1c0b69fcbb9,USDT,877966.9191,878421.1344
arbitrum,4/24/2025,0x82af49447d8a07e3bd95bd0d56f35241523fbab1,WETH,525.153462,924219.4765
arbitrum,4/24/2025,0xaf88d065e77c8cc2239327c5edb3a432268e5831,USDC,1466207.046,1466439.663
base,4/24/2025,0x4200000000000000000000000000000000000006,WETH,6500.790439,11472975.82
base,4/24/2025,0xcbb7c0000ab88b473b1f5afd9ef808440eed33bf,cbBTC,107.7700994,10047792.87
base,4/24/2025,0x833589fcd6edb6e08f4c7c32d4f71b54bda02913,USDC,22098850.1,22102674.48
optimism,4/24/2025,0x68f180fcce6836688e9084f035309e29bf0a2095,WBTC,0.19431069,17950.59771
optimism,4/24/2025,0x0b2c639c533813f4aa9d7837caf62653d097ff85,USDC,71449.30637,71461.55742
optimism,4/24/2025,0x94b008aa00579c1307b0ef2c499ad98a8ce58e58,USDT,52017.16375,52043.20305
optimism,4/24/2025,0x4200000000000000000000000000000000000006,WETH,1038.537669,1834582.958
arbitrum,4/25/2025,0x82af49447d8a07e3bd95bd0d56f35241523fbab1,WETH,811.5556159,1448089.041
arbitrum,4/25/2025,0x2f2a2543b76a4166549f7aab2e75bef0aefc5b0f,WBTC,1.62766558,154192.7435
arbitrum,4/25/2025,0xfd086bc7cd5c481dcc9c85ebe478a1c0b69fcbb9,USDT,961246.6238,962012.7929
arbitrum,4/25/2025,0xaf88d065e77c8cc2239327c5edb3a432268e5831,USDC,7153879.964,7154476.262
base,4/25/2025,0x4200000000000000000000000000000000000006,WETH,8328.952002,14827558.51
base,4/25/2025,0xcbb7c0000ab88b473b1f5afd9ef808440eed33bf,cbBTC,162.9664242,15395230.2
base,4/25/2025,0x833589fcd6edb6e08f4c7c32d4f71b54bda02913,USDC,16483703.13,16484990.23
optimism,4/25/2025,0x0b2c639c533813f4aa9d7837caf62653d097ff85,USDC,124490.3639,124500.0722
optimism,4/25/2025,0x94b008aa00579c1307b0ef2c499ad98a8ce58e58,USDT,545877.1761,546337.9097
optimism,4/25/2025,0x68f180fcce6836688e9084f035309e29bf0a2095,WBTC,0.00341082,322.7349535
optimism,4/25/2025,0x4200000000000000000000000000000000000006,WETH,188.0059512,334552.9132
arbitrum,4/26/2025,0xaf88d065e77c8cc2239327c5edb3a432268e5831,USDC,2548557.023,2548980.82
arbitrum,4/26/2025,0x2f2a2543b76a4166549f7aab2e75bef0aefc5b0f,WBTC,0.77795052,73383.73078
arbitrum,4/26/2025,0x82af49447d8a07e3bd95bd0d56f35241523fbab1,WETH,318.4084697,574587.6764
arbitrum,4/26/2025,0xfd086bc7cd5c481dcc9c85ebe478a1c0b69fcbb9,USDT,462877.6252,463193.1781
base,4/26/2025,0xcbb7c0000ab88b473b1f5afd9ef808440eed33bf,cbBTC,111.5682111,10542036.07
base,4/26/2025,0x4200000000000000000000000000000000000006,WETH,13653.61754,24579313.98
base,4/26/2025,0x833589fcd6edb6e08f4c7c32d4f71b54bda02913,USDC,9325990.102,9328297.279
optimism,4/26/2025,0x0b2c639c533813f4aa9d7837caf62653d097ff85,USDC,216098.9382,216149.9876
optimism,4/26/2025,0x4200000000000000000000000000000000000006,WETH,30.6670989,55355.38082
optimism,4/26/2025,0x68f180fcce6836688e9084f035309e29bf0a2095,WBTC,0.03432996,3234.325773
optimism,4/26/2025,0x94b008aa00579c1307b0ef2c499ad98a8ce58e58,USDT,15498.54235,15511.51896
arbitrum,4/27/2025,0x2f2a2543b76a4166549f7aab2e75bef0aefc5b0f,WBTC,15.61894076,1470571.076
arbitrum,4/27/2025,0x82af49447d8a07e3bd95bd0d56f35241523fbab1,WETH,1551.730494,2807895.423
arbitrum,4/27/2025,0xfd086bc7cd5c481dcc9c85ebe478a1c0b69fcbb9,USDT,838134.6362,838811.1242
arbitrum,4/27/2025,0xaf88d065e77c8cc2239327c5edb3a432268e5831,USDC,2213480.289,2214282.659
base,4/27/2025,0x833589fcd6edb6e08f4c7c32d4f71b54bda02913,USDC,6960485.214,6963217.922
base,4/27/2025,0x4200000000000000000000000000000000000006,WETH,12642.47934,22787032.56
base,4/27/2025,0xcbb7c0000ab88b473b1f5afd9ef808440eed33bf,cbBTC,68.40289684,6451692.617
optimism,4/27/2025,0x0b2c639c533813f4aa9d7837caf62653d097ff85,USDC,129764.5242,129808.6436
optimism,4/27/2025,0x4200000000000000000000000000000000000006,WETH,543.4902396,977962.2845
optimism,4/27/2025,0x94b008aa00579c1307b0ef2c499ad98a8ce58e58,USDT,19072.6013,19088.62299
optimism,4/27/2025,0x68f180fcce6836688e9084f035309e29bf0a2095,WBTC,0.02694213,2533.90879
arbitrum,4/28/2025,0x2f2a2543b76a4166549f7aab2e75bef0aefc5b0f,WBTC,2.32568309,219825.1748
arbitrum,4/28/2025,0x82af49447d8a07e3bd95bd0d56f35241523fbab1,WETH,833.9468443,1486168.791
arbitrum,4/28/2025,0xfd086bc7cd5c481dcc9c85ebe478a1c0b69fcbb9,USDT,485081.4216,485317.3457
arbitrum,4/28/2025,0xaf88d065e77c8cc2239327c5edb3a432268e5831,USDC,1649972.807,1650185.9
base,4/28/2025,0x833589fcd6edb6e08f4c7c32d4f71b54bda02913,USDC,29936693.04,29932851.95
base,4/28/2025,0x4200000000000000000000000000000000000006,WETH,28597.29083,51326110.09
base,4/28/2025,0xcbb7c0000ab88b473b1f5afd9ef808440eed33bf,cbBTC,140.2776958,13226174.64
optimism,4/28/2025,0x94b008aa00579c1307b0ef2c499ad98a8ce58e58,USDT,43996.85682,44016.29907
optimism,4/28/2025,0x0b2c639c533813f4aa9d7837caf62653d097ff85,USDC,441897.2647,441926.7641
optimism,4/28/2025,0x4200000000000000000000000000000000000006,WETH,574.8240133,1027683.445
optimism,4/28/2025,0x68f180fcce6836688e9084f035309e29bf0a2095,WBTC,0.02966231,2814.363846
arbitrum,4/29/2025,0x2f2a2543b76a4166549f7aab2e75bef0aefc5b0f,WBTC,18.40030378,1745783.897
arbitrum,4/29/2025,0x82af49447d8a07e3bd95bd0d56f35241523fbab1,WETH,1884.326571,3422498.765
arbitrum,4/29/2025,0xaf88d065e77c8cc2239327c5edb3a432268e5831,USDC,1949941.84,1950565.788
arbitrum,4/29/2025,0xfd086bc7cd5c481dcc9c85ebe478a1c0b69fcbb9,USDT,441681.4653,441953.4714
base,4/29/2025,0xcbb7c0000ab88b473b1f5afd9ef808440eed33bf,cbBTC,136.7909294,12976045.29
base,4/29/2025,0x4200000000000000000000000000000000000006,WETH,16353.08351,29631123.35
base,4/29/2025,0x833589fcd6edb6e08f4c7c32d4f71b54bda02913,USDC,21351212.98,21355035.27
optimism,4/29/2025,0x0b2c639c533813f4aa9d7837caf62653d097ff85,USDC,461575.4278,461662.5203
optimism,4/29/2025,0x4200000000000000000000000000000000000006,WETH,1126.506962,2039920.784
optimism,4/29/2025,0x68f180fcce6836688e9084f035309e29bf0a2095,WBTC,0.11622038,10999.34653
optimism,4/29/2025,0x94b008aa00579c1307b0ef2c499ad98a8ce58e58,USDT,26102.26534,26117.83174
arbitrum,4/30/2025,0x2f2a2543b76a4166549f7aab2e75bef0aefc5b0f,WBTC,5.73556106,538922.1061
arbitrum,4/30/2025,0x82af49447d8a07e3bd95bd0d56f35241523fbab1,WETH,637.0306695,1139527.626
arbitrum,4/30/2025,0xaf88d065e77c8cc2239327c5edb3a432268e5831,USDC,1962456.671,1963865.82
arbitrum,4/30/2025,0xfd086bc7cd5c481dcc9c85ebe478a1c0b69fcbb9,USDT,964393.8734,965256.3808
base,4/30/2025,0x4200000000000000000000000000000000000006,WETH,16493.92348,29675626.46
base,4/30/2025,0xcbb7c0000ab88b473b1f5afd9ef808440eed33bf,cbBTC,133.2297412,12569240.83
base,4/30/2025,0x833589fcd6edb6e08f4c7c32d4f71b54bda02913,USDC,29354135.27,29373597.72
optimism,4/30/2025,0x0b2c639c533813f4aa9d7837caf62653d097ff85,USDC,307418.6205,307608.8774
optimism,4/30/2025,0x94b008aa00579c1307b0ef2c499ad98a8ce58e58,USDT,37313.93772,37344.24471
optimism,4/30/2025,0x4200000000000000000000000000000000000006,WETH,1444.870511,2588969.321
optimism,4/30/2025,0x68f180fcce6836688e9084f035309e29bf0a2095,WBTC,0.04959434,4677.006579
arbitrum,5/1/2025,0xaf88d065e77c8cc2239327c5edb3a432268e5831,USDC,3399412.883,3401026.335
arbitrum,5/1/2025,0x2f2a2543b76a4166549f7aab2e75bef0aefc5b0f,WBTC,1.81421933,174154.5044
arbitrum,5/1/2025,0xfd086bc7cd5c481dcc9c85ebe478a1c0b69fcbb9,USDT,1569109.463,1570459.376
arbitrum,5/1/2025,0x82af49447d8a07e3bd95bd0d56f35241523fbab1,WETH,1226.92083,2266696.977
base,5/1/2025,0x833589fcd6edb6e08f4c7c32d4f71b54bda02913,USDC,32245002.55,32257731.93
base,5/1/2025,0xcbb7c0000ab88b473b1f5afd9ef808440eed33bf,cbBTC,99.03783797,9529811.094
base,5/1/2025,0x4200000000000000000000000000000000000006,WETH,11950.5872,21802780.07
optimism,5/1/2025,0x68f180fcce6836688e9084f035309e29bf0a2095,WBTC,0.09961999,9641.620882
optimism,5/1/2025,0x4200000000000000000000000000000000000006,WETH,1319.586113,2419270.477
optimism,5/1/2025,0x0b2c639c533813f4aa9d7837caf62653d097ff85,USDC,326496.9098,326625.7208
optimism,5/1/2025,0x94b008aa00579c1307b0ef2c499ad98a8ce58e58,USDT,81544.59555,81592.18992
arbitrum,5/2/2025,0x82af49447d8a07e3bd95bd0d56f35241523fbab1,WETH,1441.829424,2660557.83
arbitrum,5/2/2025,0xaf88d065e77c8cc2239327c5edb3a432268e5831,USDC,3337858.168,3338595.271
arbitrum,5/2/2025,0xfd086bc7cd5c481dcc9c85ebe478a1c0b69fcbb9,USDT,1229241.068,1230108.105
arbitrum,5/2/2025,0x2f2a2543b76a4166549f7aab2e75bef0aefc5b0f,WBTC,3.99708891,387911.1126
base,5/2/2025,0xcbb7c0000ab88b473b1f5afd9ef808440eed33bf,cbBTC,69.43085504,6742561.898
base,5/2/2025,0x833589fcd6edb6e08f4c7c32d4f71b54bda02913,USDC,33938421.54,33944877.93
base,5/2/2025,0x4200000000000000000000000000000000000006,WETH,3870.03401,7122234.71
optimism,5/2/2025,0x4200000000000000000000000000000000000006,WETH,1099.977013,2022105.46
optimism,5/2/2025,0x0b2c639c533813f4aa9d7837caf62653d097ff85,USDC,190352.3794,190401.9685
optimism,5/2/2025,0x94b008aa00579c1307b0ef2c499ad98a8ce58e58,USDT,55309.9698,55346.69751
optimism,5/2/2025,0x68f180fcce6836688e9084f035309e29bf0a2095,WBTC,0.04097207,3977.721922
arbitrum,5/3/2025,0x2f2a2543b76a4166549f7aab2e75bef0aefc5b0f,WBTC,1.11521215,107388.3544
arbitrum,5/3/2025,0xaf88d065e77c8cc2239327c5edb3a432268e5831,USDC,1170549.349,1171171.637
arbitrum,5/3/2025,0xfd086bc7cd5c481dcc9c85ebe478a1c0b69fcbb9,USDT,239099.9677,239348.5644
arbitrum,5/3/2025,0x82af49447d8a07e3bd95bd0d56f35241523fbab1,WETH,367.4961529,672947.7034
base,5/3/2025,0x833589fcd6edb6e08f4c7c32d4f71b54bda02913,USDC,7734783.643,7738887.636
base,5/3/2025,0xcbb7c0000ab88b473b1f5afd9ef808440eed33bf,cbBTC,51.68124737,4978494.35
base,5/3/2025,0x4200000000000000000000000000000000000006,WETH,9477.437457,17372341.88
optimism,5/3/2025,0x4200000000000000000000000000000000000006,WETH,332.4801606,609078.5064
optimism,5/3/2025,0x0b2c639c533813f4aa9d7837caf62653d097ff85,USDC,382527.5347,382744.7649
optimism,5/3/2025,0x68f180fcce6836688e9084f035309e29bf0a2095,WBTC,0.10978252,10571.04198
optimism,5/3/2025,0x94b008aa00579c1307b0ef2c499ad98a8ce58e58,USDT,88111.68686,88190.21414
arbitrum,5/4/2025,0xfd086bc7cd5c481dcc9c85ebe478a1c0b69fcbb9,USDT,461303.8625,461870.5237
arbitrum,5/4/2025,0x2f2a2543b76a4166549f7aab2e75bef0aefc5b0f,WBTC,1.63454084,155662.8366
arbitrum,5/4/2025,0xaf88d065e77c8cc2239327c5edb3a432268e5831,USDC,1895901.08,1897967.183
arbitrum,5/4/2025,0x82af49447d8a07e3bd95bd0d56f35241523fbab1,WETH,366.0896518,670797.4996
base,5/4/2025,0x833589fcd6edb6e08f4c7c32d4f71b54bda02913,USDC,11427547.75,11440283.68
base,5/4/2025,0x4200000000000000000000000000000000000006,WETH,20482.98677,37571721.73
base,5/4/2025,0xcbb7c0000ab88b473b1f5afd9ef808440eed33bf,cbBTC,43.05027212,4117606.573
optimism,5/4/2025,0x4200000000000000000000000000000000000006,WETH,168.7154149,309314.6535
optimism,5/4/2025,0x68f180fcce6836688e9084f035309e29bf0a2095,WBTC,0.3176341,30463.63684
optimism,5/4/2025,0x94b008aa00579c1307b0ef2c499ad98a8ce58e58,USDT,69328.0398,69421.94267
optimism,5/4/2025,0x0b2c639c533813f4aa9d7837caf62653d097ff85,USDC,996025.9563,997041.182
arbitrum,5/5/2025,0x82af49447d8a07e3bd95bd0d56f35241523fbab1,WETH,1384.449818,2501876.756
arbitrum,5/5/2025,0xaf88d065e77c8cc2239327c5edb3a432268e5831,USDC,1664269.655,1666132.2
arbitrum,5/5/2025,0xfd086bc7cd5c481dcc9c85ebe478a1c0b69fcbb9,USDT,986852.8029,988078.2306
arbitrum,5/5/2025,0x2f2a2543b76a4166549f7aab2e75bef0aefc5b0f,WBTC,4.30966905,407220.6188
base,5/5/2025,0x833589fcd6edb6e08f4c7c32d4f71b54bda02913,USDC,19565945.74,19588226.99
base,5/5/2025,0x4200000000000000000000000000000000000006,WETH,20367.75454,36991007.14
base,5/5/2025,0xcbb7c0000ab88b473b1f5afd9ef808440eed33bf,cbBTC,83.20280589,7851660.612
optimism,5/5/2025,0x0b2c639c533813f4aa9d7837caf62653d097ff85,USDC,1153308.673,1154597.806
optimism,5/5/2025,0x4200000000000000000000000000000000000006,WETH,303.9644613,550500.3719
optimism,5/5/2025,0x94b008aa00579c1307b0ef2c499ad98a8ce58e58,USDT,56995.9626,57071.6791
optimism,5/5/2025,0x68f180fcce6836688e9084f035309e29bf0a2095,WBTC,0.05815574,5513.162313
arbitrum,5/6/2025,0x2f2a2543b76a4166549f7aab2e75bef0aefc5b0f,WBTC,1.70719522,161478.9332
arbitrum,5/6/2025,0xaf88d065e77c8cc2239327c5edb3a432268e5831,USDC,3753120.552,3756810.088
arbitrum,5/6/2025,0x82af49447d8a07e3bd95bd0d56f35241523fbab1,WETH,1355.5583,2431743.301
arbitrum,5/6/2025,0xfd086bc7cd5c481dcc9c85ebe478a1c0b69fcbb9,USDT,404058.5515,404370.2536
base,5/6/2025,0x4200000000000000000000000000000000000006,WETH,6816.932755,12188453.58
base,5/6/2025,0x833589fcd6edb6e08f4c7c32d4f71b54bda02913,USDC,10781642.84,10789938.95
base,5/6/2025,0xcbb7c0000ab88b473b1f5afd9ef808440eed33bf,cbBTC,104.3171008,9889655.13
optimism,5/6/2025,0x4200000000000000000000000000000000000006,WETH,540.9309547,966664.7526
optimism,5/6/2025,0x0b2c639c533813f4aa9d7837caf62653d097ff85,USDC,1350108.912,1351241.051
optimism,5/6/2025,0x94b008aa00579c1307b0ef2c499ad98a8ce58e58,USDT,35969.87732,35996.38533
optimism,5/6/2025,0x68f180fcce6836688e9084f035309e29bf0a2095,WBTC,0.02560213,2422.412199
arbitrum,5/7/2025,0xfd086bc7cd5c481dcc9c85ebe478a1c0b69fcbb9,USDT,943512.5899,943959.7735
arbitrum,5/7/2025,0x82af49447d8a07e3bd95bd0d56f35241523fbab1,WETH,1136.796391,2067123.99
arbitrum,5/7/2025,0x2f2a2543b76a4166549f7aab2e75bef0aefc5b0f,WBTC,7.44854361,720235.3228
arbitrum,5/7/2025,0xaf88d065e77c8cc2239327c5edb3a432268e5831,USDC,3711191.205,3713850.385
base,5/7/2025,0x4200000000000000000000000000000000000006,WETH,9798.333228,17906365.5
base,5/7/2025,0x833589fcd6edb6e08f4c7c32d4f71b54bda02913,USDC,19661099.23,19670841.29
base,5/7/2025,0xcbb7c0000ab88b473b1f5afd9ef808440eed33bf,cbBTC,103.5259868,10029816.16
optimism,5/7/2025,0x94b008aa00579c1307b0ef2c499ad98a8ce58e58,USDT,75344.94243,75385.30115
optimism,5/7/2025,0x0b2c639c533813f4aa9d7837caf62653d097ff85,USDC,1073141.353,1073585.837
optimism,5/7/2025,0x4200000000000000000000000000000000000006,WETH,489.5928663,890377.4217
optimism,5/7/2025,0x68f180fcce6836688e9084f035309e29bf0a2095,WBTC,0.25807065,25021.995
arbitrum,5/8/2025,0xaf88d065e77c8cc2239327c5edb3a432268e5831,USDC,23876004.19,23878956.04
arbitrum,5/8/2025,0x2f2a2543b76a4166549f7aab2e75bef0aefc5b0f,WBTC,11.74847655,1164998.342
arbitrum,5/8/2025,0xfd086bc7cd5c481dcc9c85ebe478a1c0b69fcbb9,USDT,3096537.122,3097107.704
arbitrum,5/8/2025,0x82af49447d8a07e3bd95bd0d56f35241523fbab1,WETH,2163.581565,4319168.655
base,5/8/2025,0x833589fcd6edb6e08f4c7c32d4f71b54bda02913,USDC,34165608.77,34167422.77
base,5/8/2025,0xcbb7c0000ab88b473b1f5afd9ef808440eed33bf,cbBTC,230.464292,23181884.81
base,5/8/2025,0x4200000000000000000000000000000000000006,WETH,14204.97275,27837408.08
optimism,5/8/2025,0x94b008aa00579c1307b0ef2c499ad98a8ce58e58,USDT,54842.95789,54857.11966
optimism,5/8/2025,0x0b2c639c533813f4aa9d7837caf62653d097ff85,USDC,1357206.673,1357308.62
optimism,5/8/2025,0x68f180fcce6836688e9084f035309e29bf0a2095,WBTC,0.95552043,97052.43974
optimism,5/8/2025,0x4200000000000000000000000000000000000006,WETH,801.9237525,1602018.048
arbitrum,5/9/2025,0x82af49447d8a07e3bd95bd0d56f35241523fbab1,WETH,1502.575215,3474594.084
arbitrum,5/9/2025,0xfd086bc7cd5c481dcc9c85ebe478a1c0b69fcbb9,USDT,1703608.713,1703489.602
arbitrum,5/9/2025,0xaf88d065e77c8cc2239327c5edb3a432268e5831,USDC,13860495.7,13860431.97
arbitrum,5/9/2025,0x2f2a2543b76a4166549f7aab2e75bef0aefc5b0f,WBTC,9.50607419,978982.7393
base,5/9/2025,0x4200000000000000000000000000000000000006,WETH,10677.08017,24116578.02
base,5/9/2025,0x833589fcd6edb6e08f4c7c32d4f71b54bda02913,USDC,20520507.73,20519738.17
base,5/9/2025,0xcbb7c0000ab88b473b1f5afd9ef808440eed33bf,cbBTC,272.050263,28020269.93
optimism,5/9/2025,0x68f180fcce6836688e9084f035309e29bf0a2095,WBTC,1.07892734,111385.4216
optimism,5/9/2025,0x0b2c639c533813f4aa9d7837caf62653d097ff85,USDC,1471404.629,1471447.614
optimism,5/9/2025,0x4200000000000000000000000000000000000006,WETH,355.3344499,819902.0171
optimism,5/9/2025,0x94b008aa00579c1307b0ef2c499ad98a8ce58e58,USDT,92932.96898,92928.7662
arbitrum,5/10/2025,0xfd086bc7cd5c481dcc9c85ebe478a1c0b69fcbb9,USDT,1436789.459,1436514.603
arbitrum,5/10/2025,0x82af49447d8a07e3bd95bd0d56f35241523fbab1,WETH,2091.07154,5087542.282
arbitrum,5/10/2025,0xaf88d065e77c8cc2239327c5edb3a432268e5831,USDC,17067867.44,17063530.59
arbitrum,5/10/2025,0x2f2a2543b76a4166549f7aab2e75bef0aefc5b0f,WBTC,0.94707327,98152.65342
base,5/10/2025,0x833589fcd6edb6e08f4c7c32d4f71b54bda02913,USDC,22036658.75,22029587.63
base,5/10/2025,0x4200000000000000000000000000000000000006,WETH,13871.43828,33193498.82
base,5/10/2025,0xcbb7c0000ab88b473b1f5afd9ef808440eed33bf,cbBTC,229.4085251,23721758.95
optimism,5/10/2025,0x4200000000000000000000000000000000000006,WETH,554.3530984,1333190.861
optimism,5/10/2025,0x68f180fcce6836688e9084f035309e29bf0a2095,WBTC,2.11161186,217911.9503
optimism,5/10/2025,0x0b2c639c533813f4aa9d7837caf62653d097ff85,USDC,2006931.226,2006488.771
optimism,5/10/2025,0x94b008aa00579c1307b0ef2c499ad98a8ce58e58,USDT,54347.63314,54329.11158
arbitrum,5/11/2025,0x2f2a2543b76a4166549f7aab2e75bef0aefc5b0f,WBTC,2.62586307,273480.3184
arbitrum,5/11/2025,0x82af49447d8a07e3bd95bd0d56f35241523fbab1,WETH,1284.641737,3231969.264
arbitrum,5/11/2025,0xfd086bc7cd5c481dcc9c85ebe478a1c0b69fcbb9,USDT,791662.1076,791682.0091
arbitrum,5/11/2025,0xaf88d065e77c8cc2239327c5edb3a432268e5831,USDC,4714896.937,4714068.847
base,5/11/2025,0xcbb7c0000ab88b473b1f5afd9ef808440eed33bf,cbBTC,195.4603181,20363680.08
base,5/11/2025,0x833589fcd6edb6e08f4c7c32d4f71b54bda02913,USDC,12697826.41,12695887.75
base,5/11/2025,0x4200000000000000000000000000000000000006,WETH,15785.42091,39678606.64
optimism,5/11/2025,0x94b008aa00579c1307b0ef2c499ad98a8ce58e58,USDT,36111.95795,36113.11794
optimism,5/11/2025,0x4200000000000000000000000000000000000006,WETH,663.6694576,1662517.884
optimism,5/11/2025,0x0b2c639c533813f4aa9d7837caf62653d097ff85,USDC,1963847.97,1963633.836
optimism,5/11/2025,0x68f180fcce6836688e9084f035309e29bf0a2095,WBTC,0.02662608,2778.264437
arbitrum,5/12/2025,0xaf88d065e77c8cc2239327c5edb3a432268e5831,USDC,10759836.56,10757089.4
arbitrum,5/12/2025,0xfd086bc7cd5c481dcc9c85ebe478a1c0b69fcbb9,USDT,3194444.877,3193064.804
arbitrum,5/12/2025,0x82af49447d8a07e3bd95bd0d56f35241523fbab1,WETH,1428.012678,3611749.756
arbitrum,5/12/2025,0x2f2a2543b76a4166549f7aab2e75bef0aefc5b0f,WBTC,15.03225758,1543068.199
base,5/12/2025,0x833589fcd6edb6e08f4c7c32d4f71b54bda02913,USDC,18488846.82,18484120.22
base,5/12/2025,0x4200000000000000000000000000000000000006,WETH,14573.70647,36687751.94
base,5/12/2025,0xcbb7c0000ab88b473b1f5afd9ef808440eed33bf,cbBTC,142.208694,14744474.04
optimism,5/12/2025,0x68f180fcce6836688e9084f035309e29bf0a2095,WBTC,0.20571847,20976.36086
optimism,5/12/2025,0x4200000000000000000000000000000000000006,WETH,757.5014774,1904877.696
optimism,5/12/2025,0x94b008aa00579c1307b0ef2c499ad98a8ce58e58,USDT,205754.223,205689.3247
optimism,5/12/2025,0x0b2c639c533813f4aa9d7837caf62653d097ff85,USDC,2386327.663,2385813.707
arbitrum,5/13/2025,0x2f2a2543b76a4166549f7aab2e75bef0aefc5b0f,WBTC,5.57686501,580539.1824
arbitrum,5/13/2025,0x82af49447d8a07e3bd95bd0d56f35241523fbab1,WETH,1803.348221,4563579.894
arbitrum,5/13/2025,0xaf88d065e77c8cc2239327c5edb3a432268e5831,USDC,7448261.5,7446091.175
arbitrum,5/13/2025,0xfd086bc7cd5c481dcc9c85ebe478a1c0b69fcbb9,USDT,2236500.413,2236089.605
base,5/13/2025,0x4200000000000000000000000000000000000006,WETH,11569.45549,28925087.22
base,5/13/2025,0x833589fcd6edb6e08f4c7c32d4f71b54bda02913,USDC,21166193.17,21160072.27
base,5/13/2025,0xcbb7c0000ab88b473b1f5afd9ef808440eed33bf,cbBTC,131.6392444,13611360.81
optimism,5/13/2025,0x94b008aa00579c1307b0ef2c499ad98a8ce58e58,USDT,99260.04254,99251.35409
optimism,5/13/2025,0x68f180fcce6836688e9084f035309e29bf0a2095,WBTC,0.08144704,8458.754317
optimism,5/13/2025,0x4200000000000000000000000000000000000006,WETH,545.465231,1380217.054
optimism,5/13/2025,0x0b2c639c533813f4aa9d7837caf62653d097ff85,USDC,1950896.947,1950471.607
arbitrum,5/14/2025,0xaf88d065e77c8cc2239327c5edb3a432268e5831,USDC,16294308.29,16299605.76
arbitrum,5/14/2025,0x82af49447d8a07e3bd95bd0d56f35241523fbab1,WETH,1753.487689,4585668.01
arbitrum,5/14/2025,0xfd086bc7cd5c481dcc9c85ebe478a1c0b69fcbb9,USDT,779020.74,779186.3655
arbitrum,5/14/2025,0x2f2a2543b76a4166549f7aab2e75bef0aefc5b0f,WBTC,0.88052294,91201.25926
base,5/14/2025,0x833589fcd6edb6e08f4c7c32d4f71b54bda02913,USDC,10922191.7,10925557.08
base,5/14/2025,0xcbb7c0000ab88b473b1f5afd9ef808440eed33bf,cbBTC,94.61997255,9794080.949
base,5/14/2025,0x4200000000000000000000000000000000000006,WETH,7027.183672,18478434.48
optimism,5/14/2025,0x68f180fcce6836688e9084f035309e29bf0a2095,WBTC,0.10714862,11117.73892
optimism,5/14/2025,0x4200000000000000000000000000000000000006,WETH,457.0154837,1196818.851
optimism,5/14/2025,0x94b008aa00579c1307b0ef2c499ad98a8ce58e58,USDT,99745.9594,99771.72138
optimism,5/14/2025,0x0b2c639c533813f4aa9d7837caf62653d097ff85,USDC,2197995.463,2198393.592
arbitrum,5/15/2025,0x82af49447d8a07e3bd95bd0d56f35241523fbab1,WETH,2242.03806,5715181.694
arbitrum,5/15/2025,0xfd086bc7cd5c481dcc9c85ebe478a1c0b69fcbb9,USDT,12404716,12416820.8
arbitrum,5/15/2025,0x2f2a2543b76a4166549f7aab2e75bef0aefc5b0f,WBTC,0.92437645,95179.11402
arbitrum,5/15/2025,0xaf88d065e77c8cc2239327c5edb3a432268e5831,USDC,5746744.373,5750347.89
base,5/15/2025,0xcbb7c0000ab88b473b1f5afd9ef808440eed33bf,cbBTC,136.8901664,14085173.71
base,5/15/2025,0x4200000000000000000000000000000000000006,WETH,6060.04597,15579944.98
base,5/15/2025,0x833589fcd6edb6e08f4c7c32d4f71b54bda02913,USDC,13557626.31,13564736.36
optimism,5/15/2025,0x4200000000000000000000000000000000000006,WETH,882.1749945,2284434.445
optimism,5/15/2025,0x0b2c639c533813f4aa9d7837caf62653d097ff85,USDC,2210133.352,2211230.461
optimism,5/15/2025,0x68f180fcce6836688e9084f035309e29bf0a2095,WBTC,0.15163409,15509.323
optimism,5/15/2025,0x94b008aa00579c1307b0ef2c499ad98a8ce58e58,USDT,135450.7913,135542.8519
arbitrum,5/16/2025,0x82af49447d8a07e3bd95bd0d56f35241523fbab1,WETH,2257.830024,5851775.766
arbitrum,5/16/2025,0xfd086bc7cd5c481dcc9c85ebe478a1c0b69fcbb9,USDT,644803.2506,645288.5818
arbitrum,5/16/2025,0x2f2a2543b76a4166549f7aab2e75bef0aefc5b0f,WBTC,1.57322859,163409.2477
arbitrum,5/16/2025,0xaf88d065e77c8cc2239327c5edb3a432268e5831,USDC,3306340.695,3307292.543
base,5/16/2025,0x4200000000000000000000000000000000000006,WETH,5765.999966,14917744.08
base,5/16/2025,0x833589fcd6edb6e08f4c7c32d4f71b54bda02913,USDC,11529125.34,11533336.5
base,5/16/2025,0xcbb7c0000ab88b473b1f5afd9ef808440eed33bf,cbBTC,73.73105613,7656696.376
optimism,5/16/2025,0x4200000000000000000000000000000000000006,WETH,371.2082866,959707.3184
optimism,5/16/2025,0x94b008aa00579c1307b0ef2c499ad98a8ce58e58,USDT,83251.03751,83312.22404
optimism,5/16/2025,0x68f180fcce6836688e9084f035309e29bf0a2095,WBTC,0.02064716,2142.732291
optimism,5/16/2025,0x0b2c639c533813f4aa9d7837caf62653d097ff85,USDC,2446509.861,2447389.956
arbitrum,5/17/2025,0x82af49447d8a07e3bd95bd0d56f35241523fbab1,WETH,349.5616988,869687.8076
arbitrum,5/17/2025,0xfd086bc7cd5c481dcc9c85ebe478a1c0b69fcbb9,USDT,826123.0254,826952.6905
arbitrum,5/17/2025,0x2f2a2543b76a4166549f7aab2e75bef0aefc5b0f,WBTC,0.27638489,28478.77187
arbitrum,5/17/2025,0xaf88d065e77c8cc2239327c5edb3a432268e5831,USDC,2837799.086,2839210.022
base,5/17/2025,0x833589fcd6edb6e08f4c7c32d4f71b54bda02913,USDC,10407440.51,10412235.38
base,5/17/2025,0xcbb7c0000ab88b473b1f5afd9ef808440eed33bf,cbBTC,63.51282395,6556306.409
base,5/17/2025,0x4200000000000000000000000000000000000006,WETH,5659.27012,14062873.27
optimism,5/17/2025,0x94b008aa00579c1307b0ef2c499ad98a8ce58e58,USDT,78456.27947,78530.84481
optimism,5/17/2025,0x4200000000000000000000000000000000000006,WETH,305.3901464,757699.0558
optimism,5/17/2025,0x0b2c639c533813f4aa9d7837caf62653d097ff85,USDC,2256605.923,2257753.49
optimism,5/17/2025,0x68f180fcce6836688e9084f035309e29bf0a2095,WBTC,0.04335528,4475.788296
arbitrum,5/18/2025,0x2f2a2543b76a4166549f7aab2e75bef0aefc5b0f,WBTC,3.02118138,318048.1372
arbitrum,5/18/2025,0xfd086bc7cd5c481dcc9c85ebe478a1c0b69fcbb9,USDT,2599707.523,2601606.398
arbitrum,5/18/2025,0xaf88d065e77c8cc2239327c5edb3a432268e5831,USDC,9296143.261,9301350.753
arbitrum,5/18/2025,0x82af49447d8a07e3bd95bd0d56f35241523fbab1,WETH,1374.060841,3413443.825
base,5/18/2025,0xcbb7c0000ab88b473b1f5afd9ef808440eed33bf,cbBTC,98.69198581,10322933.22
base,5/18/2025,0x833589fcd6edb6e08f4c7c32d4f71b54bda02913,USDC,18430597.75,18439499.73
base,5/18/2025,0x4200000000000000000000000000000000000006,WETH,5748.276149,14341294.17
optimism,5/18/2025,0x4200000000000000000000000000000000000006,WETH,280.2360496,700923.8355
optimism,5/18/2025,0x94b008aa00579c1307b0ef2c499ad98a8ce58e58,USDT,53366.53684,53417.98543
optimism,5/18/2025,0x0b2c639c533813f4aa9d7837caf62653d097ff85,USDC,1734327.955,1735067.767
optimism,5/18/2025,0x68f180fcce6836688e9084f035309e29bf0a2095,WBTC,0.02787897,2898.08522
arbitrum,5/19/2025,0xfd086bc7cd5c481dcc9c85ebe478a1c0b69fcbb9,USDT,1087481.634,1088113.133
arbitrum,5/19/2025,0x2f2a2543b76a4166549f7aab2e75bef0aefc5b0f,WBTC,7.4939793,785555.5489
arbitrum,5/19/2025,0xaf88d065e77c8cc2239327c5edb3a432268e5831,USDC,7228371.314,7231070.465
arbitrum,5/19/2025,0x82af49447d8a07e3bd95bd0d56f35241523fbab1,WETH,728.8880535,1789279.617
base,5/19/2025,0xcbb7c0000ab88b473b1f5afd9ef808440eed33bf,cbBTC,146.6862615,15259588.83
base,5/19/2025,0x4200000000000000000000000000000000000006,WETH,8595.770645,20794499.07
base,5/19/2025,0x833589fcd6edb6e08f4c7c32d4f71b54bda02913,USDC,20462308.18,20468738.72
optimism,5/19/2025,0x94b008aa00579c1307b0ef2c499ad98a8ce58e58,USDT,331314.8544,331478.7119
optimism,5/19/2025,0x68f180fcce6836688e9084f035309e29bf0a2095,WBTC,1.19147807,125661.5606
optimism,5/19/2025,0x4200000000000000000000000000000000000006,WETH,596.4310289,1452005.494
optimism,5/19/2025,0x0b2c639c533813f4aa9d7837caf62653d097ff85,USDC,1985748.082,1986307.847
arbitrum,5/20/2025,0xfd086bc7cd5c481dcc9c85ebe478a1c0b69fcbb9,USDT,1146251.64,1146927.542
arbitrum,5/20/2025,0x2f2a2543b76a4166549f7aab2e75bef0aefc5b0f,WBTC,23.95292745,2541511.796
arbitrum,5/20/2025,0x82af49447d8a07e3bd95bd0d56f35241523fbab1,WETH,1224.012802,3094830.787
arbitrum,5/20/2025,0xaf88d065e77c8cc2239327c5edb3a432268e5831,USDC,8215827.231,8218718.449
base,5/20/2025,0x833589fcd6edb6e08f4c7c32d4f71b54bda02913,USDC,26270991.74,26276027.96
base,5/20/2025,0x4200000000000000000000000000000000000006,WETH,15308.61458,38591762.66
base,5/20/2025,0xcbb7c0000ab88b473b1f5afd9ef808440eed33bf,cbBTC,82.36989662,8710306.498
optimism,5/20/2025,0x4200000000000000000000000000000000000006,WETH,531.532916,1336574.11
optimism,5/20/2025,0x68f180fcce6836688e9084f035309e29bf0a2095,WBTC,0.14395979,15175.22479
optimism,5/20/2025,0x94b008aa00579c1307b0ef2c499ad98a8ce58e58,USDT,80507.00383,80552.77596
optimism,5/20/2025,0x0b2c639c533813f4aa9d7837caf62653d097ff85,USDC,2963144.629,2963804.614
arbitrum,5/21/2025,0x82af49447d8a07e3bd95bd0d56f35241523fbab1,WETH,1836.915378,4671631.562
arbitrum,5/21/2025,0x2f2a2543b76a4166549f7aab2e75bef0aefc5b0f,WBTC,2.9926716,322944.086
arbitrum,5/21/2025,0xaf88d065e77c8cc2239327c5edb3a432268e5831,USDC,15432954.44,15433434.56
arbitrum,5/21/2025,0xfd086bc7cd5c481dcc9c85ebe478a1c0b69fcbb9,USDT,1660016.969,1661107.916
base,5/21/2025,0x4200000000000000000000000000000000000006,WETH,8463.969572,21547488.58
base,5/21/2025,0xcbb7c0000ab88b473b1f5afd9ef808440eed33bf,cbBTC,58.65818806,6313389.617
base,5/21/2025,0x833589fcd6edb6e08f4c7c32d4f71b54bda02913,USDC,18826903.46,18828482.87
optimism,5/21/2025,0x0b2c639c533813f4aa9d7837caf62653d097ff85,USDC,2315239.052,2315489.233
optimism,5/21/2025,0x4200000000000000000000000000000000000006,WETH,977.9949714,2481185.342
optimism,5/21/2025,0x68f180fcce6836688e9084f035309e29bf0a2095,WBTC,0.13871798,14952.36881
optimism,5/21/2025,0x94b008aa00579c1307b0ef2c499ad98a8ce58e58,USDT,273810.1588,274000.3983
arbitrum,5/22/2025,0x82af49447d8a07e3bd95bd0d56f35241523fbab1,WETH,629.324142,1654710.747
arbitrum,5/22/2025,0xfd086bc7cd5c481dcc9c85ebe478a1c0b69fcbb9,USDT,1878716.969,1879018.488
arbitrum,5/22/2025,0xaf88d065e77c8cc2239327c5edb3a432268e5831,USDC,12906782.02,12906472.02
arbitrum,5/22/2025,0x2f2a2543b76a4166549f7aab2e75bef0aefc5b0f,WBTC,9.06040599,1004336.604
base,5/22/2025,0x833589fcd6edb6e08f4c7c32d4f71b54bda02913,USDC,26293395.42,26291862.33
base,5/22/2025,0x4200000000000000000000000000000000000006,WETH,5636.014708,14751969.38
base,5/22/2025,0xcbb7c0000ab88b473b1f5afd9ef808440eed33bf,cbBTC,32.49045074,3593768.978
optimism,5/22/2025,0x4200000000000000000000000000000000000006,WETH,589.0840438,1552009.314
optimism,5/22/2025,0x68f180fcce6836688e9084f035309e29bf0a2095,WBTC,0.79308745,88036.3636
optimism,5/22/2025,0x94b008aa00579c1307b0ef2c499ad98a8ce58e58,USDT,94405.44868,94426.29273
optimism,5/22/2025,0x0b2c639c533813f4aa9d7837caf62653d097ff85,USDC,2846642.548,2846493.485
arbitrum,5/23/2025,0x82af49447d8a07e3bd95bd0d56f35241523fbab1,WETH,1797.793402,4689198.541
arbitrum,5/23/2025,0xaf88d065e77c8cc2239327c5edb3a432268e5831,USDC,9040328.213,9040813.016
arbitrum,5/23/2025,0x2f2a2543b76a4166549f7aab2e75bef0aefc5b0f,WBTC,4.21211814,462292.2736
arbitrum,5/23/2025,0xfd086bc7cd5c481dcc9c85ebe478a1c0b69fcbb9,USDT,1362508.008,1362829.678
base,5/23/2025,0x4200000000000000000000000000000000000006,WETH,10831.59661,28574461.74
base,5/23/2025,0xcbb7c0000ab88b473b1f5afd9ef808440eed33bf,cbBTC,15.94548384,1734127.557
base,5/23/2025,0x833589fcd6edb6e08f4c7c32d4f71b54bda02913,USDC,28386029.42,28389308.86
optimism,5/23/2025,0x94b008aa00579c1307b0ef2c499ad98a8ce58e58,USDT,109590.6347,109645.8968
optimism,5/23/2025,0x68f180fcce6836688e9084f035309e29bf0a2095,WBTC,0.07397932,8057.765541
optimism,5/23/2025,0x0b2c639c533813f4aa9d7837caf62653d097ff85,USDC,2303504.631,2303868.586
optimism,5/23/2025,0x4200000000000000000000000000000000000006,WETH,379.9848365,987767.8701
arbitrum,5/24/2025,0xfd086bc7cd5c481dcc9c85ebe478a1c0b69fcbb9,USDT,671701.5665,672302.8547
arbitrum,5/24/2025,0x2f2a2543b76a4166549f7aab2e75bef0aefc5b0f,WBTC,3.5081668,380715.8472
arbitrum,5/24/2025,0xaf88d065e77c8cc2239327c5edb3a432268e5831,USDC,2709410.575,2709691.015
arbitrum,5/24/2025,0x82af49447d8a07e3bd95bd0d56f35241523fbab1,WETH,936.6712799,2394045.42
base,5/24/2025,0x833589fcd6edb6e08f4c7c32d4f71b54bda02913,USDC,7254816.877,7255841.407
base,5/24/2025,0x4200000000000000000000000000000000000006,WETH,4482.775223,11433632.5
base,5/24/2025,0xcbb7c0000ab88b473b1f5afd9ef808440eed33bf,cbBTC,14.65429487,1587450.767
optimism,5/24/2025,0x0b2c639c533813f4aa9d7837caf62653d097ff85,USDC,1943209.813,1943608.728
optimism,5/24/2025,0x68f180fcce6836688e9084f035309e29bf0a2095,WBTC,0.337199,36498.99034
optimism,5/24/2025,0x94b008aa00579c1307b0ef2c499ad98a8ce58e58,USDT,96774.19718,96808.24237
optimism,5/24/2025,0x4200000000000000000000000000000000000006,WETH,187.9755493,478450.2887
arbitrum,5/25/2025,0x2f2a2543b76a4166549f7aab2e75bef0aefc5b0f,WBTC,3.61030662,387791.4343
arbitrum,5/25/2025,0x82af49447d8a07e3bd95bd0d56f35241523fbab1,WETH,763.2731331,1919559.977
arbitrum,5/25/2025,0xfd086bc7cd5c481dcc9c85ebe478a1c0b69fcbb9,USDT,347557.5531,347774.4074
arbitrum,5/25/2025,0xaf88d065e77c8cc2239327c5edb3a432268e5831,USDC,2804436.847,2805438.495
base,5/25/2025,0xcbb7c0000ab88b473b1f5afd9ef808440eed33bf,cbBTC,23.49258561,2530772.815
base,5/25/2025,0x833589fcd6edb6e08f4c7c32d4f71b54bda02913,USDC,10955807.59,10958848.96
base,5/25/2025,0x4200000000000000000000000000000000000006,WETH,7583.575497,19017523.55
optimism,5/25/2025,0x4200000000000000000000000000000000000006,WETH,345.1665684,865871.8532
optimism,5/25/2025,0x68f180fcce6836688e9084f035309e29bf0a2095,WBTC,0.00614903,661.9355415
optimism,5/25/2025,0x94b008aa00579c1307b0ef2c499ad98a8ce58e58,USDT,13732.10521,13739.61011
optimism,5/25/2025,0x0b2c639c533813f4aa9d7837caf62653d097ff85,USDC,1974024.503,1974650.571
arbitrum,5/26/2025,0xfd086bc7cd5c481dcc9c85ebe478a1c0b69fcbb9,USDT,1022731.245,1023529.813
arbitrum,5/26/2025,0x2f2a2543b76a4166549f7aab2e75bef0aefc5b0f,WBTC,9.23083745,1009905.314
arbitrum,5/26/2025,0x82af49447d8a07e3bd95bd0d56f35241523fbab1,WETH,632.8377174,1617725.761
arbitrum,5/26/2025,0xaf88d065e77c8cc2239327c5edb3a432268e5831,USDC,8816584.828,8817954.327
base,5/26/2025,0x833589fcd6edb6e08f4c7c32d4f71b54bda02913,USDC,15750865.97,15753334.35
base,5/26/2025,0x4200000000000000000000000000000000000006,WETH,7833.716206,20060080.43
base,5/26/2025,0xcbb7c0000ab88b473b1f5afd9ef808440eed33bf,cbBTC,15.38743695,1686438.838
optimism,5/26/2025,0x68f180fcce6836688e9084f035309e29bf0a2095,WBTC,0.3764431,41137.2881
optimism,5/26/2025,0x94b008aa00579c1307b0ef2c499ad98a8ce58e58,USDT,28919.13815,28935.11372
optimism,5/26/2025,0x4200000000000000000000000000000000000006,WETH,212.3048713,543352.9142
optimism,5/26/2025,0x0b2c639c533813f4aa9d7837caf62653d097ff85,USDC,1649539.833,1649732.214
arbitrum,5/27/2025,0xfd086bc7cd5c481dcc9c85ebe478a1c0b69fcbb9,USDT,846638.4384,847172.1535
arbitrum,5/27/2025,0x82af49447d8a07e3bd95bd0d56f35241523fbab1,WETH,948.0078771,2501720.534
arbitrum,5/27/2025,0x2f2a2543b76a4166549f7aab2e75bef0aefc5b0f,WBTC,5.99788057,655984.0827
arbitrum,5/27/2025,0xaf88d065e77c8cc2239327c5edb3a432268e5831,USDC,4175766.349,4176116.504
base,5/27/2025,0x4200000000000000000000000000000000000006,WETH,5721.849307,15160437.99
base,5/27/2025,0xcbb7c0000ab88b473b1f5afd9ef808440eed33bf,cbBTC,41.05070315,4500898.963
base,5/27/2025,0x833589fcd6edb6e08f4c7c32d4f71b54bda02913,USDC,20505274.91,20505661.3
optimism,5/27/2025,0x94b008aa00579c1307b0ef2c499ad98a8ce58e58,USDT,53515.04923,53541.55557
optimism,5/27/2025,0x68f180fcce6836688e9084f035309e29bf0a2095,WBTC,0.16501921,18097.04426
optimism,5/27/2025,0x4200000000000000000000000000000000000006,WETH,138.6362168,362661.9583
optimism,5/27/2025,0x0b2c639c533813f4aa9d7837caf62653d097ff85,USDC,1770685.924,1770862.912
arbitrum,5/28/2025,0x2f2a2543b76a4166549f7aab2e75bef0aefc5b0f,WBTC,3.37287986,363078.7556
arbitrum,5/28/2025,0x82af49447d8a07e3bd95bd0d56f35241523fbab1,WETH,455.1945299,1208518.735
arbitrum,5/28/2025,0xaf88d065e77c8cc2239327c5edb3a432268e5831,USDC,3113179.394,3113731.837
arbitrum,5/28/2025,0xfd086bc7cd5c481dcc9c85ebe478a1c0b69fcbb9,USDT,1309596.071,1310281.369
base,5/28/2025,0xcbb7c0000ab88b473b1f5afd9ef808440eed33bf,cbBTC,28.29562955,3061810.156
base,5/28/2025,0x833589fcd6edb6e08f4c7c32d4f71b54bda02913,USDC,15233221.4,15236734.77
base,5/28/2025,0x4200000000000000000000000000000000000006,WETH,1673.811855,4420369.672
optimism,5/28/2025,0x94b008aa00579c1307b0ef2c499ad98a8ce58e58,USDT,87003.45428,87063.46272
optimism,5/28/2025,0x0b2c639c533813f4aa9d7837caf62653d097ff85,USDC,2174118.159,2174501.893
optimism,5/28/2025,0x4200000000000000000000000000000000000006,WETH,335.4981701,888364.3321
optimism,5/28/2025,0x68f180fcce6836688e9084f035309e29bf0a2095,WBTC,0.05993791,6444.680931
arbitrum,5/29/2025,0x2f2a2543b76a4166549f7aab2e75bef0aefc5b0f,WBTC,7.46983871,806895.5033
arbitrum,5/29/2025,0x82af49447d8a07e3bd95bd0d56f35241523fbab1,WETH,526.788342,1417832.355
arbitrum,5/29/2025,0xaf88d065e77c8cc2239327c5edb3a432268e5831,USDC,4773016.3,4773776.097
arbitrum,5/29/2025,0xfd086bc7cd5c481dcc9c85ebe478a1c0b69fcbb9,USDT,2500348.312,2501867.837
base,5/29/2025,0x4200000000000000000000000000000000000006,WETH,4116.794093,11190279.18
base,5/29/2025,0xcbb7c0000ab88b473b1f5afd9ef808440eed33bf,cbBTC,108.940157,11672767.76
base,5/29/2025,0x833589fcd6edb6e08f4c7c32d4f71b54bda02913,USDC,23002096.52,23006500.85
optimism,5/29/2025,0x4200000000000000000000000000000000000006,WETH,612.7001177,1647147.553
optimism,5/29/2025,0x94b008aa00579c1307b0ef2c499ad98a8ce58e58,USDT,113159.4238,113227.2943
optimism,5/29/2025,0x68f180fcce6836688e9084f035309e29bf0a2095,WBTC,0.11968361,12820.24759
optimism,5/29/2025,0x0b2c639c533813f4aa9d7837caf62653d097ff85,USDC,2446347.09,2446892.765
arbitrum,5/30/2025,0xaf88d065e77c8cc2239327c5edb3a432268e5831,USDC,4355944.286,4357772.984
arbitrum,5/30/2025,0xfd086bc7cd5c481dcc9c85ebe478a1c0b69fcbb9,USDT,795602.0269,796284.5139
arbitrum,5/30/2025,0x82af49447d8a07e3bd95bd0d56f35241523fbab1,WETH,971.2913946,2514780.095
arbitrum,5/30/2025,0x2f2a2543b76a4166549f7aab2e75bef0aefc5b0f,WBTC,5.15778527,542941.8006
base,5/30/2025,0x4200000000000000000000000000000000000006,WETH,3737.285904,9710400.68
base,5/30/2025,0x833589fcd6edb6e08f4c7c32d4f71b54bda02913,USDC,19597681.03,19606101.71
base,5/30/2025,0xcbb7c0000ab88b473b1f5afd9ef808440eed33bf,cbBTC,44.02831529,4634494.16
optimism,5/30/2025,0x94b008aa00579c1307b0ef2c499ad98a8ce58e58,USDT,23597.61205,23619.33999
optimism,5/30/2025,0x0b2c639c533813f4aa9d7837caf62653d097ff85,USDC,2481042.086,2482094.196
optimism,5/30/2025,0x4200000000000000000000000000000000000006,WETH,722.5775413,1878907.072
optimism,5/30/2025,0x68f180fcce6836688e9084f035309e29bf0a2095,WBTC,0.2046763,21574.33179
arbitrum,5/31/2025,0xaf88d065e77c8cc2239327c5edb3a432268e5831,USDC,2763183.284,2764851.656
arbitrum,5/31/2025,0x82af49447d8a07e3bd95bd0d56f35241523fbab1,WETH,182.3158885,460390.8738
arbitrum,5/31/2025,0xfd086bc7cd5c481dcc9c85ebe478a1c0b69fcbb9,USDT,456766.3534,457307.3345
arbitrum,5/31/2025,0x2f2a2543b76a4166549f7aab2e75bef0aefc5b0f,WBTC,1.65000572,171183.4556
base,5/31/2025,0x4200000000000000000000000000000000000006,WETH,1555.758962,3934727.666
base,5/31/2025,0xcbb7c0000ab88b473b1f5afd9ef808440eed33bf,cbBTC,22.50140642,2336599.731
base,5/31/2025,0x833589fcd6edb6e08f4c7c32d4f71b54bda02913,USDC,15963128.88,15972505.73
optimism,5/31/2025,0x0b2c639c533813f4aa9d7837caf62653d097ff85,USDC,2003556.94,2004734.083
optimism,5/31/2025,0x94b008aa00579c1307b0ef2c499ad98a8ce58e58,USDT,45559.182,45611.57614
optimism,5/31/2025,0x4200000000000000000000000000000000000006,WETH,406.0177519,1025007.852
optimism,5/31/2025,0x68f180fcce6836688e9084f035309e29bf0a2095,WBTC,0.0191282,2001.944293
arbitrum,6/1/2025,0xfd086bc7cd5c481dcc9c85ebe478a1c0b69fcbb9,USDT,228926.2132,229172.3472
arbitrum,6/1/2025,0x82af49447d8a07e3bd95bd0d56f35241523fbab1,WETH,305.4310041,769689.9639
arbitrum,6/1/2025,0x2f2a2543b76a4166549f7aab2e75bef0aefc5b0f,WBTC,4.1192548,433356.2708
arbitrum,6/1/2025,0xaf88d065e77c8cc2239327c5edb3a432268e5831,USDC,2035315.968,2036634.9
base,6/1/2025,0x833589fcd6edb6e08f4c7c32d4f71b54bda02913,USDC,7525679.047,7530311.347
base,6/1/2025,0x4200000000000000000000000000000000000006,WETH,2885.40681,7262206.783
base,6/1/2025,0xcbb7c0000ab88b473b1f5afd9ef808440eed33bf,cbBTC,36.36198727,3815771.082
optimism,6/1/2025,0x94b008aa00579c1307b0ef2c499ad98a8ce58e58,USDT,11601.44,11614.07959
optimism,6/1/2025,0x4200000000000000000000000000000000000006,WETH,394.0021265,991183.7905
optimism,6/1/2025,0x0b2c639c533813f4aa9d7837caf62653d097ff85,USDC,2211540.05,2212825.877
optimism,6/1/2025,0x68f180fcce6836688e9084f035309e29bf0a2095,WBTC,0.0559938,5845.641343
arbitrum,6/2/2025,0x2f2a2543b76a4166549f7aab2e75bef0aefc5b0f,WBTC,2.58343012,271993.2904
arbitrum,6/2/2025,0x82af49447d8a07e3bd95bd0d56f35241523fbab1,WETH,455.7573251,1155945.39
arbitrum,6/2/2025,0xaf88d065e77c8cc2239327c5edb3a432268e5831,USDC,4108473.248,4109761.783
arbitrum,6/2/2025,0xfd086bc7cd5c481dcc9c85ebe478a1c0b69fcbb9,USDT,1640356.973,1641991.901
base,6/2/2025,0xcbb7c0000ab88b473b1f5afd9ef808440eed33bf,cbBTC,37.67630042,3951559.966
base,6/2/2025,0x833589fcd6edb6e08f4c7c32d4f71b54bda02913,USDC,32652642.52,32661177.67
base,6/2/2025,0x4200000000000000000000000000000000000006,WETH,3460.055688,8708228.272
optimism,6/2/2025,0x0b2c639c533813f4aa9d7837caf62653d097ff85,USDC,2634649.265,2635583.044
optimism,6/2/2025,0x94b008aa00579c1307b0ef2c499ad98a8ce58e58,USDT,18558.78437,18571.90875
optimism,6/2/2025,0x4200000000000000000000000000000000000006,WETH,462.888543,1171110.605
optimism,6/2/2025,0x68f180fcce6836688e9084f035309e29bf0a2095,WBTC,0.0097563,1019.249667
arbitrum,6/3/2025,0x82af49447d8a07e3bd95bd0d56f35241523fbab1,WETH,791.5480216,2069219.322
arbitrum,6/3/2025,0x2f2a2543b76a4166549f7aab2e75bef0aefc5b0f,WBTC,9.62702365,1019150.531
arbitrum,6/3/2025,0xaf88d065e77c8cc2239327c5edb3a432268e5831,USDC,5678803.005,5680300.173
arbitrum,6/3/2025,0xfd086bc7cd5c481dcc9c85ebe478a1c0b69fcbb9,USDT,785977.2602,786815.3095
base,6/3/2025,0x4200000000000000000000000000000000000006,WETH,7471.15047,19518486.51
base,6/3/2025,0xcbb7c0000ab88b473b1f5afd9ef808440eed33bf,cbBTC,51.73232376,5481627.708
base,6/3/2025,0x833589fcd6edb6e08f4c7c32d4f71b54bda02913,USDC,17828287.11,17834158.1
optimism,6/3/2025,0x4200000000000000000000000000000000000006,WETH,424.9809699,1112816.238
optimism,6/3/2025,0x94b008aa00579c1307b0ef2c499ad98a8ce58e58,USDT,224056.7185,224290.3749
optimism,6/3/2025,0x0b2c639c533813f4aa9d7837caf62653d097ff85,USDC,2059589.63,2060209.985
optimism,6/3/2025,0x68f180fcce6836688e9084f035309e29bf0a2095,WBTC,1.05373254,111798.2916
arbitrum,6/4/2025,0x82af49447d8a07e3bd95bd0d56f35241523fbab1,WETH,361.7846338,954550.6844
arbitrum,6/4/2025,0xaf88d065e77c8cc2239327c5edb3a432268e5831,USDC,3604949.852,3605961.936
arbitrum,6/4/2025,0xfd086bc7cd5c481dcc9c85ebe478a1c0b69fcbb9,USDT,482619.9499,483092.9419
arbitrum,6/4/2025,0x2f2a2543b76a4166549f7aab2e75bef0aefc5b0f,WBTC,2.0089949,211785.1576
base,6/4/2025,0x4200000000000000000000000000000000000006,WETH,4946.463657,13022777.45
base,6/4/2025,0xcbb7c0000ab88b473b1f5afd9ef808440eed33bf,cbBTC,29.58742499,3118449.508
base,6/4/2025,0x833589fcd6edb6e08f4c7c32d4f71b54bda02913,USDC,19948350.66,19954087.55
optimism,6/4/2025,0x94b008aa00579c1307b0ef2c499ad98a8ce58e58,USDT,14996.30794,15010.80235
optimism,6/4/2025,0x4200000000000000000000000000000000000006,WETH,281.3683519,739366.4354
optimism,6/4/2025,0x0b2c639c533813f4aa9d7837caf62653d097ff85,USDC,2315313.441,2315985.63
optimism,6/4/2025,0x68f180fcce6836688e9084f035309e29bf0a2095,WBTC,3.75874247,394397.792
arbitrum,6/5/2025,0xaf88d065e77c8cc2239327c5edb3a432268e5831,USDC,4856686.32,4859571.139
arbitrum,6/5/2025,0x2f2a2543b76a4166549f7aab2e75bef0aefc5b0f,WBTC,17.28385125,1809882.908
arbitrum,6/5/2025,0x82af49447d8a07e3bd95bd0d56f35241523fbab1,WETH,1850.33098,4675822.528
arbitrum,6/5/2025,0xfd086bc7cd5c481dcc9c85ebe478a1c0b69fcbb9,USDT,1868258.618,1869923.971
base,6/5/2025,0xcbb7c0000ab88b473b1f5afd9ef808440eed33bf,cbBTC,43.98821191,4554361.588
base,6/5/2025,0x833589fcd6edb6e08f4c7c32d4f71b54bda02913,USDC,25317396.12,25328659.46
base,6/5/2025,0x4200000000000000000000000000000000000006,WETH,6500.154366,16660737.71
optimism,6/5/2025,0x4200000000000000000000000000000000000006,WETH,340.9299131,872562.5243
optimism,6/5/2025,0x0b2c639c533813f4aa9d7837caf62653d097ff85,USDC,2322120.327,2323120.514
optimism,6/5/2025,0x94b008aa00579c1307b0ef2c499ad98a8ce58e58,USDT,57327.49449,57401.93488
optimism,6/5/2025,0x68f180fcce6836688e9084f035309e29bf0a2095,WBTC,0.19322418,19965.3042
arbitrum,6/6/2025,0xaf88d065e77c8cc2239327c5edb3a432268e5831,USDC,4206213.504,4209164.518
arbitrum,6/6/2025,0x82af49447d8a07e3bd95bd0d56f35241523fbab1,WETH,460.1856255,1137518.267
arbitrum,6/6/2025,0xfd086bc7cd5c481dcc9c85ebe478a1c0b69fcbb9,USDT,647248.6538,648129.7685
arbitrum,6/6/2025,0x2f2a2543b76a4166549f7aab2e75bef0aefc5b0f,WBTC,6.59540769,683028.0411
base,6/6/2025,0x833589fcd6edb6e08f4c7c32d4f71b54bda02913,USDC,22332493.05,22347040.49
base,6/6/2025,0xcbb7c0000ab88b473b1f5afd9ef808440eed33bf,cbBTC,30.60009866,3171703.594
base,6/6/2025,0x4200000000000000000000000000000000000006,WETH,4947.54142,12260719.48
optimism,6/6/2025,0x0b2c639c533813f4aa9d7837caf62653d097ff85,USDC,2501397.804,2502938.743
optimism,6/6/2025,0x68f180fcce6836688e9084f035309e29bf0a2095,WBTC,1.08168745,112875.0167
optimism,6/6/2025,0x4200000000000000000000000000000000000006,WETH,371.9478881,920920.8725
optimism,6/6/2025,0x94b008aa00579c1307b0ef2c499ad98a8ce58e58,USDT,256046.0357,256394.8569
arbitrum,6/7/2025,0x82af49447d8a07e3bd95bd0d56f35241523fbab1,WETH,851.4206277,2136522.207
arbitrum,6/7/2025,0xfd086bc7cd5c481dcc9c85ebe478a1c0b69fcbb9,USDT,485172.9963,485780.5005
arbitrum,6/7/2025,0xaf88d065e77c8cc2239327c5edb3a432268e5831,USDC,2149141.136,2150275.314
arbitrum,6/7/2025,0x2f2a2543b76a4166549f7aab2e75bef0aefc5b0f,WBTC,3.25270631,341713.9927
base,6/7/2025,0xcbb7c0000ab88b473b1f5afd9ef808440eed33bf,cbBTC,10.9442023,1150563.086
base,6/7/2025,0x4200000000000000000000000000000000000006,WETH,7332.210398,18362050.45
base,6/7/2025,0x833589fcd6edb6e08f4c7c32d4f71b54bda02913,USDC,6931741.102,6935192.489
optimism,6/7/2025,0x68f180fcce6836688e9084f035309e29bf0a2095,WBTC,0.11376517,11974.984
optimism,6/7/2025,0x0b2c639c533813f4aa9d7837caf62653d097ff85,USDC,1737257.539,1738157.471
optimism,6/7/2025,0x94b008aa00579c1307b0ef2c499ad98a8ce58e58,USDT,7459.107177,7468.620976
optimism,6/7/2025,0x4200000000000000000000000000000000000006,WETH,479.2694576,1196252.235
arbitrum,6/8/2025,0xfd086bc7cd5c481dcc9c85ebe478a1c0b69fcbb9,USDT,304942.6868,305316.5203
arbitrum,6/8/2025,0x2f2a2543b76a4166549f7aab2e75bef0aefc5b0f,WBTC,2.45318351,260737.328
arbitrum,6/8/2025,0x82af49447d8a07e3bd95bd0d56f35241523fbab1,WETH,1739.796039,4376050.119
arbitrum,6/8/2025,0xaf88d065e77c8cc2239327c5edb3a432268e5831,USDC,2180375.66,2181563.799
base,6/8/2025,0xcbb7c0000ab88b473b1f5afd9ef808440eed33bf,cbBTC,8.15207415,865137.7249
base,6/8/2025,0x4200000000000000000000000000000000000006,WETH,7025.222065,17692084.55
base,6/8/2025,0x833589fcd6edb6e08f4c7c32d4f71b54bda02913,USDC,8836753.468,8841430.938
optimism,6/8/2025,0x0b2c639c533813f4aa9d7837caf62653d097ff85,USDC,1448465.85,1449288.805
optimism,6/8/2025,0x94b008aa00579c1307b0ef2c499ad98a8ce58e58,USDT,2773.31,2775.967425
optimism,6/8/2025,0x68f180fcce6836688e9084f035309e29bf0a2095,WBTC,0.03090098,3273.40471
optimism,6/8/2025,0x4200000000000000000000000000000000000006,WETH,165.8863621,417734.2583
arbitrum,6/9/2025,0xaf88d065e77c8cc2239327c5edb3a432268e5831,USDC,13572069.12,13572825.91
arbitrum,6/9/2025,0x2f2a2543b76a4166549f7aab2e75bef0aefc5b0f,WBTC,16.62849506,1795187.108
arbitrum,6/9/2025,0xfd086bc7cd5c481dcc9c85ebe478a1c0b69fcbb9,USDT,1419130.072,1420034.781
arbitrum,6/9/2025,0x82af49447d8a07e3bd95bd0d56f35241523fbab1,WETH,1763.813985,4530484.17
base,6/9/2025,0xcbb7c0000ab88b473b1f5afd9ef808440eed33bf,cbBTC,24.64061112,2666579.824
base,6/9/2025,0x4200000000000000000000000000000000000006,WETH,5162.188521,13065248.51
base,6/9/2025,0x833589fcd6edb6e08f4c7c32d4f71b54bda02913,USDC,22388231.63,22391298.34
optimism,6/9/2025,0x0b2c639c533813f4aa9d7837caf62653d097ff85,USDC,1991915.156,1992463.848
optimism,6/9/2025,0x4200000000000000000000000000000000000006,WETH,225.4787067,576988.5937
optimism,6/9/2025,0x68f180fcce6836688e9084f035309e29bf0a2095,WBTC,0.13762271,14889.24561
optimism,6/9/2025,0x94b008aa00579c1307b0ef2c499ad98a8ce58e58,USDT,32441.79283,32468.1852
arbitrum,6/10/2025,0x2f2a2543b76a4166549f7aab2e75bef0aefc5b0f,WBTC,5.56121722,609692.2401
arbitrum,6/10/2025,0xaf88d065e77c8cc2239327c5edb3a432268e5831,USDC,14531725.97,14530291.81
arbitrum,6/10/2025,0xfd086bc7cd5c481dcc9c85ebe478a1c0b69fcbb9,USDT,2078531.034,2079033.23
arbitrum,6/10/2025,0x82af49447d8a07e3bd95bd0d56f35241523fbab1,WETH,1341.392509,3649760.827
base,6/10/2025,0x833589fcd6edb6e08f4c7c32d4f71b54bda02913,USDC,18438010.14,18437466.94
base,6/10/2025,0xcbb7c0000ab88b473b1f5afd9ef808440eed33bf,cbBTC,75.87647274,8310836.287
base,6/10/2025,0x4200000000000000000000000000000000000006,WETH,5186.392973,14095919.53
optimism,6/10/2025,0x4200000000000000000000000000000000000006,WETH,285.2351998,772647.4186
optimism,6/10/2025,0x0b2c639c533813f4aa9d7837caf62653d097ff85,USDC,2636848.523,2636847.444
optimism,6/10/2025,0x68f180fcce6836688e9084f035309e29bf0a2095,WBTC,0.12230745,13434.41802
optimism,6/10/2025,0x94b008aa00579c1307b0ef2c499ad98a8ce58e58,USDT,161247.911,161322.8314
arbitrum,6/11/2025,0xaf88d065e77c8cc2239327c5edb3a432268e5831,USDC,11101101.3,11101484.22
arbitrum,6/11/2025,0x82af49447d8a07e3bd95bd0d56f35241523fbab1,WETH,562.3738657,1571501.535
arbitrum,6/11/2025,0x2f2a2543b76a4166549f7aab2e75bef0aefc5b0f,WBTC,2.34642771,256992.9065
arbitrum,6/11/2025,0xfd086bc7cd5c481dcc9c85ebe478a1c0b69fcbb9,USDT,974144.2279,974387.7842
base,6/11/2025,0xcbb7c0000ab88b473b1f5afd9ef808440eed33bf,cbBTC,54.99117515,6018436.604
base,6/11/2025,0x4200000000000000000000000000000000000006,WETH,3261.15417,9099575.049
base,6/11/2025,0x833589fcd6edb6e08f4c7c32d4f71b54bda02913,USDC,21343234.97,21345128.81
optimism,6/11/2025,0x68f180fcce6836688e9084f035309e29bf0a2095,WBTC,0.04823645,5301.228793
optimism,6/11/2025,0x94b008aa00579c1307b0ef2c499ad98a8ce58e58,USDT,110030.548,110047.1719
optimism,6/11/2025,0x0b2c639c533813f4aa9d7837caf62653d097ff85,USDC,1749177.594,1749342.527
optimism,6/11/2025,0x4200000000000000000000000000000000000006,WETH,62.47047291,175684.3356
arbitrum,6/12/2025,0xaf88d065e77c8cc2239327c5edb3a432268e5831,USDC,4940299.708,4942324.2
arbitrum,6/12/2025,0x82af49447d8a07e3bd95bd0d56f35241523fbab1,WETH,1267.649975,3430339.794
arbitrum,6/12/2025,0xfd086bc7cd5c481dcc9c85ebe478a1c0b69fcbb9,USDT,2667648.084,2669738.522
arbitrum,6/12/2025,0x2f2a2543b76a4166549f7aab2e75bef0aefc5b0f,WBTC,5.04335677,541872.0537
base,6/12/2025,0x4200000000000000000000000000000000000006,WETH,5000.040874,13745866.39
base,6/12/2025,0xcbb7c0000ab88b473b1f5afd9ef808440eed33bf,cbBTC,38.52310316,4145047.518
base,6/12/2025,0x833589fcd6edb6e08f4c7c32d4f71b54bda02913,USDC,15442413.24,15448866.53
optimism,6/12/2025,0x94b008aa00579c1307b0ef2c499ad98a8ce58e58,USDT,88216.83006,88286.9493
optimism,6/12/2025,0x0b2c639c533813f4aa9d7837caf62653d097ff85,USDC,1900678.904,1901472.085
optimism,6/12/2025,0x68f180fcce6836688e9084f035309e29bf0a2095,WBTC,0.18364048,19725.93336
optimism,6/12/2025,0x4200000000000000000000000000000000000006,WETH,100.0856686,270235.5067
arbitrum,6/13/2025,0xaf88d065e77c8cc2239327c5edb3a432268e5831,USDC,5435169.309,5437728.547
arbitrum,6/13/2025,0x82af49447d8a07e3bd95bd0d56f35241523fbab1,WETH,2516.105855,6455863.231
arbitrum,6/13/2025,0x2f2a2543b76a4166549f7aab2e75bef0aefc5b0f,WBTC,4.59585903,480403.6773
arbitrum,6/13/2025,0xfd086bc7cd5c481dcc9c85ebe478a1c0b69fcbb9,USDT,1351445.675,1352985.676
base,6/13/2025,0xcbb7c0000ab88b473b1f5afd9ef808440eed33bf,cbBTC,59.84271167,6267829.913
base,6/13/2025,0x4200000000000000000000000000000000000006,WETH,5005.123913,12658790.22
base,6/13/2025,0x833589fcd6edb6e08f4c7c32d4f71b54bda02913,USDC,20469625.66,20479784.03
optimism,6/13/2025,0x94b008aa00579c1307b0ef2c499ad98a8ce58e58,USDT,94817.72799,94938.40033
optimism,6/13/2025,0x68f180fcce6836688e9084f035309e29bf0a2095,WBTC,0.30539137,31798.93271
optimism,6/13/2025,0x4200000000000000000000000000000000000006,WETH,447.4179083,1133249.302
optimism,6/13/2025,0x0b2c639c533813f4aa9d7837caf62653d097ff85,USDC,2559314.18,2560462.968
arbitrum,6/14/2025,0xfd086bc7cd5c481dcc9c85ebe478a1c0b69fcbb9,USDT,409223.3182,409704.9609
arbitrum,6/14/2025,0x82af49447d8a07e3bd95bd0d56f35241523fbab1,WETH,470.5172445,1189675.694
arbitrum,6/14/2025,0xaf88d065e77c8cc2239327c5edb3a432268e5831,USDC,2072530.072,2074155.646
arbitrum,6/14/2025,0x2f2a2543b76a4166549f7aab2e75bef0aefc5b0f,WBTC,0.87381283,91997.48423
base,6/14/2025,0x833589fcd6edb6e08f4c7c32d4f71b54bda02913,USDC,8501861.465,8507808.334
base,6/14/2025,0xcbb7c0000ab88b473b1f5afd9ef808440eed33bf,cbBTC,23.68190064,2487304.163
base,6/14/2025,0x4200000000000000000000000000000000000006,WETH,5326.726356,13476210.93
optimism,6/14/2025,0x0b2c639c533813f4aa9d7837caf62653d097ff85,USDC,2571171.672,2573038.821
optimism,6/14/2025,0x94b008aa00579c1307b0ef2c499ad98a8ce58e58,USDT,18037.42,18059.44955
optimism,6/14/2025,0x4200000000000000000000000000000000000006,WETH,282.4008575,714062.6457
optimism,6/14/2025,0x68f180fcce6836688e9084f035309e29bf0a2095,WBTC,0.0015463,162.6951788
arbitrum,6/15/2025,0x2f2a2543b76a4166549f7aab2e75bef0aefc5b0f,WBTC,5.14672648,542262.5346
arbitrum,6/15/2025,0x82af49447d8a07e3bd95bd0d56f35241523fbab1,WETH,1105.626163,2801176.951
arbitrum,6/15/2025,0xaf88d065e77c8cc2239327c5edb3a432268e5831,USDC,1112536.381,1113499.861
arbitrum,6/15/2025,0xfd086bc7cd5c481dcc9c85ebe478a1c0b69fcbb9,USDT,305343.5769,305719.5434
base,6/15/2025,0xcbb7c0000ab88b473b1f5afd9ef808440eed33bf,cbBTC,21.04617462,2218867.562
base,6/15/2025,0x833589fcd6edb6e08f4c7c32d4f71b54bda02913,USDC,7383373.259,7389517.493
base,6/15/2025,0x4200000000000000000000000000000000000006,WETH,2038.765232,5176504.443
optimism,6/15/2025,0x68f180fcce6836688e9084f035309e29bf0a2095,WBTC,0.22335915,23484.38196
optimism,6/15/2025,0x4200000000000000000000000000000000000006,WETH,176.3398544,446709.1311
optimism,6/15/2025,0x94b008aa00579c1307b0ef2c499ad98a8ce58e58,USDT,19559.38915,19584.29477
optimism,6/15/2025,0x0b2c639c533813f4aa9d7837caf62653d097ff85,USDC,1839185.822,1840736.511
arbitrum,6/16/2025,0xaf88d065e77c8cc2239327c5edb3a432268e5831,USDC,4523087.901,4525853.592
arbitrum,6/16/2025,0x2f2a2543b76a4166549f7aab2e75bef0aefc5b0f,WBTC,8.23265227,879896.4855
arbitrum,6/16/2025,0x82af49447d8a07e3bd95bd0d56f35241523fbab1,WETH,4264.478981,11198962.92
arbitrum,6/16/2025,0xfd086bc7cd5c481dcc9c85ebe478a1c0b69fcbb9,USDT,1635036.817,1636428.945
base,6/16/2025,0xcbb7c0000ab88b473b1f5afd9ef808440eed33bf,cbBTC,25.15508979,2707343.741
base,6/16/2025,0x833589fcd6edb6e08f4c7c32d4f71b54bda02913,USDC,11103287.55,11109880.39
base,6/16/2025,0x4200000000000000000000000000000000000006,WETH,1740.28793,4543112.647
optimism,6/16/2025,0x94b008aa00579c1307b0ef2c499ad98a8ce58e58,USDT,25855.26604,25880.16287
optimism,6/16/2025,0x4200000000000000000000000000000000000006,WETH,236.4688262,614362.2251
optimism,6/16/2025,0x68f180fcce6836688e9084f035309e29bf0a2095,WBTC,0.29251354,31397.90648
optimism,6/16/2025,0x0b2c639c533813f4aa9d7837caf62653d097ff85,USDC,2511464.785,2513075.124
arbitrum,6/17/2025,0xfd086bc7cd5c481dcc9c85ebe478a1c0b69fcbb9,USDT,1361718.314,1362920.064
arbitrum,6/17/2025,0x82af49447d8a07e3bd95bd0d56f35241523fbab1,WETH,2443.644178,6173180.948
arbitrum,6/17/2025,0x2f2a2543b76a4166549f7aab2e75bef0aefc5b0f,WBTC,3.63319306,380561.856
arbitrum,6/17/2025,0xaf88d065e77c8cc2239327c5edb3a432268e5831,USDC,4789000.168,4791768.246
base,6/17/2025,0xcbb7c0000ab88b473b1f5afd9ef808440eed33bf,cbBTC,48.01888092,5073167.081
base,6/17/2025,0x4200000000000000000000000000000000000006,WETH,4202.43481,10571529.22
base,6/17/2025,0x833589fcd6edb6e08f4c7c32d4f71b54bda02913,USDC,13512795.73,13520141.36
optimism,6/17/2025,0x68f180fcce6836688e9084f035309e29bf0a2095,WBTC,0.14936278,15747.24591
optimism,6/17/2025,0x4200000000000000000000000000000000000006,WETH,904.6240273,2287278.977
optimism,6/17/2025,0x0b2c639c533813f4aa9d7837caf62653d097ff85,USDC,3503624.619,3505422.705
optimism,6/17/2025,0x94b008aa00579c1307b0ef2c499ad98a8ce58e58,USDT,50296.60617,50339.27802
arbitrum,6/18/2025,0xaf88d065e77c8cc2239327c5edb3a432268e5831,USDC,3431026.9,3432862.77
arbitrum,6/18/2025,0xfd086bc7cd5c481dcc9c85ebe478a1c0b69fcbb9,USDT,733648.4449,734163.8914
arbitrum,6/18/2025,0x2f2a2543b76a4166549f7aab2e75bef0aefc5b0f,WBTC,2.86973361,300391.5613
arbitrum,6/18/2025,0x82af49447d8a07e3bd95bd0d56f35241523fbab1,WETH,1481.292264,3723107.529
base,6/18/2025,0xcbb7c0000ab88b473b1f5afd9ef808440eed33bf,cbBTC,34.79418214,3640350.647
base,6/18/2025,0x4200000000000000000000000000000000000006,WETH,1113.980924,2792787.027
base,6/18/2025,0x833589fcd6edb6e08f4c7c32d4f71b54bda02913,USDC,15540557.31,15549579.3
optimism,6/18/2025,0x68f180fcce6836688e9084f035309e29bf0a2095,WBTC,0.17519184,18391.35134
optimism,6/18/2025,0x4200000000000000000000000000000000000006,WETH,818.241553,2054037.718
optimism,6/18/2025,0x0b2c639c533813f4aa9d7837caf62653d097ff85,USDC,3661105.189,3663087.408
optimism,6/18/2025,0x94b008aa00579c1307b0ef2c499ad98a8ce58e58,USDT,1883.19,1884.88694
arbitrum,6/19/2025,0xfd086bc7cd5c481dcc9c85ebe478a1c0b69fcbb9,USDT,245531.0407,245728.7425
arbitrum,6/19/2025,0x2f2a2543b76a4166549f7aab2e75bef0aefc5b0f,WBTC,1.81367445,190590.8545
arbitrum,6/19/2025,0x82af49447d8a07e3bd95bd0d56f35241523fbab1,WETH,310.6747682,782844.545
arbitrum,6/19/2025,0xaf88d065e77c8cc2239327c5edb3a432268e5831,USDC,3059805.348,3061358.719
base,6/19/2025,0x4200000000000000000000000000000000000006,WETH,541.9970268,1364985.355
base,6/19/2025,0xcbb7c0000ab88b473b1f5afd9ef808440eed33bf,cbBTC,13.76104491,1442929.002
base,6/19/2025,0x833589fcd6edb6e08f4c7c32d4f71b54bda02913,USDC,10044707.11,10050429.36
optimism,6/19/2025,0x0b2c639c533813f4aa9d7837caf62653d097ff85,USDC,2464056.61,2465336.706
optimism,6/19/2025,0x68f180fcce6836688e9084f035309e29bf0a2095,WBTC,0.0074257,777.7513522
optimism,6/19/2025,0x4200000000000000000000000000000000000006,WETH,527.8458963,1327233.933
optimism,6/19/2025,0x94b008aa00579c1307b0ef2c499ad98a8ce58e58,USDT,51601.20159,51641.04215
arbitrum,6/20/2025,0xfd086bc7cd5c481dcc9c85ebe478a1c0b69fcbb9,USDT,792229.6609,792892.2766
arbitrum,6/20/2025,0x82af49447d8a07e3bd95bd0d56f35241523fbab1,WETH,2449.565095,6063323.299
arbitrum,6/20/2025,0x2f2a2543b76a4166549f7aab2e75bef0aefc5b0f,WBTC,3.05643022,321397.9836
arbitrum,6/20/2025,0xaf88d065e77c8cc2239327c5edb3a432268e5831,USDC,7514480.544,7519486.194
base,6/20/2025,0x4200000000000000000000000000000000000006,WETH,1869.696893,4694215.829
base,6/20/2025,0xcbb7c0000ab88b473b1f5afd9ef808440eed33bf,cbBTC,32.21259006,3361175.206
base,6/20/2025,0x833589fcd6edb6e08f4c7c32d4f71b54bda02913,USDC,10941025.27,10948664.83
optimism,6/20/2025,0x94b008aa00579c1307b0ef2c499ad98a8ce58e58,USDT,56438.68411,56479.64836
optimism,6/20/2025,0x4200000000000000000000000000000000000006,WETH,633.6384362,1570102.402
optimism,6/20/2025,0x68f180fcce6836688e9084f035309e29bf0a2095,WBTC,0.47338036,49347.69531
optimism,6/20/2025,0x0b2c639c533813f4aa9d7837caf62653d097ff85,USDC,3021970.959,3023992.564
arbitrum,6/21/2025,0x2f2a2543b76a4166549f7aab2e75bef0aefc5b0f,WBTC,4.45650833,457748.3401
arbitrum,6/21/2025,0x82af49447d8a07e3bd95bd0d56f35241523fbab1,WETH,3970.1719,9269131.242
arbitrum,6/21/2025,0xaf88d065e77c8cc2239327c5edb3a432268e5831,USDC,4486436.956,4490924.847
arbitrum,6/21/2025,0xfd086bc7cd5c481dcc9c85ebe478a1c0b69fcbb9,USDT,575611.7237,576255.0601
base,6/21/2025,0x833589fcd6edb6e08f4c7c32d4f71b54bda02913,USDC,8136833.02,8144325.87
base,6/21/2025,0x4200000000000000000000000000000000000006,WETH,3254.284005,7861229.002
base,6/21/2025,0xcbb7c0000ab88b473b1f5afd9ef808440eed33bf,cbBTC,23.90632536,2457085.089
optimism,6/21/2025,0x94b008aa00579c1307b0ef2c499ad98a8ce58e58,USDT,70370.20173,70459.80301
optimism,6/21/2025,0x0b2c639c533813f4aa9d7837caf62653d097ff85,USDC,2464646.112,2466618.174
optimism,6/21/2025,0x68f180fcce6836688e9084f035309e29bf0a2095,WBTC,0.04807931,4964.862275
optimism,6/21/2025,0x4200000000000000000000000000000000000006,WETH,765.6243565,1835443.979
arbitrum,6/22/2025,0xaf88d065e77c8cc2239327c5edb3a432268e5831,USDC,10381664.1,10388767.05
arbitrum,6/22/2025,0x82af49447d8a07e3bd95bd0d56f35241523fbab1,WETH,3030.621804,6742354.798
arbitrum,6/22/2025,0x2f2a2543b76a4166549f7aab2e75bef0aefc5b0f,WBTC,9.1156976,914185.614
arbitrum,6/22/2025,0xfd086bc7cd5c481dcc9c85ebe478a1c0b69fcbb9,USDT,2412951.598,2415464.727
base,6/22/2025,0x833589fcd6edb6e08f4c7c32d4f71b54bda02913,USDC,70411610.75,70465896.8
base,6/22/2025,0xcbb7c0000ab88b473b1f5afd9ef808440eed33bf,cbBTC,84.65811496,8571021.046
base,6/22/2025,0x4200000000000000000000000000000000000006,WETH,1593.104571,3560564.69
optimism,6/22/2025,0x0b2c639c533813f4aa9d7837caf62653d097ff85,USDC,2823162.253,2825222.6
optimism,6/22/2025,0x4200000000000000000000000000000000000006,WETH,1148.754129,2575812.882
optimism,6/22/2025,0x94b008aa00579c1307b0ef2c499ad98a8ce58e58,USDT,86747.92424,86836.15666
optimism,6/22/2025,0x68f180fcce6836688e9084f035309e29bf0a2095,WBTC,0.70332514,70873.89533
arbitrum,6/23/2025,0xaf88d065e77c8cc2239327c5edb3a432268e5831,USDC,9956584.621,9961684.099
arbitrum,6/23/2025,0x2f2a2543b76a4166549f7aab2e75bef0aefc5b0f,WBTC,7.53982598,765725.2309
arbitrum,6/23/2025,0xfd086bc7cd5c481dcc9c85ebe478a1c0b69fcbb9,USDT,1572942.65,1574432.375
arbitrum,6/23/2025,0x82af49447d8a07e3bd95bd0d56f35241523fbab1,WETH,3229.822475,7318390.489
base,6/23/2025,0xcbb7c0000ab88b473b1f5afd9ef808440eed33bf,cbBTC,66.73443291,6835417.337
base,6/23/2025,0x833589fcd6edb6e08f4c7c32d4f71b54bda02913,USDC,24096213.19,24109154.68
base,6/23/2025,0x4200000000000000000000000000000000000006,WETH,1041.275019,2358387.12
optimism,6/23/2025,0x68f180fcce6836688e9084f035309e29bf0a2095,WBTC,2.05261358,208030.0886
optimism,6/23/2025,0x94b008aa00579c1307b0ef2c499ad98a8ce58e58,USDT,66744.59236,66812.45772
optimism,6/23/2025,0x0b2c639c533813f4aa9d7837caf62653d097ff85,USDC,3680530.823,3682491.113
optimism,6/23/2025,0x4200000000000000000000000000000000000006,WETH,1216.944145,2787736.328
arbitrum,6/24/2025,0x82af49447d8a07e3bd95bd0d56f35241523fbab1,WETH,1264.873443,3055867.325
arbitrum,6/24/2025,0xaf88d065e77c8cc2239327c5edb3a432268e5831,USDC,6683130.75,6685373.7
arbitrum,6/24/2025,0xfd086bc7cd5c481dcc9c85ebe478a1c0b69fcbb9,USDT,1037869.142,1038898.285
arbitrum,6/24/2025,0x2f2a2543b76a4166549f7aab2e75bef0aefc5b0f,WBTC,2.99570329,316507.5618
base,6/24/2025,0x4200000000000000000000000000000000000006,WETH,2085.204548,5030239.028
base,6/24/2025,0xcbb7c0000ab88b473b1f5afd9ef808440eed33bf,cbBTC,48.46749825,5110438.553
base,6/24/2025,0x833589fcd6edb6e08f4c7c32d4f71b54bda02913,USDC,12828060.49,12833024.17
optimism,6/24/2025,0x4200000000000000000000000000000000000006,WETH,1129.036847,2736806.435
optimism,6/24/2025,0x0b2c639c533813f4aa9d7837caf62653d097ff85,USDC,3984367.073,3985826.057
optimism,6/24/2025,0x68f180fcce6836688e9084f035309e29bf0a2095,WBTC,0.0028311,298.7672108
optimism,6/24/2025,0x94b008aa00579c1307b0ef2c499ad98a8ce58e58,USDT,240772.036,241019.0556
arbitrum,6/25/2025,0xfd086bc7cd5c481dcc9c85ebe478a1c0b69fcbb9,USDT,1066000.212,1066923.388
arbitrum,6/25/2025,0xaf88d065e77c8cc2239327c5edb3a432268e5831,USDC,3594167.46,3595068.49
arbitrum,6/25/2025,0x2f2a2543b76a4166549f7aab2e75bef0aefc5b0f,WBTC,3.1421015,336966.5276
arbitrum,6/25/2025,0x82af49447d8a07e3bd95bd0d56f35241523fbab1,WETH,1191.215031,2903729.086
base,6/25/2025,0x4200000000000000000000000000000000000006,WETH,1020.083313,2481310.237
base,6/25/2025,0x833589fcd6edb6e08f4c7c32d4f71b54bda02913,USDC,11852514.3,11856413.52
base,6/25/2025,0xcbb7c0000ab88b473b1f5afd9ef808440eed33bf,cbBTC,35.15287952,3765561.687
optimism,6/25/2025,0x68f180fcce6836688e9084f035309e29bf0a2095,WBTC,0.02408601,2580.484195
optimism,6/25/2025,0x4200000000000000000000000000000000000006,WETH,1180.193286,2869675.151
optimism,6/25/2025,0x94b008aa00579c1307b0ef2c499ad98a8ce58e58,USDT,9403.374199,9412.329289
optimism,6/25/2025,0x0b2c639c533813f4aa9d7837caf62653d097ff85,USDC,3741428.58,3742483.816
arbitrum,6/26/2025,0xfd086bc7cd5c481dcc9c85ebe478a1c0b69fcbb9,USDT,998401.8956,999334.0914
arbitrum,6/26/2025,0x2f2a2543b76a4166549f7aab2e75bef0aefc5b0f,WBTC,4.46183198,478595.4062
arbitrum,6/26/2025,0x82af49447d8a07e3bd95bd0d56f35241523fbab1,WETH,1355.818123,3334539.004
arbitrum,6/26/2025,0xaf88d065e77c8cc2239327c5edb3a432268e5831,USDC,3914258.312,3915765.327
base,6/26/2025,0x4200000000000000000000000000000000000006,WETH,6816.232898,16611345
base,6/26/2025,0xcbb7c0000ab88b473b1f5afd9ef808440eed33bf,cbBTC,34.50990005,3712185.769
base,6/26/2025,0x833589fcd6edb6e08f4c7c32d4f71b54bda02913,USDC,15592861.03,15600419.64
optimism,6/26/2025,0x94b008aa00579c1307b0ef2c499ad98a8ce58e58,USDT,25379.88066,25404.30253
optimism,6/26/2025,0x4200000000000000000000000000000000000006,WETH,754.9852725,1853783.433
optimism,6/26/2025,0x0b2c639c533813f4aa9d7837caf62653d097ff85,USDC,1823838.984,1824581.683
optimism,6/26/2025,0x68f180fcce6836688e9084f035309e29bf0a2095,WBTC,0.15320602,16449.30987
arbitrum,6/27/2025,0xfd086bc7cd5c481dcc9c85ebe478a1c0b69fcbb9,USDT,1813232.013,1815282.121
arbitrum,6/27/2025,0xaf88d065e77c8cc2239327c5edb3a432268e5831,USDC,2519863.332,2521133.247
arbitrum,6/27/2025,0x82af49447d8a07e3bd95bd0d56f35241523fbab1,WETH,814.6685394,1977718.877
arbitrum,6/27/2025,0x2f2a2543b76a4166549f7aab2e75bef0aefc5b0f,WBTC,4.4177832,471258.8924
base,6/27/2025,0x4200000000000000000000000000000000000006,WETH,16356.9961,39640632.08
base,6/27/2025,0x833589fcd6edb6e08f4c7c32d4f71b54bda02913,USDC,15239001.35,15247085.61
base,6/27/2025,0xcbb7c0000ab88b473b1f5afd9ef808440eed33bf,cbBTC,26.95696735,2887030.378
optimism,6/27/2025,0x0b2c639c533813f4aa9d7837caf62653d097ff85,USDC,1715613.686,1716520.631
optimism,6/27/2025,0x94b008aa00579c1307b0ef2c499ad98a8ce58e58,USDT,52169.03909,52213.90082
optimism,6/27/2025,0x4200000000000000000000000000000000000006,WETH,676.5470536,1645916.448
optimism,6/27/2025,0x68f180fcce6836688e9084f035309e29bf0a2095,WBTC,0.02718918,2901.830989
arbitrum,6/28/2025,0xaf88d065e77c8cc2239327c5edb3a432268e5831,USDC,1628182.674,1628725.554
arbitrum,6/28/2025,0x82af49447d8a07e3bd95bd0d56f35241523fbab1,WETH,167.3541669,406461.9435
arbitrum,6/28/2025,0xfd086bc7cd5c481dcc9c85ebe478a1c0b69fcbb9,USDT,340116.7392,340419.8006
arbitrum,6/28/2025,0x2f2a2543b76a4166549f7aab2e75bef0aefc5b0f,WBTC,1.4394289,154306.4502
base,6/28/2025,0x4200000000000000000000000000000000000006,WETH,12655.67714,30733520.53
base,6/28/2025,0x833589fcd6edb6e08f4c7c32d4f71b54bda02913,USDC,5864856.251,5867219.444
base,6/28/2025,0xcbb7c0000ab88b473b1f5afd9ef808440eed33bf,cbBTC,4.53488529,486718.2137
optimism,6/28/2025,0x68f180fcce6836688e9084f035309e29bf0a2095,WBTC,0.00367688,394.3184289
optimism,6/28/2025,0x4200000000000000000000000000000000000006,WETH,177.5788809,430630.8231
optimism,6/28/2025,0x0b2c639c533813f4aa9d7837caf62653d097ff85,USDC,469863.5657,470062.7042
optimism,6/28/2025,0x94b008aa00579c1307b0ef2c499ad98a8ce58e58,USDT,6812.188772,6817.440459
arbitrum,6/29/2025,0xaf88d065e77c8cc2239327c5edb3a432268e5831,USDC,6276354.899,6277878.699
arbitrum,6/29/2025,0x82af49447d8a07e3bd95bd0d56f35241523fbab1,WETH,218.7239454,537536.8343
arbitrum,6/29/2025,0xfd086bc7cd5c481dcc9c85ebe478a1c0b69fcbb9,USDT,401029.7033,401220.5095
arbitrum,6/29/2025,0x2f2a2543b76a4166549f7aab2e75bef0aefc5b0f,WBTC,10.22637754,1103984.236
base,6/29/2025,0x4200000000000000000000000000000000000006,WETH,11795.28696,28832178.74
base,6/29/2025,0xcbb7c0000ab88b473b1f5afd9ef808440eed33bf,cbBTC,8.06410205,870421.1856
base,6/29/2025,0x833589fcd6edb6e08f4c7c32d4f71b54bda02913,USDC,11856493.75,11858955.48
optimism,6/29/2025,0x68f180fcce6836688e9084f035309e29bf0a2095,WBTC,0.03375444,3640.123451
optimism,6/29/2025,0x94b008aa00579c1307b0ef2c499ad98a8ce58e58,USDT,15391.22127,15400.92804
optimism,6/29/2025,0x4200000000000000000000000000000000000006,WETH,236.4709468,582147.0233
optimism,6/29/2025,0x0b2c639c533813f4aa9d7837caf62653d097ff85,USDC,587990.7752,588138.3134
arbitrum,6/30/2025,0xaf88d065e77c8cc2239327c5edb3a432268e5831,USDC,4002240.077,4003972.967
arbitrum,6/30/2025,0x2f2a2543b76a4166549f7aab2e75bef0aefc5b0f,WBTC,1.67052722,179838.4992
arbitrum,6/30/2025,0x82af49447d8a07e3bd95bd0d56f35241523fbab1,WETH,509.3636683,1265960.553
arbitrum,6/30/2025,0xfd086bc7cd5c481dcc9c85ebe478a1c0b69fcbb9,USDT,1063379.527,1064143.651
base,6/30/2025,0x4200000000000000000000000000000000000006,WETH,9340.404121,23223328.94
base,6/30/2025,0xcbb7c0000ab88b473b1f5afd9ef808440eed33bf,cbBTC,34.4520857,3709484.055
base,6/30/2025,0x833589fcd6edb6e08f4c7c32d4f71b54bda02913,USDC,15794507.87,15801318.73
optimism,6/30/2025,0x4200000000000000000000000000000000000006,WETH,740.8079282,1839394.329
optimism,6/30/2025,0x0b2c639c533813f4aa9d7837caf62653d097ff85,USDC,1836793.421,1837501.117
optimism,6/30/2025,0x94b008aa00579c1307b0ef2c499ad98a8ce58e58,USDT,18569.31816,18584.15784
optimism,6/30/2025,0x68f180fcce6836688e9084f035309e29bf0a2095,WBTC,0.01550236,1667.527335
arbitrum,7/1/2025,0x82af49447d8a07e3bd95bd0d56f35241523fbab1,WETH,782.2357668,1902327.992
arbitrum,7/1/2025,0xaf88d065e77c8cc2239327c5edb3a432268e5831,USDC,7497883.573,7503063.703
arbitrum,7/1/2025,0xfd086bc7cd5c481dcc9c85ebe478a1c0b69fcbb9,USDT,857789.2543,858703.1986
arbitrum,7/1/2025,0x2f2a2543b76a4166549f7aab2e75bef0aefc5b0f,WBTC,17.86604213,1898591.528
base,7/1/2025,0xcbb7c0000ab88b473b1f5afd9ef808440eed33bf,cbBTC,31.01468327,3308612.383
base,7/1/2025,0x4200000000000000000000000000000000000006,WETH,11431.33926,28159153.99
base,7/1/2025,0x833589fcd6edb6e08f4c7c32d4f71b54bda02913,USDC,16017261.24,16029225.57
optimism,7/1/2025,0x0b2c639c533813f4aa9d7837caf62653d097ff85,USDC,2038042.162,2039651.127
optimism,7/1/2025,0x68f180fcce6836688e9084f035309e29bf0a2095,WBTC,0.11061643,11761.46568
optimism,7/1/2025,0x4200000000000000000000000000000000000006,WETH,502.5550052,1226453.094
optimism,7/1/2025,0x94b008aa00579c1307b0ef2c499ad98a8ce58e58,USDT,6698.040454,6705.052126
arbitrum,7/2/2025,0x82af49447d8a07e3bd95bd0d56f35241523fbab1,WETH,1409.967896,3560862.403
arbitrum,7/2/2025,0xaf88d065e77c8cc2239327c5edb3a432268e5831,USDC,6808392.915,6809592.063
arbitrum,7/2/2025,0x2f2a2543b76a4166549f7aab2e75bef0aefc5b0f,WBTC,6.034818,654428.3615
arbitrum,7/2/2025,0xfd086bc7cd5c481dcc9c85ebe478a1c0b69fcbb9,USDT,1162661.126,1163337.682
base,7/2/2025,0xcbb7c0000ab88b473b1f5afd9ef808440eed33bf,cbBTC,42.46215973,4605874.076
base,7/2/2025,0x833589fcd6edb6e08f4c7c32d4f71b54bda02913,USDC,23562735.17,23568843.81
base,7/2/2025,0x4200000000000000000000000000000000000006,WETH,9765.58961,24184447.01
optimism,7/2/2025,0x0b2c639c533813f4aa9d7837caf62653d097ff85,USDC,2781712.256,2782453.461
optimism,7/2/2025,0x68f180fcce6836688e9084f035309e29bf0a2095,WBTC,1.0905161,118802.3763
optimism,7/2/2025,0x94b008aa00579c1307b0ef2c499ad98a8ce58e58,USDT,88980.65045,89033.46693
optimism,7/2/2025,0x4200000000000000000000000000000000000006,WETH,842.3878059,2110495.825
arbitrum,7/3/2025,0x82af49447d8a07e3bd95bd0d56f35241523fbab1,WETH,2484.282156,6430816.954
arbitrum,7/3/2025,0x2f2a2543b76a4166549f7aab2e75bef0aefc5b0f,WBTC,1.71675371,188241.1004
arbitrum,7/3/2025,0xaf88d065e77c8cc2239327c5edb3a432268e5831,USDC,5091836.248,5091558.966
arbitrum,7/3/2025,0xfd086bc7cd5c481dcc9c85ebe478a1c0b69fcbb9,USDT,1145481.524,1145749.136
base,7/3/2025,0x4200000000000000000000000000000000000006,WETH,8642.013464,22357329.45
base,7/3/2025,0xcbb7c0000ab88b473b1f5afd9ef808440eed33bf,cbBTC,18.8797359,2067164.61
base,7/3/2025,0x833589fcd6edb6e08f4c7c32d4f71b54bda02913,USDC,20448833.97,20446824.45
optimism,7/3/2025,0x94b008aa00579c1307b0ef2c499ad98a8ce58e58,USDT,61386.27712,61396.68784
optimism,7/3/2025,0x68f180fcce6836688e9084f035309e29bf0a2095,WBTC,0.28079696,30669.66938
optimism,7/3/2025,0x4200000000000000000000000000000000000006,WETH,598.8866169,1551022.972
optimism,7/3/2025,0x0b2c639c533813f4aa9d7837caf62653d097ff85,USDC,2424837.244,2424730.007
arbitrum,7/4/2025,0x82af49447d8a07e3bd95bd0d56f35241523fbab1,WETH,1613.845608,4100484.073
arbitrum,7/4/2025,0x2f2a2543b76a4166549f7aab2e75bef0aefc5b0f,WBTC,4.10580553,446691.0693
arbitrum,7/4/2025,0xfd086bc7cd5c481dcc9c85ebe478a1c0b69fcbb9,USDT,1223699.891,1224340.809
arbitrum,7/4/2025,0xaf88d065e77c8cc2239327c5edb3a432268e5831,USDC,4584487.715,4586482.873
base,7/4/2025,0x4200000000000000000000000000000000000006,WETH,12503.26927,31546551.86
base,7/4/2025,0x833589fcd6edb6e08f4c7c32d4f71b54bda02913,USDC,7961015.736,7963389.268
base,7/4/2025,0xcbb7c0000ab88b473b1f5afd9ef808440eed33bf,cbBTC,15.24884909,1655945.451
optimism,7/4/2025,0x94b008aa00579c1307b0ef2c499ad98a8ce58e58,USDT,20988.35065,21002.44155
optimism,7/4/2025,0x0b2c639c533813f4aa9d7837caf62653d097ff85,USDC,2018870.678,2019447.43
optimism,7/4/2025,0x68f180fcce6836688e9084f035309e29bf0a2095,WBTC,0.5798911,62820.4658
optimism,7/4/2025,0x4200000000000000000000000000000000000006,WETH,422.6337767,1073518.362
arbitrum,7/5/2025,0xfd086bc7cd5c481dcc9c85ebe478a1c0b69fcbb9,USDT,390731.3977,391075.8052
arbitrum,7/5/2025,0x82af49447d8a07e3bd95bd0d56f35241523fbab1,WETH,717.2688988,1807670.516
arbitrum,7/5/2025,0xaf88d065e77c8cc2239327c5edb3a432268e5831,USDC,2261928.954,2263560.063
arbitrum,7/5/2025,0x2f2a2543b76a4166549f7aab2e75bef0aefc5b0f,WBTC,4.54756691,491046.7621
base,7/5/2025,0x833589fcd6edb6e08f4c7c32d4f71b54bda02913,USDC,5186588.52,5189963.014
base,7/5/2025,0xcbb7c0000ab88b473b1f5afd9ef808440eed33bf,cbBTC,5.92152345,640473.3359
base,7/5/2025,0x4200000000000000000000000000000000000006,WETH,8215.504316,20691975.14
optimism,7/5/2025,0x68f180fcce6836688e9084f035309e29bf0a2095,WBTC,0.17966382,19410.34741
optimism,7/5/2025,0x0b2c639c533813f4aa9d7837caf62653d097ff85,USDC,792930.4518,793401.8795
optimism,7/5/2025,0x94b008aa00579c1307b0ef2c499ad98a8ce58e58,USDT,33396.62,33419.27841
optimism,7/5/2025,0x4200000000000000000000000000000000000006,WETH,362.5864582,912493.0973
arbitrum,7/6/2025,0xfd086bc7cd5c481dcc9c85ebe478a1c0b69fcbb9,USDT,575668.3168,576000.7868
arbitrum,7/6/2025,0xaf88d065e77c8cc2239327c5edb3a432268e5831,USDC,4313688.716,4314799.263
arbitrum,7/6/2025,0x2f2a2543b76a4166549f7aab2e75bef0aefc5b0f,WBTC,2.82945259,307777.6065
arbitrum,7/6/2025,0x82af49447d8a07e3bd95bd0d56f35241523fbab1,WETH,1461.304643,3680943.674
base,7/6/2025,0xcbb7c0000ab88b473b1f5afd9ef808440eed33bf,cbBTC,7.21777142,786081.9794
base,7/6/2025,0x4200000000000000000000000000000000000006,WETH,9294.659625,23530892.97
base,7/6/2025,0x833589fcd6edb6e08f4c7c32d4f71b54bda02913,USDC,12993718.18,12998104.18
optimism,7/6/2025,0x0b2c639c533813f4aa9d7837caf62653d097ff85,USDC,1338362.115,1338779.629
optimism,7/6/2025,0x4200000000000000000000000000000000000006,WETH,395.913866,1009271.047
optimism,7/6/2025,0x94b008aa00579c1307b0ef2c499ad98a8ce58e58,USDT,15702.28483,15714.4067
optimism,7/6/2025,0x68f180fcce6836688e9084f035309e29bf0a2095,WBTC,0.26345421,28651.22651
arbitrum,7/7/2025,0x2f2a2543b76a4166549f7aab2e75bef0aefc5b0f,WBTC,3.95428987,428984.9706
arbitrum,7/7/2025,0x82af49447d8a07e3bd95bd0d56f35241523fbab1,WETH,2945.272496,7482540.237
arbitrum,7/7/2025,0xaf88d065e77c8cc2239327c5edb3a432268e5831,USDC,9074580.833,9075398.296
arbitrum,7/7/2025,0xfd086bc7cd5c481dcc9c85ebe478a1c0b69fcbb9,USDT,568362.1345,568470.5277
base,7/7/2025,0x833589fcd6edb6e08f4c7c32d4f71b54bda02913,USDC,14218531.47,14220771.65
base,7/7/2025,0x4200000000000000000000000000000000000006,WETH,5458.363206,13972774.77
base,7/7/2025,0xcbb7c0000ab88b473b1f5afd9ef808440eed33bf,cbBTC,19.00853265,2060995.173
optimism,7/7/2025,0x4200000000000000000000000000000000000006,WETH,402.6221459,1028702.446
optimism,7/7/2025,0x0b2c639c533813f4aa9d7837caf62653d097ff85,USDC,1746493.774,1746799.974
optimism,7/7/2025,0x94b008aa00579c1307b0ef2c499ad98a8ce58e58,USDT,4482.174768,4483.460579
optimism,7/7/2025,0x68f180fcce6836688e9084f035309e29bf0a2095,WBTC,1.75816116,190284.3584
arbitrum,7/8/2025,0xfd086bc7cd5c481dcc9c85ebe478a1c0b69fcbb9,USDT,736453.7523,736512.188
arbitrum,7/8/2025,0xaf88d065e77c8cc2239327c5edb3a432268e5831,USDC,10869361.37,10870593.89
arbitrum,7/8/2025,0x2f2a2543b76a4166549f7aab2e75bef0aefc5b0f,WBTC,0.51263699,55748.5837
arbitrum,7/8/2025,0x82af49447d8a07e3bd95bd0d56f35241523fbab1,WETH,2220.247718,5711747.752
base,7/8/2025,0x833589fcd6edb6e08f4c7c32d4f71b54bda02913,USDC,11649889.29,11650610.02
base,7/8/2025,0x4200000000000000000000000000000000000006,WETH,8601.282389,22158208.96
base,7/8/2025,0xcbb7c0000ab88b473b1f5afd9ef808440eed33bf,cbBTC,18.61653418,2022160.372
optimism,7/8/2025,0x94b008aa00579c1307b0ef2c499ad98a8ce58e58,USDT,21185.5014,21187.26833
optimism,7/8/2025,0x4200000000000000000000000000000000000006,WETH,375.8298676,969254.034
optimism,7/8/2025,0x68f180fcce6836688e9084f035309e29bf0a2095,WBTC,0.34331535,37265.18152
optimism,7/8/2025,0x0b2c639c533813f4aa9d7837caf62653d097ff85,USDC,1314802.76,1314854.083
arbitrum,7/9/2025,0xfd086bc7cd5c481dcc9c85ebe478a1c0b69fcbb9,USDT,1826626.327,1826327.561
arbitrum,7/9/2025,0x82af49447d8a07e3bd95bd0d56f35241523fbab1,WETH,1386.548471,3739977.531
arbitrum,7/9/2025,0xaf88d065e77c8cc2239327c5edb3a432268e5831,USDC,14008476.41,14004275.27
arbitrum,7/9/2025,0x2f2a2543b76a4166549f7aab2e75bef0aefc5b0f,WBTC,11.32914639,1243281.805
base,7/9/2025,0x4200000000000000000000000000000000000006,WETH,5081.28992,13388053.82
base,7/9/2025,0x833589fcd6edb6e08f4c7c32d4f71b54bda02913,USDC,17127826.8,17123123
base,7/9/2025,0xcbb7c0000ab88b473b1f5afd9ef808440eed33bf,cbBTC,48.56967578,5335489.039
optimism,7/9/2025,0x4200000000000000000000000000000000000006,WETH,657.1436617,1759565.147
optimism,7/9/2025,0x68f180fcce6836688e9084f035309e29bf0a2095,WBTC,1.83112244,200346.8175
optimism,7/9/2025,0x0b2c639c533813f4aa9d7837caf62653d097ff85,USDC,2530200.381,2529557.446
optimism,7/9/2025,0x94b008aa00579c1307b0ef2c499ad98a8ce58e58,USDT,60011.41785,60002.51276
arbitrum,7/10/2025,0x82af49447d8a07e3bd95bd0d56f35241523fbab1,WETH,2679.57107,7607847.972
arbitrum,7/10/2025,0x2f2a2543b76a4166549f7aab2e75bef0aefc5b0f,WBTC,4.42000448,504215.3515
arbitrum,7/10/2025,0xfd086bc7cd5c481dcc9c85ebe478a1c0b69fcbb9,USDT,3023055.647,3022513.05
arbitrum,7/10/2025,0xaf88d065e77c8cc2239327c5edb3a432268e5831,USDC,26752255.4,26736533.41
base,7/10/2025,0xcbb7c0000ab88b473b1f5afd9ef808440eed33bf,cbBTC,53.52308851,6038516.594
base,7/10/2025,0x833589fcd6edb6e08f4c7c32d4f71b54bda02913,USDC,24944015.92,24931590.1
base,7/10/2025,0x4200000000000000000000000000000000000006,WETH,9868.008079,27469339.9
optimism,7/10/2025,0x68f180fcce6836688e9084f035309e29bf0a2095,WBTC,1.54524155,173665.1874
optimism,7/10/2025,0x4200000000000000000000000000000000000006,WETH,1135.803104,3188964.108
optimism,7/10/2025,0x0b2c639c533813f4aa9d7837caf62653d097ff85,USDC,3813783.405,3811624.171
optimism,7/10/2025,0x94b008aa00579c1307b0ef2c499ad98a8ce58e58,USDT,76689.08209,76669.43559
arbitrum,7/11/2025,0xfd086bc7cd5c481dcc9c85ebe478a1c0b69fcbb9,USDT,2291405.366,2289730.813
arbitrum,7/11/2025,0x2f2a2543b76a4166549f7aab2e75bef0aefc5b0f,WBTC,8.34905053,975288.1681
arbitrum,7/11/2025,0xaf88d065e77c8cc2239327c5edb3a432268e5831,USDC,24097930.99,24076406.82
arbitrum,7/11/2025,0x82af49447d8a07e3bd95bd0d56f35241523fbab1,WETH,1857.723047,5540139.51
base,7/11/2025,0x4200000000000000000000000000000000000006,WETH,7824.866699,23287138.99
base,7/11/2025,0x833589fcd6edb6e08f4c7c32d4f71b54bda02913,USDC,53736214.88,53689245.67
base,7/11/2025,0xcbb7c0000ab88b473b1f5afd9ef808440eed33bf,cbBTC,80.32034536,9426132.179
optimism,7/11/2025,0x4200000000000000000000000000000000000006,WETH,1152.117753,3431777.347
optimism,7/11/2025,0x0b2c639c533813f4aa9d7837caf62653d097ff85,USDC,3522167.392,3518913.303
optimism,7/11/2025,0x94b008aa00579c1307b0ef2c499ad98a8ce58e58,USDT,183259.9249,183117.5989
optimism,7/11/2025,0x68f180fcce6836688e9084f035309e29bf0a2095,WBTC,2.55975587,299554.3844
arbitrum,7/12/2025,0xfd086bc7cd5c481dcc9c85ebe478a1c0b69fcbb9,USDT,1149056.333,1148359.851
arbitrum,7/12/2025,0xaf88d065e77c8cc2239327c5edb3a432268e5831,USDC,6400576.386,6394212.424
arbitrum,7/12/2025,0x82af49447d8a07e3bd95bd0d56f35241523fbab1,WETH,867.6618526,2549689.834
arbitrum,7/12/2025,0x2f2a2543b76a4166549f7aab2e75bef0aefc5b0f,WBTC,1.29714308,152129.2981
base,7/12/2025,0x833589fcd6edb6e08f4c7c32d4f71b54bda02913,USDC,12338646.29,12327079.06
base,7/12/2025,0x4200000000000000000000000000000000000006,WETH,4261.663595,12544712.12
base,7/12/2025,0xcbb7c0000ab88b473b1f5afd9ef808440eed33bf,cbBTC,15.07951193,1772668.953
optimism,7/12/2025,0x68f180fcce6836688e9084f035309e29bf0a2095,WBTC,1.09757056,128647.6009
optimism,7/12/2025,0x4200000000000000000000000000000000000006,WETH,502.0848501,1476794.453
optimism,7/12/2025,0x94b008aa00579c1307b0ef2c499ad98a8ce58e58,USDT,107500.0198,107422.2595
optimism,7/12/2025,0x0b2c639c533813f4aa9d7837caf62653d097ff85,USDC,1013849.242,1012909.472
arbitrum,7/13/2025,0xaf88d065e77c8cc2239327c5edb3a432268e5831,USDC,8956329.756,8945300.91
arbitrum,7/13/2025,0xfd086bc7cd5c481dcc9c85ebe478a1c0b69fcbb9,USDT,872123.3289,871385.9754
arbitrum,7/13/2025,0x2f2a2543b76a4166549f7aab2e75bef0aefc5b0f,WBTC,0.66326115,78440.20696
arbitrum,7/13/2025,0x82af49447d8a07e3bd95bd0d56f35241523fbab1,WETH,581.5895902,1728847.188
base,7/13/2025,0x4200000000000000000000000000000000000006,WETH,3682.022181,10864112.27
base,7/13/2025,0x833589fcd6edb6e08f4c7c32d4f71b54bda02913,USDC,12308367.13,12294513.07
base,7/13/2025,0xcbb7c0000ab88b473b1f5afd9ef808440eed33bf,cbBTC,37.97151779,4499917.057
optimism,7/13/2025,0x68f180fcce6836688e9084f035309e29bf0a2095,WBTC,0.94175002,111151.8304
optimism,7/13/2025,0x0b2c639c533813f4aa9d7837caf62653d097ff85,USDC,1436064.056,1434469.326
optimism,7/13/2025,0x94b008aa00579c1307b0ef2c499ad98a8ce58e58,USDT,33499.27018,33474.19175
optimism,7/13/2025,0x4200000000000000000000000000000000000006,WETH,607.5720577,1805469.412
arbitrum,7/14/2025,0xfd086bc7cd5c481dcc9c85ebe478a1c0b69fcbb9,USDT,4632736.032,4629621.774
arbitrum,7/14/2025,0x2f2a2543b76a4166549f7aab2e75bef0aefc5b0f,WBTC,9.38913167,1140765.884
arbitrum,7/14/2025,0x82af49447d8a07e3bd95bd0d56f35241523fbab1,WETH,1229.845199,3725097.402
arbitrum,7/14/2025,0xaf88d065e77c8cc2239327c5edb3a432268e5831,USDC,13335120.07,13324488.36
base,7/14/2025,0x4200000000000000000000000000000000000006,WETH,2985.976643,8997979.912
base,7/14/2025,0x833589fcd6edb6e08f4c7c32d4f71b54bda02913,USDC,35511930.72,35485703.39
base,7/14/2025,0xcbb7c0000ab88b473b1f5afd9ef808440eed33bf,cbBTC,147.9818267,17867424.59
optimism,7/14/2025,0x68f180fcce6836688e9084f035309e29bf0a2095,WBTC,4.42343894,534706.5362
optimism,7/14/2025,0x0b2c639c533813f4aa9d7837caf62653d097ff85,USDC,2982810.347,2980457.076
optimism,7/14/2025,0x94b008aa00579c1307b0ef2c499ad98a8ce58e58,USDT,124376.1358,124271.1151
optimism,7/14/2025,0x4200000000000000000000000000000000000006,WETH,852.7356153,2581125.079
arbitrum,7/15/2025,0x82af49447d8a07e3bd95bd0d56f35241523fbab1,WETH,970.3271037,2907887.536
arbitrum,7/15/2025,0x2f2a2543b76a4166549f7aab2e75bef0aefc5b0f,WBTC,4.61717411,540515.8037
arbitrum,7/15/2025,0xaf88d065e77c8cc2239327c5edb3a432268e5831,USDC,13450313.23,13444377.45
arbitrum,7/15/2025,0xfd086bc7cd5c481dcc9c85ebe478a1c0b69fcbb9,USDT,7079269.802,7076102.88
base,7/15/2025,0xcbb7c0000ab88b473b1f5afd9ef808440eed33bf,cbBTC,353.7207356,41488311.86
base,7/15/2025,0x4200000000000000000000000000000000000006,WETH,11293.52839,34331133.2
base,7/15/2025,0x833589fcd6edb6e08f4c7c32d4f71b54bda02913,USDC,32252413.39,32240585.53
optimism,7/15/2025,0x4200000000000000000000000000000000000006,WETH,846.1317404,2562508.851
optimism,7/15/2025,0x0b2c639c533813f4aa9d7837caf62653d097ff85,USDC,2380515.856,2379683.395
optimism,7/15/2025,0x94b008aa00579c1307b0ef2c499ad98a8ce58e58,USDT,31990.54574,31971.35998
optimism,7/15/2025,0x68f180fcce6836688e9084f035309e29bf0a2095,WBTC,3.69449085,432519.3614
arbitrum,7/16/2025,0x82af49447d8a07e3bd95bd0d56f35241523fbab1,WETH,9445.188161,30047058.82
arbitrum,7/16/2025,0x2f2a2543b76a4166549f7aab2e75bef0aefc5b0f,WBTC,3.32547116,395810.7499
arbitrum,7/16/2025,0xaf88d065e77c8cc2239327c5edb3a432268e5831,USDC,17449619.25,17441014.57
arbitrum,7/16/2025,0xfd086bc7cd5c481dcc9c85ebe478a1c0b69fcbb9,USDT,5200812.002,5199593.732
base,7/16/2025,0xcbb7c0000ab88b473b1f5afd9ef808440eed33bf,cbBTC,231.3949389,27500850.75
base,7/16/2025,0x833589fcd6edb6e08f4c7c32d4f71b54bda02913,USDC,39514511.14,39495712.76
base,7/16/2025,0x4200000000000000000000000000000000000006,WETH,8889.020134,28098133.36
optimism,7/16/2025,0x94b008aa00579c1307b0ef2c499ad98a8ce58e58,USDT,99734.30194,99714.94569
optimism,7/16/2025,0x4200000000000000000000000000000000000006,WETH,889.5286746,2858520.501
optimism,7/16/2025,0x68f180fcce6836688e9084f035309e29bf0a2095,WBTC,2.81399633,333363.5083
optimism,7/16/2025,0x0b2c639c533813f4aa9d7837caf62653d097ff85,USDC,3996523.064,3994668.824
arbitrum,7/17/2025,0x2f2a2543b76a4166549f7aab2e75bef0aefc5b0f,WBTC,17.08981199,2026412.459
arbitrum,7/17/2025,0x82af49447d8a07e3bd95bd0d56f35241523fbab1,WETH,4370.148345,15011969.34
arbitrum,7/17/2025,0xaf88d065e77c8cc2239327c5edb3a432268e5831,USDC,14827431.45,14819226.8
arbitrum,7/17/2025,0xfd086bc7cd5c481dcc9c85ebe478a1c0b69fcbb9,USDT,2722988.968,2722655.952
base,7/17/2025,0x4200000000000000000000000000000000000006,WETH,5571.976391,19056132.42
base,7/17/2025,0xcbb7c0000ab88b473b1f5afd9ef808440eed33bf,cbBTC,257.9904051,30685214.65
base,7/17/2025,0x833589fcd6edb6e08f4c7c32d4f71b54bda02913,USDC,19498709.19,19488254.74
optimism,7/17/2025,0x68f180fcce6836688e9084f035309e29bf0a2095,WBTC,3.84174789,454944.4846
optimism,7/17/2025,0x0b2c639c533813f4aa9d7837caf62653d097ff85,USDC,4256401.027,4253915.13
optimism,7/17/2025,0x94b008aa00579c1307b0ef2c499ad98a8ce58e58,USDT,141905.4649,141888.3334
optimism,7/17/2025,0x4200000000000000000000000000000000000006,WETH,1259.654261,4305702.833
arbitrum,7/18/2025,0x82af49447d8a07e3bd95bd0d56f35241523fbab1,WETH,14738.37202,52989663.49
arbitrum,7/18/2025,0x2f2a2543b76a4166549f7aab2e75bef0aefc5b0f,WBTC,4.31494846,509635.3603
arbitrum,7/18/2025,0xaf88d065e77c8cc2239327c5edb3a432268e5831,USDC,17870533.5,17859149.08
arbitrum,7/18/2025,0xfd086bc7cd5c481dcc9c85ebe478a1c0b69fcbb9,USDT,6016073.596,6016140.495
base,7/18/2025,0xcbb7c0000ab88b473b1f5afd9ef808440eed33bf,cbBTC,310.1983303,36766188.83
base,7/18/2025,0x4200000000000000000000000000000000000006,WETH,7018.058806,25284835.42
base,7/18/2025,0x833589fcd6edb6e08f4c7c32d4f71b54bda02913,USDC,26288207.37,26271254.2
optimism,7/18/2025,0x94b008aa00579c1307b0ef2c499ad98a8ce58e58,USDT,156559.3359,156544.1504
optimism,7/18/2025,0x4200000000000000000000000000000000000006,WETH,2382.198337,8577848.442
optimism,7/18/2025,0x68f180fcce6836688e9084f035309e29bf0a2095,WBTC,4.35094678,516281.5416
optimism,7/18/2025,0x0b2c639c533813f4aa9d7837caf62653d097ff85,USDC,3631702.7,3629410.014
arbitrum,7/19/2025,0x82af49447d8a07e3bd95bd0d56f35241523fbab1,WETH,480.7236618,1712388.343
arbitrum,7/19/2025,0xaf88d065e77c8cc2239327c5edb3a432268e5831,USDC,5284871.31,5282136.852
arbitrum,7/19/2025,0xfd086bc7cd5c481dcc9c85ebe478a1c0b69fcbb9,USDT,8384476.843,8384431.758
arbitrum,7/19/2025,0x2f2a2543b76a4166549f7aab2e75bef0aefc5b0f,WBTC,1.85603259,218803.8559
base,7/19/2025,0x4200000000000000000000000000000000000006,WETH,4726.808596,16848857.75
base,7/19/2025,0xcbb7c0000ab88b473b1f5afd9ef808440eed33bf,cbBTC,80.79499823,9534291.89
base,7/19/2025,0x833589fcd6edb6e08f4c7c32d4f71b54bda02913,USDC,9642036.985,9636679.349
optimism,7/19/2025,0x68f180fcce6836688e9084f035309e29bf0a2095,WBTC,2.01789648,237915.154
optimism,7/19/2025,0x4200000000000000000000000000000000000006,WETH,1174.817662,4181820.515
optimism,7/19/2025,0x0b2c639c533813f4aa9d7837caf62653d097ff85,USDC,2873949.644,2872454.089
optimism,7/19/2025,0x94b008aa00579c1307b0ef2c499ad98a8ce58e58,USDT,384889.3995,384952.4923
arbitrum,7/20/2025,0x2f2a2543b76a4166549f7aab2e75bef0aefc5b0f,WBTC,9.47013948,1116611.467
arbitrum,7/20/2025,0xfd086bc7cd5c481dcc9c85ebe478a1c0b69fcbb9,USDT,3057646.819,3056330.174
arbitrum,7/20/2025,0xaf88d065e77c8cc2239327c5edb3a432268e5831,USDC,20091964.93,20074661.17
arbitrum,7/20/2025,0x82af49447d8a07e3bd95bd0d56f35241523fbab1,WETH,2464.162856,9182537.561
base,7/20/2025,0x833589fcd6edb6e08f4c7c32d4f71b54bda02913,USDC,12748764.84,12737526.5
base,7/20/2025,0x4200000000000000000000000000000000000006,WETH,3692.454613,13727952.5
base,7/20/2025,0xcbb7c0000ab88b473b1f5afd9ef808440eed33bf,cbBTC,106.3816892,12536835.73
optimism,7/20/2025,0x68f180fcce6836688e9084f035309e29bf0a2095,WBTC,6.20357002,733365.8892
optimism,7/20/2025,0x94b008aa00579c1307b0ef2c499ad98a8ce58e58,USDT,136308.3538,136246.5394
optimism,7/20/2025,0x0b2c639c533813f4aa9d7837caf62653d097ff85,USDC,4150302.601,4146796.506
optimism,7/20/2025,0x4200000000000000000000000000000000000006,WETH,1014.362266,3773876.297
arbitrum,7/21/2025,0x2f2a2543b76a4166549f7aab2e75bef0aefc5b0f,WBTC,4.16621607,492309.8215
arbitrum,7/21/2025,0xfd086bc7cd5c481dcc9c85ebe478a1c0b69fcbb9,USDT,2202583.955,2201840.531
arbitrum,7/21/2025,0x82af49447d8a07e3bd95bd0d56f35241523fbab1,WETH,2053.436176,7778010.142
arbitrum,7/21/2025,0xaf88d065e77c8cc2239327c5edb3a432268e5831,USDC,15258380.72,15246521.38
base,7/21/2025,0x833589fcd6edb6e08f4c7c32d4f71b54bda02913,USDC,46778152.2,46742404.09
base,7/21/2025,0x4200000000000000000000000000000000000006,WETH,16120.99963,61175885.56
base,7/21/2025,0xcbb7c0000ab88b473b1f5afd9ef808440eed33bf,cbBTC,202.7773616,23913422.69
optimism,7/21/2025,0x94b008aa00579c1307b0ef2c499ad98a8ce58e58,USDT,243150.9146,243044.1796
optimism,7/21/2025,0x68f180fcce6836688e9084f035309e29bf0a2095,WBTC,3.97825599,469286.1218
optimism,7/21/2025,0x0b2c639c533813f4aa9d7837caf62653d097ff85,USDC,4413894.268,4410407.78
optimism,7/21/2025,0x4200000000000000000000000000000000000006,WETH,2711.100962,10231964.5
arbitrum,7/22/2025,0x2f2a2543b76a4166549f7aab2e75bef0aefc5b0f,WBTC,8.40129352,995314.3878
arbitrum,7/22/2025,0x82af49447d8a07e3bd95bd0d56f35241523fbab1,WETH,3245.024804,11979673.63
arbitrum,7/22/2025,0xfd086bc7cd5c481dcc9c85ebe478a1c0b69fcbb9,USDT,1508305.626,1507907.549
arbitrum,7/22/2025,0xaf88d065e77c8cc2239327c5edb3a432268e5831,USDC,21326816.35,21313741.41
base,7/22/2025,0xcbb7c0000ab88b473b1f5afd9ef808440eed33bf,cbBTC,254.01767,30072529.58
base,7/22/2025,0x833589fcd6edb6e08f4c7c32d4f71b54bda02913,USDC,27574408.33,27558662.69
base,7/22/2025,0x4200000000000000000000000000000000000006,WETH,7654.103465,28322677.74
optimism,7/22/2025,0x0b2c639c533813f4aa9d7837caf62653d097ff85,USDC,3859886.342,3857497.733
optimism,7/22/2025,0x4200000000000000000000000000000000000006,WETH,2316.790541,8555767.663
optimism,7/22/2025,0x68f180fcce6836688e9084f035309e29bf0a2095,WBTC,2.21474424,261611.497
optimism,7/22/2025,0x94b008aa00579c1307b0ef2c499ad98a8ce58e58,USDT,243283.5593,243198.7283
arbitrum,7/23/2025,0x2f2a2543b76a4166549f7aab2e75bef0aefc5b0f,WBTC,5.50499584,652224.8549
arbitrum,7/23/2025,0xaf88d065e77c8cc2239327c5edb3a432268e5831,USDC,15032887.32,15026030.56
arbitrum,7/23/2025,0x82af49447d8a07e3bd95bd0d56f35241523fbab1,WETH,2646.196374,9648148.353
arbitrum,7/23/2025,0xfd086bc7cd5c481dcc9c85ebe478a1c0b69fcbb9,USDT,1627756.779,1627916.352
base,7/23/2025,0x833589fcd6edb6e08f4c7c32d4f71b54bda02913,USDC,30045731.84,30029984.31
base,7/23/2025,0x4200000000000000000000000000000000000006,WETH,4210.855461,15347042.55
base,7/23/2025,0xcbb7c0000ab88b473b1f5afd9ef808440eed33bf,cbBTC,385.3946221,45514250.85
optimism,7/23/2025,0x0b2c639c533813f4aa9d7837caf62653d097ff85,USDC,3280812.834,3279117.638
optimism,7/23/2025,0x94b008aa00579c1307b0ef2c499ad98a8ce58e58,USDT,40018.50778,40013.61542
optimism,7/23/2025,0x68f180fcce6836688e9084f035309e29bf0a2095,WBTC,2.78337381,328923.3395
optimism,7/23/2025,0x4200000000000000000000000000000000000006,WETH,1166.883385,4257241.638
arbitrum,7/24/2025,0x2f2a2543b76a4166549f7aab2e75bef0aefc5b0f,WBTC,4.67308276,553728.9731
arbitrum,7/24/2025,0xaf88d065e77c8cc2239327c5edb3a432268e5831,USDC,18612241.29,18601882.09
arbitrum,7/24/2025,0x82af49447d8a07e3bd95bd0d56f35241523fbab1,WETH,4428.012977,16222028.37
arbitrum,7/24/2025,0xfd086bc7cd5c481dcc9c85ebe478a1c0b69fcbb9,USDT,2628835.847,2628497.167
base,7/24/2025,0x4200000000000000000000000000000000000006,WETH,25325.64724,92793052.8
base,7/24/2025,0xcbb7c0000ab88b473b1f5afd9ef808440eed33bf,cbBTC,827.3910803,98159177.29
base,7/24/2025,0x833589fcd6edb6e08f4c7c32d4f71b54bda02913,USDC,46950857.03,46924984.88
optimism,7/24/2025,0x4200000000000000000000000000000000000006,WETH,1032.915091,3757859.127
optimism,7/24/2025,0x94b008aa00579c1307b0ef2c499ad98a8ce58e58,USDT,164426.8689,164419.9614
optimism,7/24/2025,0x0b2c639c533813f4aa9d7837caf62653d097ff85,USDC,3396999.787,3395222.702
optimism,7/24/2025,0x68f180fcce6836688e9084f035309e29bf0a2095,WBTC,2.79461967,330705.7693
arbitrum,7/25/2025,0xfd086bc7cd5c481dcc9c85ebe478a1c0b69fcbb9,USDT,3366271.387,3366369.849
arbitrum,7/25/2025,0xaf88d065e77c8cc2239327c5edb3a432268e5831,USDC,24709811.27,24703426.79
arbitrum,7/25/2025,0x2f2a2543b76a4166549f7aab2e75bef0aefc5b0f,WBTC,13.22106412,1534600.112
arbitrum,7/25/2025,0x82af49447d8a07e3bd95bd0d56f35241523fbab1,WETH,4022.405511,14669397.42
base,7/25/2025,0x833589fcd6edb6e08f4c7c32d4f71b54bda02913,USDC,48412096.52,48407168.08
base,7/25/2025,0x4200000000000000000000000000000000000006,WETH,14493.55171,52936693.08
base,7/25/2025,0xcbb7c0000ab88b473b1f5afd9ef808440eed33bf,cbBTC,1848.908108,214664305.1
optimism,7/25/2025,0x68f180fcce6836688e9084f035309e29bf0a2095,WBTC,2.58923336,300708.9229
optimism,7/25/2025,0x4200000000000000000000000000000000000006,WETH,1092.561551,4022565.925
optimism,7/25/2025,0x0b2c639c533813f4aa9d7837caf62653d097ff85,USDC,2964063.213,2963418.851
optimism,7/25/2025,0x94b008aa00579c1307b0ef2c499ad98a8ce58e58,USDT,78522.51228,78557.35335
arbitrum,7/26/2025,0x82af49447d8a07e3bd95bd0d56f35241523fbab1,WETH,1211.813032,4536789.313
arbitrum,7/26/2025,0x2f2a2543b76a4166549f7aab2e75bef0aefc5b0f,WBTC,1.51160783,178043.3499
arbitrum,7/26/2025,0xfd086bc7cd5c481dcc9c85ebe478a1c0b69fcbb9,USDT,1075914.949,1075699.964
arbitrum,7/26/2025,0xaf88d065e77c8cc2239327c5edb3a432268e5831,USDC,11056592.37,11051839.72
base,7/26/2025,0x4200000000000000000000000000000000000006,WETH,2574.728298,9622776.977
base,7/26/2025,0xcbb7c0000ab88b473b1f5afd9ef808440eed33bf,cbBTC,409.5780004,48248747.64
base,7/26/2025,0x833589fcd6edb6e08f4c7c32d4f71b54bda02913,USDC,14813456.09,14807124.86
optimism,7/26/2025,0x94b008aa00579c1307b0ef2c499ad98a8ce58e58,USDT,22857.45243,22854.2924
optimism,7/26/2025,0x0b2c639c533813f4aa9d7837caf62653d097ff85,USDC,1465359.293,1464747.877
optimism,7/26/2025,0x4200000000000000000000000000000000000006,WETH,457.1809011,1709271.609
optimism,7/26/2025,0x68f180fcce6836688e9084f035309e29bf0a2095,WBTC,1.05907128,124625.764
arbitrum,7/27/2025,0xfd086bc7cd5c481dcc9c85ebe478a1c0b69fcbb9,USDT,3620695.661,3619181.506
arbitrum,7/27/2025,0x2f2a2543b76a4166549f7aab2e75bef0aefc5b0f,WBTC,1.79468851,213435.0843
arbitrum,7/27/2025,0xaf88d065e77c8cc2239327c5edb3a432268e5831,USDC,19142982.76,19128366.72
arbitrum,7/27/2025,0x82af49447d8a07e3bd95bd0d56f35241523fbab1,WETH,2106.499401,8013345.372
base,7/27/2025,0x4200000000000000000000000000000000000006,WETH,1604.414113,6134583.487
base,7/27/2025,0x833589fcd6edb6e08f4c7c32d4f71b54bda02913,USDC,18788324.7,18775111.75
base,7/27/2025,0xcbb7c0000ab88b473b1f5afd9ef808440eed33bf,cbBTC,615.0369207,73031009
optimism,7/27/2025,0x4200000000000000000000000000000000000006,WETH,459.5280462,1751829.306
optimism,7/27/2025,0x94b008aa00579c1307b0ef2c499ad98a8ce58e58,USDT,81557.70384,81519.15284
optimism,7/27/2025,0x0b2c639c533813f4aa9d7837caf62653d097ff85,USDC,1547480.347,1546407.309
optimism,7/27/2025,0x68f180fcce6836688e9084f035309e29bf0a2095,WBTC,1.53580053,181840.8568
arbitrum,7/28/2025,0xaf88d065e77c8cc2239327c5edb3a432268e5831,USDC,18098918.57,18088895.15
arbitrum,7/28/2025,0xfd086bc7cd5c481dcc9c85ebe478a1c0b69fcbb9,USDT,2995527.329,2994264.529
arbitrum,7/28/2025,0x82af49447d8a07e3bd95bd0d56f35241523fbab1,WETH,2125.475651,8154916.138
arbitrum,7/28/2025,0x2f2a2543b76a4166549f7aab2e75bef0aefc5b0f,WBTC,1.44710037,171080.1081
base,7/28/2025,0xcbb7c0000ab88b473b1f5afd9ef808440eed33bf,cbBTC,1103.761612,130699773.2
base,7/28/2025,0x833589fcd6edb6e08f4c7c32d4f71b54bda02913,USDC,26660642.91,26646140.72
base,7/28/2025,0x4200000000000000000000000000000000000006,WETH,3750.970332,14350860.57
optimism,7/28/2025,0x94b008aa00579c1307b0ef2c499ad98a8ce58e58,USDT,49825.02305,49803.84801
optimism,7/28/2025,0x68f180fcce6836688e9084f035309e29bf0a2095,WBTC,0.80674649,96087.58146
optimism,7/28/2025,0x4200000000000000000000000000000000000006,WETH,344.0744889,1332242.752
optimism,7/28/2025,0x0b2c639c533813f4aa9d7837caf62653d097ff85,USDC,953540.7529,952996.9899
arbitrum,7/29/2025,0xfd086bc7cd5c481dcc9c85ebe478a1c0b69fcbb9,USDT,1767131.838,1766437.111
arbitrum,7/29/2025,0xaf88d065e77c8cc2239327c5edb3a432268e5831,USDC,30686477.41,30676383.1
arbitrum,7/29/2025,0x82af49447d8a07e3bd95bd0d56f35241523fbab1,WETH,3376.046586,12853623.06
arbitrum,7/29/2025,0x2f2a2543b76a4166549f7aab2e75bef0aefc5b0f,WBTC,6.26368106,736530.0153
base,7/29/2025,0x4200000000000000000000000000000000000006,WETH,6866.093655,26004505.73
base,7/29/2025,0x833589fcd6edb6e08f4c7c32d4f71b54bda02913,USDC,44809509.91,44802565.28
base,7/29/2025,0xcbb7c0000ab88b473b1f5afd9ef808440eed33bf,cbBTC,1993.961476,235439402.2
optimism,7/29/2025,0x0b2c639c533813f4aa9d7837caf62653d097ff85,USDC,580218.6004,579934.2481
optimism,7/29/2025,0x94b008aa00579c1307b0ef2c499ad98a8ce58e58,USDT,78229.8033,78195.34082
optimism,7/29/2025,0x68f180fcce6836688e9084f035309e29bf0a2095,WBTC,0.01508335,1779.081274
optimism,7/29/2025,0x4200000000000000000000000000000000000006,WETH,10.562869,40087.67483
arbitrum,7/30/2025,0x82af49447d8a07e3bd95bd0d56f35241523fbab1,WETH,4190.525142,15878545.79
arbitrum,7/30/2025,0xfd086bc7cd5c481dcc9c85ebe478a1c0b69fcbb9,USDT,1203719.78,1203890.524
arbitrum,7/30/2025,0xaf88d065e77c8cc2239327c5edb3a432268e5831,USDC,27684210.18,27683830.33
arbitrum,7/30/2025,0x2f2a2543b76a4166549f7aab2e75bef0aefc5b0f,WBTC,1.76501017,207782.4302
base,7/30/2025,0x833589fcd6edb6e08f4c7c32d4f71b54bda02913,USDC,59202344.24,59202312.43
base,7/30/2025,0xcbb7c0000ab88b473b1f5afd9ef808440eed33bf,cbBTC,2414.931745,284535513.9
base,7/30/2025,0x4200000000000000000000000000000000000006,WETH,14057.71469,53145388
optimism,7/30/2025,0x68f180fcce6836688e9084f035309e29bf0a2095,WBTC,0.6493634,76076.68365
optimism,7/30/2025,0x94b008aa00579c1307b0ef2c499ad98a8ce58e58,USDT,97646.69017,97675.87729
optimism,7/30/2025,0x0b2c639c533813f4aa9d7837caf62653d097ff85,USDC,734104.8591,734136.5452
optimism,7/30/2025,0x4200000000000000000000000000000000000006,WETH,289.2317546,1090140.484
arbitrum,7/31/2025,0xfd086bc7cd5c481dcc9c85ebe478a1c0b69fcbb9,USDT,2036840.882,2036395.185
arbitrum,7/31/2025,0x82af49447d8a07e3bd95bd0d56f35241523fbab1,WETH,2013.155565,7652112.272
arbitrum,7/31/2025,0xaf88d065e77c8cc2239327c5edb3a432268e5831,USDC,13630226.62,13628755.08
arbitrum,7/31/2025,0x2f2a2543b76a4166549f7aab2e75bef0aefc5b0f,WBTC,1.11534676,130579.1819
base,7/31/2025,0x833589fcd6edb6e08f4c7c32d4f71b54bda02913,USDC,75583672.25,75588565.43
base,7/31/2025,0xcbb7c0000ab88b473b1f5afd9ef808440eed33bf,cbBTC,1891.119559,222643499.3
base,7/31/2025,0x4200000000000000000000000000000000000006,WETH,4853.904827,18341084.75
optimism,7/31/2025,0x68f180fcce6836688e9084f035309e29bf0a2095,WBTC,1.19991302,141170.3263
optimism,7/31/2025,0x4200000000000000000000000000000000000006,WETH,293.9933099,1111964.787
optimism,7/31/2025,0x0b2c639c533813f4aa9d7837caf62653d097ff85,USDC,1461235.77,1461028.716
optimism,7/31/2025,0x94b008aa00579c1307b0ef2c499ad98a8ce58e58,USDT,35832.19122,35820.47148
arbitrum,8/1/2025,0xfd086bc7cd5c481dcc9c85ebe478a1c0b69fcbb9,USDT,3009796.604,3009360.08
arbitrum,8/1/2025,0xaf88d065e77c8cc2239327c5edb3a432268e5831,USDC,21209123.7,21212409.5
arbitrum,8/1/2025,0x2f2a2543b76a4166549f7aab2e75bef0aefc5b0f,WBTC,15.82486209,1816731.347
arbitrum,8/1/2025,0x82af49447d8a07e3bd95bd0d56f35241523fbab1,WETH,4170.676197,15119273.42
base,8/1/2025,0xcbb7c0000ab88b473b1f5afd9ef808440eed33bf,cbBTC,2236.594555,257000447.6
base,8/1/2025,0x833589fcd6edb6e08f4c7c32d4f71b54bda02913,USDC,222240124.5,222248989.1
base,8/1/2025,0x4200000000000000000000000000000000000006,WETH,4370.799554,15756614.38
optimism,8/1/2025,0x0b2c639c533813f4aa9d7837caf62653d097ff85,USDC,2620538.068,2620706.246
optimism,8/1/2025,0x4200000000000000000000000000000000000006,WETH,682.3238559,2467537.529
optimism,8/1/2025,0x68f180fcce6836688e9084f035309e29bf0a2095,WBTC,2.4951091,286459.0314
optimism,8/1/2025,0x94b008aa00579c1307b0ef2c499ad98a8ce58e58,USDT,53347.68843,53342.2842
arbitrum,8/2/2025,0xaf88d065e77c8cc2239327c5edb3a432268e5831,USDC,14483414.64,14492989.76
arbitrum,8/2/2025,0x2f2a2543b76a4166549f7aab2e75bef0aefc5b0f,WBTC,5.38143945,607282.9591
arbitrum,8/2/2025,0xfd086bc7cd5c481dcc9c85ebe478a1c0b69fcbb9,USDT,1130093.413,1130632.954
arbitrum,8/2/2025,0x82af49447d8a07e3bd95bd0d56f35241523fbab1,WETH,1924.338071,6709855.833
base,8/2/2025,0xcbb7c0000ab88b473b1f5afd9ef808440eed33bf,cbBTC,2088.128575,236457190.6
base,8/2/2025,0x4200000000000000000000000000000000000006,WETH,3858.101813,13395706.31
base,8/2/2025,0x833589fcd6edb6e08f4c7c32d4f71b54bda02913,USDC,146232994,146330946.2
optimism,8/2/2025,0x68f180fcce6836688e9084f035309e29bf0a2095,WBTC,0.70150376,79426.76874
optimism,8/2/2025,0x4200000000000000000000000000000000000006,WETH,612.2979333,2135712.052
optimism,8/2/2025,0x94b008aa00579c1307b0ef2c499ad98a8ce58e58,USDT,26661.7043,26671.48839
optimism,8/2/2025,0x0b2c639c533813f4aa9d7837caf62653d097ff85,USDC,1924876.064,1926093.281
arbitrum,8/3/2025,0xaf88d065e77c8cc2239327c5edb3a432268e5831,USDC,7333035.72,7338771.386
arbitrum,8/3/2025,0x2f2a2543b76a4166549f7aab2e75bef0aefc5b0f,WBTC,1.10955474,126098.0796
arbitrum,8/3/2025,0xfd086bc7cd5c481dcc9c85ebe478a1c0b69fcbb9,USDT,1389741.256,1390732.432
arbitrum,8/3/2025,0x82af49447d8a07e3bd95bd0d56f35241523fbab1,WETH,1737.983665,6046460.191
base,8/3/2025,0x833589fcd6edb6e08f4c7c32d4f71b54bda02913,USDC,76689056.76,76744071.4
base,8/3/2025,0xcbb7c0000ab88b473b1f5afd9ef808440eed33bf,cbBTC,2048.262227,233403909.7
base,8/3/2025,0x4200000000000000000000000000000000000006,WETH,2683.007654,9308371.787
optimism,8/3/2025,0x0b2c639c533813f4aa9d7837caf62653d097ff85,USDC,1253681.382,1254586.95
optimism,8/3/2025,0x4200000000000000000000000000000000000006,WETH,261.9986155,908296.789
optimism,8/3/2025,0x94b008aa00579c1307b0ef2c499ad98a8ce58e58,USDT,26961.51777,26977.37531
optimism,8/3/2025,0x68f180fcce6836688e9084f035309e29bf0a2095,WBTC,0.69461705,79150.97613
arbitrum,8/4/2025,0xaf88d065e77c8cc2239327c5edb3a432268e5831,USDC,13916111.72,13921665.43
arbitrum,8/4/2025,0x2f2a2543b76a4166549f7aab2e75bef0aefc5b0f,WBTC,16.21043149,1866231.617
arbitrum,8/4/2025,0x82af49447d8a07e3bd95bd0d56f35241523fbab1,WETH,2547.713825,9166547.811
arbitrum,8/4/2025,0xfd086bc7cd5c481dcc9c85ebe478a1c0b69fcbb9,USDT,2677993.589,2679405.787
base,8/4/2025,0xcbb7c0000ab88b473b1f5afd9ef808440eed33bf,cbBTC,2680.365389,307717082.2
base,8/4/2025,0x833589fcd6edb6e08f4c7c32d4f71b54bda02913,USDC,17963051.19,17971996.39
base,8/4/2025,0x4200000000000000000000000000000000000006,WETH,4353.226601,15809774.7
optimism,8/4/2025,0x4200000000000000000000000000000000000006,WETH,629.1992573,2280156.049
optimism,8/4/2025,0x68f180fcce6836688e9084f035309e29bf0a2095,WBTC,1.02182894,117439.4407
optimism,8/4/2025,0x0b2c639c533813f4aa9d7837caf62653d097ff85,USDC,2944224.994,2945486.672
optimism,8/4/2025,0x94b008aa00579c1307b0ef2c499ad98a8ce58e58,USDT,243044.0941,243192.4556
arbitrum,8/5/2025,0xaf88d065e77c8cc2239327c5edb3a432268e5831,USDC,16604721.58,16610190.47
arbitrum,8/5/2025,0x2f2a2543b76a4166549f7aab2e75bef0aefc5b0f,WBTC,9.72731529,1107224.116
arbitrum,8/5/2025,0xfd086bc7cd5c481dcc9c85ebe478a1c0b69fcbb9,USDT,1455010.074,1455476.97
arbitrum,8/5/2025,0x82af49447d8a07e3bd95bd0d56f35241523fbab1,WETH,1928.011415,7021138.86
base,8/5/2025,0xcbb7c0000ab88b473b1f5afd9ef808440eed33bf,cbBTC,2842.126581,324061711
base,8/5/2025,0x833589fcd6edb6e08f4c7c32d4f71b54bda02913,USDC,24440499.09,24448670.47
base,8/5/2025,0x4200000000000000000000000000000000000006,WETH,3298.795427,11937731.42
optimism,8/5/2025,0x68f180fcce6836688e9084f035309e29bf0a2095,WBTC,1.48302952,168804.4065
optimism,8/5/2025,0x0b2c639c533813f4aa9d7837caf62653d097ff85,USDC,2318106.761,2318981.83
optimism,8/5/2025,0x4200000000000000000000000000000000000006,WETH,681.2565346,2464792.902
optimism,8/5/2025,0x94b008aa00579c1307b0ef2c499ad98a8ce58e58,USDT,28197.80655,28206.83558
arbitrum,8/6/2025,0xaf88d065e77c8cc2239327c5edb3a432268e5831,USDC,12219149.55,12225302.43
arbitrum,8/6/2025,0xfd086bc7cd5c481dcc9c85ebe478a1c0b69fcbb9,USDT,1308105.088,1308946.666
arbitrum,8/6/2025,0x82af49447d8a07e3bd95bd0d56f35241523fbab1,WETH,1457.352849,5305117.712
arbitrum,8/6/2025,0x2f2a2543b76a4166549f7aab2e75bef0aefc5b0f,WBTC,2.51240473,287484.5206
base,8/6/2025,0xcbb7c0000ab88b473b1f5afd9ef808440eed33bf,cbBTC,2327.329054,266461623.2
base,8/6/2025,0x4200000000000000000000000000000000000006,WETH,11987.66072,43401206.89
base,8/6/2025,0x833589fcd6edb6e08f4c7c32d4f71b54bda02913,USDC,102876586.1,102918537.7
optimism,8/6/2025,0x94b008aa00579c1307b0ef2c499ad98a8ce58e58,USDT,33750.96574,33769.89984
optimism,8/6/2025,0x68f180fcce6836688e9084f035309e29bf0a2095,WBTC,0.68589296,78581.41798
optimism,8/6/2025,0x4200000000000000000000000000000000000006,WETH,437.0183569,1585570.834
optimism,8/6/2025,0x0b2c639c533813f4aa9d7837caf62653d097ff85,USDC,1915596.131,1916419.896
arbitrum,8/7/2025,0x82af49447d8a07e3bd95bd0d56f35241523fbab1,WETH,2156.817732,8163958.59
arbitrum,8/7/2025,0xfd086bc7cd5c481dcc9c85ebe478a1c0b69fcbb9,USDT,1846035.703,1846793.817
arbitrum,8/7/2025,0x2f2a2543b76a4166549f7aab2e75bef0aefc5b0f,WBTC,10.92130543,1267666.158
arbitrum,8/7/2025,0xaf88d065e77c8cc2239327c5edb3a432268e5831,USDC,16004935.03,16005113.44
base,8/7/2025,0xcbb7c0000ab88b473b1f5afd9ef808440eed33bf,cbBTC,2094.019862,243169794.7
base,8/7/2025,0x833589fcd6edb6e08f4c7c32d4f71b54bda02913,USDC,45498903.25,45503269.57
base,8/7/2025,0x4200000000000000000000000000000000000006,WETH,5767.540683,21647154.42
optimism,8/7/2025,0x4200000000000000000000000000000000000006,WETH,868.3270355,3257276.91
optimism,8/7/2025,0x68f180fcce6836688e9084f035309e29bf0a2095,WBTC,0.12668806,14678.79328
optimism,8/7/2025,0x0b2c639c533813f4aa9d7837caf62653d097ff85,USDC,2300464.253,2300534.413
optimism,8/7/2025,0x94b008aa00579c1307b0ef2c499ad98a8ce58e58,USDT,44019.87213,44039.816
arbitrum,8/8/2025,0xfd086bc7cd5c481dcc9c85ebe478a1c0b69fcbb9,USDT,2405759.449,2405214.919
arbitrum,8/8/2025,0x2f2a2543b76a4166549f7aab2e75bef0aefc5b0f,WBTC,5.95039608,693324.3428
arbitrum,8/8/2025,0xaf88d065e77c8cc2239327c5edb3a432268e5831,USDC,21106959.98,21096070.65
arbitrum,8/8/2025,0x82af49447d8a07e3bd95bd0d56f35241523fbab1,WETH,1235.912161,4859596.943
base,8/8/2025,0x833589fcd6edb6e08f4c7c32d4f71b54bda02913,USDC,22013126.02,22001584.04
base,8/8/2025,0x4200000000000000000000000000000000000006,WETH,2858.625977,11305143.59
base,8/8/2025,0xcbb7c0000ab88b473b1f5afd9ef808440eed33bf,cbBTC,1741.647586,203217641.2
optimism,8/8/2025,0x94b008aa00579c1307b0ef2c499ad98a8ce58e58,USDT,268323.4632,268314.0217
optimism,8/8/2025,0x0b2c639c533813f4aa9d7837caf62653d097ff85,USDC,2366371.89,2365143.85
optimism,8/8/2025,0x4200000000000000000000000000000000000006,WETH,406.3891198,1610554.396
optimism,8/8/2025,0x68f180fcce6836688e9084f035309e29bf0a2095,WBTC,0.1270728,14826.34156
arbitrum,8/9/2025,0xaf88d065e77c8cc2239327c5edb3a432268e5831,USDC,22612971.07,22596114.14
arbitrum,8/9/2025,0x82af49447d8a07e3bd95bd0d56f35241523fbab1,WETH,2387.310763,9991329.643
arbitrum,8/9/2025,0x2f2a2543b76a4166549f7aab2e75bef0aefc5b0f,WBTC,3.015935,351533.8238
arbitrum,8/9/2025,0xfd086bc7cd5c481dcc9c85ebe478a1c0b69fcbb9,USDT,5759440.733,5756700.075
base,8/9/2025,0x4200000000000000000000000000000000000006,WETH,6746.414317,28437448.81
base,8/9/2025,0xcbb7c0000ab88b473b1f5afd9ef808440eed33bf,cbBTC,1517.977613,177253668.3
base,8/9/2025,0x833589fcd6edb6e08f4c7c32d4f71b54bda02913,USDC,18620972.83,18607327.45
optimism,8/9/2025,0x4200000000000000000000000000000000000006,WETH,1168.663985,4919760.876
optimism,8/9/2025,0x68f180fcce6836688e9084f035309e29bf0a2095,WBTC,1.88797612,220265.7613
optimism,8/9/2025,0x94b008aa00579c1307b0ef2c499ad98a8ce58e58,USDT,179319.1563,179247.3253
optimism,8/9/2025,0x0b2c639c533813f4aa9d7837caf62653d097ff85,USDC,1875159.569,1873843.717
arbitrum,8/10/2025,0x82af49447d8a07e3bd95bd0d56f35241523fbab1,WETH,963.4985536,4074458.701
arbitrum,8/10/2025,0xfd086bc7cd5c481dcc9c85ebe478a1c0b69fcbb9,USDT,1379365.179,1378546.409
arbitrum,8/10/2025,0x2f2a2543b76a4166549f7aab2e75bef0aefc5b0f,WBTC,2.35992232,277967.2369
arbitrum,8/10/2025,0xaf88d065e77c8cc2239327c5edb3a432268e5831,USDC,11763880.4,11754189.26
base,8/10/2025,0xcbb7c0000ab88b473b1f5afd9ef808440eed33bf,cbBTC,2029.141827,239716261.2
base,8/10/2025,0x833589fcd6edb6e08f4c7c32d4f71b54bda02913,USDC,187336572.1,187178717.6
base,8/10/2025,0x4200000000000000000000000000000000000006,WETH,2012.105885,8533895.388
optimism,8/10/2025,0x68f180fcce6836688e9084f035309e29bf0a2095,WBTC,1.5427531,182136.1741
optimism,8/10/2025,0x4200000000000000000000000000000000000006,WETH,363.9171205,1536722.369
optimism,8/10/2025,0x94b008aa00579c1307b0ef2c499ad98a8ce58e58,USDT,54876.10686,54834.64937
optimism,8/10/2025,0x0b2c639c533813f4aa9d7837caf62653d097ff85,USDC,1598527.631,1597219.916
arbitrum,8/11/2025,0x82af49447d8a07e3bd95bd0d56f35241523fbab1,WETH,1934.158868,8284356.818
arbitrum,8/11/2025,0xfd086bc7cd5c481dcc9c85ebe478a1c0b69fcbb9,USDT,2130744.721,2129769.948
arbitrum,8/11/2025,0x2f2a2543b76a4166549f7aab2e75bef0aefc5b0f,WBTC,4.111809,495383.5713
arbitrum,8/11/2025,0xaf88d065e77c8cc2239327c5edb3a432268e5831,USDC,23474665.45,23462269.28
base,8/11/2025,0x833589fcd6edb6e08f4c7c32d4f71b54bda02913,USDC,368142731.5,367976718.9
base,8/11/2025,0xcbb7c0000ab88b473b1f5afd9ef808440eed33bf,cbBTC,3129.326537,376849179.1
base,8/11/2025,0x4200000000000000000000000000000000000006,WETH,4557.891575,19492886.56
optimism,8/11/2025,0x4200000000000000000000000000000000000006,WETH,412.9987303,1761657.702
optimism,8/11/2025,0x68f180fcce6836688e9084f035309e29bf0a2095,WBTC,2.05444181,247188.6162
optimism,8/11/2025,0x94b008aa00579c1307b0ef2c499ad98a8ce58e58,USDT,88396.59784,88363.49017
optimism,8/11/2025,0x0b2c639c533813f4aa9d7837caf62653d097ff85,USDC,2141899.055,2140958.126
arbitrum,8/12/2025,0xaf88d065e77c8cc2239327c5edb3a432268e5831,USDC,33078374.4,33055108.49
arbitrum,8/12/2025,0xfd086bc7cd5c481dcc9c85ebe478a1c0b69fcbb9,USDT,3515345.185,3513218.704
arbitrum,8/12/2025,0x2f2a2543b76a4166549f7aab2e75bef0aefc5b0f,WBTC,9.18331025,1093491.847
arbitrum,8/12/2025,0x82af49447d8a07e3bd95bd0d56f35241523fbab1,WETH,1900.77291,8329998.118
base,8/12/2025,0x833589fcd6edb6e08f4c7c32d4f71b54bda02913,USDC,266419677.8,266276487.4
base,8/12/2025,0xcbb7c0000ab88b473b1f5afd9ef808440eed33bf,cbBTC,2534.083517,301715119.1
base,8/12/2025,0x4200000000000000000000000000000000000006,WETH,2364.771408,10384260.11
optimism,8/12/2025,0x0b2c639c533813f4aa9d7837caf62653d097ff85,USDC,2386120.382,2384599.549
optimism,8/12/2025,0x4200000000000000000000000000000000000006,WETH,677.5508896,2945938.851
optimism,8/12/2025,0x68f180fcce6836688e9084f035309e29bf0a2095,WBTC,0.55437247,66223.72293
optimism,8/12/2025,0x94b008aa00579c1307b0ef2c499ad98a8ce58e58,USDT,483032.1625,482791.7917
arbitrum,8/13/2025,0xaf88d065e77c8cc2239327c5edb3a432268e5831,USDC,31220518.5,31191875.82
arbitrum,8/13/2025,0x2f2a2543b76a4166549f7aab2e75bef0aefc5b0f,WBTC,3.34331198,402068.0658
arbitrum,8/13/2025,0x82af49447d8a07e3bd95bd0d56f35241523fbab1,WETH,1650.000335,7715879
arbitrum,8/13/2025,0xfd086bc7cd5c481dcc9c85ebe478a1c0b69fcbb9,USDT,5138930.688,5135380.277
base,8/13/2025,0x4200000000000000000000000000000000000006,WETH,7332.610528,34317961.63
base,8/13/2025,0x833589fcd6edb6e08f4c7c32d4f71b54bda02913,USDC,226038663,225846480.3
base,8/13/2025,0xcbb7c0000ab88b473b1f5afd9ef808440eed33bf,cbBTC,1526.198905,184734764.9
optimism,8/13/2025,0x68f180fcce6836688e9084f035309e29bf0a2095,WBTC,2.14276876,258359.1284
optimism,8/13/2025,0x4200000000000000000000000000000000000006,WETH,354.7010325,1659426.926
optimism,8/13/2025,0x94b008aa00579c1307b0ef2c499ad98a8ce58e58,USDT,263608.914,263413.7755
optimism,8/13/2025,0x0b2c639c533813f4aa9d7837caf62653d097ff85,USDC,2021593.634,2019757.886
arbitrum,8/14/2025,0x82af49447d8a07e3bd95bd0d56f35241523fbab1,WETH,2814.946812,12971915.34
arbitrum,8/14/2025,0xaf88d065e77c8cc2239327c5edb3a432268e5831,USDC,47083362.49,47061399.32
arbitrum,8/14/2025,0xfd086bc7cd5c481dcc9c85ebe478a1c0b69fcbb9,USDT,8995244.128,8996269.989
arbitrum,8/14/2025,0x2f2a2543b76a4166549f7aab2e75bef0aefc5b0f,WBTC,14.29486288,1701621.78
base,8/14/2025,0x833589fcd6edb6e08f4c7c32d4f71b54bda02913,USDC,325289826.6,325146060.3
base,8/14/2025,0x4200000000000000000000000000000000000006,WETH,8858.490927,41623890.14
base,8/14/2025,0xcbb7c0000ab88b473b1f5afd9ef808440eed33bf,cbBTC,2658.887087,319828684.6
optimism,8/14/2025,0x4200000000000000000000000000000000000006,WETH,575.2484051,2664164.647
optimism,8/14/2025,0x0b2c639c533813f4aa9d7837caf62653d097ff85,USDC,3024884.257,3023458.562
optimism,8/14/2025,0x94b008aa00579c1307b0ef2c499ad98a8ce58e58,USDT,52783.7433,52793.04802
optimism,8/14/2025,0x68f180fcce6836688e9084f035309e29bf0a2095,WBTC,3.29735631,397853.7764
arbitrum,8/15/2025,0x82af49447d8a07e3bd95bd0d56f35241523fbab1,WETH,2241.147521,10158718.43
arbitrum,8/15/2025,0xfd086bc7cd5c481dcc9c85ebe478a1c0b69fcbb9,USDT,2475796.21,2477860.734
arbitrum,8/15/2025,0x2f2a2543b76a4166549f7aab2e75bef0aefc5b0f,WBTC,11.75592512,1386688.727
arbitrum,8/15/2025,0xaf88d065e77c8cc2239327c5edb3a432268e5831,USDC,32849069.98,32853355.15
base,8/15/2025,0xcbb7c0000ab88b473b1f5afd9ef808440eed33bf,cbBTC,3257.64895,385563419.8
base,8/15/2025,0x4200000000000000000000000000000000000006,WETH,5635.823646,25309132.62
base,8/15/2025,0x833589fcd6edb6e08f4c7c32d4f71b54bda02913,USDC,350055182.5,350170986.2
optimism,8/15/2025,0x4200000000000000000000000000000000000006,WETH,494.2618253,2234472.153
optimism,8/15/2025,0x94b008aa00579c1307b0ef2c499ad98a8ce58e58,USDT,50718.34498,50758.03443
optimism,8/15/2025,0x0b2c639c533813f4aa9d7837caf62653d097ff85,USDC,2442990.984,2443435.152
optimism,8/15/2025,0x68f180fcce6836688e9084f035309e29bf0a2095,WBTC,2.31765406,273285.316
arbitrum,8/16/2025,0x2f2a2543b76a4166549f7aab2e75bef0aefc5b0f,WBTC,1.24688949,146593.0463
arbitrum,8/16/2025,0xaf88d065e77c8cc2239327c5edb3a432268e5831,USDC,8532241.666,8533459.375
arbitrum,8/16/2025,0xfd086bc7cd5c481dcc9c85ebe478a1c0b69fcbb9,USDT,1576400.113,1577811.424
arbitrum,8/16/2025,0x82af49447d8a07e3bd95bd0d56f35241523fbab1,WETH,830.4827897,3674553.575
base,8/16/2025,0x833589fcd6edb6e08f4c7c32d4f71b54bda02913,USDC,114937455.1,114967127.5
base,8/16/2025,0xcbb7c0000ab88b473b1f5afd9ef808440eed33bf,cbBTC,1877.6484,221095445.2
base,8/16/2025,0x4200000000000000000000000000000000000006,WETH,10934.66607,48290574.06
optimism,8/16/2025,0x68f180fcce6836688e9084f035309e29bf0a2095,WBTC,1.0474035,123176.0267
optimism,8/16/2025,0x0b2c639c533813f4aa9d7837caf62653d097ff85,USDC,2040204.272,2040573.692
optimism,8/16/2025,0x4200000000000000000000000000000000000006,WETH,280.0989829,1242264.755
optimism,8/16/2025,0x94b008aa00579c1307b0ef2c499ad98a8ce58e58,USDT,45603.15824,45639.7874
arbitrum,8/17/2025,0xaf88d065e77c8cc2239327c5edb3a432268e5831,USDC,16989222.8,16987900.74
arbitrum,8/17/2025,0xfd086bc7cd5c481dcc9c85ebe478a1c0b69fcbb9,USDT,1472699.657,1473415.637
arbitrum,8/17/2025,0x82af49447d8a07e3bd95bd0d56f35241523fbab1,WETH,1251.659783,5628169.036
arbitrum,8/17/2025,0x2f2a2543b76a4166549f7aab2e75bef0aefc5b0f,WBTC,8.83347361,1043120.341
base,8/17/2025,0x833589fcd6edb6e08f4c7c32d4f71b54bda02913,USDC,105561512.7,105576717.1
base,8/17/2025,0x4200000000000000000000000000000000000006,WETH,889.5411098,4002202.522
base,8/17/2025,0xcbb7c0000ab88b473b1f5afd9ef808440eed33bf,cbBTC,1335.564326,157535270.1
optimism,8/17/2025,0x0b2c639c533813f4aa9d7837caf62653d097ff85,USDC,2019674.285,2019705.641
optimism,8/17/2025,0x68f180fcce6836688e9084f035309e29bf0a2095,WBTC,0.98178879,115784.6943
optimism,8/17/2025,0x94b008aa00579c1307b0ef2c499ad98a8ce58e58,USDT,26507.25303,26524.86613
optimism,8/17/2025,0x4200000000000000000000000000000000000006,WETH,344.902284,1553639.493
arbitrum,8/18/2025,0x2f2a2543b76a4166549f7aab2e75bef0aefc5b0f,WBTC,25.04797688,2904169.766
arbitrum,8/18/2025,0x82af49447d8a07e3bd95bd0d56f35241523fbab1,WETH,2525.659586,10948572.69
arbitrum,8/18/2025,0xfd086bc7cd5c481dcc9c85ebe478a1c0b69fcbb9,USDT,4100493.335,4104883.647
arbitrum,8/18/2025,0xaf88d065e77c8cc2239327c5edb3a432268e5831,USDC,22093033.14,22104948.7
base,8/18/2025,0x4200000000000000000000000000000000000006,WETH,17114.85082,74054912.95
base,8/18/2025,0x833589fcd6edb6e08f4c7c32d4f71b54bda02913,USDC,136211879.9,136284149.5
base,8/18/2025,0xcbb7c0000ab88b473b1f5afd9ef808440eed33bf,cbBTC,1147.17887,132998355.9
optimism,8/18/2025,0x4200000000000000000000000000000000000006,WETH,472.2493568,2043326.617
optimism,8/18/2025,0x68f180fcce6836688e9084f035309e29bf0a2095,WBTC,2.69615578,312484.0523
optimism,8/18/2025,0x94b008aa00579c1307b0ef2c499ad98a8ce58e58,USDT,310070.2879,310457.3018
optimism,8/18/2025,0x0b2c639c533813f4aa9d7837caf62653d097ff85,USDC,3024645.143,3026116.517
arbitrum,8/19/2025,0xaf88d065e77c8cc2239327c5edb3a432268e5831,USDC,17837668.02,17845134.04
arbitrum,8/19/2025,0x2f2a2543b76a4166549f7aab2e75bef0aefc5b0f,WBTC,7.7498729,889214.9205
arbitrum,8/19/2025,0xfd086bc7cd5c481dcc9c85ebe478a1c0b69fcbb9,USDT,1924584.643,1925755.439
arbitrum,8/19/2025,0x82af49447d8a07e3bd95bd0d56f35241523fbab1,WETH,1417.444629,5997495.041
base,8/19/2025,0x4200000000000000000000000000000000000006,WETH,12784.44566,53692210.48
base,8/19/2025,0xcbb7c0000ab88b473b1f5afd9ef808440eed33bf,cbBTC,1120.898861,128275572.2
base,8/19/2025,0x833589fcd6edb6e08f4c7c32d4f71b54bda02913,USDC,49052308.45,49074074.05
optimism,8/19/2025,0x0b2c639c533813f4aa9d7837caf62653d097ff85,USDC,3074609.002,3075857.052
optimism,8/19/2025,0x4200000000000000000000000000000000000006,WETH,403.0932407,1701867.415
optimism,8/19/2025,0x94b008aa00579c1307b0ef2c499ad98a8ce58e58,USDT,52466.29098,52511.20151
optimism,8/19/2025,0x68f180fcce6836688e9084f035309e29bf0a2095,WBTC,3.06874721,351852.6272
arbitrum,8/20/2025,0x82af49447d8a07e3bd95bd0d56f35241523fbab1,WETH,3746.875533,15864974.97
arbitrum,8/20/2025,0x2f2a2543b76a4166549f7aab2e75bef0aefc5b0f,WBTC,6.02149962,684716.569
arbitrum,8/20/2025,0xaf88d065e77c8cc2239327c5edb3a432268e5831,USDC,25820022.4,25825252.28
arbitrum,8/20/2025,0xfd086bc7cd5c481dcc9c85ebe478a1c0b69fcbb9,USDT,2300244.009,2300666.619
base,8/20/2025,0xcbb7c0000ab88b473b1f5afd9ef808440eed33bf,cbBTC,728.124783,82724403.64
base,8/20/2025,0x4200000000000000000000000000000000000006,WETH,11126.42936,47527511.85
base,8/20/2025,0x833589fcd6edb6e08f4c7c32d4f71b54bda02913,USDC,31114298.35,31120127.9
optimism,8/20/2025,0x0b2c639c533813f4aa9d7837caf62653d097ff85,USDC,2217669.729,2218045.689
optimism,8/20/2025,0x68f180fcce6836688e9084f035309e29bf0a2095,WBTC,3.79841956,431390.4602
optimism,8/20/2025,0x4200000000000000000000000000000000000006,WETH,294.441085,1245530.111
optimism,8/20/2025,0x94b008aa00579c1307b0ef2c499ad98a8ce58e58,USDT,45611.02182,45617.51192
arbitrum,8/21/2025,0xfd086bc7cd5c481dcc9c85ebe478a1c0b69fcbb9,USDT,486844.2109,486858.0059
arbitrum,8/21/2025,0xaf88d065e77c8cc2239327c5edb3a432268e5831,USDC,11702708.69,11704437.04
arbitrum,8/21/2025,0x82af49447d8a07e3bd95bd0d56f35241523fbab1,WETH,1318.748575,5646415.049
arbitrum,8/21/2025,0x2f2a2543b76a4166549f7aab2e75bef0aefc5b0f,WBTC,6.21432451,704075.3607
base,8/21/2025,0x833589fcd6edb6e08f4c7c32d4f71b54bda02913,USDC,47123673.82,47131841.45
base,8/21/2025,0xcbb7c0000ab88b473b1f5afd9ef808440eed33bf,cbBTC,564.7973532,63962600.65
base,8/21/2025,0x4200000000000000000000000000000000000006,WETH,1290.787211,5530166.585
optimism,8/21/2025,0x0b2c639c533813f4aa9d7837caf62653d097ff85,USDC,2713051.994,2713442.906
optimism,8/21/2025,0x68f180fcce6836688e9084f035309e29bf0a2095,WBTC,2.27834731,258011.1482
optimism,8/21/2025,0x4200000000000000000000000000000000000006,WETH,463.3647839,1979324.527
optimism,8/21/2025,0x94b008aa00579c1307b0ef2c499ad98a8ce58e58,USDT,23860.29,23863.02107
arbitrum,8/22/2025,0xfd086bc7cd5c481dcc9c85ebe478a1c0b69fcbb9,USDT,15007894.64,15006676.77
arbitrum,8/22/2025,0xaf88d065e77c8cc2239327c5edb3a432268e5831,USDC,43388120.82,43387194.34
arbitrum,8/22/2025,0x82af49447d8a07e3bd95bd0d56f35241523fbab1,WETH,1833.548523,8269523.194
arbitrum,8/22/2025,0x2f2a2543b76a4166549f7aab2e75bef0aefc5b0f,WBTC,15.3469924,1758125.652
base,8/22/2025,0x4200000000000000000000000000000000000006,WETH,2188.909424,10054506.17
base,8/22/2025,0xcbb7c0000ab88b473b1f5afd9ef808440eed33bf,cbBTC,544.785718,62369178.75
base,8/22/2025,0x833589fcd6edb6e08f4c7c32d4f71b54bda02913,USDC,35283554.48,35281538.74
optimism,8/22/2025,0x4200000000000000000000000000000000000006,WETH,605.589232,2766134.924
optimism,8/22/2025,0x94b008aa00579c1307b0ef2c499ad98a8ce58e58,USDT,1563335.948,1562747
optimism,8/22/2025,0x68f180fcce6836688e9084f035309e29bf0a2095,WBTC,4.45326728,512628.8893
optimism,8/22/2025,0x0b2c639c533813f4aa9d7837caf62653d097ff85,USDC,4772462.27,4772314.095
arbitrum,8/23/2025,0x82af49447d8a07e3bd95bd0d56f35241523fbab1,WETH,1195.16259,5655177.814
arbitrum,8/23/2025,0xfd086bc7cd5c481dcc9c85ebe478a1c0b69fcbb9,USDT,752178.6864,751789.9895
arbitrum,8/23/2025,0xaf88d065e77c8cc2239327c5edb3a432268e5831,USDC,20361858.15,20356985.86
arbitrum,8/23/2025,0x2f2a2543b76a4166549f7aab2e75bef0aefc5b0f,WBTC,8.97311065,1035430.094
base,8/23/2025,0x4200000000000000000000000000000000000006,WETH,1962.248931,9309294.272
base,8/23/2025,0x833589fcd6edb6e08f4c7c32d4f71b54bda02913,USDC,21325544.27,21318660.92
base,8/23/2025,0xcbb7c0000ab88b473b1f5afd9ef808440eed33bf,cbBTC,342.6333293,39603366.19
optimism,8/23/2025,0x4200000000000000000000000000000000000006,WETH,536.4928172,2546446.414
optimism,8/23/2025,0x68f180fcce6836688e9084f035309e29bf0a2095,WBTC,2.02982122,234681.1863
optimism,8/23/2025,0x94b008aa00579c1307b0ef2c499ad98a8ce58e58,USDT,225277.1048,225101.5105
optimism,8/23/2025,0x0b2c639c533813f4aa9d7837caf62653d097ff85,USDC,2315427.806,2314682.266
arbitrum,8/24/2025,0x2f2a2543b76a4166549f7aab2e75bef0aefc5b0f,WBTC,7.79308027,884061.9335
arbitrum,8/24/2025,0xfd086bc7cd5c481dcc9c85ebe478a1c0b69fcbb9,USDT,2259714.478,2259548.617
arbitrum,8/24/2025,0x82af49447d8a07e3bd95bd0d56f35241523fbab1,WETH,1537.180744,7417942.778
arbitrum,8/24/2025,0xaf88d065e77c8cc2239327c5edb3a432268e5831,USDC,21529786.54,21534175.97
base,8/24/2025,0xcbb7c0000ab88b473b1f5afd9ef808440eed33bf,cbBTC,919.6243046,104708825
base,8/24/2025,0x4200000000000000000000000000000000000006,WETH,1198.616417,5779340.802
base,8/24/2025,0x833589fcd6edb6e08f4c7c32d4f71b54bda02913,USDC,33905284.9,33914249.33
optimism,8/24/2025,0x4200000000000000000000000000000000000006,WETH,376.2104226,1805969.753
optimism,8/24/2025,0x68f180fcce6836688e9084f035309e29bf0a2095,WBTC,1.2813668,146505.2412
optimism,8/24/2025,0x0b2c639c533813f4aa9d7837caf62653d097ff85,USDC,2880629.905,2881138.733
optimism,8/24/2025,0x94b008aa00579c1307b0ef2c499ad98a8ce58e58,USDT,74333.75144,74323.65457
arbitrum,8/25/2025,0xfd086bc7cd5c481dcc9c85ebe478a1c0b69fcbb9,USDT,2424957.732,2426734.777
arbitrum,8/25/2025,0xaf88d065e77c8cc2239327c5edb3a432268e5831,USDC,23463395.99,23479975.29
arbitrum,8/25/2025,0x2f2a2543b76a4166549f7aab2e75bef0aefc5b0f,WBTC,5.16983513,577436.6463
arbitrum,8/25/2025,0x82af49447d8a07e3bd95bd0d56f35241523fbab1,WETH,3079.437202,14073713.89
base,8/25/2025,0x4200000000000000000000000000000000000006,WETH,1866.68008,8541806.979
base,8/25/2025,0x833589fcd6edb6e08f4c7c32d4f71b54bda02913,USDC,55246794.44,55285083.58
base,8/25/2025,0xcbb7c0000ab88b473b1f5afd9ef808440eed33bf,cbBTC,2399.076883,268280948.7
optimism,8/25/2025,0x0b2c639c533813f4aa9d7837caf62653d097ff85,USDC,3738628.222,3741110.852
optimism,8/25/2025,0x94b008aa00579c1307b0ef2c499ad98a8ce58e58,USDT,69850.07702,69902.10085
optimism,8/25/2025,0x68f180fcce6836688e9084f035309e29bf0a2095,WBTC,2.73289118,305800.5761
optimism,8/25/2025,0x4200000000000000000000000000000000000006,WETH,452.769574,2082920.925
arbitrum,8/26/2025,0xfd086bc7cd5c481dcc9c85ebe478a1c0b69fcbb9,USDT,2401780.65,2402995.552
arbitrum,8/26/2025,0xaf88d065e77c8cc2239327c5edb3a432268e5831,USDC,23813939.5,23820488.81
arbitrum,8/26/2025,0x82af49447d8a07e3bd95bd0d56f35241523fbab1,WETH,1289.247418,5752779.212
arbitrum,8/26/2025,0x2f2a2543b76a4166549f7aab2e75bef0aefc5b0f,WBTC,14.5573967,1600775.203
base,8/26/2025,0x4200000000000000000000000000000000000006,WETH,2275.450208,10105162.11
base,8/26/2025,0x833589fcd6edb6e08f4c7c32d4f71b54bda02913,USDC,59789263.84,59813106.63
base,8/26/2025,0xcbb7c0000ab88b473b1f5afd9ef808440eed33bf,cbBTC,2190.063515,241600059.4
optimism,8/26/2025,0x0b2c639c533813f4aa9d7837caf62653d097ff85,USDC,2712586.651,2713509.299
optimism,8/26/2025,0x4200000000000000000000000000000000000006,WETH,378.4436005,1699543.298
optimism,8/26/2025,0x94b008aa00579c1307b0ef2c499ad98a8ce58e58,USDT,129956.8081,130040.9755
optimism,8/26/2025,0x68f180fcce6836688e9084f035309e29bf0a2095,WBTC,3.0205178,332855.5849
arbitrum,8/27/2025,0x82af49447d8a07e3bd95bd0d56f35241523fbab1,WETH,1384.232471,6351322.775
arbitrum,8/27/2025,0xfd086bc7cd5c481dcc9c85ebe478a1c0b69fcbb9,USDT,962417.4775,962779.991
arbitrum,8/27/2025,0xaf88d065e77c8cc2239327c5edb3a432268e5831,USDC,19832884.37,19835142.72
arbitrum,8/27/2025,0x2f2a2543b76a4166549f7aab2e75bef0aefc5b0f,WBTC,6.23401878,696307.8853
base,8/27/2025,0xcbb7c0000ab88b473b1f5afd9ef808440eed33bf,cbBTC,1274.301247,142386558.6
base,8/27/2025,0x4200000000000000000000000000000000000006,WETH,5501.244681,25400068.16
base,8/27/2025,0x833589fcd6edb6e08f4c7c32d4f71b54bda02913,USDC,28796022.37,28800387.7
optimism,8/27/2025,0x4200000000000000000000000000000000000006,WETH,443.3104405,2037562.289
optimism,8/27/2025,0x94b008aa00579c1307b0ef2c499ad98a8ce58e58,USDT,264017.2106,264116.2684
optimism,8/27/2025,0x0b2c639c533813f4aa9d7837caf62653d097ff85,USDC,3303421.228,3303905.562
optimism,8/27/2025,0x68f180fcce6836688e9084f035309e29bf0a2095,WBTC,2.44649232,273318.6156
arbitrum,8/28/2025,0x2f2a2543b76a4166549f7aab2e75bef0aefc5b0f,WBTC,6.03384792,681172.2365
arbitrum,8/28/2025,0xaf88d065e77c8cc2239327c5edb3a432268e5831,USDC,16208769.05,16215074.9
arbitrum,8/28/2025,0x82af49447d8a07e3bd95bd0d56f35241523fbab1,WETH,1135.351603,5176105.253
arbitrum,8/28/2025,0xfd086bc7cd5c481dcc9c85ebe478a1c0b69fcbb9,USDT,2273330.415,2274785.3
base,8/28/2025,0xcbb7c0000ab88b473b1f5afd9ef808440eed33bf,cbBTC,571.6523753,64280163.57
base,8/28/2025,0x833589fcd6edb6e08f4c7c32d4f71b54bda02913,USDC,26104331.53,26116455.43
base,8/28/2025,0x4200000000000000000000000000000000000006,WETH,1312.674751,5979593.205
optimism,8/28/2025,0x68f180fcce6836688e9084f035309e29bf0a2095,WBTC,1.05977368,119278.5143
optimism,8/28/2025,0x0b2c639c533813f4aa9d7837caf62653d097ff85,USDC,2165100.397,2166180.275
optimism,8/28/2025,0x94b008aa00579c1307b0ef2c499ad98a8ce58e58,USDT,48004.84204,48031.5261
optimism,8/28/2025,0x4200000000000000000000000000000000000006,WETH,397.7749057,1809202.741
arbitrum,8/29/2025,0x2f2a2543b76a4166549f7aab2e75bef0aefc5b0f,WBTC,6.33959814,694537.2896
arbitrum,8/29/2025,0xfd086bc7cd5c481dcc9c85ebe478a1c0b69fcbb9,USDT,2140968.929,2142398.904
arbitrum,8/29/2025,0x82af49447d8a07e3bd95bd0d56f35241523fbab1,WETH,1470.716521,6431276.333
arbitrum,8/29/2025,0xaf88d065e77c8cc2239327c5edb3a432268e5831,USDC,12333454.29,12340917.16
base,8/29/2025,0x833589fcd6edb6e08f4c7c32d4f71b54bda02913,USDC,50655602.52,50686552.46
base,8/29/2025,0x4200000000000000000000000000000000000006,WETH,2256.970971,9885284.556
base,8/29/2025,0xcbb7c0000ab88b473b1f5afd9ef808440eed33bf,cbBTC,363.8375733,40101833.02
optimism,8/29/2025,0x94b008aa00579c1307b0ef2c499ad98a8ce58e58,USDT,39512.02645,39532.54236
optimism,8/29/2025,0x4200000000000000000000000000000000000006,WETH,414.1821969,1809572.96
optimism,8/29/2025,0x0b2c639c533813f4aa9d7837caf62653d097ff85,USDC,2298522.312,2299840.148
optimism,8/29/2025,0x68f180fcce6836688e9084f035309e29bf0a2095,WBTC,2.67567326,293421.8825
arbitrum,8/30/2025,0x82af49447d8a07e3bd95bd0d56f35241523fbab1,WETH,363.7424356,1587105.683
arbitrum,8/30/2025,0xfd086bc7cd5c481dcc9c85ebe478a1c0b69fcbb9,USDT,600229.9403,600540.895
arbitrum,8/30/2025,0xaf88d065e77c8cc2239327c5edb3a432268e5831,USDC,4898465.486,4900770.925
arbitrum,8/30/2025,0x2f2a2543b76a4166549f7aab2e75bef0aefc5b0f,WBTC,4.704072,511533.4768
base,8/30/2025,0xcbb7c0000ab88b473b1f5afd9ef808440eed33bf,cbBTC,72.48994309,7864016.643
base,8/30/2025,0x833589fcd6edb6e08f4c7c32d4f71b54bda02913,USDC,29829673.48,29844553.11
base,8/30/2025,0x4200000000000000000000000000000000000006,WETH,1578.975668,6888225.187
optimism,8/30/2025,0x94b008aa00579c1307b0ef2c499ad98a8ce58e58,USDT,61741.80918,61772.75158
optimism,8/30/2025,0x0b2c639c533813f4aa9d7837caf62653d097ff85,USDC,1029310.054,1029787.318
optimism,8/30/2025,0x68f180fcce6836688e9084f035309e29bf0a2095,WBTC,0.98033679,106458.3177
optimism,8/30/2025,0x4200000000000000000000000000000000000006,WETH,244.06768,1063813.113
arbitrum,8/31/2025,0xaf88d065e77c8cc2239327c5edb3a432268e5831,USDC,8086769.165,8088141.18
arbitrum,8/31/2025,0x82af49447d8a07e3bd95bd0d56f35241523fbab1,WETH,453.0279757,2019791.399
arbitrum,8/31/2025,0xfd086bc7cd5c481dcc9c85ebe478a1c0b69fcbb9,USDT,1080158.12,1080695.394
arbitrum,8/31/2025,0x2f2a2543b76a4166549f7aab2e75bef0aefc5b0f,WBTC,17.58263353,1914441.078
base,8/31/2025,0xcbb7c0000ab88b473b1f5afd9ef808440eed33bf,cbBTC,67.3569775,7328225.865
base,8/31/2025,0x4200000000000000000000000000000000000006,WETH,735.396769,3284449.569
base,8/31/2025,0x833589fcd6edb6e08f4c7c32d4f71b54bda02913,USDC,38275328.66,38287622.72
optimism,8/31/2025,0x4200000000000000000000000000000000000006,WETH,284.7256088,1269390.455
optimism,8/31/2025,0x0b2c639c533813f4aa9d7837caf62653d097ff85,USDC,4110374.457,4112224.889
optimism,8/31/2025,0x94b008aa00579c1307b0ef2c499ad98a8ce58e58,USDT,12184.69356,12190.91
optimism,8/31/2025,0x68f180fcce6836688e9084f035309e29bf0a2095,WBTC,1.64822964,179611.1479
arbitrum,9/1/2025,0xaf88d065e77c8cc2239327c5edb3a432268e5831,USDC,13964150.67,13965867.91
arbitrum,9/1/2025,0x2f2a2543b76a4166549f7aab2e75bef0aefc5b0f,WBTC,12.17343401,1322806.996
arbitrum,9/1/2025,0xfd086bc7cd5c481dcc9c85ebe478a1c0b69fcbb9,USDT,1331032.372,1331455.065
arbitrum,9/1/2025,0x82af49447d8a07e3bd95bd0d56f35241523fbab1,WETH,977.8372207,4288893.837
base,9/1/2025,0x833589fcd6edb6e08f4c7c32d4f71b54bda02913,USDC,90743225.85,90762514.4
base,9/1/2025,0xcbb7c0000ab88b473b1f5afd9ef808440eed33bf,cbBTC,157.3097702,17161247.85
base,9/1/2025,0x4200000000000000000000000000000000000006,WETH,1931.950843,8439986.885
optimism,9/1/2025,0x68f180fcce6836688e9084f035309e29bf0a2095,WBTC,2.05632448,223254.9715
optimism,9/1/2025,0x4200000000000000000000000000000000000006,WETH,366.9383028,1607814.558
optimism,9/1/2025,0x94b008aa00579c1307b0ef2c499ad98a8ce58e58,USDT,62632.73073,62649.78708
optimism,9/1/2025,0x0b2c639c533813f4aa9d7837caf62653d097ff85,USDC,1645176.967,1645595.793
arbitrum,9/2/2025,0x82af49447d8a07e3bd95bd0d56f35241523fbab1,WETH,1317.374861,5707747.145
arbitrum,9/2/2025,0xaf88d065e77c8cc2239327c5edb3a432268e5831,USDC,19906425.84,19907569.85
arbitrum,9/2/2025,0xfd086bc7cd5c481dcc9c85ebe478a1c0b69fcbb9,USDT,1223360.01,1223634.316
arbitrum,9/2/2025,0x2f2a2543b76a4166549f7aab2e75bef0aefc5b0f,WBTC,8.37402301,922189.3879
base,9/2/2025,0x4200000000000000000000000000000000000006,WETH,6579.957232,28547055.17
base,9/2/2025,0x833589fcd6edb6e08f4c7c32d4f71b54bda02913,USDC,53331819.65,53336345.2
base,9/2/2025,0xcbb7c0000ab88b473b1f5afd9ef808440eed33bf,cbBTC,866.5682534,96008847.92
optimism,9/2/2025,0x68f180fcce6836688e9084f035309e29bf0a2095,WBTC,2.18671424,241635.3806
optimism,9/2/2025,0x94b008aa00579c1307b0ef2c499ad98a8ce58e58,USDT,72040.4967,72050.04072
optimism,9/2/2025,0x0b2c639c533813f4aa9d7837caf62653d097ff85,USDC,2071609.027,2071742.15
optimism,9/2/2025,0x4200000000000000000000000000000000000006,WETH,405.8562236,1757320.443
arbitrum,9/3/2025,0xaf88d065e77c8cc2239327c5edb3a432268e5831,USDC,33772815.23,33766495.59
arbitrum,9/3/2025,0x2f2a2543b76a4166549f7aab2e75bef0aefc5b0f,WBTC,5.00296046,559692.4036
arbitrum,9/3/2025,0x82af49447d8a07e3bd95bd0d56f35241523fbab1,WETH,1761.481794,7756160.382
arbitrum,9/3/2025,0xfd086bc7cd5c481dcc9c85ebe478a1c0b69fcbb9,USDT,1294332.746,1294563.124
base,9/3/2025,0x4200000000000000000000000000000000000006,WETH,6442.599413,28212225.94
base,9/3/2025,0xcbb7c0000ab88b473b1f5afd9ef808440eed33bf,cbBTC,793.0938527,88570074.93
base,9/3/2025,0x833589fcd6edb6e08f4c7c32d4f71b54bda02913,USDC,24084590.81,24081223.47
optimism,9/3/2025,0x0b2c639c533813f4aa9d7837caf62653d097ff85,USDC,1226184.479,1226100.974
optimism,9/3/2025,0x4200000000000000000000000000000000000006,WETH,285.4792802,1250620.813
optimism,9/3/2025,0x68f180fcce6836688e9084f035309e29bf0a2095,WBTC,1.51614149,169093.0928
optimism,9/3/2025,0x94b008aa00579c1307b0ef2c499ad98a8ce58e58,USDT,19888.66339,19893.96935
arbitrum,9/4/2025,0xaf88d065e77c8cc2239327c5edb3a432268e5831,USDC,23370452.84,23375707.5
arbitrum,9/4/2025,0x2f2a2543b76a4166549f7aab2e75bef0aefc5b0f,WBTC,6.35496856,699003.5635
arbitrum,9/4/2025,0x82af49447d8a07e3bd95bd0d56f35241523fbab1,WETH,1440.253429,6280991.679
arbitrum,9/4/2025,0xfd086bc7cd5c481dcc9c85ebe478a1c0b69fcbb9,USDT,948759.9496,949236.9513
base,9/4/2025,0x833589fcd6edb6e08f4c7c32d4f71b54bda02913,USDC,46981326.49,46994112.85
base,9/4/2025,0xcbb7c0000ab88b473b1f5afd9ef808440eed33bf,cbBTC,878.6395852,97214047.58
base,9/4/2025,0x4200000000000000000000000000000000000006,WETH,4447.087324,19381777.16
optimism,9/4/2025,0x4200000000000000000000000000000000000006,WETH,371.6384981,1627147.132
optimism,9/4/2025,0x68f180fcce6836688e9084f035309e29bf0a2095,WBTC,1.61820034,179140.6436
optimism,9/4/2025,0x94b008aa00579c1307b0ef2c499ad98a8ce58e58,USDT,13425.57151,13432.79245
optimism,9/4/2025,0x0b2c639c533813f4aa9d7837caf62653d097ff85,USDC,1565561.394,1565947.545
arbitrum,9/5/2025,0xaf88d065e77c8cc2239327c5edb3a432268e5831,USDC,28877972.85,28883699.91
arbitrum,9/5/2025,0x82af49447d8a07e3bd95bd0d56f35241523fbab1,WETH,3029.975587,13240679.95
arbitrum,9/5/2025,0xfd086bc7cd5c481dcc9c85ebe478a1c0b69fcbb9,USDT,764695.5824,764987.5182
arbitrum,9/5/2025,0x2f2a2543b76a4166549f7aab2e75bef0aefc5b0f,WBTC,7.17646663,802552.7662
base,9/5/2025,0x833589fcd6edb6e08f4c7c32d4f71b54bda02913,USDC,24320252.32,24325796.59
base,9/5/2025,0x4200000000000000000000000000000000000006,WETH,3099.877693,13497693.32
base,9/5/2025,0xcbb7c0000ab88b473b1f5afd9ef808440eed33bf,cbBTC,802.7763006,89739411.37
optimism,9/5/2025,0x0b2c639c533813f4aa9d7837caf62653d097ff85,USDC,1145683.77,1146047.687
optimism,9/5/2025,0x4200000000000000000000000000000000000006,WETH,337.1195305,1464119.976
optimism,9/5/2025,0x94b008aa00579c1307b0ef2c499ad98a8ce58e58,USDT,37413.00967,37428.09341
optimism,9/5/2025,0x68f180fcce6836688e9084f035309e29bf0a2095,WBTC,1.27143646,142259.4303
arbitrum,9/6/2025,0xfd086bc7cd5c481dcc9c85ebe478a1c0b69fcbb9,USDT,2231346.512,2232143.183
arbitrum,9/6/2025,0x2f2a2543b76a4166549f7aab2e75bef0aefc5b0f,WBTC,0.82429615,91228.66
arbitrum,9/6/2025,0xaf88d065e77c8cc2239327c5edb3a432268e5831,USDC,6984737.582,6986327.332
arbitrum,9/6/2025,0x82af49447d8a07e3bd95bd0d56f35241523fbab1,WETH,381.1614358,1637821.976
base,9/6/2025,0xcbb7c0000ab88b473b1f5afd9ef808440eed33bf,cbBTC,107.2073947,11845948.28
base,9/6/2025,0x833589fcd6edb6e08f4c7c32d4f71b54bda02913,USDC,7994413.661,7997025.188
base,9/6/2025,0x4200000000000000000000000000000000000006,WETH,6251.596314,26771222.3
optimism,9/6/2025,0x0b2c639c533813f4aa9d7837caf62653d097ff85,USDC,586173.4822,586371.6659
optimism,9/6/2025,0x94b008aa00579c1307b0ef2c499ad98a8ce58e58,USDT,11012.46464,11017.9147
optimism,9/6/2025,0x4200000000000000000000000000000000000006,WETH,92.14647447,395413.3015
optimism,9/6/2025,0x68f180fcce6836688e9084f035309e29bf0a2095,WBTC,0.58296672,64485.89693
arbitrum,9/7/2025,0x2f2a2543b76a4166549f7aab2e75bef0aefc5b0f,WBTC,0.60195984,66908.95726
arbitrum,9/7/2025,0xfd086bc7cd5c481dcc9c85ebe478a1c0b69fcbb9,USDT,515982.5177,516251.429
arbitrum,9/7/2025,0x82af49447d8a07e3bd95bd0d56f35241523fbab1,WETH,464.7319221,1999251.735
arbitrum,9/7/2025,0xaf88d065e77c8cc2239327c5edb3a432268e5831,USDC,14340311.56,14345139.03
base,9/7/2025,0x4200000000000000000000000000000000000006,WETH,3548.123625,15248397.02
base,9/7/2025,0xcbb7c0000ab88b473b1f5afd9ef808440eed33bf,cbBTC,91.6261728,10187008.75
base,9/7/2025,0x833589fcd6edb6e08f4c7c32d4f71b54bda02913,USDC,4355752.689,4357246.809
optimism,9/7/2025,0x0b2c639c533813f4aa9d7837caf62653d097ff85,USDC,314763.6379,314875.9702
optimism,9/7/2025,0x94b008aa00579c1307b0ef2c499ad98a8ce58e58,USDT,29512.52723,29527.16484
optimism,9/7/2025,0x4200000000000000000000000000000000000006,WETH,93.53661545,401786.4502
optimism,9/7/2025,0x68f180fcce6836688e9084f035309e29bf0a2095,WBTC,0.17386796,19306.54611
arbitrum,9/8/2025,0xaf88d065e77c8cc2239327c5edb3a432268e5831,USDC,26759537.04,26763849.92
arbitrum,9/8/2025,0xfd086bc7cd5c481dcc9c85ebe478a1c0b69fcbb9,USDT,1976863.062,1977292.96
arbitrum,9/8/2025,0x2f2a2543b76a4166549f7aab2e75bef0aefc5b0f,WBTC,5.65447946,631798.4312
arbitrum,9/8/2025,0x82af49447d8a07e3bd95bd0d56f35241523fbab1,WETH,1016.169993,4389019.606
base,9/8/2025,0x4200000000000000000000000000000000000006,WETH,2799.512181,12058793.5
base,9/8/2025,0x833589fcd6edb6e08f4c7c32d4f71b54bda02913,USDC,24512426.98,24515639.32
base,9/8/2025,0xcbb7c0000ab88b473b1f5afd9ef808440eed33bf,cbBTC,713.7996798,79782172.26
optimism,9/8/2025,0x4200000000000000000000000000000000000006,WETH,320.7666391,1385569.581
optimism,9/8/2025,0x68f180fcce6836688e9084f035309e29bf0a2095,WBTC,1.0415585,116569.9645
optimism,9/8/2025,0x0b2c639c533813f4aa9d7837caf62653d097ff85,USDC,1039426.009,1039512.277
optimism,9/8/2025,0x94b008aa00579c1307b0ef2c499ad98a8ce58e58,USDT,183562.0612,183586.5231
arbitrum,9/9/2025,0x2f2a2543b76a4166549f7aab2e75bef0aefc5b0f,WBTC,9.26077157,1040671.357
arbitrum,9/9/2025,0xaf88d065e77c8cc2239327c5edb3a432268e5831,USDC,39166729.82,39163237.03
arbitrum,9/9/2025,0x82af49447d8a07e3bd95bd0d56f35241523fbab1,WETH,1125.660549,4873664.212
arbitrum,9/9/2025,0xfd086bc7cd5c481dcc9c85ebe478a1c0b69fcbb9,USDT,682392.2396,682459.633
base,9/9/2025,0x833589fcd6edb6e08f4c7c32d4f71b54bda02913,USDC,111314788.1,111318159
base,9/9/2025,0x4200000000000000000000000000000000000006,WETH,1622.187306,6994551.356
base,9/9/2025,0xcbb7c0000ab88b473b1f5afd9ef808440eed33bf,cbBTC,2069.393879,231833446.6
optimism,9/9/2025,0x0b2c639c533813f4aa9d7837caf62653d097ff85,USDC,1549921.259,1549986.395
optimism,9/9/2025,0x4200000000000000000000000000000000000006,WETH,258.9927383,1118928.966
optimism,9/9/2025,0x94b008aa00579c1307b0ef2c499ad98a8ce58e58,USDT,63422.88496,63431.73197
optimism,9/9/2025,0x68f180fcce6836688e9084f035309e29bf0a2095,WBTC,0.9699616,108544.3258
arbitrum,9/10/2025,0x82af49447d8a07e3bd95bd0d56f35241523fbab1,WETH,1259.892785,5490062.51
arbitrum,9/10/2025,0xaf88d065e77c8cc2239327c5edb3a432268e5831,USDC,25561864.7,25566393.89
arbitrum,9/10/2025,0x2f2a2543b76a4166549f7aab2e75bef0aefc5b0f,WBTC,8.16527124,926174.3272
arbitrum,9/10/2025,0xfd086bc7cd5c481dcc9c85ebe478a1c0b69fcbb9,USDT,1993658.277,1994129.222
base,9/10/2025,0x833589fcd6edb6e08f4c7c32d4f71b54bda02913,USDC,138897536.4,138918629.8
base,9/10/2025,0xcbb7c0000ab88b473b1f5afd9ef808440eed33bf,cbBTC,2157.258214,243470112.8
base,9/10/2025,0x4200000000000000000000000000000000000006,WETH,3962.645584,17198036.01
optimism,9/10/2025,0x4200000000000000000000000000000000000006,WETH,237.0022217,1031859.393
optimism,9/10/2025,0x68f180fcce6836688e9084f035309e29bf0a2095,WBTC,1.45614072,164476.3048
optimism,9/10/2025,0x0b2c639c533813f4aa9d7837caf62653d097ff85,USDC,1671986.152,1672116.233
optimism,9/10/2025,0x94b008aa00579c1307b0ef2c499ad98a8ce58e58,USDT,183492.1071,183557.5777
arbitrum,9/11/2025,0xaf88d065e77c8cc2239327c5edb3a432268e5831,USDC,30355267.17,30351010.8
arbitrum,9/11/2025,0x82af49447d8a07e3bd95bd0d56f35241523fbab1,WETH,1270.428284,5600756.296
arbitrum,9/11/2025,0xfd086bc7cd5c481dcc9c85ebe478a1c0b69fcbb9,USDT,3697859.021,3698775.27
arbitrum,9/11/2025,0x2f2a2543b76a4166549f7aab2e75bef0aefc5b0f,WBTC,0.79915173,91469.35718
base,9/11/2025,0x4200000000000000000000000000000000000006,WETH,5949.945671,26333781.72
base,9/11/2025,0x833589fcd6edb6e08f4c7c32d4f71b54bda02913,USDC,159987286.6,159964269.8
base,9/11/2025,0xcbb7c0000ab88b473b1f5afd9ef808440eed33bf,cbBTC,1592.119845,182031946.7
optimism,9/11/2025,0x0b2c639c533813f4aa9d7837caf62653d097ff85,USDC,1764856.01,1764643.782
optimism,9/11/2025,0x94b008aa00579c1307b0ef2c499ad98a8ce58e58,USDT,41808.54802,41822.48761
optimism,9/11/2025,0x4200000000000000000000000000000000000006,WETH,242.6755669,1070794.415
optimism,9/11/2025,0x68f180fcce6836688e9084f035309e29bf0a2095,WBTC,0.68638456,78369.92013
arbitrum,9/12/2025,0xfd086bc7cd5c481dcc9c85ebe478a1c0b69fcbb9,USDT,3050684.546,3051478.056
arbitrum,9/12/2025,0x2f2a2543b76a4166549f7aab2e75bef0aefc5b0f,WBTC,7.98645498,924680.0937
arbitrum,9/12/2025,0x82af49447d8a07e3bd95bd0d56f35241523fbab1,WETH,3208.796697,14585366.19
arbitrum,9/12/2025,0xaf88d065e77c8cc2239327c5edb3a432268e5831,USDC,25048645.6,25041006.52
base,9/12/2025,0xcbb7c0000ab88b473b1f5afd9ef808440eed33bf,cbBTC,1929.90605,223069722.2
base,9/12/2025,0x4200000000000000000000000000000000000006,WETH,1948.687095,8899922.179
base,9/12/2025,0x833589fcd6edb6e08f4c7c32d4f71b54bda02913,USDC,243842899.4,243770980
optimism,9/12/2025,0x4200000000000000000000000000000000000006,WETH,263.7047807,1205509.534
optimism,9/12/2025,0x68f180fcce6836688e9084f035309e29bf0a2095,WBTC,1.65818118,191904.6613
optimism,9/12/2025,0x94b008aa00579c1307b0ef2c499ad98a8ce58e58,USDT,232079.135,232145.3446
optimism,9/12/2025,0x0b2c639c533813f4aa9d7837caf62653d097ff85,USDC,1867137.594,1866579.82
arbitrum,9/13/2025,0x2f2a2543b76a4166549f7aab2e75bef0aefc5b0f,WBTC,12.47350013,1445680.291
arbitrum,9/13/2025,0xaf88d065e77c8cc2239327c5edb3a432268e5831,USDC,14753615.83,14743324.78
arbitrum,9/13/2025,0x82af49447d8a07e3bd95bd0d56f35241523fbab1,WETH,1376.054077,6485407.706
arbitrum,9/13/2025,0xfd086bc7cd5c481dcc9c85ebe478a1c0b69fcbb9,USDT,1270678.324,1270693.217
base,9/13/2025,0x4200000000000000000000000000000000000006,WETH,1444.323106,6782116.249
base,9/13/2025,0xcbb7c0000ab88b473b1f5afd9ef808440eed33bf,cbBTC,794.288202,91917349.82
base,9/13/2025,0x833589fcd6edb6e08f4c7c32d4f71b54bda02913,USDC,126742614.7,126654618.4
optimism,9/13/2025,0x68f180fcce6836688e9084f035309e29bf0a2095,WBTC,0.90947398,105333.5664
optimism,9/13/2025,0x94b008aa00579c1307b0ef2c499ad98a8ce58e58,USDT,101676.4437,101690.2737
optimism,9/13/2025,0x0b2c639c533813f4aa9d7837caf62653d097ff85,USDC,1433597.616,1432579.095
optimism,9/13/2025,0x4200000000000000000000000000000000000006,WETH,208.6180918,978419.9909
arbitrum,9/14/2025,0x2f2a2543b76a4166549f7aab2e75bef0aefc5b0f,WBTC,0.91836387,106087.2561
arbitrum,9/14/2025,0xaf88d065e77c8cc2239327c5edb3a432268e5831,USDC,26342132.33,26324977.35
arbitrum,9/14/2025,0xfd086bc7cd5c481dcc9c85ebe478a1c0b69fcbb9,USDT,1484454.693,1484562.01
arbitrum,9/14/2025,0x82af49447d8a07e3bd95bd0d56f35241523fbab1,WETH,778.8029535,3604128.987
base,9/14/2025,0x833589fcd6edb6e08f4c7c32d4f71b54bda02913,USDC,103614025,103552315.4
base,9/14/2025,0xcbb7c0000ab88b473b1f5afd9ef808440eed33bf,cbBTC,982.6637467,113587965.3
base,9/14/2025,0x4200000000000000000000000000000000000006,WETH,4385.214198,20352321.79
optimism,9/14/2025,0x94b008aa00579c1307b0ef2c499ad98a8ce58e58,USDT,29069.70575,29069.12266
optimism,9/14/2025,0x68f180fcce6836688e9084f035309e29bf0a2095,WBTC,0.8772287,101410.7559
optimism,9/14/2025,0x4200000000000000000000000000000000000006,WETH,126.1827641,584028.8371
optimism,9/14/2025,0x0b2c639c533813f4aa9d7837caf62653d097ff85,USDC,1406195.167,1405370.542
arbitrum,9/15/2025,0x82af49447d8a07e3bd95bd0d56f35241523fbab1,WETH,1860.914125,8532416.482
arbitrum,9/15/2025,0x2f2a2543b76a4166549f7aab2e75bef0aefc5b0f,WBTC,3.99315892,461235.9268
arbitrum,9/15/2025,0xaf88d065e77c8cc2239327c5edb3a432268e5831,USDC,29595574.01,29604378.95
arbitrum,9/15/2025,0xfd086bc7cd5c481dcc9c85ebe478a1c0b69fcbb9,USDT,1391180.342,1392129.791
base,9/15/2025,0xcbb7c0000ab88b473b1f5afd9ef808440eed33bf,cbBTC,2169.673586,250092267
base,9/15/2025,0x833589fcd6edb6e08f4c7c32d4f71b54bda02913,USDC,244431548.9,244497943.4
base,9/15/2025,0x4200000000000000000000000000000000000006,WETH,3554.557858,16152647.5
optimism,9/15/2025,0x94b008aa00579c1307b0ef2c499ad98a8ce58e58,USDT,189394.0222,189532.0401
optimism,9/15/2025,0x4200000000000000000000000000000000000006,WETH,271.5147002,1233757.886
optimism,9/15/2025,0x0b2c639c533813f4aa9d7837caf62653d097ff85,USDC,2073937.974,2074505.997
optimism,9/15/2025,0x68f180fcce6836688e9084f035309e29bf0a2095,WBTC,1.01281327,116694.8091
arbitrum,9/16/2025,0x82af49447d8a07e3bd95bd0d56f35241523fbab1,WETH,1888.165913,8499234.17
arbitrum,9/16/2025,0xaf88d065e77c8cc2239327c5edb3a432268e5831,USDC,15980015.32,15984304.31
arbitrum,9/16/2025,0xfd086bc7cd5c481dcc9c85ebe478a1c0b69fcbb9,USDT,8630877.834,8636566.359
arbitrum,9/16/2025,0x2f2a2543b76a4166549f7aab2e75bef0aefc5b0f,WBTC,13.88812855,1613016.417
base,9/16/2025,0x833589fcd6edb6e08f4c7c32d4f71b54bda02913,USDC,176975943.4,177029902.8
base,9/16/2025,0xcbb7c0000ab88b473b1f5afd9ef808440eed33bf,cbBTC,1985.431148,230203663.3
base,9/16/2025,0x4200000000000000000000000000000000000006,WETH,2229.398066,10021515.35
optimism,9/16/2025,0x94b008aa00579c1307b0ef2c499ad98a8ce58e58,USDT,73804.99861,73851.09285
optimism,9/16/2025,0x4200000000000000000000000000000000000006,WETH,149.059631,668962.962
optimism,9/16/2025,0x0b2c639c533813f4aa9d7837caf62653d097ff85,USDC,1436096.283,1436551.088
optimism,9/16/2025,0x68f180fcce6836688e9084f035309e29bf0a2095,WBTC,0.8243974,95308.8562
arbitrum,9/17/2025,0xaf88d065e77c8cc2239327c5edb3a432268e5831,USDC,26132457.17,26135482
arbitrum,9/17/2025,0x82af49447d8a07e3bd95bd0d56f35241523fbab1,WETH,3951.108218,17848314.2
arbitrum,9/17/2025,0x2f2a2543b76a4166549f7aab2e75bef0aefc5b0f,WBTC,4.10229223,476978.7043
arbitrum,9/17/2025,0xfd086bc7cd5c481dcc9c85ebe478a1c0b69fcbb9,USDT,1903574.303,1904537.438
base,9/17/2025,0x833589fcd6edb6e08f4c7c32d4f71b54bda02913,USDC,230852358.3,230881497.6
base,9/17/2025,0xcbb7c0000ab88b473b1f5afd9ef808440eed33bf,cbBTC,1989.43038,231404033.1
base,9/17/2025,0x4200000000000000000000000000000000000006,WETH,7626.071668,34298816.85
optimism,9/17/2025,0x68f180fcce6836688e9084f035309e29bf0a2095,WBTC,0.82273599,95635.15062
optimism,9/17/2025,0x94b008aa00579c1307b0ef2c499ad98a8ce58e58,USDT,150533.9305,150607.0478
optimism,9/17/2025,0x4200000000000000000000000000000000000006,WETH,246.6025257,1115653.097
optimism,9/17/2025,0x0b2c639c533813f4aa9d7837caf62653d097ff85,USDC,1835500.098,1835744.728
arbitrum,9/18/2025,0x2f2a2543b76a4166549f7aab2e75bef0aefc5b0f,WBTC,2.69475501,316086.9388
arbitrum,9/18/2025,0xfd086bc7cd5c481dcc9c85ebe478a1c0b69fcbb9,USDT,1315907.473,1316370.972
arbitrum,9/18/2025,0x82af49447d8a07e3bd95bd0d56f35241523fbab1,WETH,1898.387885,8716550.338
arbitrum,9/18/2025,0xaf88d065e77c8cc2239327c5edb3a432268e5831,USDC,36948413.54,36941260.23
base,9/18/2025,0xcbb7c0000ab88b473b1f5afd9ef808440eed33bf,cbBTC,1755.672329,205990640.3
base,9/18/2025,0x4200000000000000000000000000000000000006,WETH,2471.465417,11364159.97
base,9/18/2025,0x833589fcd6edb6e08f4c7c32d4f71b54bda02913,USDC,216432847.4,216389829.2
optimism,9/18/2025,0x68f180fcce6836688e9084f035309e29bf0a2095,WBTC,0.66691921,78197.16843
optimism,9/18/2025,0x0b2c639c533813f4aa9d7837caf62653d097ff85,USDC,1530045.907,1529778.897
optimism,9/18/2025,0x94b008aa00579c1307b0ef2c499ad98a8ce58e58,USDT,71344.13824,71366.28025
optimism,9/18/2025,0x4200000000000000000000000000000000000006,WETH,199.1068828,915702.7333
arbitrum,9/19/2025,0xfd086bc7cd5c481dcc9c85ebe478a1c0b69fcbb9,USDT,1453172.979,1453780.955
arbitrum,9/19/2025,0x2f2a2543b76a4166549f7aab2e75bef0aefc5b0f,WBTC,0.77880513,90569.51513
arbitrum,9/19/2025,0x82af49447d8a07e3bd95bd0d56f35241523fbab1,WETH,3672.211218,16846602.33
arbitrum,9/19/2025,0xaf88d065e77c8cc2239327c5edb3a432268e5831,USDC,44933212.14,44930205.5
base,9/19/2025,0xcbb7c0000ab88b473b1f5afd9ef808440eed33bf,cbBTC,2112.374456,246042227.6
base,9/19/2025,0x833589fcd6edb6e08f4c7c32d4f71b54bda02913,USDC,210558568.2,210525680
base,9/19/2025,0x4200000000000000000000000000000000000006,WETH,3326.744495,14994634.46
optimism,9/19/2025,0x0b2c639c533813f4aa9d7837caf62653d097ff85,USDC,1610893.684,1610706.064
optimism,9/19/2025,0x94b008aa00579c1307b0ef2c499ad98a8ce58e58,USDT,52703.00301,52726.54109
optimism,9/19/2025,0x4200000000000000000000000000000000000006,WETH,189.9661556,858612.328
optimism,9/19/2025,0x68f180fcce6836688e9084f035309e29bf0a2095,WBTC,0.88093711,102098.9514
arbitrum,9/20/2025,0xaf88d065e77c8cc2239327c5edb3a432268e5831,USDC,24307623.98,24311556.28
arbitrum,9/20/2025,0x82af49447d8a07e3bd95bd0d56f35241523fbab1,WETH,763.89325,3419192.05
arbitrum,9/20/2025,0x2f2a2543b76a4166549f7aab2e75bef0aefc5b0f,WBTC,2.40625424,278867.965
arbitrum,9/20/2025,0xfd086bc7cd5c481dcc9c85ebe478a1c0b69fcbb9,USDT,1969250.814,1970853.421
base,9/20/2025,0xcbb7c0000ab88b473b1f5afd9ef808440eed33bf,cbBTC,377.5178695,43745611.06
base,9/20/2025,0x4200000000000000000000000000000000000006,WETH,6951.312819,31126017.67
base,9/20/2025,0x833589fcd6edb6e08f4c7c32d4f71b54bda02913,USDC,72976224.42,72990441.2
optimism,9/20/2025,0x0b2c639c533813f4aa9d7837caf62653d097ff85,USDC,727074.9126,727215.7258
optimism,9/20/2025,0x94b008aa00579c1307b0ef2c499ad98a8ce58e58,USDT,73461.26748,73520.6687
optimism,9/20/2025,0x4200000000000000000000000000000000000006,WETH,85.16431754,382363.9292
optimism,9/20/2025,0x68f180fcce6836688e9084f035309e29bf0a2095,WBTC,0.26753255,30983.45225
arbitrum,9/21/2025,0x2f2a2543b76a4166549f7aab2e75bef0aefc5b0f,WBTC,8.67304674,1002841.511
arbitrum,9/21/2025,0xaf88d065e77c8cc2239327c5edb3a432268e5831,USDC,24711153.38,24716455.04
arbitrum,9/21/2025,0xfd086bc7cd5c481dcc9c85ebe478a1c0b69fcbb9,USDT,2989456.21,2991685.008
arbitrum,9/21/2025,0x82af49447d8a07e3bd95bd0d56f35241523fbab1,WETH,1743.237026,7803141.259
base,9/21/2025,0xcbb7c0000ab88b473b1f5afd9ef808440eed33bf,cbBTC,715.4166363,82706899.2
base,9/21/2025,0x833589fcd6edb6e08f4c7c32d4f71b54bda02913,USDC,65343878.14,65359765.36
base,9/21/2025,0x4200000000000000000000000000000000000006,WETH,7735.674097,34630202.71
optimism,9/21/2025,0x68f180fcce6836688e9084f035309e29bf0a2095,WBTC,0.3357237,38807.52839
optimism,9/21/2025,0x0b2c639c533813f4aa9d7837caf62653d097ff85,USDC,971196.8446,971455.9455
optimism,9/21/2025,0x4200000000000000000000000000000000000006,WETH,278.2816142,1243709.315
optimism,9/21/2025,0x94b008aa00579c1307b0ef2c499ad98a8ce58e58,USDT,44154.56122,44189.25281
arbitrum,9/22/2025,0x82af49447d8a07e3bd95bd0d56f35241523fbab1,WETH,2183.150614,9189256.806
arbitrum,9/22/2025,0xfd086bc7cd5c481dcc9c85ebe478a1c0b69fcbb9,USDT,5260754.671,5267162.195
arbitrum,9/22/2025,0xaf88d065e77c8cc2239327c5edb3a432268e5831,USDC,29194889.75,29203525.76
arbitrum,9/22/2025,0x2f2a2543b76a4166549f7aab2e75bef0aefc5b0f,WBTC,13.53338247,1525673.843
base,9/22/2025,0xcbb7c0000ab88b473b1f5afd9ef808440eed33bf,cbBTC,2322.728325,263304269.1
base,9/22/2025,0x4200000000000000000000000000000000000006,WETH,5476.859515,23074090.4
base,9/22/2025,0x833589fcd6edb6e08f4c7c32d4f71b54bda02913,USDC,291824528.9,291907823.9
optimism,9/22/2025,0x0b2c639c533813f4aa9d7837caf62653d097ff85,USDC,2739463.741,2740303.639
optimism,9/22/2025,0x94b008aa00579c1307b0ef2c499ad98a8ce58e58,USDT,173979.1607,174160.4846
optimism,9/22/2025,0x4200000000000000000000000000000000000006,WETH,438.4827637,1847403.814
optimism,9/22/2025,0x68f180fcce6836688e9084f035309e29bf0a2095,WBTC,1.80736294,204413.2418
arbitrum,9/23/2025,0xaf88d065e77c8cc2239327c5edb3a432268e5831,USDC,35799764,35804171.2
arbitrum,9/23/2025,0x2f2a2543b76a4166549f7aab2e75bef0aefc5b0f,WBTC,4.25811365,479580.7053
arbitrum,9/23/2025,0xfd086bc7cd5c481dcc9c85ebe478a1c0b69fcbb9,USDT,2161778.094,2163516.643
arbitrum,9/23/2025,0x82af49447d8a07e3bd95bd0d56f35241523fbab1,WETH,2155.092419,9027547.566
base,9/23/2025,0x4200000000000000000000000000000000000006,WETH,8136.512373,34061186.1
base,9/23/2025,0x833589fcd6edb6e08f4c7c32d4f71b54bda02913,USDC,246582832.1,246622340.3
base,9/23/2025,0xcbb7c0000ab88b473b1f5afd9ef808440eed33bf,cbBTC,2284.591663,257295093.8
optimism,9/23/2025,0x4200000000000000000000000000000000000006,WETH,411.4175763,1720873.093
optimism,9/23/2025,0x0b2c639c533813f4aa9d7837caf62653d097ff85,USDC,2696923.982,2697361.942
optimism,9/23/2025,0x94b008aa00579c1307b0ef2c499ad98a8ce58e58,USDT,90815.47999,90895.12737
optimism,9/23/2025,0x68f180fcce6836688e9084f035309e29bf0a2095,WBTC,1.58573463,178580.0483
arbitrum,9/24/2025,0x2f2a2543b76a4166549f7aab2e75bef0aefc5b0f,WBTC,5.45010775,614662.3944
arbitrum,9/24/2025,0x82af49447d8a07e3bd95bd0d56f35241523fbab1,WETH,939.1067194,3924820.599
arbitrum,9/24/2025,0xfd086bc7cd5c481dcc9c85ebe478a1c0b69fcbb9,USDT,2148172.376,2149818.968
arbitrum,9/24/2025,0xaf88d065e77c8cc2239327c5edb3a432268e5831,USDC,23541577.46,23547769.84
base,9/24/2025,0xcbb7c0000ab88b473b1f5afd9ef808440eed33bf,cbBTC,1753.937841,198317446.3
base,9/24/2025,0x833589fcd6edb6e08f4c7c32d4f71b54bda02913,USDC,224645465,224712784.4
base,9/24/2025,0x4200000000000000000000000000000000000006,WETH,9191.238831,38380585.67
optimism,9/24/2025,0x4200000000000000000000000000000000000006,WETH,244.9432599,1021622.454
optimism,9/24/2025,0x94b008aa00579c1307b0ef2c499ad98a8ce58e58,USDT,167528.4192,167652.4687
optimism,9/24/2025,0x68f180fcce6836688e9084f035309e29bf0a2095,WBTC,0.93565028,105689.0229
optimism,9/24/2025,0x0b2c639c533813f4aa9d7837caf62653d097ff85,USDC,1234336.324,1234724.925
arbitrum,9/25/2025,0x82af49447d8a07e3bd95bd0d56f35241523fbab1,WETH,1944.211438,7747100.461
arbitrum,9/25/2025,0x2f2a2543b76a4166549f7aab2e75bef0aefc5b0f,WBTC,8.22231154,911167.1857
arbitrum,9/25/2025,0xaf88d065e77c8cc2239327c5edb3a432268e5831,USDC,35557133.33,35578767.22
arbitrum,9/25/2025,0xfd086bc7cd5c481dcc9c85ebe478a1c0b69fcbb9,USDT,19104908.59,19124477.21
base,9/25/2025,0x4200000000000000000000000000000000000006,WETH,14481.78953,57531048.74
base,9/25/2025,0xcbb7c0000ab88b473b1f5afd9ef808440eed33bf,cbBTC,2183.867012,242589525.7
base,9/25/2025,0x833589fcd6edb6e08f4c7c32d4f71b54bda02913,USDC,288343432.6,288564347.2
optimism,9/25/2025,0x0b2c639c533813f4aa9d7837caf62653d097ff85,USDC,1845301.38,1846892.13
optimism,9/25/2025,0x68f180fcce6836688e9084f035309e29bf0a2095,WBTC,3.32738218,369741.6983
optimism,9/25/2025,0x4200000000000000000000000000000000000006,WETH,436.4503318,1751908.612
optimism,9/25/2025,0x94b008aa00579c1307b0ef2c499ad98a8ce58e58,USDT,154351.8572,154496.0423
arbitrum,9/26/2025,0xfd086bc7cd5c481dcc9c85ebe478a1c0b69fcbb9,USDT,2450623.863,2452632.639
arbitrum,9/26/2025,0x82af49447d8a07e3bd95bd0d56f35241523fbab1,WETH,1803.590748,7200598.548
arbitrum,9/26/2025,0x2f2a2543b76a4166549f7aab2e75bef0aefc5b0f,WBTC,6.36606605,697027.4275
arbitrum,9/26/2025,0xaf88d065e77c8cc2239327c5edb3a432268e5831,USDC,44468764.01,44476306.86
base,9/26/2025,0xcbb7c0000ab88b473b1f5afd9ef808440eed33bf,cbBTC,2491.964656,272989097.5
base,9/26/2025,0x833589fcd6edb6e08f4c7c32d4f71b54bda02913,USDC,360507740.9,360592020.2
base,9/26/2025,0x4200000000000000000000000000000000000006,WETH,12717.79627,50196928.18
optimism,9/26/2025,0x94b008aa00579c1307b0ef2c499ad98a8ce58e58,USDT,350088.4061,350389.2437
optimism,9/26/2025,0x4200000000000000000000000000000000000006,WETH,459.3749968,1818075.913
optimism,9/26/2025,0x0b2c639c533813f4aa9d7837caf62653d097ff85,USDC,1609345.686,1609724.341
optimism,9/26/2025,0x68f180fcce6836688e9084f035309e29bf0a2095,WBTC,2.72776079,298736.142
arbitrum,9/27/2025,0xaf88d065e77c8cc2239327c5edb3a432268e5831,USDC,22635192.88,22644687.19
arbitrum,9/27/2025,0xfd086bc7cd5c481dcc9c85ebe478a1c0b69fcbb9,USDT,5998040.627,6004836.602
arbitrum,9/27/2025,0x2f2a2543b76a4166549f7aab2e75bef0aefc5b0f,WBTC,1.96117226,215081.5209
arbitrum,9/27/2025,0x82af49447d8a07e3bd95bd0d56f35241523fbab1,WETH,862.7106621,3465678.134
base,9/27/2025,0x4200000000000000000000000000000000000006,WETH,12087.37341,48485485.46
base,9/27/2025,0x833589fcd6edb6e08f4c7c32d4f71b54bda02913,USDC,194576921.3,194660634.2
base,9/27/2025,0xcbb7c0000ab88b473b1f5afd9ef808440eed33bf,cbBTC,905.2845986,99245740.38
optimism,9/27/2025,0x0b2c639c533813f4aa9d7837caf62653d097ff85,USDC,6280158.686,6283389.016
optimism,9/27/2025,0x4200000000000000000000000000000000000006,WETH,1387.604774,5563261.898
optimism,9/27/2025,0x94b008aa00579c1307b0ef2c499ad98a8ce58e58,USDT,272059.785,272352.6505
optimism,9/27/2025,0x68f180fcce6836688e9084f035309e29bf0a2095,WBTC,0.48651983,53317.91438
arbitrum,9/28/2025,0xaf88d065e77c8cc2239327c5edb3a432268e5831,USDC,32511092.34,32537014.92
arbitrum,9/28/2025,0x82af49447d8a07e3bd95bd0d56f35241523fbab1,WETH,428.9603585,1723973.482
arbitrum,9/28/2025,0x2f2a2543b76a4166549f7aab2e75bef0aefc5b0f,WBTC,8.02284732,884684.3715
arbitrum,9/28/2025,0xfd086bc7cd5c481dcc9c85ebe478a1c0b69fcbb9,USDT,2516186.17,2519455.596
base,9/28/2025,0x4200000000000000000000000000000000000006,WETH,11221.91425,45266971.25
base,9/28/2025,0xcbb7c0000ab88b473b1f5afd9ef808440eed33bf,cbBTC,1291.218996,142811890.5
base,9/28/2025,0x833589fcd6edb6e08f4c7c32d4f71b54bda02913,USDC,136668575.5,136772974.1
optimism,9/28/2025,0x68f180fcce6836688e9084f035309e29bf0a2095,WBTC,0.52397359,57767.46426
optimism,9/28/2025,0x4200000000000000000000000000000000000006,WETH,3415.720716,13726878.08
optimism,9/28/2025,0x94b008aa00579c1307b0ef2c499ad98a8ce58e58,USDT,171046.2677,171286.7529
optimism,9/28/2025,0x0b2c639c533813f4aa9d7837caf62653d097ff85,USDC,10318888.57,10327141.86
arbitrum,9/29/2025,0x2f2a2543b76a4166549f7aab2e75bef0aefc5b0f,WBTC,8.70071786,983673.8537
arbitrum,9/29/2025,0xfd086bc7cd5c481dcc9c85ebe478a1c0b69fcbb9,USDT,1546929.594,1548261.582
arbitrum,9/29/2025,0xaf88d065e77c8cc2239327c5edb3a432268e5831,USDC,23435334.04,23441900.79
arbitrum,9/29/2025,0x82af49447d8a07e3bd95bd0d56f35241523fbab1,WETH,685.2098582,2841173.654
base,9/29/2025,0xcbb7c0000ab88b473b1f5afd9ef808440eed33bf,cbBTC,1838.835508,208043402.3
base,9/29/2025,0x4200000000000000000000000000000000000006,WETH,9420.946985,39146905.17
base,9/29/2025,0x833589fcd6edb6e08f4c7c32d4f71b54bda02913,USDC,245692127.9,245759398
optimism,9/29/2025,0x4200000000000000000000000000000000000006,WETH,444.0387742,1833055.047
optimism,9/29/2025,0x68f180fcce6836688e9084f035309e29bf0a2095,WBTC,0.79366257,89920.55221
optimism,9/29/2025,0x0b2c639c533813f4aa9d7837caf62653d097ff85,USDC,6313087.592,6315667.999
optimism,9/29/2025,0x94b008aa00579c1307b0ef2c499ad98a8ce58e58,USDT,70007.46472,70063.56951
arbitrum,9/30/2025,0xaf88d065e77c8cc2239327c5edb3a432268e5831,USDC,28364386.71,28367009.31
arbitrum,9/30/2025,0xfd086bc7cd5c481dcc9c85ebe478a1c0b69fcbb9,USDT,1486697.114,1487659.22
arbitrum,9/30/2025,0x82af49447d8a07e3bd95bd0d56f35241523fbab1,WETH,743.1610016,3099075.62
arbitrum,9/30/2025,0x2f2a2543b76a4166549f7aab2e75bef0aefc5b0f,WBTC,1.71867973,195332.6915
base,9/30/2025,0xcbb7c0000ab88b473b1f5afd9ef808440eed33bf,cbBTC,2069.148937,235174448.2
base,9/30/2025,0x833589fcd6edb6e08f4c7c32d4f71b54bda02913,USDC,216830128.4,216849379
base,9/30/2025,0x4200000000000000000000000000000000000006,WETH,10917.20538,45490416.96
optimism,9/30/2025,0x4200000000000000000000000000000000000006,WETH,329.2566287,1368940.328
optimism,9/30/2025,0x68f180fcce6836688e9084f035309e29bf0a2095,WBTC,1.42045174,161728.2535
optimism,9/30/2025,0x0b2c639c533813f4aa9d7837caf62653d097ff85,USDC,1324111.226,1324250.671
optimism,9/30/2025,0x94b008aa00579c1307b0ef2c499ad98a8ce58e58,USDT,37105.13327,37133.28567
arbitrum,10/1/2025,0xfd086bc7cd5c481dcc9c85ebe478a1c0b69fcbb9,USDT,2485524.15,2487348.439
arbitrum,10/1/2025,0x82af49447d8a07e3bd95bd0d56f35241523fbab1,WETH,692.6991249,2960799.338
arbitrum,10/1/2025,0x2f2a2543b76a4166549f7aab2e75bef0aefc5b0f,WBTC,13.59562016,1583073.412
arbitrum,10/1/2025,0xaf88d065e77c8cc2239327c5edb3a432268e5831,USDC,48019233.64,48019814.47
base,10/1/2025,0x4200000000000000000000000000000000000006,WETH,8714.284905,37237530.22
base,10/1/2025,0xcbb7c0000ab88b473b1f5afd9ef808440eed33bf,cbBTC,1663.082928,194046188.9
base,10/1/2025,0x833589fcd6edb6e08f4c7c32d4f71b54bda02913,USDC,298430100.6,298432812.8
optimism,10/1/2025,0x4200000000000000000000000000000000000006,WETH,258.8315812,1105603.732
optimism,10/1/2025,0x0b2c639c533813f4aa9d7837caf62653d097ff85,USDC,1386761.365,1386747.625
optimism,10/1/2025,0x68f180fcce6836688e9084f035309e29bf0a2095,WBTC,1.24768274,145314.6973
optimism,10/1/2025,0x94b008aa00579c1307b0ef2c499ad98a8ce58e58,USDT,282486.6879,282674.3129
arbitrum,10/2/2025,0xfd086bc7cd5c481dcc9c85ebe478a1c0b69fcbb9,USDT,2579250.158,2580901.095
arbitrum,10/2/2025,0xaf88d065e77c8cc2239327c5edb3a432268e5831,USDC,34936622.77,34935891.03
arbitrum,10/2/2025,0x2f2a2543b76a4166549f7aab2e75bef0aefc5b0f,WBTC,5.64944004,676561.9983
arbitrum,10/2/2025,0x82af49447d8a07e3bd95bd0d56f35241523fbab1,WETH,944.9648375,4173309.723
base,10/2/2025,0x4200000000000000000000000000000000000006,WETH,9647.88118,42537701.22
base,10/2/2025,0x833589fcd6edb6e08f4c7c32d4f71b54bda02913,USDC,372963017.5,372943317.5
base,10/2/2025,0xcbb7c0000ab88b473b1f5afd9ef808440eed33bf,cbBTC,2228.039201,266293621.5
optimism,10/2/2025,0x94b008aa00579c1307b0ef2c499ad98a8ce58e58,USDT,92374.98106,92446.35978
optimism,10/2/2025,0x0b2c639c533813f4aa9d7837caf62653d097ff85,USDC,1964938.563,1964877.383
optimism,10/2/2025,0x68f180fcce6836688e9084f035309e29bf0a2095,WBTC,1.31411583,157127.9565
optimism,10/2/2025,0x4200000000000000000000000000000000000006,WETH,217.6975319,963067.2466
arbitrum,10/3/2025,0xfd086bc7cd5c481dcc9c85ebe478a1c0b69fcbb9,USDT,2572957.117,2574956.024
arbitrum,10/3/2025,0x2f2a2543b76a4166549f7aab2e75bef0aefc5b0f,WBTC,3.34727743,408704.6815
arbitrum,10/3/2025,0xaf88d065e77c8cc2239327c5edb3a432268e5831,USDC,23479292.3,23476781.52
arbitrum,10/3/2025,0x82af49447d8a07e3bd95bd0d56f35241523fbab1,WETH,937.3434151,4221678.152
base,10/3/2025,0x833589fcd6edb6e08f4c7c32d4f71b54bda02913,USDC,254080986.2,254055201
base,10/3/2025,0x4200000000000000000000000000000000000006,WETH,9603.226852,43161940.18
base,10/3/2025,0xcbb7c0000ab88b473b1f5afd9ef808440eed33bf,cbBTC,1970.266642,238500856.5
optimism,10/3/2025,0x0b2c639c533813f4aa9d7837caf62653d097ff85,USDC,3484615.67,3484486.424
optimism,10/3/2025,0x68f180fcce6836688e9084f035309e29bf0a2095,WBTC,1.30000334,157901.3552
optimism,10/3/2025,0x4200000000000000000000000000000000000006,WETH,192.3391011,863937.8652
optimism,10/3/2025,0x94b008aa00579c1307b0ef2c499ad98a8ce58e58,USDT,1945370.089,1946735.621
arbitrum,10/4/2025,0x82af49447d8a07e3bd95bd0d56f35241523fbab1,WETH,523.5801617,2352286.619
arbitrum,10/4/2025,0xaf88d065e77c8cc2239327c5edb3a432268e5831,USDC,17612535.71,17610948.93
arbitrum,10/4/2025,0xfd086bc7cd5c481dcc9c85ebe478a1c0b69fcbb9,USDT,1395268.859,1396227.423
arbitrum,10/4/2025,0x2f2a2543b76a4166549f7aab2e75bef0aefc5b0f,WBTC,1.28632932,157035.855
base,10/4/2025,0xcbb7c0000ab88b473b1f5afd9ef808440eed33bf,cbBTC,1271.530075,155468307
base,10/4/2025,0x4200000000000000000000000000000000000006,WETH,10148.4493,45545054.58
base,10/4/2025,0x833589fcd6edb6e08f4c7c32d4f71b54bda02913,USDC,204435558.4,204413219.8
optimism,10/4/2025,0x68f180fcce6836688e9084f035309e29bf0a2095,WBTC,0.77993135,95322.914
optimism,10/4/2025,0x0b2c639c533813f4aa9d7837caf62653d097ff85,USDC,1198767.022,1198655.98
optimism,10/4/2025,0x4200000000000000000000000000000000000006,WETH,142.7054062,639798.7428
optimism,10/4/2025,0x94b008aa00579c1307b0ef2c499ad98a8ce58e58,USDT,84500.9386,84553.48034
arbitrum,10/5/2025,0x2f2a2543b76a4166549f7aab2e75bef0aefc5b0f,WBTC,5.77774254,712436.1631
arbitrum,10/5/2025,0xaf88d065e77c8cc2239327c5edb3a432268e5831,USDC,24045429.75,24043254.73
arbitrum,10/5/2025,0xfd086bc7cd5c481dcc9c85ebe478a1c0b69fcbb9,USDT,2594736.061,2595508.096
arbitrum,10/5/2025,0x82af49447d8a07e3bd95bd0d56f35241523fbab1,WETH,692.4815373,3141417.395
base,10/5/2025,0x4200000000000000000000000000000000000006,WETH,14011.24823,63453697.75
base,10/5/2025,0x833589fcd6edb6e08f4c7c32d4f71b54bda02913,USDC,315969595.6,315944813.3
base,10/5/2025,0xcbb7c0000ab88b473b1f5afd9ef808440eed33bf,cbBTC,1591.513347,196658547.7
optimism,10/5/2025,0x4200000000000000000000000000000000000006,WETH,203.5871585,924414.2866
optimism,10/5/2025,0x0b2c639c533813f4aa9d7837caf62653d097ff85,USDC,1608435.343,1608289.181
optimism,10/5/2025,0x94b008aa00579c1307b0ef2c499ad98a8ce58e58,USDT,207251.8077,207344.6373
optimism,10/5/2025,0x68f180fcce6836688e9084f035309e29bf0a2095,WBTC,1.84582194,227792.256
arbitrum,10/6/2025,0xfd086bc7cd5c481dcc9c85ebe478a1c0b69fcbb9,USDT,2044279.642,2045208.243
arbitrum,10/6/2025,0x2f2a2543b76a4166549f7aab2e75bef0aefc5b0f,WBTC,6.07904391,757824.0131
arbitrum,10/6/2025,0xaf88d065e77c8cc2239327c5edb3a432268e5831,USDC,31166747.04,31160818.38
arbitrum,10/6/2025,0x82af49447d8a07e3bd95bd0d56f35241523fbab1,WETH,638.8012985,2963726.938
base,10/6/2025,0xcbb7c0000ab88b473b1f5afd9ef808440eed33bf,cbBTC,2103.05265,261900847.4
base,10/6/2025,0x833589fcd6edb6e08f4c7c32d4f71b54bda02913,USDC,336638695.3,336582977
base,10/6/2025,0x4200000000000000000000000000000000000006,WETH,10546.48815,48647816.25
optimism,10/6/2025,0x4200000000000000000000000000000000000006,WETH,280.355848,1295302.854
optimism,10/6/2025,0x0b2c639c533813f4aa9d7837caf62653d097ff85,USDC,2285239.521,2284886.765
optimism,10/6/2025,0x94b008aa00579c1307b0ef2c499ad98a8ce58e58,USDT,265319.011,265425.1748
optimism,10/6/2025,0x68f180fcce6836688e9084f035309e29bf0a2095,WBTC,1.14737575,143459.0885
arbitrum,10/7/2025,0xfd086bc7cd5c481dcc9c85ebe478a1c0b69fcbb9,USDT,1186384.196,1187087.569
arbitrum,10/7/2025,0x2f2a2543b76a4166549f7aab2e75bef0aefc5b0f,WBTC,5.31216157,652764.4618
arbitrum,10/7/2025,0xaf88d065e77c8cc2239327c5edb3a432268e5831,USDC,36225408.41,36221840.98
arbitrum,10/7/2025,0x82af49447d8a07e3bd95bd0d56f35241523fbab1,WETH,806.2332875,3712500.027
base,10/7/2025,0xcbb7c0000ab88b473b1f5afd9ef808440eed33bf,cbBTC,1822.081406,224421510.3
base,10/7/2025,0x4200000000000000000000000000000000000006,WETH,9595.445766,44176287.32
base,10/7/2025,0x833589fcd6edb6e08f4c7c32d4f71b54bda02913,USDC,413340780.5,413305385.8
optimism,10/7/2025,0x4200000000000000000000000000000000000006,WETH,472.0616228,2185770.968
optimism,10/7/2025,0x68f180fcce6836688e9084f035309e29bf0a2095,WBTC,1.50612734,184730.3562
optimism,10/7/2025,0x0b2c639c533813f4aa9d7837caf62653d097ff85,USDC,2149611.304,2149428.34
optimism,10/7/2025,0x94b008aa00579c1307b0ef2c499ad98a8ce58e58,USDT,118836.6967,118908.7868
arbitrum,10/8/2025,0x2f2a2543b76a4166549f7aab2e75bef0aefc5b0f,WBTC,2.61899056,321442.6525
arbitrum,10/8/2025,0xaf88d065e77c8cc2239327c5edb3a432268e5831,USDC,28885363.02,28886487.05
arbitrum,10/8/2025,0xfd086bc7cd5c481dcc9c85ebe478a1c0b69fcbb9,USDT,1488283.784,1489062.235
arbitrum,10/8/2025,0x82af49447d8a07e3bd95bd0d56f35241523fbab1,WETH,892.1370155,3987034.09
base,10/8/2025,0x4200000000000000000000000000000000000006,WETH,4753.445001,21279374.4
base,10/8/2025,0xcbb7c0000ab88b473b1f5afd9ef808440eed33bf,cbBTC,2371.105885,290444442.4
base,10/8/2025,0x833589fcd6edb6e08f4c7c32d4f71b54bda02913,USDC,426410565.7,426436371.6
optimism,10/8/2025,0x0b2c639c533813f4aa9d7837caf62653d097ff85,USDC,2162423.897,2162574.828
optimism,10/8/2025,0x4200000000000000000000000000000000000006,WETH,229.9844885,1029958.572
optimism,10/8/2025,0x68f180fcce6836688e9084f035309e29bf0a2095,WBTC,0.65572393,80479.00353
optimism,10/8/2025,0x94b008aa00579c1307b0ef2c499ad98a8ce58e58,USDT,39255.8535,39279.93725
arbitrum,10/9/2025,0xaf88d065e77c8cc2239327c5edb3a432268e5831,USDC,24785874.85,24786896.64
arbitrum,10/9/2025,0x2f2a2543b76a4166549f7aab2e75bef0aefc5b0f,WBTC,3.74641348,456616.2473
arbitrum,10/9/2025,0x82af49447d8a07e3bd95bd0d56f35241523fbab1,WETH,1180.244488,5177460.948
arbitrum,10/9/2025,0xfd086bc7cd5c481dcc9c85ebe478a1c0b69fcbb9,USDT,951610.466,952087.241
base,10/9/2025,0x4200000000000000000000000000000000000006,WETH,6071.752908,26577729.27
base,10/9/2025,0xcbb7c0000ab88b473b1f5afd9ef808440eed33bf,cbBTC,1978.314848,240840592.2
base,10/9/2025,0x833589fcd6edb6e08f4c7c32d4f71b54bda02913,USDC,472917418.5,472947883.5
optimism,10/9/2025,0x94b008aa00579c1307b0ef2c499ad98a8ce58e58,USDT,135890.291,135956.5856
optimism,10/9/2025,0x68f180fcce6836688e9084f035309e29bf0a2095,WBTC,1.75940791,214121.0434
optimism,10/9/2025,0x0b2c639c533813f4aa9d7837caf62653d097ff85,USDC,1994446.755,1994507.023
optimism,10/9/2025,0x4200000000000000000000000000000000000006,WETH,336.4805396,1470230.176
arbitrum,10/10/2025,0xfd086bc7cd5c481dcc9c85ebe478a1c0b69fcbb9,USDT,3409685.529,3422780.119
arbitrum,10/10/2025,0x82af49447d8a07e3bd95bd0d56f35241523fbab1,WETH,1626.671011,6552107.895
arbitrum,10/10/2025,0xaf88d065e77c8cc2239327c5edb3a432268e5831,USDC,31953302.57,31980675.83
arbitrum,10/10/2025,0x2f2a2543b76a4166549f7aab2e75bef0aefc5b0f,WBTC,11.58296588,1342394.201
base,10/10/2025,0x4200000000000000000000000000000000000006,WETH,3438.008606,14075453.2
base,10/10/2025,0xcbb7c0000ab88b473b1f5afd9ef808440eed33bf,cbBTC,2131.714227,256069105.2
base,10/10/2025,0x833589fcd6edb6e08f4c7c32d4f71b54bda02913,USDC,324123951.2,324190265.6
optimism,10/10/2025,0x94b008aa00579c1307b0ef2c499ad98a8ce58e58,USDT,276351.4904,277080.967
optimism,10/10/2025,0x4200000000000000000000000000000000000006,WETH,275.443136,1172979.829
optimism,10/10/2025,0x0b2c639c533813f4aa9d7837caf62653d097ff85,USDC,2184293.141,2186545.329
optimism,10/10/2025,0x68f180fcce6836688e9084f035309e29bf0a2095,WBTC,1.57045841,186177.7269
arbitrum,10/11/2025,0x2f2a2543b76a4166549f7aab2e75bef0aefc5b0f,WBTC,13.60492381,1520464.051
arbitrum,10/11/2025,0xfd086bc7cd5c481dcc9c85ebe478a1c0b69fcbb9,USDT,2943733.86,2949323.96
arbitrum,10/11/2025,0x82af49447d8a07e3bd95bd0d56f35241523fbab1,WETH,3256.069595,12393353.99
arbitrum,10/11/2025,0xaf88d065e77c8cc2239327c5edb3a432268e5831,USDC,24947231.89,24960705.6
base,10/11/2025,0xcbb7c0000ab88b473b1f5afd9ef808440eed33bf,cbBTC,3592.562862,402220600.7
base,10/11/2025,0x833589fcd6edb6e08f4c7c32d4f71b54bda02913,USDC,225770266.6,225899320.1
base,10/11/2025,0x4200000000000000000000000000000000000006,WETH,5551.833087,21127803.56
optimism,10/11/2025,0x4200000000000000000000000000000000000006,WETH,521.1743318,1986204.712
optimism,10/11/2025,0x94b008aa00579c1307b0ef2c499ad98a8ce58e58,USDT,675827.193,676919.8061
optimism,10/11/2025,0x68f180fcce6836688e9084f035309e29bf0a2095,WBTC,3.63914609,407977.4367
optimism,10/11/2025,0x0b2c639c533813f4aa9d7837caf62653d097ff85,USDC,2615521.477,2617026.324
arbitrum,10/12/2025,0xaf88d065e77c8cc2239327c5edb3a432268e5831,USDC,27175484.88,27191629.27
arbitrum,10/12/2025,0x82af49447d8a07e3bd95bd0d56f35241523fbab1,WETH,1253.805025,4983829.373
arbitrum,10/12/2025,0x2f2a2543b76a4166549f7aab2e75bef0aefc5b0f,WBTC,11.85094275,1333444.92
arbitrum,10/12/2025,0xfd086bc7cd5c481dcc9c85ebe478a1c0b69fcbb9,USDT,2146220.195,2148684.36
base,10/12/2025,0x4200000000000000000000000000000000000006,WETH,7005.133413,27071208.49
base,10/12/2025,0x833589fcd6edb6e08f4c7c32d4f71b54bda02913,USDC,338366824.9,338559223.2
base,10/12/2025,0xcbb7c0000ab88b473b1f5afd9ef808440eed33bf,cbBTC,3114.456645,350203110.2
optimism,10/12/2025,0x0b2c639c533813f4aa9d7837caf62653d097ff85,USDC,2155966.779,2157262.415
optimism,10/12/2025,0x94b008aa00579c1307b0ef2c499ad98a8ce58e58,USDT,428823.5108,429345.2423
optimism,10/12/2025,0x4200000000000000000000000000000000000006,WETH,396.6578978,1557737.859
optimism,10/12/2025,0x68f180fcce6836688e9084f035309e29bf0a2095,WBTC,2.99459108,337677.1673
arbitrum,10/13/2025,0xaf88d065e77c8cc2239327c5edb3a432268e5831,USDC,25048934.95,25051828.52
arbitrum,10/13/2025,0x82af49447d8a07e3bd95bd0d56f35241523fbab1,WETH,577.3775242,2408383.892
arbitrum,10/13/2025,0xfd086bc7cd5c481dcc9c85ebe478a1c0b69fcbb9,USDT,3335382.224,3338520.385
arbitrum,10/13/2025,0x2f2a2543b76a4166549f7aab2e75bef0aefc5b0f,WBTC,9.49949158,1093655.171
base,10/13/2025,0xcbb7c0000ab88b473b1f5afd9ef808440eed33bf,cbBTC,3622.150991,416960289.8
base,10/13/2025,0x4200000000000000000000000000000000000006,WETH,9897.867177,41397399.27
base,10/13/2025,0x833589fcd6edb6e08f4c7c32d4f71b54bda02913,USDC,467868570.6,467942317.8
optimism,10/13/2025,0x68f180fcce6836688e9084f035309e29bf0a2095,WBTC,2.36365091,272031.8863
optimism,10/13/2025,0x4200000000000000000000000000000000000006,WETH,385.9595294,1610696.137
optimism,10/13/2025,0x0b2c639c533813f4aa9d7837caf62653d097ff85,USDC,1882824.088,1883004.306
optimism,10/13/2025,0x94b008aa00579c1307b0ef2c499ad98a8ce58e58,USDT,282326.383,282632.2982
arbitrum,10/14/2025,0x2f2a2543b76a4166549f7aab2e75bef0aefc5b0f,WBTC,21.91422407,2453437.07
arbitrum,10/14/2025,0xfd086bc7cd5c481dcc9c85ebe478a1c0b69fcbb9,USDT,1719356.52,1720807.084
arbitrum,10/14/2025,0x82af49447d8a07e3bd95bd0d56f35241523fbab1,WETH,1278.39871,5154266.885
arbitrum,10/14/2025,0xaf88d065e77c8cc2239327c5edb3a432268e5831,USDC,21589083.1,21595130.1
base,10/14/2025,0x833589fcd6edb6e08f4c7c32d4f71b54bda02913,USDC,331968233.7,332074484.9
base,10/14/2025,0x4200000000000000000000000000000000000006,WETH,15251.08021,62104267.25
base,10/14/2025,0xcbb7c0000ab88b473b1f5afd9ef808440eed33bf,cbBTC,3995.275087,450543810.5
optimism,10/14/2025,0x4200000000000000000000000000000000000006,WETH,362.5742975,1485236.44
optimism,10/14/2025,0x68f180fcce6836688e9084f035309e29bf0a2095,WBTC,2.9458667,331092.156
optimism,10/14/2025,0x0b2c639c533813f4aa9d7837caf62653d097ff85,USDC,1652819.658,1653338.061
optimism,10/14/2025,0x94b008aa00579c1307b0ef2c499ad98a8ce58e58,USDT,195680.0737,195834.6319
arbitrum,10/15/2025,0x82af49447d8a07e3bd95bd0d56f35241523fbab1,WETH,4161.416289,17117082.32
arbitrum,10/15/2025,0x2f2a2543b76a4166549f7aab2e75bef0aefc5b0f,WBTC,13.33232271,1495722.319
arbitrum,10/15/2025,0xfd086bc7cd5c481dcc9c85ebe478a1c0b69fcbb9,USDT,1198061.168,1199383.451
arbitrum,10/15/2025,0xaf88d065e77c8cc2239327c5edb3a432268e5831,USDC,27572859.95,27581512.41
base,10/15/2025,0xcbb7c0000ab88b473b1f5afd9ef808440eed33bf,cbBTC,3768.747348,421737313
base,10/15/2025,0x833589fcd6edb6e08f4c7c32d4f71b54bda02913,USDC,342261943.6,342363404.3
base,10/15/2025,0x4200000000000000000000000000000000000006,WETH,8838.198309,35863923.72
optimism,10/15/2025,0x0b2c639c533813f4aa9d7837caf62653d097ff85,USDC,2039201.997,2039769.26
optimism,10/15/2025,0x94b008aa00579c1307b0ef2c499ad98a8ce58e58,USDT,186727.1142,186873.2917
optimism,10/15/2025,0x4200000000000000000000000000000000000006,WETH,534.9595459,2170209.768
optimism,10/15/2025,0x68f180fcce6836688e9084f035309e29bf0a2095,WBTC,1.84619925,206170.1007
arbitrum,10/16/2025,0x82af49447d8a07e3bd95bd0d56f35241523fbab1,WETH,3831.723777,15447536.39
arbitrum,10/16/2025,0xfd086bc7cd5c481dcc9c85ebe478a1c0b69fcbb9,USDT,5687329.035,5690681.128
arbitrum,10/16/2025,0x2f2a2543b76a4166549f7aab2e75bef0aefc5b0f,WBTC,16.18734657,1784621.512
arbitrum,10/16/2025,0xaf88d065e77c8cc2239327c5edb3a432268e5831,USDC,13280152.76,13284763.84
base,10/16/2025,0x833589fcd6edb6e08f4c7c32d4f71b54bda02913,USDC,449902800.3,450030306.9
base,10/16/2025,0x4200000000000000000000000000000000000006,WETH,9434.936095,37316621.98
base,10/16/2025,0xcbb7c0000ab88b473b1f5afd9ef808440eed33bf,cbBTC,2602.733913,288740188.2
optimism,10/16/2025,0x4200000000000000000000000000000000000006,WETH,417.6667433,1667765.099
optimism,10/16/2025,0x68f180fcce6836688e9084f035309e29bf0a2095,WBTC,2.81631943,309695.4964
optimism,10/16/2025,0x94b008aa00579c1307b0ef2c499ad98a8ce58e58,USDT,67827.43005,67879.00565
optimism,10/16/2025,0x0b2c639c533813f4aa9d7837caf62653d097ff85,USDC,1557861.084,1558279.589
arbitrum,10/17/2025,0xfd086bc7cd5c481dcc9c85ebe478a1c0b69fcbb9,USDT,4372658.744,4374568.896
arbitrum,10/17/2025,0x82af49447d8a07e3bd95bd0d56f35241523fbab1,WETH,3811.485201,14445283.57
arbitrum,10/17/2025,0xaf88d065e77c8cc2239327c5edb3a432268e5831,USDC,16805320.14,16809299.54
arbitrum,10/17/2025,0x2f2a2543b76a4166549f7aab2e75bef0aefc5b0f,WBTC,20.63048083,2188097.374
base,10/17/2025,0x4200000000000000000000000000000000000006,WETH,7133.42054,27271310.34
base,10/17/2025,0xcbb7c0000ab88b473b1f5afd9ef808440eed33bf,cbBTC,1676.04198,180141685.2
base,10/17/2025,0x833589fcd6edb6e08f4c7c32d4f71b54bda02913,USDC,391973472.3,392100519.4
optimism,10/17/2025,0x0b2c639c533813f4aa9d7837caf62653d097ff85,USDC,1529241.276,1529740.971
optimism,10/17/2025,0x94b008aa00579c1307b0ef2c499ad98a8ce58e58,USDT,138074.6145,138130.1059
optimism,10/17/2025,0x4200000000000000000000000000000000000006,WETH,305.1467613,1177102.508
optimism,10/17/2025,0x68f180fcce6836688e9084f035309e29bf0a2095,WBTC,2.5738914,274064.0593
arbitrum,10/18/2025,0xaf88d065e77c8cc2239327c5edb3a432268e5831,USDC,9493872.012,9499037.657
arbitrum,10/18/2025,0x82af49447d8a07e3bd95bd0d56f35241523fbab1,WETH,356.2166121,1379356.322
arbitrum,10/18/2025,0xfd086bc7cd5c481dcc9c85ebe478a1c0b69fcbb9,USDT,2632787.779,2634575.207
arbitrum,10/18/2025,0x2f2a2543b76a4166549f7aab2e75bef0aefc5b0f,WBTC,55.44157073,5944604.334
base,10/18/2025,0x833589fcd6edb6e08f4c7c32d4f71b54bda02913,USDC,389088646.1,389273592.4
base,10/18/2025,0x4200000000000000000000000000000000000006,WETH,11012.08815,42680374.67
base,10/18/2025,0xcbb7c0000ab88b473b1f5afd9ef808440eed33bf,cbBTC,2165.681639,231632396.5
optimism,10/18/2025,0x4200000000000000000000000000000000000006,WETH,207.8830052,805606.6489
optimism,10/18/2025,0x94b008aa00579c1307b0ef2c499ad98a8ce58e58,USDT,73648.22751,73705.91044
optimism,10/18/2025,0x0b2c639c533813f4aa9d7837caf62653d097ff85,USDC,759490.6073,759828.1655
optimism,10/18/2025,0x68f180fcce6836688e9084f035309e29bf0a2095,WBTC,0.78442268,84026.78406
arbitrum,10/19/2025,0x2f2a2543b76a4166549f7aab2e75bef0aefc5b0f,WBTC,21.00384088,2266629.555
arbitrum,10/19/2025,0x82af49447d8a07e3bd95bd0d56f35241523fbab1,WETH,951.4801458,3725921.875
arbitrum,10/19/2025,0xfd086bc7cd5c481dcc9c85ebe478a1c0b69fcbb9,USDT,821995.2598,822708.7985
arbitrum,10/19/2025,0xaf88d065e77c8cc2239327c5edb3a432268e5831,USDC,16040953.23,16050640.04
base,10/19/2025,0x4200000000000000000000000000000000000006,WETH,6767.519059,26632137.31
base,10/19/2025,0xcbb7c0000ab88b473b1f5afd9ef808440eed33bf,cbBTC,2206.487982,238197198.2
base,10/19/2025,0x833589fcd6edb6e08f4c7c32d4f71b54bda02913,USDC,544971979.2,545284734
optimism,10/19/2025,0x94b008aa00579c1307b0ef2c499ad98a8ce58e58,USDT,99962.99091,100043.4935
optimism,10/19/2025,0x68f180fcce6836688e9084f035309e29bf0a2095,WBTC,1.36011471,147066.9859
optimism,10/19/2025,0x0b2c639c533813f4aa9d7837caf62653d097ff85,USDC,1035850.134,1036461.34
optimism,10/19/2025,0x4200000000000000000000000000000000000006,WETH,228.5508876,905501.0157
arbitrum,10/20/2025,0xaf88d065e77c8cc2239327c5edb3a432268e5831,USDC,8507024.843,8509416.602
arbitrum,10/20/2025,0x2f2a2543b76a4166549f7aab2e75bef0aefc5b0f,WBTC,4.2524769,469107.4407
arbitrum,10/20/2025,0xfd086bc7cd5c481dcc9c85ebe478a1c0b69fcbb9,USDT,2007346.583,2008854.533
arbitrum,10/20/2025,0x82af49447d8a07e3bd95bd0d56f35241523fbab1,WETH,748.6006861,2985770.183
base,10/20/2025,0x833589fcd6edb6e08f4c7c32d4f71b54bda02913,USDC,418406292.6,418565501.2
base,10/20/2025,0xcbb7c0000ab88b473b1f5afd9ef808440eed33bf,cbBTC,3670.127802,406526221.5
base,10/20/2025,0x4200000000000000000000000000000000000006,WETH,6185.853533,24790044.54
optimism,10/20/2025,0x0b2c639c533813f4aa9d7837caf62653d097ff85,USDC,1985044.644,1985821.447
optimism,10/20/2025,0x94b008aa00579c1307b0ef2c499ad98a8ce58e58,USDT,102894.714,102946.8549
optimism,10/20/2025,0x4200000000000000000000000000000000000006,WETH,405.7953101,1626989.003
optimism,10/20/2025,0x68f180fcce6836688e9084f035309e29bf0a2095,WBTC,1.82689929,201787.2482
arbitrum,10/21/2025,0xaf88d065e77c8cc2239327c5edb3a432268e5831,USDC,10574919.24,10576748.79
arbitrum,10/21/2025,0x82af49447d8a07e3bd95bd0d56f35241523fbab1,WETH,3338.058089,13229429.9
arbitrum,10/21/2025,0x2f2a2543b76a4166549f7aab2e75bef0aefc5b0f,WBTC,21.41178511,2335738.847
arbitrum,10/21/2025,0xfd086bc7cd5c481dcc9c85ebe478a1c0b69fcbb9,USDT,1363954.897,1364707.072
base,10/21/2025,0x4200000000000000000000000000000000000006,WETH,8001.522772,31521713.15
base,10/21/2025,0x833589fcd6edb6e08f4c7c32d4f71b54bda02913,USDC,423111970.9,423227722.3
base,10/21/2025,0xcbb7c0000ab88b473b1f5afd9ef808440eed33bf,cbBTC,2534.529947,279943547
optimism,10/21/2025,0x0b2c639c533813f4aa9d7837caf62653d097ff85,USDC,1131333.96,1131590.066
optimism,10/21/2025,0x94b008aa00579c1307b0ef2c499ad98a8ce58e58,USDT,54020.70926,54055.393
optimism,10/21/2025,0x68f180fcce6836688e9084f035309e29bf0a2095,WBTC,1.7082727,189514.0877
optimism,10/21/2025,0x4200000000000000000000000000000000000006,WETH,254.2550747,1001208.449
arbitrum,10/22/2025,0x82af49447d8a07e3bd95bd0d56f35241523fbab1,WETH,2842.557391,10919898.38
arbitrum,10/22/2025,0xaf88d065e77c8cc2239327c5edb3a432268e5831,USDC,9763018.248,9763364.329
arbitrum,10/22/2025,0xfd086bc7cd5c481dcc9c85ebe478a1c0b69fcbb9,USDT,1006449.081,1006640.738
arbitrum,10/22/2025,0x2f2a2543b76a4166549f7aab2e75bef0aefc5b0f,WBTC,14.73600525,1595411.553
base,10/22/2025,0x4200000000000000000000000000000000000006,WETH,11364.66744,43560278.67
base,10/22/2025,0x833589fcd6edb6e08f4c7c32d4f71b54bda02913,USDC,552453461.1,552501057.1
base,10/22/2025,0xcbb7c0000ab88b473b1f5afd9ef808440eed33bf,cbBTC,501.0242448,54125864.28
optimism,10/22/2025,0x0b2c639c533813f4aa9d7837caf62653d097ff85,USDC,374177.4262,374201.0749
optimism,10/22/2025,0x94b008aa00579c1307b0ef2c499ad98a8ce58e58,USDT,50556.48139,50583.5114
optimism,10/22/2025,0x4200000000000000000000000000000000000006,WETH,191.3864219,735194.8308
optimism,10/22/2025,0x68f180fcce6836688e9084f035309e29bf0a2095,WBTC,3.03037776,327251.2448
arbitrum,10/23/2025,0xaf88d065e77c8cc2239327c5edb3a432268e5831,USDC,16901889.23,16903782.11
arbitrum,10/23/2025,0x2f2a2543b76a4166549f7aab2e75bef0aefc5b0f,WBTC,7.49490066,822356.9081
arbitrum,10/23/2025,0x82af49447d8a07e3bd95bd0d56f35241523fbab1,WETH,3629.344903,14044524.86
arbitrum,10/23/2025,0xfd086bc7cd5c481dcc9c85ebe478a1c0b69fcbb9,USDT,895114.0566,895500.1399
base,10/23/2025,0x4200000000000000000000000000000000000006,WETH,16543.89871,63986494.2
base,10/23/2025,0x833589fcd6edb6e08f4c7c32d4f71b54bda02913,USDC,368138833.7,368169302.1
base,10/23/2025,0xcbb7c0000ab88b473b1f5afd9ef808440eed33bf,cbBTC,2847.803941,312130238.6
optimism,10/23/2025,0x4200000000000000000000000000000000000006,WETH,368.4708652,1426110.662
optimism,10/23/2025,0x68f180fcce6836688e9084f035309e29bf0a2095,WBTC,1.41872059,154281.5836
optimism,10/23/2025,0x0b2c639c533813f4aa9d7837caf62653d097ff85,USDC,661903.7236,661933.3209
optimism,10/23/2025,0x94b008aa00579c1307b0ef2c499ad98a8ce58e58,USDT,118124.7385,118162.2991
arbitrum,10/24/2025,0xaf88d065e77c8cc2239327c5edb3a432268e5831,USDC,13844403.19,13845250.64
arbitrum,10/24/2025,0xfd086bc7cd5c481dcc9c85ebe478a1c0b69fcbb9,USDT,1883043.515,1883860.847
arbitrum,10/24/2025,0x2f2a2543b76a4166549f7aab2e75bef0aefc5b0f,WBTC,9.34497068,1039120.503
arbitrum,10/24/2025,0x82af49447d8a07e3bd95bd0d56f35241523fbab1,WETH,7280.314942,28416479.75
base,10/24/2025,0xcbb7c0000ab88b473b1f5afd9ef808440eed33bf,cbBTC,2298.280738,254858184
base,10/24/2025,0x833589fcd6edb6e08f4c7c32d4f71b54bda02913,USDC,316134250.9,316160313.8
base,10/24/2025,0x4200000000000000000000000000000000000006,WETH,11472.14631,45060297.01
optimism,10/24/2025,0x0b2c639c533813f4aa9d7837caf62653d097ff85,USDC,946990.0593,947113.8556
optimism,10/24/2025,0x4200000000000000000000000000000000000006,WETH,217.0806932,851900.3716
optimism,10/24/2025,0x68f180fcce6836688e9084f035309e29bf0a2095,WBTC,1.19137571,132094.537
optimism,10/24/2025,0x94b008aa00579c1307b0ef2c499ad98a8ce58e58,USDT,27117.50346,27126.92068
arbitrum,10/25/2025,0x82af49447d8a07e3bd95bd0d56f35241523fbab1,WETH,189.3339797,746551.0905
arbitrum,10/25/2025,0x2f2a2543b76a4166549f7aab2e75bef0aefc5b0f,WBTC,1.35636795,151161.0844
arbitrum,10/25/2025,0xfd086bc7cd5c481dcc9c85ebe478a1c0b69fcbb9,USDT,353140.9169,353310.5696
arbitrum,10/25/2025,0xaf88d065e77c8cc2239327c5edb3a432268e5831,USDC,5122211.812,5123524
base,10/25/2025,0x833589fcd6edb6e08f4c7c32d4f71b54bda02913,USDC,307289354.8,307364510.4
base,10/25/2025,0x4200000000000000000000000000000000000006,WETH,10699.2302,42162597.77
base,10/25/2025,0xcbb7c0000ab88b473b1f5afd9ef808440eed33bf,cbBTC,884.7051513,98585470.44
optimism,10/25/2025,0x4200000000000000000000000000000000000006,WETH,262.0482673,1032947.192
optimism,10/25/2025,0x0b2c639c533813f4aa9d7837caf62653d097ff85,USDC,385167.8948,385245.6923
optimism,10/25/2025,0x94b008aa00579c1307b0ef2c499ad98a8ce58e58,USDT,13954.15099,13961.18822
optimism,10/25/2025,0x68f180fcce6836688e9084f035309e29bf0a2095,WBTC,0.36592516,40809.11595
arbitrum,10/26/2025,0x2f2a2543b76a4166549f7aab2e75bef0aefc5b0f,WBTC,5.92182933,670917.8167
arbitrum,10/26/2025,0xaf88d065e77c8cc2239327c5edb3a432268e5831,USDC,11825501.23,11824597.89
arbitrum,10/26/2025,0x82af49447d8a07e3bd95bd0d56f35241523fbab1,WETH,442.6417702,1796721.381
arbitrum,10/26/2025,0xfd086bc7cd5c481dcc9c85ebe478a1c0b69fcbb9,USDT,1672107.477,1671686.018
base,10/26/2025,0x833589fcd6edb6e08f4c7c32d4f71b54bda02913,USDC,372813713.8,372819665.4
base,10/26/2025,0xcbb7c0000ab88b473b1f5afd9ef808440eed33bf,cbBTC,1677.804214,190089417
base,10/26/2025,0x4200000000000000000000000000000000000006,WETH,9032.105463,36542415.53
optimism,10/26/2025,0x68f180fcce6836688e9084f035309e29bf0a2095,WBTC,1.11217566,126188.6833
optimism,10/26/2025,0x4200000000000000000000000000000000000006,WETH,224.0557817,908271.9895
optimism,10/26/2025,0x0b2c639c533813f4aa9d7837caf62653d097ff85,USDC,1114599.804,1114457.862
optimism,10/26/2025,0x94b008aa00579c1307b0ef2c499ad98a8ce58e58,USDT,48388.49365,48405.76697
arbitrum,10/27/2025,0x2f2a2543b76a4166549f7aab2e75bef0aefc5b0f,WBTC,13.65841329,1569686.765
arbitrum,10/27/2025,0xfd086bc7cd5c481dcc9c85ebe478a1c0b69fcbb9,USDT,1219479.297,1219601.6
arbitrum,10/27/2025,0xaf88d065e77c8cc2239327c5edb3a432268e5831,USDC,26693443.7,26693647.83
arbitrum,10/27/2025,0x82af49447d8a07e3bd95bd0d56f35241523fbab1,WETH,1083.73792,4522429.03
base,10/27/2025,0xcbb7c0000ab88b473b1f5afd9ef808440eed33bf,cbBTC,2260.612567,260304074.1
base,10/27/2025,0x4200000000000000000000000000000000000006,WETH,10755.72641,45007967.59
base,10/27/2025,0x833589fcd6edb6e08f4c7c32d4f71b54bda02913,USDC,296235383.7,296195195.3
optimism,10/27/2025,0x94b008aa00579c1307b0ef2c499ad98a8ce58e58,USDT,141180.6751,141197.4756
optimism,10/27/2025,0x0b2c639c533813f4aa9d7837caf62653d097ff85,USDC,1166801.457,1166796.414
optimism,10/27/2025,0x68f180fcce6836688e9084f035309e29bf0a2095,WBTC,1.32210428,152123.4076
optimism,10/27/2025,0x4200000000000000000000000000000000000006,WETH,390.9743977,1631985.874
arbitrum,10/28/2025,0x82af49447d8a07e3bd95bd0d56f35241523fbab1,WETH,2049.381936,8406749.188
arbitrum,10/28/2025,0x2f2a2543b76a4166549f7aab2e75bef0aefc5b0f,WBTC,7.25294777,832115.4039
arbitrum,10/28/2025,0xaf88d065e77c8cc2239327c5edb3a432268e5831,USDC,19044798.92,19050119.65
arbitrum,10/28/2025,0xfd086bc7cd5c481dcc9c85ebe478a1c0b69fcbb9,USDT,1689646.392,1690108.255
base,10/28/2025,0x833589fcd6edb6e08f4c7c32d4f71b54bda02913,USDC,180733934.4,180783689.8
base,10/28/2025,0xcbb7c0000ab88b473b1f5afd9ef808440eed33bf,cbBTC,2005.110601,228930527.3
base,10/28/2025,0x4200000000000000000000000000000000000006,WETH,11170.76252,45847853.29
optimism,10/28/2025,0x94b008aa00579c1307b0ef2c499ad98a8ce58e58,USDT,13817.55,13818.55744
optimism,10/28/2025,0x68f180fcce6836688e9084f035309e29bf0a2095,WBTC,1.55949232,177955.6247
optimism,10/28/2025,0x4200000000000000000000000000000000000006,WETH,354.155405,1452619.118
optimism,10/28/2025,0x0b2c639c533813f4aa9d7837caf62653d097ff85,USDC,1474099.209,1474487.647
arbitrum,10/29/2025,0x2f2a2543b76a4166549f7aab2e75bef0aefc5b0f,WBTC,10.51282233,1172669.013
arbitrum,10/29/2025,0x82af49447d8a07e3bd95bd0d56f35241523fbab1,WETH,2533.546583,10116957.44
arbitrum,10/29/2025,0xaf88d065e77c8cc2239327c5edb3a432268e5831,USDC,23696864.32,23706354.38
arbitrum,10/29/2025,0xfd086bc7cd5c481dcc9c85ebe478a1c0b69fcbb9,USDT,1558829.193,1560008.013
base,10/29/2025,0x833589fcd6edb6e08f4c7c32d4f71b54bda02913,USDC,173924302.4,174005784.8
base,10/29/2025,0xcbb7c0000ab88b473b1f5afd9ef808440eed33bf,cbBTC,1951.391473,219063987.2
base,10/29/2025,0x4200000000000000000000000000000000000006,WETH,13534.70399,53853035.97
optimism,10/29/2025,0x0b2c639c533813f4aa9d7837caf62653d097ff85,USDC,1081108.779,1081636.035
optimism,10/29/2025,0x68f180fcce6836688e9084f035309e29bf0a2095,WBTC,0.81492529,90881.66085
optimism,10/29/2025,0x4200000000000000000000000000000000000006,WETH,257.3758624,1023560.123
optimism,10/29/2025,0x94b008aa00579c1307b0ef2c499ad98a8ce58e58,USDT,149609.9255,149701.5833
arbitrum,10/30/2025,0xaf88d065e77c8cc2239327c5edb3a432268e5831,USDC,37495570.7,37511969.88
arbitrum,10/30/2025,0x82af49447d8a07e3bd95bd0d56f35241523fbab1,WETH,812.4517218,3096178.959
arbitrum,10/30/2025,0x2f2a2543b76a4166549f7aab2e75bef0aefc5b0f,WBTC,11.04703111,1205062.224
arbitrum,10/30/2025,0xfd086bc7cd5c481dcc9c85ebe478a1c0b69fcbb9,USDT,1807628.027,1809162.134
base,10/30/2025,0xcbb7c0000ab88b473b1f5afd9ef808440eed33bf,cbBTC,1744.401205,191676795.6
base,10/30/2025,0x833589fcd6edb6e08f4c7c32d4f71b54bda02913,USDC,293640726.5,293804586.9
base,10/30/2025,0x4200000000000000000000000000000000000006,WETH,8926.621147,34424079.76
optimism,10/30/2025,0x94b008aa00579c1307b0ef2c499ad98a8ce58e58,USDT,130388.652,130483.0453
optimism,10/30/2025,0x4200000000000000000000000000000000000006,WETH,311.6875359,1199854.904
optimism,10/30/2025,0x68f180fcce6836688e9084f035309e29bf0a2095,WBTC,1.9022256,206377.2142
optimism,10/30/2025,0x0b2c639c533813f4aa9d7837caf62653d097ff85,USDC,1746037.826,1747007.633
arbitrum,10/31/2025,0x82af49447d8a07e3bd95bd0d56f35241523fbab1,WETH,631.8839356,2430142.017
arbitrum,10/31/2025,0xfd086bc7cd5c481dcc9c85ebe478a1c0b69fcbb9,USDT,1175320.938,1175335.391
arbitrum,10/31/2025,0xaf88d065e77c8cc2239327c5edb3a432268e5831,USDC,30578016.02,30588187.66
arbitrum,10/31/2025,0x2f2a2543b76a4166549f7aab2e75bef0aefc5b0f,WBTC,8.24468442,904812.6214
base,10/31/2025,0x833589fcd6edb6e08f4c7c32d4f71b54bda02913,USDC,231660337.5,231748225.6
base,10/31/2025,0x4200000000000000000000000000000000000006,WETH,10136.54995,38985106.07
base,10/31/2025,0xcbb7c0000ab88b473b1f5afd9ef808440eed33bf,cbBTC,1719.124623,188897557.9
optimism,10/31/2025,0x4200000000000000000000000000000000000006,WETH,318.4032516,1225349.747
optimism,10/31/2025,0x68f180fcce6836688e9084f035309e29bf0a2095,WBTC,1.32638459,145509.7621
optimism,10/31/2025,0x94b008aa00579c1307b0ef2c499ad98a8ce58e58,USDT,147035.944,147071.9681
optimism,10/31/2025,0x0b2c639c533813f4aa9d7837caf62653d097ff85,USDC,1494021.839,1494567.714
arbitrum,11/1/2025,0x2f2a2543b76a4166549f7aab2e75bef0aefc5b0f,WBTC,1.37839542,151716.1818
arbitrum,11/1/2025,0x82af49447d8a07e3bd95bd0d56f35241523fbab1,WETH,222.266195,859494.0399
arbitrum,11/1/2025,0xfd086bc7cd5c481dcc9c85ebe478a1c0b69fcbb9,USDT,663216.6374,663397.4626
arbitrum,11/1/2025,0xaf88d065e77c8cc2239327c5edb3a432268e5831,USDC,11465912.3,11474312.82
base,11/1/2025,0xcbb7c0000ab88b473b1f5afd9ef808440eed33bf,cbBTC,722.9159667,79653327.25
base,11/1/2025,0x4200000000000000000000000000000000000006,WETH,8211.309842,31773371.48
base,11/1/2025,0x833589fcd6edb6e08f4c7c32d4f71b54bda02913,USDC,74436743.69,74495344.07
optimism,11/1/2025,0x4200000000000000000000000000000000000006,WETH,140.5293914,543995.9687
optimism,11/1/2025,0x68f180fcce6836688e9084f035309e29bf0a2095,WBTC,0.21941943,24192.19933
optimism,11/1/2025,0x0b2c639c533813f4aa9d7837caf62653d097ff85,USDC,1113501.426,1114329.685
optimism,11/1/2025,0x94b008aa00579c1307b0ef2c499ad98a8ce58e58,USDT,54486.9,54500.92408
arbitrum,11/2/2025,0xfd086bc7cd5c481dcc9c85ebe478a1c0b69fcbb9,USDT,983565.4298,983856.4229
arbitrum,11/2/2025,0x2f2a2543b76a4166549f7aab2e75bef0aefc5b0f,WBTC,1.83325189,201999.5273
arbitrum,11/2/2025,0x82af49447d8a07e3bd95bd0d56f35241523fbab1,WETH,146.7989928,568764.6838
arbitrum,11/2/2025,0xaf88d065e77c8cc2239327c5edb3a432268e5831,USDC,3918179.615,3919838.273
base,11/2/2025,0xcbb7c0000ab88b473b1f5afd9ef808440eed33bf,cbBTC,1248.451273,137910588.8
base,11/2/2025,0x833589fcd6edb6e08f4c7c32d4f71b54bda02913,USDC,106879130.1,106949062.6
base,11/2/2025,0x4200000000000000000000000000000000000006,WETH,8458.165869,32731156.9
optimism,11/2/2025,0x4200000000000000000000000000000000000006,WETH,159.5118269,618298.289
optimism,11/2/2025,0x68f180fcce6836688e9084f035309e29bf0a2095,WBTC,0.60167262,66490.84783
optimism,11/2/2025,0x0b2c639c533813f4aa9d7837caf62653d097ff85,USDC,789803.0065,790320.9426
optimism,11/2/2025,0x94b008aa00579c1307b0ef2c499ad98a8ce58e58,USDT,42842.3739,42863.33599
arbitrum,11/3/2025,0x2f2a2543b76a4166549f7aab2e75bef0aefc5b0f,WBTC,8.88183243,952703.5563
arbitrum,11/3/2025,0x82af49447d8a07e3bd95bd0d56f35241523fbab1,WETH,2013.672844,7462339.381
arbitrum,11/3/2025,0xaf88d065e77c8cc2239327c5edb3a432268e5831,USDC,13805382.88,13811546.6
arbitrum,11/3/2025,0xfd086bc7cd5c481dcc9c85ebe478a1c0b69fcbb9,USDT,1508073.052,1508951.328
base,11/3/2025,0xcbb7c0000ab88b473b1f5afd9ef808440eed33bf,cbBTC,861.9002158,93061264.59
base,11/3/2025,0x4200000000000000000000000000000000000006,WETH,9562.244255,35245043.51
base,11/3/2025,0x833589fcd6edb6e08f4c7c32d4f71b54bda02913,USDC,410871276.1,411055195.8
optimism,11/3/2025,0x94b008aa00579c1307b0ef2c499ad98a8ce58e58,USDT,76962.83471,76983.10926
optimism,11/3/2025,0x4200000000000000000000000000000000000006,WETH,551.3285887,2033335.135
optimism,11/3/2025,0x68f180fcce6836688e9084f035309e29bf0a2095,WBTC,2.48501419,267748.584
optimism,11/3/2025,0x0b2c639c533813f4aa9d7837caf62653d097ff85,USDC,1322999.947,1323643.469
arbitrum,11/4/2025,0x2f2a2543b76a4166549f7aab2e75bef0aefc5b0f,WBTC,15.09762182,1548538.193
arbitrum,11/4/2025,0xaf88d065e77c8cc2239327c5edb3a432268e5831,USDC,30463737.34,30476724.58
arbitrum,11/4/2025,0x82af49447d8a07e3bd95bd0d56f35241523fbab1,WETH,3864.776317,12882144.03
arbitrum,11/4/2025,0xfd086bc7cd5c481dcc9c85ebe478a1c0b69fcbb9,USDT,4011310.768,4011062.651
base,11/4/2025,0x833589fcd6edb6e08f4c7c32d4f71b54bda02913,USDC,334251749.9,334404058.4
base,11/4/2025,0x4200000000000000000000000000000000000006,WETH,18213.6062,63490062.6
base,11/4/2025,0xcbb7c0000ab88b473b1f5afd9ef808440eed33bf,cbBTC,566.9325456,59450561.73
optimism,11/4/2025,0x68f180fcce6836688e9084f035309e29bf0a2095,WBTC,0.39117399,39733.74222
optimism,11/4/2025,0x4200000000000000000000000000000000000006,WETH,369.448444,1305699.538
optimism,11/4/2025,0x94b008aa00579c1307b0ef2c499ad98a8ce58e58,USDT,114449.3129,114473.2049
optimism,11/4/2025,0x0b2c639c533813f4aa9d7837caf62653d097ff85,USDC,524078.827,524361.5424
arbitrum,11/5/2025,0x82af49447d8a07e3bd95bd0d56f35241523fbab1,WETH,1479.997577,4989725.292
arbitrum,11/5/2025,0xfd086bc7cd5c481dcc9c85ebe478a1c0b69fcbb9,USDT,5504550.426,5506269.962
arbitrum,11/5/2025,0xaf88d065e77c8cc2239327c5edb3a432268e5831,USDC,36515553.91,36522587.38
arbitrum,11/5/2025,0x2f2a2543b76a4166549f7aab2e75bef0aefc5b0f,WBTC,11.57710835,1196153.071
base,11/5/2025,0x4200000000000000000000000000000000000006,WETH,4851.84645,16307875.79
base,11/5/2025,0x833589fcd6edb6e08f4c7c32d4f71b54bda02913,USDC,355595593.3,355680445.8
base,11/5/2025,0xcbb7c0000ab88b473b1f5afd9ef808440eed33bf,cbBTC,622.8933264,64153643.15
optimism,11/5/2025,0x4200000000000000000000000000000000000006,WETH,196.9333911,659670.2106
optimism,11/5/2025,0x94b008aa00579c1307b0ef2c499ad98a8ce58e58,USDT,1326966.842,1327918.854
optimism,11/5/2025,0x68f180fcce6836688e9084f035309e29bf0a2095,WBTC,1.51619534,156592.9155
optimism,11/5/2025,0x0b2c639c533813f4aa9d7837caf62653d097ff85,USDC,1162198.393,1162818.441
arbitrum,11/6/2025,0xaf88d065e77c8cc2239327c5edb3a432268e5831,USDC,15063062.7,15070714.97
arbitrum,11/6/2025,0xfd086bc7cd5c481dcc9c85ebe478a1c0b69fcbb9,USDT,2734939.579,2735420.665
arbitrum,11/6/2025,0x82af49447d8a07e3bd95bd0d56f35241523fbab1,WETH,2315.769586,7650247.788
arbitrum,11/6/2025,0x2f2a2543b76a4166549f7aab2e75bef0aefc5b0f,WBTC,4.21768577,431925.7479
base,11/6/2025,0x4200000000000000000000000000000000000006,WETH,6839.465763,23116371.38
base,11/6/2025,0x833589fcd6edb6e08f4c7c32d4f71b54bda02913,USDC,226789204.3,226891891.4
base,11/6/2025,0xcbb7c0000ab88b473b1f5afd9ef808440eed33bf,cbBTC,609.4028963,62929724.45
optimism,11/6/2025,0x4200000000000000000000000000000000000006,WETH,104.8640645,353120.0066
optimism,11/6/2025,0x68f180fcce6836688e9084f035309e29bf0a2095,WBTC,3.06543096,314667.5894
optimism,11/6/2025,0x0b2c639c533813f4aa9d7837caf62653d097ff85,USDC,925174.7104,925648.4371
optimism,11/6/2025,0x94b008aa00579c1307b0ef2c499ad98a8ce58e58,USDT,107982.9173,108014.0279
arbitrum,11/7/2025,0xfd086bc7cd5c481dcc9c85ebe478a1c0b69fcbb9,USDT,1079342.485,1079202.508
arbitrum,11/7/2025,0x2f2a2543b76a4166549f7aab2e75bef0aefc5b0f,WBTC,16.16482282,1648267.077
arbitrum,11/7/2025,0x82af49447d8a07e3bd95bd0d56f35241523fbab1,WETH,3931.347337,12932251.98
arbitrum,11/7/2025,0xaf88d065e77c8cc2239327c5edb3a432268e5831,USDC,20271636.85,20278272.29
base,11/7/2025,0x833589fcd6edb6e08f4c7c32d4f71b54bda02913,USDC,14867403.25,14872560.99
base,11/7/2025,0xcbb7c0000ab88b473b1f5afd9ef808440eed33bf,cbBTC,114.3526119,11625401.89
base,11/7/2025,0x4200000000000000000000000000000000000006,WETH,4457.951573,14733977.73
optimism,11/7/2025,0x0b2c639c533813f4aa9d7837caf62653d097ff85,USDC,2418935.714,2419789.256
optimism,11/7/2025,0x4200000000000000000000000000000000000006,WETH,133.4863497,444964.9863
optimism,11/7/2025,0x68f180fcce6836688e9084f035309e29bf0a2095,WBTC,2.95400609,297684.6019
optimism,11/7/2025,0x94b008aa00579c1307b0ef2c499ad98a8ce58e58,USDT,126595.7803,126623.0402
arbitrum,11/8/2025,0xaf88d065e77c8cc2239327c5edb3a432268e5831,USDC,12434926.29,12440707.02
arbitrum,11/8/2025,0x2f2a2543b76a4166549f7aab2e75bef0aefc5b0f,WBTC,9.64335452,986857.7011
arbitrum,11/8/2025,0x82af49447d8a07e3bd95bd0d56f35241523fbab1,WETH,923.4644362,3145947.996
arbitrum,11/8/2025,0xfd086bc7cd5c481dcc9c85ebe478a1c0b69fcbb9,USDT,837113.6101,837131.8215
base,11/8/2025,0xcbb7c0000ab88b473b1f5afd9ef808440eed33bf,cbBTC,50.8459891,5207398.755
base,11/8/2025,0x4200000000000000000000000000000000000006,WETH,1458.044298,4969656.082
base,11/8/2025,0x833589fcd6edb6e08f4c7c32d4f71b54bda02913,USDC,8214390.979,8218234.84
optimism,11/8/2025,0x4200000000000000000000000000000000000006,WETH,606.7130298,2061578.413
optimism,11/8/2025,0x68f180fcce6836688e9084f035309e29bf0a2095,WBTC,1.73051721,177022.0476
optimism,11/8/2025,0x94b008aa00579c1307b0ef2c499ad98a8ce58e58,USDT,61576.8,61577.01531
optimism,11/8/2025,0x0b2c639c533813f4aa9d7837caf62653d097ff85,USDC,1622924.584,1623685.558
arbitrum,11/9/2025,0x2f2a2543b76a4166549f7aab2e75bef0aefc5b0f,WBTC,8.25823237,856660.3658
arbitrum,11/9/2025,0xaf88d065e77c8cc2239327c5edb3a432268e5831,USDC,13464395.43,13467907.53
arbitrum,11/9/2025,0x82af49447d8a07e3bd95bd0d56f35241523fbab1,WETH,1843.236101,6344027.417
arbitrum,11/9/2025,0xfd086bc7cd5c481dcc9c85ebe478a1c0b69fcbb9,USDT,2366885.535,2367415.962
base,11/9/2025,0x4200000000000000000000000000000000000006,WETH,3445.567317,12106280.32
base,11/9/2025,0xcbb7c0000ab88b473b1f5afd9ef808440eed33bf,cbBTC,48.917024,5051834.163
base,11/9/2025,0x833589fcd6edb6e08f4c7c32d4f71b54bda02913,USDC,10631302.7,10633521.86
optimism,11/9/2025,0x4200000000000000000000000000000000000006,WETH,253.7802571,885939
optimism,11/9/2025,0x94b008aa00579c1307b0ef2c499ad98a8ce58e58,USDT,59402.23698,59413.77035
optimism,11/9/2025,0x0b2c639c533813f4aa9d7837caf62653d097ff85,USDC,1172225.259,1172309.787
optimism,11/9/2025,0x68f180fcce6836688e9084f035309e29bf0a2095,WBTC,1.50687484,155656.742
arbitrum,11/10/2025,0xaf88d065e77c8cc2239327c5edb3a432268e5831,USDC,29785673.56,29791956.68
arbitrum,11/10/2025,0x82af49447d8a07e3bd95bd0d56f35241523fbab1,WETH,5657.382238,20179474.22
arbitrum,11/10/2025,0x2f2a2543b76a4166549f7aab2e75bef0aefc5b0f,WBTC,9.42202011,996543.7633
arbitrum,11/10/2025,0xfd086bc7cd5c481dcc9c85ebe478a1c0b69fcbb9,USDT,1850011.172,1850295.339
base,11/10/2025,0x833589fcd6edb6e08f4c7c32d4f71b54bda02913,USDC,22339351.1,22344596.89
base,11/10/2025,0xcbb7c0000ab88b473b1f5afd9ef808440eed33bf,cbBTC,61.75301021,6533407.676
base,11/10/2025,0x4200000000000000000000000000000000000006,WETH,4597.525365,16495650
optimism,11/10/2025,0x0b2c639c533813f4aa9d7837caf62653d097ff85,USDC,1132287.961,1132619.674
optimism,11/10/2025,0x94b008aa00579c1307b0ef2c499ad98a8ce58e58,USDT,117042.2336,117057.6778
optimism,11/10/2025,0x4200000000000000000000000000000000000006,WETH,261.1855097,941808.6611
optimism,11/10/2025,0x68f180fcce6836688e9084f035309e29bf0a2095,WBTC,4.0168616,425022.0793
arbitrum,11/11/2025,0xfd086bc7cd5c481dcc9c85ebe478a1c0b69fcbb9,USDT,941611.5573,941747.151
arbitrum,11/11/2025,0x2f2a2543b76a4166549f7aab2e75bef0aefc5b0f,WBTC,10.32842327,1082810.747
arbitrum,11/11/2025,0xaf88d065e77c8cc2239327c5edb3a432268e5831,USDC,25855559.97,25862833.48
arbitrum,11/11/2025,0x82af49447d8a07e3bd95bd0d56f35241523fbab1,WETH,2722.309811,9635741.102
base,11/11/2025,0xcbb7c0000ab88b473b1f5afd9ef808440eed33bf,cbBTC,67.35128648,7040843.423
base,11/11/2025,0x833589fcd6edb6e08f4c7c32d4f71b54bda02913,USDC,9505707.567,9509617.587
base,11/11/2025,0x4200000000000000000000000000000000000006,WETH,1498.199424,5262994.036
optimism,11/11/2025,0x4200000000000000000000000000000000000006,WETH,163.794248,581797.4358
optimism,11/11/2025,0x94b008aa00579c1307b0ef2c499ad98a8ce58e58,USDT,8284.658675,8286.417335
optimism,11/11/2025,0x68f180fcce6836688e9084f035309e29bf0a2095,WBTC,2.25642932,235357.202
optimism,11/11/2025,0x0b2c639c533813f4aa9d7837caf62653d097ff85,USDC,894062.5915,894423.3351
arbitrum,11/12/2025,0xaf88d065e77c8cc2239327c5edb3a432268e5831,USDC,16735584.6,16741019.02
arbitrum,11/12/2025,0xfd086bc7cd5c481dcc9c85ebe478a1c0b69fcbb9,USDT,4599583.963,4600424.293
arbitrum,11/12/2025,0x82af49447d8a07e3bd95bd0d56f35241523fbab1,WETH,1623.475764,5619096.468
arbitrum,11/12/2025,0x2f2a2543b76a4166549f7aab2e75bef0aefc5b0f,WBTC,34.80936329,3602554.743
base,11/12/2025,0x833589fcd6edb6e08f4c7c32d4f71b54bda02913,USDC,20679190.57,20687560.01
base,11/12/2025,0xcbb7c0000ab88b473b1f5afd9ef808440eed33bf,cbBTC,50.39838342,5189298.881
base,11/12/2025,0x4200000000000000000000000000000000000006,WETH,2041.630282,7020995.865
optimism,11/12/2025,0x68f180fcce6836688e9084f035309e29bf0a2095,WBTC,2.10736022,216456.1425
optimism,11/12/2025,0x94b008aa00579c1307b0ef2c499ad98a8ce58e58,USDT,19999.42088,20003.41881
optimism,11/12/2025,0x0b2c639c533813f4aa9d7837caf62653d097ff85,USDC,1276619.785,1277040.744
optimism,11/12/2025,0x4200000000000000000000000000000000000006,WETH,424.1436222,1464014.524
arbitrum,11/13/2025,0xfd086bc7cd5c481dcc9c85ebe478a1c0b69fcbb9,USDT,2077662.836,2078008.672
arbitrum,11/13/2025,0x82af49447d8a07e3bd95bd0d56f35241523fbab1,WETH,1233.422948,4139373.302
arbitrum,11/13/2025,0xaf88d065e77c8cc2239327c5edb3a432268e5831,USDC,20097506.83,20103786.8
arbitrum,11/13/2025,0x2f2a2543b76a4166549f7aab2e75bef0aefc5b0f,WBTC,19.1424857,1945799.293
base,11/13/2025,0x4200000000000000000000000000000000000006,WETH,2299.069959,7802008.284
base,11/13/2025,0xcbb7c0000ab88b473b1f5afd9ef808440eed33bf,cbBTC,651.8244304,66109763.2
base,11/13/2025,0x833589fcd6edb6e08f4c7c32d4f71b54bda02913,USDC,91537933.86,91582872.95
optimism,11/13/2025,0x68f180fcce6836688e9084f035309e29bf0a2095,WBTC,3.2592121,330367.2467
optimism,11/13/2025,0x94b008aa00579c1307b0ef2c499ad98a8ce58e58,USDT,23238.76271,23239.57235
optimism,11/13/2025,0x0b2c639c533813f4aa9d7837caf62653d097ff85,USDC,2204300.606,2204982.064
optimism,11/13/2025,0x4200000000000000000000000000000000000006,WETH,626.9186105,2174766.711
arbitrum,11/14/2025,0xfd086bc7cd5c481dcc9c85ebe478a1c0b69fcbb9,USDT,5715870.776,5715397.56
arbitrum,11/14/2025,0x82af49447d8a07e3bd95bd0d56f35241523fbab1,WETH,6465.037594,20347240.47
arbitrum,11/14/2025,0xaf88d065e77c8cc2239327c5edb3a432268e5831,USDC,34619667.74,34627224.93
arbitrum,11/14/2025,0x2f2a2543b76a4166549f7aab2e75bef0aefc5b0f,WBTC,20.54510559,1984357.931
base,11/14/2025,0xcbb7c0000ab88b473b1f5afd9ef808440eed33bf,cbBTC,833.9921362,80507699.67
base,11/14/2025,0x833589fcd6edb6e08f4c7c32d4f71b54bda02913,USDC,161661198.8,161724447.8
base,11/14/2025,0x4200000000000000000000000000000000000006,WETH,2615.917353,8300509.154
optimism,11/14/2025,0x94b008aa00579c1307b0ef2c499ad98a8ce58e58,USDT,186889.2642,186878.3868
optimism,11/14/2025,0x0b2c639c533813f4aa9d7837caf62653d097ff85,USDC,1089209.697,1089695.944
optimism,11/14/2025,0x68f180fcce6836688e9084f035309e29bf0a2095,WBTC,3.19031161,307561.927
optimism,11/14/2025,0x4200000000000000000000000000000000000006,WETH,82.54287349,263158.6895
arbitrum,11/15/2025,0x2f2a2543b76a4166549f7aab2e75bef0aefc5b0f,WBTC,8.02552129,766573.8902
arbitrum,11/15/2025,0xaf88d065e77c8cc2239327c5edb3a432268e5831,USDC,13155010.72,13161996.12
arbitrum,11/15/2025,0xfd086bc7cd5c481dcc9c85ebe478a1c0b69fcbb9,USDT,926542.6951,926598.5597
arbitrum,11/15/2025,0x82af49447d8a07e3bd95bd0d56f35241523fbab1,WETH,279.3785402,884188.7363
base,11/15/2025,0xcbb7c0000ab88b473b1f5afd9ef808440eed33bf,cbBTC,821.8306602,78822160.06
base,11/15/2025,0x4200000000000000000000000000000000000006,WETH,1649.841888,5242408.536
base,11/15/2025,0x833589fcd6edb6e08f4c7c32d4f71b54bda02913,USDC,108656167.1,108719284.9
optimism,11/15/2025,0x4200000000000000000000000000000000000006,WETH,129.9424402,409385.8266
optimism,11/15/2025,0x0b2c639c533813f4aa9d7837caf62653d097ff85,USDC,363660.5615,363824.1009
optimism,11/15/2025,0x68f180fcce6836688e9084f035309e29bf0a2095,WBTC,0.76213179,72875.9861
optimism,11/15/2025,0x94b008aa00579c1307b0ef2c499ad98a8ce58e58,USDT,10597.55,10598.15572
arbitrum,11/16/2025,0x2f2a2543b76a4166549f7aab2e75bef0aefc5b0f,WBTC,6.46411329,614460.9069
arbitrum,11/16/2025,0x82af49447d8a07e3bd95bd0d56f35241523fbab1,WETH,827.8052458,2574656.658
arbitrum,11/16/2025,0xfd086bc7cd5c481dcc9c85ebe478a1c0b69fcbb9,USDT,796766.4373,797111.9291
arbitrum,11/16/2025,0xaf88d065e77c8cc2239327c5edb3a432268e5831,USDC,19373368.96,19392610.18
base,11/16/2025,0xcbb7c0000ab88b473b1f5afd9ef808440eed33bf,cbBTC,450.0162686,43050286.9
base,11/16/2025,0x4200000000000000000000000000000000000006,WETH,1539.92868,4832067.96
base,11/16/2025,0x833589fcd6edb6e08f4c7c32d4f71b54bda02913,USDC,54934362.43,54988419.8
optimism,11/16/2025,0x0b2c639c533813f4aa9d7837caf62653d097ff85,USDC,345387.5978,345767.4917
optimism,11/16/2025,0x68f180fcce6836688e9084f035309e29bf0a2095,WBTC,2.80096441,264500.7104
optimism,11/16/2025,0x4200000000000000000000000000000000000006,WETH,24.55930882,78104.28816
optimism,11/16/2025,0x94b008aa00579c1307b0ef2c499ad98a8ce58e58,USDT,12451.0577,12456.11453
arbitrum,11/17/2025,0x2f2a2543b76a4166549f7aab2e75bef0aefc5b0f,WBTC,12.12043674,1137879.294
arbitrum,11/17/2025,0x82af49447d8a07e3bd95bd0d56f35241523fbab1,WETH,6709.330273,21252415.08
arbitrum,11/17/2025,0xaf88d065e77c8cc2239327c5edb3a432268e5831,USDC,18134084.07,18145559.3
arbitrum,11/17/2025,0xfd086bc7cd5c481dcc9c85ebe478a1c0b69fcbb9,USDT,1670192.926,1670801.621
base,11/17/2025,0x4200000000000000000000000000000000000006,WETH,789.3202823,2460346.413
base,11/17/2025,0xcbb7c0000ab88b473b1f5afd9ef808440eed33bf,cbBTC,2.31504877,217599.3915
base,11/17/2025,0x833589fcd6edb6e08f4c7c32d4f71b54bda02913,USDC,13444808.29,13457057.36
optimism,11/17/2025,0x4200000000000000000000000000000000000006,WETH,46.88848557,145525.4713
optimism,11/17/2025,0x0b2c639c533813f4aa9d7837caf62653d097ff85,USDC,980316.5178,980885.2331
optimism,11/17/2025,0x94b008aa00579c1307b0ef2c499ad98a8ce58e58,USDT,373450.7565,373342.4388
optimism,11/17/2025,0x68f180fcce6836688e9084f035309e29bf0a2095,WBTC,4.21345657,395736.351
arbitrum,11/18/2025,0xaf88d065e77c8cc2239327c5edb3a432268e5831,USDC,33354703.73,33371684.85
arbitrum,11/18/2025,0x82af49447d8a07e3bd95bd0d56f35241523fbab1,WETH,5910.762801,18039509.35
arbitrum,11/18/2025,0x2f2a2543b76a4166549f7aab2e75bef0aefc5b0f,WBTC,14.62182462,1332679.586
arbitrum,11/18/2025,0xfd086bc7cd5c481dcc9c85ebe478a1c0b69fcbb9,USDT,2997847.307,2997585.537
base,11/18/2025,0x833589fcd6edb6e08f4c7c32d4f71b54bda02913,USDC,16748021.38,16760006.92
base,11/18/2025,0x4200000000000000000000000000000000000006,WETH,1942.847304,5982672.314
base,11/18/2025,0xcbb7c0000ab88b473b1f5afd9ef808440eed33bf,cbBTC,88.22936994,8080838.758
optimism,11/18/2025,0x0b2c639c533813f4aa9d7837caf62653d097ff85,USDC,414890.2764,415109.3539
optimism,11/18/2025,0x94b008aa00579c1307b0ef2c499ad98a8ce58e58,USDT,46388.55476,46391.44337
optimism,11/18/2025,0x4200000000000000000000000000000000000006,WETH,137.2169208,428890.8499
optimism,11/18/2025,0x68f180fcce6836688e9084f035309e29bf0a2095,WBTC,2.91573905,266565.3095
arbitrum,11/19/2025,0xfd086bc7cd5c481dcc9c85ebe478a1c0b69fcbb9,USDT,2806674.962,2806416.479
arbitrum,11/19/2025,0x82af49447d8a07e3bd95bd0d56f35241523fbab1,WETH,10808.02233,33241829.45
arbitrum,11/19/2025,0xaf88d065e77c8cc2239327c5edb3a432268e5831,USDC,20752921.47,20761136.12
arbitrum,11/19/2025,0x2f2a2543b76a4166549f7aab2e75bef0aefc5b0f,WBTC,9.42112844,850630.0223
base,11/19/2025,0x4200000000000000000000000000000000000006,WETH,2584.384496,7828441.467
base,11/19/2025,0xcbb7c0000ab88b473b1f5afd9ef808440eed33bf,cbBTC,50.95756689,4665473.566
base,11/19/2025,0x833589fcd6edb6e08f4c7c32d4f71b54bda02913,USDC,17019459.57,17029284.87
optimism,11/19/2025,0x68f180fcce6836688e9084f035309e29bf0a2095,WBTC,3.26635614,294906.7065
optimism,11/19/2025,0x4200000000000000000000000000000000000006,WETH,21.54120929,64959.73628
optimism,11/19/2025,0x0b2c639c533813f4aa9d7837caf62653d097ff85,USDC,923076.4304,923618.865
optimism,11/19/2025,0x94b008aa00579c1307b0ef2c499ad98a8ce58e58,USDT,85012.39985,85013.72835
arbitrum,11/20/2025,0xaf88d065e77c8cc2239327c5edb3a432268e5831,USDC,20853498.7,20863291.85
arbitrum,11/20/2025,0x82af49447d8a07e3bd95bd0d56f35241523fbab1,WETH,2091.599194,6149678.405
arbitrum,11/20/2025,0x2f2a2543b76a4166549f7aab2e75bef0aefc5b0f,WBTC,9.00497655,811776.2475
arbitrum,11/20/2025,0xfd086bc7cd5c481dcc9c85ebe478a1c0b69fcbb9,USDT,3196521.363,3195448.979
base,11/20/2025,0x833589fcd6edb6e08f4c7c32d4f71b54bda02913,USDC,22484287.48,22495597.89
base,11/20/2025,0x4200000000000000000000000000000000000006,WETH,2434.869031,7150123.029
base,11/20/2025,0xcbb7c0000ab88b473b1f5afd9ef808440eed33bf,cbBTC,10.81507889,965741.7113
optimism,11/20/2025,0x0b2c639c533813f4aa9d7837caf62653d097ff85,USDC,1265446.715,1266090.618
optimism,11/20/2025,0x68f180fcce6836688e9084f035309e29bf0a2095,WBTC,4.05214928,361841.9595
optimism,11/20/2025,0x4200000000000000000000000000000000000006,WETH,44.43408411,129271.1507
optimism,11/20/2025,0x94b008aa00579c1307b0ef2c499ad98a8ce58e58,USDT,112957.4408,112904.2949
arbitrum,11/21/2025,0xfd086bc7cd5c481dcc9c85ebe478a1c0b69fcbb9,USDT,6221459.716,6217504.894
arbitrum,11/21/2025,0x82af49447d8a07e3bd95bd0d56f35241523fbab1,WETH,3076.209497,8387073.148
arbitrum,11/21/2025,0x2f2a2543b76a4166549f7aab2e75bef0aefc5b0f,WBTC,11.68538483,979017.4067
arbitrum,11/21/2025,0xaf88d065e77c8cc2239327c5edb3a432268e5831,USDC,49545837.51,49562890.26
base,11/21/2025,0x833589fcd6edb6e08f4c7c32d4f71b54bda02913,USDC,20684212.77,20692796.69
base,11/21/2025,0xcbb7c0000ab88b473b1f5afd9ef808440eed33bf,cbBTC,9.50114634,801796.5501
base,11/21/2025,0x4200000000000000000000000000000000000006,WETH,1971.352237,5422890.33
optimism,11/21/2025,0x4200000000000000000000000000000000000006,WETH,451.9611452,1240043.308
optimism,11/21/2025,0x68f180fcce6836688e9084f035309e29bf0a2095,WBTC,10.6066069,893481.4331
optimism,11/21/2025,0x94b008aa00579c1307b0ef2c499ad98a8ce58e58,USDT,106721.34,106656.0304
optimism,11/21/2025,0x0b2c639c533813f4aa9d7837caf62653d097ff85,USDC,1919780.477,1920583.466
arbitrum,11/22/2025,0xaf88d065e77c8cc2239327c5edb3a432268e5831,USDC,14699115.18,14704989
arbitrum,11/22/2025,0x82af49447d8a07e3bd95bd0d56f35241523fbab1,WETH,227.6265207,622160.3064
arbitrum,11/22/2025,0xfd086bc7cd5c481dcc9c85ebe478a1c0b69fcbb9,USDT,689609.3343,689480.452
arbitrum,11/22/2025,0x2f2a2543b76a4166549f7aab2e75bef0aefc5b0f,WBTC,3.28659992,276592.6731
base,11/22/2025,0xcbb7c0000ab88b473b1f5afd9ef808440eed33bf,cbBTC,87.76439578,7404790.691
base,11/22/2025,0x833589fcd6edb6e08f4c7c32d4f71b54bda02913,USDC,15680333.53,15686464.6
base,11/22/2025,0x4200000000000000000000000000000000000006,WETH,845.7138925,2322949.838
optimism,11/22/2025,0x0b2c639c533813f4aa9d7837caf62653d097ff85,USDC,3725124.788,3726425.788
optimism,11/22/2025,0x4200000000000000000000000000000000000006,WETH,64.42785921,176684.0898
optimism,11/22/2025,0x68f180fcce6836688e9084f035309e29bf0a2095,WBTC,0.06412345,5390.960598
optimism,11/22/2025,0x94b008aa00579c1307b0ef2c499ad98a8ce58e58,USDT,8942.245939,8941.745645
arbitrum,11/23/2025,0xfd086bc7cd5c481dcc9c85ebe478a1c0b69fcbb9,USDT,1484862.73,1485197.685
arbitrum,11/23/2025,0xaf88d065e77c8cc2239327c5edb3a432268e5831,USDC,17154010.92,17163192.52
arbitrum,11/23/2025,0x82af49447d8a07e3bd95bd0d56f35241523fbab1,WETH,306.7242488,864914.447
arbitrum,11/23/2025,0x2f2a2543b76a4166549f7aab2e75bef0aefc5b0f,WBTC,4.45878885,386269.9183
base,11/23/2025,0xcbb7c0000ab88b473b1f5afd9ef808440eed33bf,cbBTC,121.1697767,10500476.65
base,11/23/2025,0x833589fcd6edb6e08f4c7c32d4f71b54bda02913,USDC,27443063.32,27457781.53
base,11/23/2025,0x4200000000000000000000000000000000000006,WETH,2465.171721,6970524.65
optimism,11/23/2025,0x4200000000000000000000000000000000000006,WETH,79.65284362,224361.3885
optimism,11/23/2025,0x0b2c639c533813f4aa9d7837caf62653d097ff85,USDC,291236.3516,291401.1539
optimism,11/23/2025,0x68f180fcce6836688e9084f035309e29bf0a2095,WBTC,0.23657546,20610.73005
optimism,11/23/2025,0x94b008aa00579c1307b0ef2c499ad98a8ce58e58,USDT,36569.44334,36574.544
arbitrum,11/24/2025,0xfd086bc7cd5c481dcc9c85ebe478a1c0b69fcbb9,USDT,1402664.681,1402870.735
arbitrum,11/24/2025,0x2f2a2543b76a4166549f7aab2e75bef0aefc5b0f,WBTC,5.58363658,486481.8806
arbitrum,11/24/2025,0x82af49447d8a07e3bd95bd0d56f35241523fbab1,WETH,1814.996125,5157052.23
arbitrum,11/24/2025,0xaf88d065e77c8cc2239327c5edb3a432268e5831,USDC,14797140.39,14801068.31
base,11/24/2025,0x833589fcd6edb6e08f4c7c32d4f71b54bda02913,USDC,15485728.64,15491060.5
base,11/24/2025,0x4200000000000000000000000000000000000006,WETH,2498.725803,7117601.188
base,11/24/2025,0xcbb7c0000ab88b473b1f5afd9ef808440eed33bf,cbBTC,144.002533,12569170.44
optimism,11/24/2025,0x94b008aa00579c1307b0ef2c499ad98a8ce58e58,USDT,27397.47769,27403.64289
optimism,11/24/2025,0x4200000000000000000000000000000000000006,WETH,155.1194988,447419.8843
optimism,11/24/2025,0x0b2c639c533813f4aa9d7837caf62653d097ff85,USDC,1729644.554,1730269.875
optimism,11/24/2025,0x68f180fcce6836688e9084f035309e29bf0a2095,WBTC,0.12816399,11189.64441
arbitrum,11/25/2025,0x2f2a2543b76a4166549f7aab2e75bef0aefc5b0f,WBTC,35.47678936,3103130.593
arbitrum,11/25/2025,0xaf88d065e77c8cc2239327c5edb3a432268e5831,USDC,31485336.1,31491249.64
arbitrum,11/25/2025,0xfd086bc7cd5c481dcc9c85ebe478a1c0b69fcbb9,USDT,857347.855,857469.0605
arbitrum,11/25/2025,0x82af49447d8a07e3bd95bd0d56f35241523fbab1,WETH,1719.104723,5016439.75
base,11/25/2025,0x4200000000000000000000000000000000000006,WETH,6009.889532,17542849.06
base,11/25/2025,0x833589fcd6edb6e08f4c7c32d4f71b54bda02913,USDC,15099123.6,15103304.08
base,11/25/2025,0xcbb7c0000ab88b473b1f5afd9ef808440eed33bf,cbBTC,161.9628843,14158777.21
optimism,11/25/2025,0x68f180fcce6836688e9084f035309e29bf0a2095,WBTC,0.01155075,1007.616855
optimism,11/25/2025,0x4200000000000000000000000000000000000006,WETH,101.2321411,295438.745
optimism,11/25/2025,0x0b2c639c533813f4aa9d7837caf62653d097ff85,USDC,847277.0021,847454.091
optimism,11/25/2025,0x94b008aa00579c1307b0ef2c499ad98a8ce58e58,USDT,41476.08085,41483.3913
arbitrum,11/26/2025,0xfd086bc7cd5c481dcc9c85ebe478a1c0b69fcbb9,USDT,2256300.904,2256719.643
arbitrum,11/26/2025,0x82af49447d8a07e3bd95bd0d56f35241523fbab1,WETH,5059.131108,14873840.67
arbitrum,11/26/2025,0x2f2a2543b76a4166549f7aab2e75bef0aefc5b0f,WBTC,10.85165454,961312.3753
arbitrum,11/26/2025,0xaf88d065e77c8cc2239327c5edb3a432268e5831,USDC,16287035.6,16292086.75
base,11/26/2025,0xcbb7c0000ab88b473b1f5afd9ef808440eed33bf,cbBTC,158.6393805,13953617.73
base,11/26/2025,0x833589fcd6edb6e08f4c7c32d4f71b54bda02913,USDC,24245390.39,24253488.96
base,11/26/2025,0x4200000000000000000000000000000000000006,WETH,1439.615628,4280403.717
optimism,11/26/2025,0x4200000000000000000000000000000000000006,WETH,105.5873471,311847.0614
optimism,11/26/2025,0x94b008aa00579c1307b0ef2c499ad98a8ce58e58,USDT,71847.78932,71863.81331
optimism,11/26/2025,0x0b2c639c533813f4aa9d7837caf62653d097ff85,USDC,612573.7514,612790.3639
optimism,11/26/2025,0x68f180fcce6836688e9084f035309e29bf0a2095,WBTC,0.19800543,17370.90212
arbitrum,11/27/2025,0x82af49447d8a07e3bd95bd0d56f35241523fbab1,WETH,5090.102305,15408134.73
arbitrum,11/27/2025,0x2f2a2543b76a4166549f7aab2e75bef0aefc5b0f,WBTC,2.98276689,271964.7848
arbitrum,11/27/2025,0xfd086bc7cd5c481dcc9c85ebe478a1c0b69fcbb9,USDT,2786404.218,2787189.046
arbitrum,11/27/2025,0xaf88d065e77c8cc2239327c5edb3a432268e5831,USDC,31409706.28,31418341
base,11/27/2025,0x4200000000000000000000000000000000000006,WETH,1959.877184,5920974.884
base,11/27/2025,0xcbb7c0000ab88b473b1f5afd9ef808440eed33bf,cbBTC,68.87019254,6282509.383
base,11/27/2025,0x833589fcd6edb6e08f4c7c32d4f71b54bda02913,USDC,33910069.24,33919694.36
optimism,11/27/2025,0x68f180fcce6836688e9084f035309e29bf0a2095,WBTC,1.00861961,91904.13781
optimism,11/27/2025,0x4200000000000000000000000000000000000006,WETH,119.6337982,362864.9652
optimism,11/27/2025,0x0b2c639c533813f4aa9d7837caf62653d097ff85,USDC,663426.5311,663591.006
optimism,11/27/2025,0x94b008aa00579c1307b0ef2c499ad98a8ce58e58,USDT,19574.20218,19578.39548
arbitrum,11/28/2025,0x82af49447d8a07e3bd95bd0d56f35241523fbab1,WETH,6875.856589,21011498.34
arbitrum,11/28/2025,0xfd086bc7cd5c481dcc9c85ebe478a1c0b69fcbb9,USDT,3921346.456,3923631.14
arbitrum,11/28/2025,0xaf88d065e77c8cc2239327c5edb3a432268e5831,USDC,20761498.47,20771288.12
arbitrum,11/28/2025,0x2f2a2543b76a4166549f7aab2e75bef0aefc5b0f,WBTC,4.97902471,454103.8456
base,11/28/2025,0xcbb7c0000ab88b473b1f5afd9ef808440eed33bf,cbBTC,89.08184306,8169516.955
base,11/28/2025,0x4200000000000000000000000000000000000006,WETH,975.082824,2955745.912
base,11/28/2025,0x833589fcd6edb6e08f4c7c32d4f71b54bda02913,USDC,29939803.86,29952556.03
optimism,11/28/2025,0x68f180fcce6836688e9084f035309e29bf0a2095,WBTC,0.0386424,3530.49634
optimism,11/28/2025,0x4200000000000000000000000000000000000006,WETH,51.05358354,155466.4446
optimism,11/28/2025,0x0b2c639c533813f4aa9d7837caf62653d097ff85,USDC,478958.1951,479158.4081
optimism,11/28/2025,0x94b008aa00579c1307b0ef2c499ad98a8ce58e58,USDT,14312.59875,14320.63795
arbitrum,11/29/2025,0x82af49447d8a07e3bd95bd0d56f35241523fbab1,WETH,977.835963,2931451.194
arbitrum,11/29/2025,0x2f2a2543b76a4166549f7aab2e75bef0aefc5b0f,WBTC,3.01038734,272677.3499
arbitrum,11/29/2025,0xaf88d065e77c8cc2239327c5edb3a432268e5831,USDC,4981687.501,4984090.985
arbitrum,11/29/2025,0xfd086bc7cd5c481dcc9c85ebe478a1c0b69fcbb9,USDT,2623905.453,2625674.299
base,11/29/2025,0x4200000000000000000000000000000000000006,WETH,1153.067817,3466889.7
base,11/29/2025,0x833589fcd6edb6e08f4c7c32d4f71b54bda02913,USDC,8895955.498,8900785.239
base,11/29/2025,0xcbb7c0000ab88b473b1f5afd9ef808440eed33bf,cbBTC,40.38869048,3665958.716
optimism,11/29/2025,0x4200000000000000000000000000000000000006,WETH,15.31544407,46000.13165
optimism,11/29/2025,0x68f180fcce6836688e9084f035309e29bf0a2095,WBTC,0.17414619,15773.04345
optimism,11/29/2025,0x0b2c639c533813f4aa9d7837caf62653d097ff85,USDC,341447.625,341652.8797
optimism,11/29/2025,0x94b008aa00579c1307b0ef2c499ad98a8ce58e58,USDT,17634.21294,17648.23106
arbitrum,11/30/2025,0xaf88d065e77c8cc2239327c5edb3a432268e5831,USDC,4548859.374,4551514.566
arbitrum,11/30/2025,0x2f2a2543b76a4166549f7aab2e75bef0aefc5b0f,WBTC,2.25867223,206460.9819
arbitrum,11/30/2025,0x82af49447d8a07e3bd95bd0d56f35241523fbab1,WETH,1825.636817,5502792.437
arbitrum,11/30/2025,0xfd086bc7cd5c481dcc9c85ebe478a1c0b69fcbb9,USDT,1070516.881,1071552.355
base,11/30/2025,0x833589fcd6edb6e08f4c7c32d4f71b54bda02913,USDC,9280217.568,9285652.865
base,11/30/2025,0x4200000000000000000000000000000000000006,WETH,3582.355533,10824137.78
base,11/30/2025,0xcbb7c0000ab88b473b1f5afd9ef808440eed33bf,cbBTC,38.93982772,3555178.235
optimism,11/30/2025,0x68f180fcce6836688e9084f035309e29bf0a2095,WBTC,0.03837747,3478.801306
optimism,11/30/2025,0x4200000000000000000000000000000000000006,WETH,29.38422156,88897.88487
optimism,11/30/2025,0x0b2c639c533813f4aa9d7837caf62653d097ff85,USDC,1321005.046,1321620.661
optimism,11/30/2025,0x94b008aa00579c1307b0ef2c499ad98a8ce58e58,USDT,41010.05954,41047.57461
arbitrum,12/1/2025,0x2f2a2543b76a4166549f7aab2e75bef0aefc5b0f,WBTC,17.49850915,1505759.956
arbitrum,12/1/2025,0x82af49447d8a07e3bd95bd0d56f35241523fbab1,WETH,2899.711967,8221288.563
arbitrum,12/1/2025,0xfd086bc7cd5c481dcc9c85ebe478a1c0b69fcbb9,USDT,11480037.35,11486674.79
arbitrum,12/1/2025,0xaf88d065e77c8cc2239327c5edb3a432268e5831,USDC,9039173.192,9043406.822
base,12/1/2025,0x833589fcd6edb6e08f4c7c32d4f71b54bda02913,USDC,85674420.73,85715378.84
base,12/1/2025,0x4200000000000000000000000000000000000006,WETH,3793.451381,10667492.96
base,12/1/2025,0xcbb7c0000ab88b473b1f5afd9ef808440eed33bf,cbBTC,198.621841,17111241.52
optimism,12/1/2025,0x68f180fcce6836688e9084f035309e29bf0a2095,WBTC,1.50965654,131523.1581
optimism,12/1/2025,0x0b2c639c533813f4aa9d7837caf62653d097ff85,USDC,1304353.736,1304966.615
optimism,12/1/2025,0x94b008aa00579c1307b0ef2c499ad98a8ce58e58,USDT,48882.19448,48903.68034
optimism,12/1/2025,0x4200000000000000000000000000000000000006,WETH,91.21137292,255139.2588
arbitrum,12/2/2025,0xfd086bc7cd5c481dcc9c85ebe478a1c0b69fcbb9,USDT,987280.7874,987707.4622
arbitrum,12/2/2025,0xaf88d065e77c8cc2239327c5edb3a432268e5831,USDC,18854973.05,18858755.42
arbitrum,12/2/2025,0x82af49447d8a07e3bd95bd0d56f35241523fbab1,WETH,6553.168798,19042935.24
arbitrum,12/2/2025,0x2f2a2543b76a4166549f7aab2e75bef0aefc5b0f,WBTC,5.76638894,515892.4297
base,12/2/2025,0x833589fcd6edb6e08f4c7c32d4f71b54bda02913,USDC,66998406.58,67016774.24
base,12/2/2025,0x4200000000000000000000000000000000000006,WETH,3069.82122,9023950.503
base,12/2/2025,0xcbb7c0000ab88b473b1f5afd9ef808440eed33bf,cbBTC,123.5082646,11019712.26
optimism,12/2/2025,0x94b008aa00579c1307b0ef2c499ad98a8ce58e58,USDT,85532.68539,85573.7737
optimism,12/2/2025,0x0b2c639c533813f4aa9d7837caf62653d097ff85,USDC,731319.4875,731482.5167
optimism,12/2/2025,0x4200000000000000000000000000000000000006,WETH,58.88652288,172578.5631
optimism,12/2/2025,0x68f180fcce6836688e9084f035309e29bf0a2095,WBTC,0.46708184,42409.95053
arbitrum,12/3/2025,0xfd086bc7cd5c481dcc9c85ebe478a1c0b69fcbb9,USDT,2127416.353,2128289.652
arbitrum,12/3/2025,0x2f2a2543b76a4166549f7aab2e75bef0aefc5b0f,WBTC,21.51114072,1997539.735
arbitrum,12/3/2025,0xaf88d065e77c8cc2239327c5edb3a432268e5831,USDC,19126802.9,19128174.02
arbitrum,12/3/2025,0x82af49447d8a07e3bd95bd0d56f35241523fbab1,WETH,7294.426895,22304391.39
base,12/3/2025,0xcbb7c0000ab88b473b1f5afd9ef808440eed33bf,cbBTC,164.0692844,15252269.02
base,12/3/2025,0x833589fcd6edb6e08f4c7c32d4f71b54bda02913,USDC,57346103.35,57349334.69
base,12/3/2025,0x4200000000000000000000000000000000000006,WETH,1950.807787,6043338.748
optimism,12/3/2025,0x4200000000000000000000000000000000000006,WETH,84.74313238,262678.9328
optimism,12/3/2025,0x0b2c639c533813f4aa9d7837caf62653d097ff85,USDC,1941408.901,1941470.999
optimism,12/3/2025,0x68f180fcce6836688e9084f035309e29bf0a2095,WBTC,0.10526157,9758.381313
optimism,12/3/2025,0x94b008aa00579c1307b0ef2c499ad98a8ce58e58,USDT,43593.15893,43601.01859
arbitrum,12/4/2025,0xfd086bc7cd5c481dcc9c85ebe478a1c0b69fcbb9,USDT,791008.0202,791342.9314
arbitrum,12/4/2025,0x82af49447d8a07e3bd95bd0d56f35241523fbab1,WETH,7729.635589,24607977.4
arbitrum,12/4/2025,0xaf88d065e77c8cc2239327c5edb3a432268e5831,USDC,27392773.3,27393915.99
arbitrum,12/4/2025,0x2f2a2543b76a4166549f7aab2e75bef0aefc5b0f,WBTC,6.57301055,609265.7024
base,12/4/2025,0x4200000000000000000000000000000000000006,WETH,3866.068185,12274904.03
base,12/4/2025,0xcbb7c0000ab88b473b1f5afd9ef808440eed33bf,cbBTC,216.2742856,20067806.92
base,12/4/2025,0x833589fcd6edb6e08f4c7c32d4f71b54bda02913,USDC,41548784.57,41554362.2
optimism,12/4/2025,0x0b2c639c533813f4aa9d7837caf62653d097ff85,USDC,544903.9365,544947.4991
optimism,12/4/2025,0x68f180fcce6836688e9084f035309e29bf0a2095,WBTC,0.002201,204.7111004
optimism,12/4/2025,0x4200000000000000000000000000000000000006,WETH,64.90512952,206062.4606
optimism,12/4/2025,0x94b008aa00579c1307b0ef2c499ad98a8ce58e58,USDT,18229,18234.42255
arbitrum,12/5/2025,0xfd086bc7cd5c481dcc9c85ebe478a1c0b69fcbb9,USDT,927445.9741,927961.9063
arbitrum,12/5/2025,0x2f2a2543b76a4166549f7aab2e75bef0aefc5b0f,WBTC,22.64179747,2052884.21
arbitrum,12/5/2025,0x82af49447d8a07e3bd95bd0d56f35241523fbab1,WETH,1220.852919,3762372.316
arbitrum,12/5/2025,0xaf88d065e77c8cc2239327c5edb3a432268e5831,USDC,11567129.98,11570321.83
base,12/5/2025,0xcbb7c0000ab88b473b1f5afd9ef808440eed33bf,cbBTC,185.6344258,16884037.3
base,12/5/2025,0x833589fcd6edb6e08f4c7c32d4f71b54bda02913,USDC,59177431.22,59194975.28
base,12/5/2025,0x4200000000000000000000000000000000000006,WETH,4992.100131,15363997.42
optimism,12/5/2025,0x68f180fcce6836688e9084f035309e29bf0a2095,WBTC,1.04030916,92990.13031
optimism,12/5/2025,0x94b008aa00579c1307b0ef2c499ad98a8ce58e58,USDT,142190.6613,142299.5197
optimism,12/5/2025,0x4200000000000000000000000000000000000006,WETH,75.85812987,234618.4214
optimism,12/5/2025,0x0b2c639c533813f4aa9d7837caf62653d097ff85,USDC,1963147.753,1963771.435
arbitrum,12/6/2025,0x82af49447d8a07e3bd95bd0d56f35241523fbab1,WETH,319.2114707,968582.9444
arbitrum,12/6/2025,0xaf88d065e77c8cc2239327c5edb3a432268e5831,USDC,4918317.812,4919895.665
arbitrum,12/6/2025,0xfd086bc7cd5c481dcc9c85ebe478a1c0b69fcbb9,USDT,1560083.819,1561093.845
arbitrum,12/6/2025,0x2f2a2543b76a4166549f7aab2e75bef0aefc5b0f,WBTC,5.79811842,518906.1076
base,12/6/2025,0xcbb7c0000ab88b473b1f5afd9ef808440eed33bf,cbBTC,66.39648472,5951468.377
base,12/6/2025,0x4200000000000000000000000000000000000006,WETH,6319.816277,19192230.73
base,12/6/2025,0x833589fcd6edb6e08f4c7c32d4f71b54bda02913,USDC,41088962,41101576.62
optimism,12/6/2025,0x68f180fcce6836688e9084f035309e29bf0a2095,WBTC,0.02212,1982.179054
optimism,12/6/2025,0x4200000000000000000000000000000000000006,WETH,28.04482215,85309.39665
optimism,12/6/2025,0x0b2c639c533813f4aa9d7837caf62653d097ff85,USDC,1211485.94,1211874.809
optimism,12/6/2025,0x94b008aa00579c1307b0ef2c499ad98a8ce58e58,USDT,5243.22,5246.370863
arbitrum,12/7/2025,0xaf88d065e77c8cc2239327c5edb3a432268e5831,USDC,6540996.964,6543652.99
arbitrum,12/7/2025,0xfd086bc7cd5c481dcc9c85ebe478a1c0b69fcbb9,USDT,605663.3983,606133.5048
arbitrum,12/7/2025,0x82af49447d8a07e3bd95bd0d56f35241523fbab1,WETH,7520.010273,22921029.8
arbitrum,12/7/2025,0x2f2a2543b76a4166549f7aab2e75bef0aefc5b0f,WBTC,10.60814178,958093.5162
base,12/7/2025,0x833589fcd6edb6e08f4c7c32d4f71b54bda02913,USDC,37420155.3,37441795.48
base,12/7/2025,0xcbb7c0000ab88b473b1f5afd9ef808440eed33bf,cbBTC,111.1204381,10030649.34
base,12/7/2025,0x4200000000000000000000000000000000000006,WETH,7758.868155,23691754.6
optimism,12/7/2025,0x4200000000000000000000000000000000000006,WETH,10.07150982,31175.99647
optimism,12/7/2025,0x68f180fcce6836688e9084f035309e29bf0a2095,WBTC,1.31142715,117899.0367
optimism,12/7/2025,0x94b008aa00579c1307b0ef2c499ad98a8ce58e58,USDT,8793.707039,8799.256954
optimism,12/7/2025,0x0b2c639c533813f4aa9d7837caf62653d097ff85,USDC,684427.1567,684822.5226
arbitrum,12/8/2025,0x2f2a2543b76a4166549f7aab2e75bef0aefc5b0f,WBTC,14.62825628,1332971.606
arbitrum,12/8/2025,0xaf88d065e77c8cc2239327c5edb3a432268e5831,USDC,11209556.53,11211703.77
arbitrum,12/8/2025,0xfd086bc7cd5c481dcc9c85ebe478a1c0b69fcbb9,USDT,1199978.317,1200433.343
arbitrum,12/8/2025,0x82af49447d8a07e3bd95bd0d56f35241523fbab1,WETH,3367.817981,10560736.67
base,12/8/2025,0x833589fcd6edb6e08f4c7c32d4f71b54bda02913,USDC,51292391.46,51308445.31
base,12/8/2025,0xcbb7c0000ab88b473b1f5afd9ef808440eed33bf,cbBTC,373.3045442,33960293.57
base,12/8/2025,0x4200000000000000000000000000000000000006,WETH,10405.03356,32454329.48
optimism,12/8/2025,0x94b008aa00579c1307b0ef2c499ad98a8ce58e58,USDT,23485.52371,23490.99602
optimism,12/8/2025,0x4200000000000000000000000000000000000006,WETH,7.7819669,24331.92387
optimism,12/8/2025,0x0b2c639c533813f4aa9d7837caf62653d097ff85,USDC,1695859.87,1696268.221
optimism,12/8/2025,0x68f180fcce6836688e9084f035309e29bf0a2095,WBTC,2.35006518,213127.0528
arbitrum,12/9/2025,0xaf88d065e77c8cc2239327c5edb3a432268e5831,USDC,18059217.03,18061075.92
arbitrum,12/9/2025,0x82af49447d8a07e3bd95bd0d56f35241523fbab1,WETH,1166.709314,3776984.167
arbitrum,12/9/2025,0xfd086bc7cd5c481dcc9c85ebe478a1c0b69fcbb9,USDT,5652175.446,5653856.307
arbitrum,12/9/2025,0x2f2a2543b76a4166549f7aab2e75bef0aefc5b0f,WBTC,17.89814077,1642794.376
base,12/9/2025,0xcbb7c0000ab88b473b1f5afd9ef808440eed33bf,cbBTC,273.0861586,25025274.76
base,12/9/2025,0x833589fcd6edb6e08f4c7c32d4f71b54bda02913,USDC,56362202.52,56370270.71
base,12/9/2025,0x4200000000000000000000000000000000000006,WETH,9309.773938,29705950.89
optimism,12/9/2025,0x0b2c639c533813f4aa9d7837caf62653d097ff85,USDC,4228226.795,4228978.49
optimism,12/9/2025,0x4200000000000000000000000000000000000006,WETH,202.5808775,676717.2968
optimism,12/9/2025,0x68f180fcce6836688e9084f035309e29bf0a2095,WBTC,4.03685274,373596.4167
optimism,12/9/2025,0x94b008aa00579c1307b0ef2c499ad98a8ce58e58,USDT,27487.51741,27492.11782
arbitrum,12/10/2025,0x2f2a2543b76a4166549f7aab2e75bef0aefc5b0f,WBTC,7.58472766,700394.1653
arbitrum,12/10/2025,0x82af49447d8a07e3bd95bd0d56f35241523fbab1,WETH,412.6829382,1379422.659
arbitrum,12/10/2025,0xfd086bc7cd5c481dcc9c85ebe478a1c0b69fcbb9,USDT,3211999.752,3212929.262
arbitrum,12/10/2025,0xaf88d065e77c8cc2239327c5edb3a432268e5831,USDC,23429843.45,23431982.08
base,12/10/2025,0xcbb7c0000ab88b473b1f5afd9ef808440eed33bf,cbBTC,285.6209139,26416721.32
base,12/10/2025,0x4200000000000000000000000000000000000006,WETH,8935.483692,29781232.37
base,12/10/2025,0x833589fcd6edb6e08f4c7c32d4f71b54bda02913,USDC,50351707.27,50358840.67
optimism,12/10/2025,0x68f180fcce6836688e9084f035309e29bf0a2095,WBTC,0.71087964,65554.61156
optimism,12/10/2025,0x94b008aa00579c1307b0ef2c499ad98a8ce58e58,USDT,146149.6924,146182.1751
optimism,12/10/2025,0x4200000000000000000000000000000000000006,WETH,189.5254354,632617.7905
optimism,12/10/2025,0x0b2c639c533813f4aa9d7837caf62653d097ff85,USDC,1938974.526,1939228.663
arbitrum,12/11/2025,0x2f2a2543b76a4166549f7aab2e75bef0aefc5b0f,WBTC,13.15603951,1184242.957
arbitrum,12/11/2025,0x82af49447d8a07e3bd95bd0d56f35241523fbab1,WETH,730.275791,2345868.115
arbitrum,12/11/2025,0xfd086bc7cd5c481dcc9c85ebe478a1c0b69fcbb9,USDT,1142769.932,1143178.983
arbitrum,12/11/2025,0xaf88d065e77c8cc2239327c5edb3a432268e5831,USDC,13084216.77,13085963.22
base,12/11/2025,0x833589fcd6edb6e08f4c7c32d4f71b54bda02913,USDC,54072998.08,54082854.6
base,12/11/2025,0x4200000000000000000000000000000000000006,WETH,7092.788333,22782589.4
base,12/11/2025,0xcbb7c0000ab88b473b1f5afd9ef808440eed33bf,cbBTC,413.567208,37516653.87
optimism,12/11/2025,0x4200000000000000000000000000000000000006,WETH,79.04368868,253095.5017
optimism,12/11/2025,0x94b008aa00579c1307b0ef2c499ad98a8ce58e58,USDT,20353.34362,20355.42256
optimism,12/11/2025,0x0b2c639c533813f4aa9d7837caf62653d097ff85,USDC,1040798.363,1040941.506
optimism,12/11/2025,0x68f180fcce6836688e9084f035309e29bf0a2095,WBTC,0.18582925,16853.85561
arbitrum,12/12/2025,0xaf88d065e77c8cc2239327c5edb3a432268e5831,USDC,14281559.07,14283511.8
arbitrum,12/12/2025,0x82af49447d8a07e3bd95bd0d56f35241523fbab1,WETH,412.7755561,1306200.178
arbitrum,12/12/2025,0xfd086bc7cd5c481dcc9c85ebe478a1c0b69fcbb9,USDT,614149.3491,614371.0861
arbitrum,12/12/2025,0x2f2a2543b76a4166549f7aab2e75bef0aefc5b0f,WBTC,13.49305382,1240148.846
base,12/12/2025,0x4200000000000000000000000000000000000006,WETH,5367.369043,16937819.45
base,12/12/2025,0xcbb7c0000ab88b473b1f5afd9ef808440eed33bf,cbBTC,201.4523337,18452269.49
base,12/12/2025,0x833589fcd6edb6e08f4c7c32d4f71b54bda02913,USDC,43826883.37,43833909.48
optimism,12/12/2025,0x0b2c639c533813f4aa9d7837caf62653d097ff85,USDC,1598600.346,1598937.97
optimism,12/12/2025,0x94b008aa00579c1307b0ef2c499ad98a8ce58e58,USDT,8702.201411,8706.139415
optimism,12/12/2025,0x4200000000000000000000000000000000000006,WETH,38.22897235,120607.1883
optimism,12/12/2025,0x68f180fcce6836688e9084f035309e29bf0a2095,WBTC,0.03725655,3373.05051
arbitrum,12/13/2025,0x2f2a2543b76a4166549f7aab2e75bef0aefc5b0f,WBTC,12.91799214,1166013.362
arbitrum,12/13/2025,0xfd086bc7cd5c481dcc9c85ebe478a1c0b69fcbb9,USDT,1260950.45,1261385.965
arbitrum,12/13/2025,0xaf88d065e77c8cc2239327c5edb3a432268e5831,USDC,6482336.533,6484148.835
arbitrum,12/13/2025,0x82af49447d8a07e3bd95bd0d56f35241523fbab1,WETH,240.9383673,748354.4504
base,12/13/2025,0x4200000000000000000000000000000000000006,WETH,3175.008403,9863894.24
base,12/13/2025,0x833589fcd6edb6e08f4c7c32d4f71b54bda02913,USDC,16014319.18,16019096.68
base,12/13/2025,0xcbb7c0000ab88b473b1f5afd9ef808440eed33bf,cbBTC,71.10697261,6423239.951
optimism,12/13/2025,0x4200000000000000000000000000000000000006,WETH,67.28237798,208736.9639
optimism,12/13/2025,0x94b008aa00579c1307b0ef2c499ad98a8ce58e58,USDT,20385,20396.00264
optimism,12/13/2025,0x0b2c639c533813f4aa9d7837caf62653d097ff85,USDC,1462322.181,1462866.466
optimism,12/13/2025,0x68f180fcce6836688e9084f035309e29bf0a2095,WBTC,0.0829212,7456.728469
arbitrum,12/14/2025,0x82af49447d8a07e3bd95bd0d56f35241523fbab1,WETH,496.5797702,1539891.822
arbitrum,12/14/2025,0xfd086bc7cd5c481dcc9c85ebe478a1c0b69fcbb9,USDT,400994.1522,401220.7237
arbitrum,12/14/2025,0xaf88d065e77c8cc2239327c5edb3a432268e5831,USDC,9723328.622,9726898.894
arbitrum,12/14/2025,0x2f2a2543b76a4166549f7aab2e75bef0aefc5b0f,WBTC,4.65917353,414318.958
base,12/14/2025,0x833589fcd6edb6e08f4c7c32d4f71b54bda02913,USDC,52622669.32,52639469.45
base,12/14/2025,0x4200000000000000000000000000000000000006,WETH,3999.276147,12382755.73
base,12/14/2025,0xcbb7c0000ab88b473b1f5afd9ef808440eed33bf,cbBTC,237.701224,21190676.8
optimism,12/14/2025,0x4200000000000000000000000000000000000006,WETH,73.5879144,228190.8376
optimism,12/14/2025,0x68f180fcce6836688e9084f035309e29bf0a2095,WBTC,0.024353,2158.609254
optimism,12/14/2025,0x0b2c639c533813f4aa9d7837caf62653d097ff85,USDC,68467.60798,68482.14182
optimism,12/14/2025,0x94b008aa00579c1307b0ef2c499ad98a8ce58e58,USDT,4238.2,4240.621799
arbitrum,12/15/2025,0xaf88d065e77c8cc2239327c5edb3a432268e5831,USDC,21756872.89,21761049.13
arbitrum,12/15/2025,0x2f2a2543b76a4166549f7aab2e75bef0aefc5b0f,WBTC,9.93136503,873059.3281
arbitrum,12/15/2025,0x82af49447d8a07e3bd95bd0d56f35241523fbab1,WETH,2475.591168,7648324.905
arbitrum,12/15/2025,0xfd086bc7cd5c481dcc9c85ebe478a1c0b69fcbb9,USDT,2038254.555,2039059.516
base,12/15/2025,0xcbb7c0000ab88b473b1f5afd9ef808440eed33bf,cbBTC,339.5406147,29735293.38
base,12/15/2025,0x833589fcd6edb6e08f4c7c32d4f71b54bda02913,USDC,81919685.59,81938889.17
base,12/15/2025,0x4200000000000000000000000000000000000006,WETH,5608.101332,17144450.59
optimism,12/15/2025,0x0b2c639c533813f4aa9d7837caf62653d097ff85,USDC,416718.0953,416804.0528
optimism,12/15/2025,0x4200000000000000000000000000000000000006,WETH,68.43119827,207272.7965
optimism,12/15/2025,0x68f180fcce6836688e9084f035309e29bf0a2095,WBTC,0.09647788,8446.96594
optimism,12/15/2025,0x94b008aa00579c1307b0ef2c499ad98a8ce58e58,USDT,13084.40112,13089.68791
arbitrum,12/16/2025,0xfd086bc7cd5c481dcc9c85ebe478a1c0b69fcbb9,USDT,744607.0942,744737.3915
arbitrum,12/16/2025,0x2f2a2543b76a4166549f7aab2e75bef0aefc5b0f,WBTC,11.72283107,1009871.526
arbitrum,12/16/2025,0xaf88d065e77c8cc2239327c5edb3a432268e5831,USDC,26800499.16,26805408.52
arbitrum,12/16/2025,0x82af49447d8a07e3bd95bd0d56f35241523fbab1,WETH,719.043945,2114511.036
base,12/16/2025,0x833589fcd6edb6e08f4c7c32d4f71b54bda02913,USDC,90580675.02,90604589.89
base,12/16/2025,0x4200000000000000000000000000000000000006,WETH,7474.217058,22003226.32
base,12/16/2025,0xcbb7c0000ab88b473b1f5afd9ef808440eed33bf,cbBTC,350.9580248,30449818.31
optimism,12/16/2025,0x0b2c639c533813f4aa9d7837caf62653d097ff85,USDC,390271.9206,390317.3395
optimism,12/16/2025,0x68f180fcce6836688e9084f035309e29bf0a2095,WBTC,0.04431961,3837.199688
optimism,12/16/2025,0x4200000000000000000000000000000000000006,WETH,82.09788158,241511.735
optimism,12/16/2025,0x94b008aa00579c1307b0ef2c499ad98a8ce58e58,USDT,2808.37,2808.176063
arbitrum,12/17/2025,0xfd086bc7cd5c481dcc9c85ebe478a1c0b69fcbb9,USDT,1255198.852,1255368.754
arbitrum,12/17/2025,0x82af49447d8a07e3bd95bd0d56f35241523fbab1,WETH,2068.491415,5979198.191
arbitrum,12/17/2025,0x2f2a2543b76a4166549f7aab2e75bef0aefc5b0f,WBTC,15.38373529,1338657.387
arbitrum,12/17/2025,0xaf88d065e77c8cc2239327c5edb3a432268e5831,USDC,18360255.67,18366097.64
base,12/17/2025,0xcbb7c0000ab88b473b1f5afd9ef808440eed33bf,cbBTC,249.8663234,21687675.1
base,12/17/2025,0x4200000000000000000000000000000000000006,WETH,10285.79923,29967775.71
base,12/17/2025,0x833589fcd6edb6e08f4c7c32d4f71b54bda02913,USDC,97785005.65,97818931.93
optimism,12/17/2025,0x0b2c639c533813f4aa9d7837caf62653d097ff85,USDC,596835.9531,597059.0696
optimism,12/17/2025,0x4200000000000000000000000000000000000006,WETH,86.81618381,251490.8499
optimism,12/17/2025,0x68f180fcce6836688e9084f035309e29bf0a2095,WBTC,0.00334279,297.1846136
optimism,12/17/2025,0x94b008aa00579c1307b0ef2c499ad98a8ce58e58,USDT,171612.0554,171657.0144
arbitrum,12/18/2025,0x82af49447d8a07e3bd95bd0d56f35241523fbab1,WETH,1758.271193,5008911.788
arbitrum,12/18/2025,0xaf88d065e77c8cc2239327c5edb3a432268e5831,USDC,26978592,26985889.77
arbitrum,12/18/2025,0xfd086bc7cd5c481dcc9c85ebe478a1c0b69fcbb9,USDT,1265661.594,1265616.65
arbitrum,12/18/2025,0x2f2a2543b76a4166549f7aab2e75bef0aefc5b0f,WBTC,8.97667507,778758.5971
base,12/18/2025,0xcbb7c0000ab88b473b1f5afd9ef808440eed33bf,cbBTC,224.3197377,19420513.37
base,12/18/2025,0x4200000000000000000000000000000000000006,WETH,5405.573806,15437655.7
base,12/18/2025,0x833589fcd6edb6e08f4c7c32d4f71b54bda02913,USDC,71886876.14,71908158.79
optimism,12/18/2025,0x4200000000000000000000000000000000000006,WETH,64.85888946,184438.8664
optimism,12/18/2025,0x0b2c639c533813f4aa9d7837caf62653d097ff85,USDC,535732.2002,535832.8953
optimism,12/18/2025,0x68f180fcce6836688e9084f035309e29bf0a2095,WBTC,0.049222,4236.358768
optimism,12/18/2025,0x94b008aa00579c1307b0ef2c499ad98a8ce58e58,USDT,2115.6,2115.584832
arbitrum,12/19/2025,0xaf88d065e77c8cc2239327c5edb3a432268e5831,USDC,29194797.53,29202028.4
arbitrum,12/19/2025,0x82af49447d8a07e3bd95bd0d56f35241523fbab1,WETH,589.5370594,1739218.268
arbitrum,12/19/2025,0x2f2a2543b76a4166549f7aab2e75bef0aefc5b0f,WBTC,19.50016229,1700651.98
arbitrum,12/19/2025,0xfd086bc7cd5c481dcc9c85ebe478a1c0b69fcbb9,USDT,1064699.942,1064526.898
base,12/19/2025,0xcbb7c0000ab88b473b1f5afd9ef808440eed33bf,cbBTC,286.1780862,25047928.49
base,12/19/2025,0x4200000000000000000000000000000000000006,WETH,6070.549223,17854326.03
base,12/19/2025,0x833589fcd6edb6e08f4c7c32d4f71b54bda02913,USDC,108031046.3,108058099
optimism,12/19/2025,0x68f180fcce6836688e9084f035309e29bf0a2095,WBTC,0.02555202,2243.62014
optimism,12/19/2025,0x4200000000000000000000000000000000000006,WETH,213.7038109,635275.877
optimism,12/19/2025,0x94b008aa00579c1307b0ef2c499ad98a8ce58e58,USDT,3853.181341,3851.761384
optimism,12/19/2025,0x0b2c639c533813f4aa9d7837caf62653d097ff85,USDC,477650.5975,477755.0352
arbitrum,12/20/2025,0x82af49447d8a07e3bd95bd0d56f35241523fbab1,WETH,346.0585647,1030424.878
arbitrum,12/20/2025,0xaf88d065e77c8cc2239327c5edb3a432268e5831,USDC,8660181.283,8663986.857
arbitrum,12/20/2025,0x2f2a2543b76a4166549f7aab2e75bef0aefc5b0f,WBTC,0.2055853,18110.61357
arbitrum,12/20/2025,0xfd086bc7cd5c481dcc9c85ebe478a1c0b69fcbb9,USDT,907412.102,907477.2467
base,12/20/2025,0x4200000000000000000000000000000000000006,WETH,7757.761081,23121928.13
base,12/20/2025,0x833589fcd6edb6e08f4c7c32d4f71b54bda02913,USDC,18450518.46,18458634.03
base,12/20/2025,0xcbb7c0000ab88b473b1f5afd9ef808440eed33bf,cbBTC,112.5895307,9930842.421
optimism,12/20/2025,0x68f180fcce6836688e9084f035309e29bf0a2095,WBTC,0.01654,1456.647149
optimism,12/20/2025,0x0b2c639c533813f4aa9d7837caf62653d097ff85,USDC,218590.4166,218672.5643
optimism,12/20/2025,0x94b008aa00579c1307b0ef2c499ad98a8ce58e58,USDT,397.400315,397.4395114
optimism,12/20/2025,0x4200000000000000000000000000000000000006,WETH,10.60699261,31635.27112
arbitrum,12/21/2025,0xaf88d065e77c8cc2239327c5edb3a432268e5831,USDC,9387483.258,9392829.657
arbitrum,12/21/2025,0xfd086bc7cd5c481dcc9c85ebe478a1c0b69fcbb9,USDT,347353.6618,347480.9499
arbitrum,12/21/2025,0x2f2a2543b76a4166549f7aab2e75bef0aefc5b0f,WBTC,0.98338589,86573.33864
arbitrum,12/21/2025,0x82af49447d8a07e3bd95bd0d56f35241523fbab1,WETH,383.6191933,1142009.144
base,12/21/2025,0x4200000000000000000000000000000000000006,WETH,13788.48705,41134493.92
base,12/21/2025,0xcbb7c0000ab88b473b1f5afd9ef808440eed33bf,cbBTC,174.8115506,15440014.93
base,12/21/2025,0x833589fcd6edb6e08f4c7c32d4f71b54bda02913,USDC,50093734.41,50122321.92
optimism,12/21/2025,0x68f180fcce6836688e9084f035309e29bf0a2095,WBTC,0.00212,186.8645074
optimism,12/21/2025,0x94b008aa00579c1307b0ef2c499ad98a8ce58e58,USDT,1061.358489,1061.732561
optimism,12/21/2025,0x4200000000000000000000000000000000000006,WETH,14.94454531,44596.97359
optimism,12/21/2025,0x0b2c639c533813f4aa9d7837caf62653d097ff85,USDC,291134.8848,291283.7074
arbitrum,12/22/2025,0xfd086bc7cd5c481dcc9c85ebe478a1c0b69fcbb9,USDT,605603.7595,605586.8321
arbitrum,12/22/2025,0xaf88d065e77c8cc2239327c5edb3a432268e5831,USDC,21375485.67,21379008.12
arbitrum,12/22/2025,0x2f2a2543b76a4166549f7aab2e75bef0aefc5b0f,WBTC,7.12268579,632378.5205
arbitrum,12/22/2025,0x82af49447d8a07e3bd95bd0d56f35241523fbab1,WETH,853.8394504,2557213.439
base,12/22/2025,0x4200000000000000000000000000000000000006,WETH,12654.86974,38397723.59
base,12/22/2025,0x833589fcd6edb6e08f4c7c32d4f71b54bda02913,USDC,100730972.5,100751746.4
base,12/22/2025,0xcbb7c0000ab88b473b1f5afd9ef808440eed33bf,cbBTC,293.2422622,26148025.43
optimism,12/22/2025,0x4200000000000000000000000000000000000006,WETH,43.67931294,132185.3372
optimism,12/22/2025,0x68f180fcce6836688e9084f035309e29bf0a2095,WBTC,0.00982723,878.1084586
optimism,12/22/2025,0x94b008aa00579c1307b0ef2c499ad98a8ce58e58,USDT,12498.41533,12496.55009
optimism,12/22/2025,0x0b2c639c533813f4aa9d7837caf62653d097ff85,USDC,388832.3471,388934.6277
arbitrum,12/23/2025,0xfd086bc7cd5c481dcc9c85ebe478a1c0b69fcbb9,USDT,625234.3408,625128.4555
arbitrum,12/23/2025,0x82af49447d8a07e3bd95bd0d56f35241523fbab1,WETH,266.2078119,790350.0857
arbitrum,12/23/2025,0xaf88d065e77c8cc2239327c5edb3a432268e5831,USDC,10613277.78,10615040.75
arbitrum,12/23/2025,0x2f2a2543b76a4166549f7aab2e75bef0aefc5b0f,WBTC,5.10656956,446407.1862
base,12/23/2025,0x4200000000000000000000000000000000000006,WETH,14544.29157,43140240.36
base,12/23/2025,0xcbb7c0000ab88b473b1f5afd9ef808440eed33bf,cbBTC,213.8523429,18781858.68
base,12/23/2025,0x833589fcd6edb6e08f4c7c32d4f71b54bda02913,USDC,97647930.21,97664958
optimism,12/23/2025,0x4200000000000000000000000000000000000006,WETH,103.0390613,305459.7352
optimism,12/23/2025,0x94b008aa00579c1307b0ef2c499ad98a8ce58e58,USDT,23583.38567,23579.8358
optimism,12/23/2025,0x68f180fcce6836688e9084f035309e29bf0a2095,WBTC,0.0977257,8593.847378
optimism,12/23/2025,0x0b2c639c533813f4aa9d7837caf62653d097ff85,USDC,2279366.965,2279783.407
arbitrum,12/24/2025,0xaf88d065e77c8cc2239327c5edb3a432268e5831,USDC,6896142.988,6897403.603
arbitrum,12/24/2025,0x2f2a2543b76a4166549f7aab2e75bef0aefc5b0f,WBTC,4.89558136,425289.9743
arbitrum,12/24/2025,0xfd086bc7cd5c481dcc9c85ebe478a1c0b69fcbb9,USDT,1048509.989,1048143.94
arbitrum,12/24/2025,0x82af49447d8a07e3bd95bd0d56f35241523fbab1,WETH,432.2627088,1268089.019
base,12/24/2025,0xcbb7c0000ab88b473b1f5afd9ef808440eed33bf,cbBTC,146.3062102,12766220.56
base,12/24/2025,0x833589fcd6edb6e08f4c7c32d4f71b54bda02913,USDC,60035413.03,60047659.99
base,12/24/2025,0x4200000000000000000000000000000000000006,WETH,10843.50021,31877007.14
optimism,12/24/2025,0x4200000000000000000000000000000000000006,WETH,136.4609962,400020.0282
optimism,12/24/2025,0x94b008aa00579c1307b0ef2c499ad98a8ce58e58,USDT,26080,26072.14719
optimism,12/24/2025,0x68f180fcce6836688e9084f035309e29bf0a2095,WBTC,0.004165,363.5389013
optimism,12/24/2025,0x0b2c639c533813f4aa9d7837caf62653d097ff85,USDC,1036725.329,1036927.71
arbitrum,12/25/2025,0xfd086bc7cd5c481dcc9c85ebe478a1c0b69fcbb9,USDT,1767166.088,1766895.181
arbitrum,12/25/2025,0xaf88d065e77c8cc2239327c5edb3a432268e5831,USDC,4190739.926,4192167.407
arbitrum,12/25/2025,0x2f2a2543b76a4166549f7aab2e75bef0aefc5b0f,WBTC,0.26931492,23545.71242
arbitrum,12/25/2025,0x82af49447d8a07e3bd95bd0d56f35241523fbab1,WETH,77.7811084,228503.5958
base,12/25/2025,0x833589fcd6edb6e08f4c7c32d4f71b54bda02913,USDC,43192469.11,43208268.56
base,12/25/2025,0x4200000000000000000000000000000000000006,WETH,7206.376117,21207556.96
base,12/25/2025,0xcbb7c0000ab88b473b1f5afd9ef808440eed33bf,cbBTC,94.20878347,8264851.823
optimism,12/25/2025,0x0b2c639c533813f4aa9d7837caf62653d097ff85,USDC,2102153.575,2102837.013
optimism,12/25/2025,0x4200000000000000000000000000000000000006,WETH,78.45385171,231510.3639
optimism,12/25/2025,0x94b008aa00579c1307b0ef2c499ad98a8ce58e58,USDT,101048,101033.2236
arbitrum,12/26/2025,0xaf88d065e77c8cc2239327c5edb3a432268e5831,USDC,12700278.69,12705329.39
arbitrum,12/26/2025,0x2f2a2543b76a4166549f7aab2e75bef0aefc5b0f,WBTC,0.07358868,6423.449722
arbitrum,12/26/2025,0xfd086bc7cd5c481dcc9c85ebe478a1c0b69fcbb9,USDT,1400245.616,1399902.289
arbitrum,12/26/2025,0x82af49447d8a07e3bd95bd0d56f35241523fbab1,WETH,106.722932,314257.6129
base,12/26/2025,0xcbb7c0000ab88b473b1f5afd9ef808440eed33bf,cbBTC,129.8316421,11425792.12
base,12/26/2025,0x833589fcd6edb6e08f4c7c32d4f71b54bda02913,USDC,105656799,105692946.9
base,12/26/2025,0x4200000000000000000000000000000000000006,WETH,6367.519404,18789025.13
optimism,12/26/2025,0x0b2c639c533813f4aa9d7837caf62653d097ff85,USDC,2616528.035,2617475.197
optimism,12/26/2025,0x94b008aa00579c1307b0ef2c499ad98a8ce58e58,USDT,6547.760952,6545.95499
optimism,12/26/2025,0x4200000000000000000000000000000000000006,WETH,56.27952148,166178.7238
arbitrum,12/27/2025,0xaf88d065e77c8cc2239327c5edb3a432268e5831,USDC,10234217.55,10238160.13
arbitrum,12/27/2025,0x82af49447d8a07e3bd95bd0d56f35241523fbab1,WETH,102.3290371,299685.0981
arbitrum,12/27/2025,0xfd086bc7cd5c481dcc9c85ebe478a1c0b69fcbb9,USDT,426500.482,426464.0254
arbitrum,12/27/2025,0x2f2a2543b76a4166549f7aab2e75bef0aefc5b0f,WBTC,3.98296867,347671.9693
base,12/27/2025,0xcbb7c0000ab88b473b1f5afd9ef808440eed33bf,cbBTC,30.62994097,2682362.191
base,12/27/2025,0x833589fcd6edb6e08f4c7c32d4f71b54bda02913,USDC,57903215.42,57931458.2
base,12/27/2025,0x4200000000000000000000000000000000000006,WETH,8443.737974,24742409.25
optimism,12/27/2025,0x94b008aa00579c1307b0ef2c499ad98a8ce58e58,USDT,3182.4,3182.25022
optimism,12/27/2025,0x68f180fcce6836688e9084f035309e29bf0a2095,WBTC,0.10092013,8809.032963
optimism,12/27/2025,0x0b2c639c533813f4aa9d7837caf62653d097ff85,USDC,68110.6028,68138.16056
optimism,12/27/2025,0x4200000000000000000000000000000000000006,WETH,25.85578137,75865.00149
arbitrum,12/28/2025,0xfd086bc7cd5c481dcc9c85ebe478a1c0b69fcbb9,USDT,183002.8832,183011.4047
arbitrum,12/28/2025,0x82af49447d8a07e3bd95bd0d56f35241523fbab1,WETH,22.085812,65045.16279
arbitrum,12/28/2025,0xaf88d065e77c8cc2239327c5edb3a432268e5831,USDC,2363617.135,2365051.993
arbitrum,12/28/2025,0x2f2a2543b76a4166549f7aab2e75bef0aefc5b0f,WBTC,1.93876611,170001.5079
base,12/28/2025,0x4200000000000000000000000000000000000006,WETH,7616.527315,22412432.56
base,12/28/2025,0xcbb7c0000ab88b473b1f5afd9ef808440eed33bf,cbBTC,46.51263205,4081383.266
base,12/28/2025,0x833589fcd6edb6e08f4c7c32d4f71b54bda02913,USDC,81753928.39,81800598.93
optimism,12/28/2025,0x94b008aa00579c1307b0ef2c499ad98a8ce58e58,USDT,15480.02,15479.45662
optimism,12/28/2025,0x4200000000000000000000000000000000000006,WETH,90.54747277,266321.2223
optimism,12/28/2025,0x68f180fcce6836688e9084f035309e29bf0a2095,WBTC,0.104992,9204.389259
optimism,12/28/2025,0x0b2c639c533813f4aa9d7837caf62653d097ff85,USDC,166601.8665,166705.272
arbitrum,12/29/2025,0x82af49447d8a07e3bd95bd0d56f35241523fbab1,WETH,3721.077622,11052587.08
arbitrum,12/29/2025,0xaf88d065e77c8cc2239327c5edb3a432268e5831,USDC,10841106.89,10844297.37
arbitrum,12/29/2025,0xfd086bc7cd5c481dcc9c85ebe478a1c0b69fcbb9,USDT,991526.0324,991047.6553
arbitrum,12/29/2025,0x2f2a2543b76a4166549f7aab2e75bef0aefc5b0f,WBTC,7.54380037,662621.7819
base,12/29/2025,0x4200000000000000000000000000000000000006,WETH,15072.65497,44542886.57
base,12/29/2025,0xcbb7c0000ab88b473b1f5afd9ef808440eed33bf,cbBTC,194.6500055,17167659.28
base,12/29/2025,0x833589fcd6edb6e08f4c7c32d4f71b54bda02913,USDC,143374420.2,143405432.8
optimism,12/29/2025,0x0b2c639c533813f4aa9d7837caf62653d097ff85,USDC,807632.055,807768.5128
optimism,12/29/2025,0x94b008aa00579c1307b0ef2c499ad98a8ce58e58,USDT,10571.29,10564.87523
optimism,12/29/2025,0x4200000000000000000000000000000000000006,WETH,205.3142669,619461.4329
optimism,12/29/2025,0x68f180fcce6836688e9084f035309e29bf0a2095,WBTC,0.03083468,2690.514194
arbitrum,12/30/2025,0xfd086bc7cd5c481dcc9c85ebe478a1c0b69fcbb9,USDT,5608106.133,5605502.922
arbitrum,12/30/2025,0x82af49447d8a07e3bd95bd0d56f35241523fbab1,WETH,185.2489465,548513.3427
arbitrum,12/30/2025,0xaf88d065e77c8cc2239327c5edb3a432268e5831,USDC,11700930.22,11703749.59
arbitrum,12/30/2025,0x2f2a2543b76a4166549f7aab2e75bef0aefc5b0f,WBTC,5.63164983,490750.8221
base,12/30/2025,0x4200000000000000000000000000000000000006,WETH,11329.83029,33646596.41
base,12/30/2025,0xcbb7c0000ab88b473b1f5afd9ef808440eed33bf,cbBTC,327.614492,28857989.34
base,12/30/2025,0x833589fcd6edb6e08f4c7c32d4f71b54bda02913,USDC,167672963.7,167716745.2
optimism,12/30/2025,0x0b2c639c533813f4aa9d7837caf62653d097ff85,USDC,88128.03554,88149.72359
optimism,12/30/2025,0x94b008aa00579c1307b0ef2c499ad98a8ce58e58,USDT,11111.18201,11102.27825
optimism,12/30/2025,0x4200000000000000000000000000000000000006,WETH,74.91457901,222807.2919
optimism,12/30/2025,0x68f180fcce6836688e9084f035309e29bf0a2095,WBTC,0.58097587,50593.03779
arbitrum,12/31/2025,0xaf88d065e77c8cc2239327c5edb3a432268e5831,USDC,20224183.62,20228463.43
arbitrum,12/31/2025,0x2f2a2543b76a4166549f7aab2e75bef0aefc5b0f,WBTC,10.68143707,945109.6818
arbitrum,12/31/2025,0x82af49447d8a07e3bd95bd0d56f35241523fbab1,WETH,30.26526733,90453.64694
arbitrum,12/31/2025,0xfd086bc7cd5c481dcc9c85ebe478a1c0b69fcbb9,USDT,2255964.941,2254113.428
base,12/31/2025,0x4200000000000000000000000000000000000006,WETH,6203.840959,18478484.87
base,12/31/2025,0x833589fcd6edb6e08f4c7c32d4f71b54bda02913,USDC,170860543.7,170895748.3
base,12/31/2025,0xcbb7c0000ab88b473b1f5afd9ef808440eed33bf,cbBTC,353.4093158,31191839.51
optimism,12/31/2025,0x0b2c639c533813f4aa9d7837caf62653d097ff85,USDC,866396.2272,866557.3859
optimism,12/31/2025,0x68f180fcce6836688e9084f035309e29bf0a2095,WBTC,0.5094693,44886.72829
optimism,12/31/2025,0x4200000000000000000000000000000000000006,WETH,52.97840987,157619.7255
optimism,12/31/2025,0x94b008aa00579c1307b0ef2c499ad98a8ce58e58,USDT,81112.5,81048.06209
arbitrum,2/19/2025 0:00,0x2f2a2543b76a4166549f7aab2e75bef0aefc5b0f,WBTC,1.86123523,177946.7712
arbitrum,2/18/2025 0:00,0x82af49447d8a07e3bd95bd0d56f35241523fbab1,WETH,942.6306332,2531081.384
arbitrum,2/18/2025 0:00,0xaf88d065e77c8cc2239327c5edb3a432268e5831,USDC,6229027.356,6234107.274
arbitrum,2/19/2025 0:00,0xfd086bc7cd5c481dcc9c85ebe478a1c0b69fcbb9,USDT,554572.6356,554758.2732
arbitrum,2/19/2025 0:00,0x82af49447d8a07e3bd95bd0d56f35241523fbab1,WETH,605.4273302,1637578.924
arbitrum,2/18/2025 0:00,0x2f2a2543b76a4166549f7aab2e75bef0aefc5b0f,WBTC,2.20933477,210396.1876
arbitrum,2/19/2025 0:00,0xaf88d065e77c8cc2239327c5edb3a432268e5831,USDC,6684680.458,6688909.126
arbitrum,2/18/2025 0:00,0xfd086bc7cd5c481dcc9c85ebe478a1c0b69fcbb9,USDT,5380272.943,5384577.409
arbitrum,3/10/2025 0:00,0x2f2a2543b76a4166549f7aab2e75bef0aefc5b0f,WBTC,14.53390093,1154360.188
arbitrum,3/10/2025 0:00,0xaf88d065e77c8cc2239327c5edb3a432268e5831,USDC,6816374.825,6824079.714
arbitrum,3/12/2025 0:00,0x82af49447d8a07e3bd95bd0d56f35241523fbab1,WETH,698.1459598,1323358.559
arbitrum,3/12/2025 0:00,0xaf88d065e77c8cc2239327c5edb3a432268e5831,USDC,4434739.797,4438184.533
arbitrum,3/10/2025 0:00,0x82af49447d8a07e3bd95bd0d56f35241523fbab1,WETH,2091.462638,4189597.86
arbitrum,3/11/2025 0:00,0x82af49447d8a07e3bd95bd0d56f35241523fbab1,WETH,1899.062764,3629562.164
arbitrum,3/11/2025 0:00,0xaf88d065e77c8cc2239327c5edb3a432268e5831,USDC,7717945.813,7723744.007
arbitrum,3/11/2025 0:00,0x2f2a2543b76a4166549f7aab2e75bef0aefc5b0f,WBTC,8.35384253,668811.9834
arbitrum,3/11/2025 0:00,0xfd086bc7cd5c481dcc9c85ebe478a1c0b69fcbb9,USDT,1221286.454,1222047.804
arbitrum,3/10/2025 0:00,0xfd086bc7cd5c481dcc9c85ebe478a1c0b69fcbb9,USDT,2281302.07,2283214.326
arbitrum,3/12/2025 0:00,0x2f2a2543b76a4166549f7aab2e75bef0aefc5b0f,WBTC,7.17840351,596086.8719
arbitrum,3/12/2025 0:00,0xfd086bc7cd5c481dcc9c85ebe478a1c0b69fcbb9,USDT,1048869.953,1049697.591
base,2/18/2025 0:00,0x4200000000000000000000000000000000000006,WETH,35375.49944,94582503.85
base,2/19/2025 0:00,0x833589fcd6edb6e08f4c7c32d4f71b54bda02913,USDC,511824384.5,512115803.9
base,2/18/2025 0:00,0x833589fcd6edb6e08f4c7c32d4f71b54bda02913,USDC,486236011.5,486606450.7
base,2/19/2025 0:00,0xcbb7c0000ab88b473b1f5afd9ef808440eed33bf,cbBTC,294.8811108,28346289.73
base,2/19/2025 0:00,0x4200000000000000000000000000000000000006,WETH,21016.84594,56832210.72
base,2/18/2025 0:00,0xcbb7c0000ab88b473b1f5afd9ef808440eed33bf,cbBTC,541.6056993,51711562.31
base,3/12/2025 0:00,0x4200000000000000000000000000000000000006,WETH,8555.375164,16260532.87
base,3/12/2025 0:00,0x833589fcd6edb6e08f4c7c32d4f71b54bda02913,USDC,19997081.21,20013001.67
base,3/12/2025 0:00,0xcbb7c0000ab88b473b1f5afd9ef808440eed33bf,cbBTC,215.3486099,17797145.89
base,3/11/2025 0:00,0x833589fcd6edb6e08f4c7c32d4f71b54bda02913,USDC,9515846.042,9523433.21
base,3/10/2025 0:00,0x4200000000000000000000000000000000000006,WETH,6234.888822,12871960.89
base,3/11/2025 0:00,0x4200000000000000000000000000000000000006,WETH,4870.146892,9211352.117
base,3/11/2025 0:00,0xcbb7c0000ab88b473b1f5afd9ef808440eed33bf,cbBTC,137.1936588,11160544.58
base,3/10/2025 0:00,0x833589fcd6edb6e08f4c7c32d4f71b54bda02913,USDC,14314308,14328251.76
base,3/10/2025 0:00,0xcbb7c0000ab88b473b1f5afd9ef808440eed33bf,cbBTC,124.1868534,10057246.54
optimism,2/17/2025 0:00,0x4200000000000000000000000000000000000006,WETH,638.4273157,1760883.692
optimism,2/18/2025 0:00,0x94b008aa00579c1307b0ef2c499ad98a8ce58e58,USDT,100340.2798,100374.1264
optimism,2/18/2025 0:00,0x68f180fcce6836688e9084f035309e29bf0a2095,WBTC,0.09801899,9352.695292
optimism,2/18/2025 0:00,0x0b2c639c533813f4aa9d7837caf62653d097ff85,USDC,288233.5222,288489.9888
optimism,2/19/2025 0:00,0x4200000000000000000000000000000000000006,WETH,84.64877915,229462.545
optimism,2/17/2025 0:00,0x94b008aa00579c1307b0ef2c499ad98a8ce58e58,USDT,76495.22181,76555.74491
optimism,2/19/2025 0:00,0x0b2c639c533813f4aa9d7837caf62653d097ff85,USDC,231823.9089,231992.926
optimism,2/19/2025 0:00,0x68f180fcce6836688e9084f035309e29bf0a2095,WBTC,0.04754607,4566.725693
optimism,2/19/2025 0:00,0x94b008aa00579c1307b0ef2c499ad98a8ce58e58,USDT,47846.26992,47864.7571
optimism,2/17/2025 0:00,0x68f180fcce6836688e9084f035309e29bf0a2095,WBTC,0.08668163,8348.150013
optimism,2/17/2025 0:00,0x0b2c639c533813f4aa9d7837caf62653d097ff85,USDC,352037.0639,352296.1575
optimism,2/18/2025 0:00,0x4200000000000000000000000000000000000006,WETH,678.7580825,1830224.615
optimism,3/10/2025 0:00,0x94b008aa00579c1307b0ef2c499ad98a8ce58e58,USDT,92064.93943,92144.2961
optimism,3/10/2025 0:00,0x0b2c639c533813f4aa9d7837caf62653d097ff85,USDC,932958.2188,933807.175
optimism,3/10/2025 0:00,0x68f180fcce6836688e9084f035309e29bf0a2095,WBTC,0.57834408,45713.65746
optimism,3/10/2025 0:00,0x4200000000000000000000000000000000000006,WETH,314.8830066,620009.5442
optimism,12/25/2025 0:00,0x68f180fcce6836688e9084f035309e29bf0a2095,WBTC,0,0
optimism,12/26/2025 0:00,0x68f180fcce6836688e9084f035309e29bf0a2095,WBTC,0,0
,,,,,
,,,,,
,,,,,
,,,,,
